user_id,experience_id,experience_name,category,quality_score,popularity_score,novelty_score,difficulty,avg_session_minutes,preferred_category,secondary_category,novelty_preference,social_preference,preferred_session_minutes,primary_category_match,secondary_category_match,session_length_gap,novelty_alignment,meaningful_engagement,split_random,prior_exposures,prior_engagement_rate,baseline_score,personalized_score,rank
0,1084,Experience 1084,Social,0.6722561348379004,0.2863456816441453,0.5362524927433157,0.7470758006298863,26,Puzzle,Adventure,0.204757022729618,0.567775277903636,29,0.0,0.0,0.05,0.6685045299863024,0,0.7282433281832617,111,0.35135135135135137,0.3347009728235637,0.43824775534170346,1
0,1102,Experience 1102,Sports,0.9402838286695968,0.4125021221616953,0.1907643304361418,0.200562471321554,40,Puzzle,Adventure,0.204757022729618,0.567775277903636,29,0.0,0.0,0.1833333333333333,0.9860073077065236,0,0.9171225725476023,117,0.3076923076923077,0.29814472583859014,0.5044177528177747,2
0,1014,Experience 1014,Social,0.7084360738896248,0.6919622480914536,0.5066406143622445,0.7631554898199004,35,Puzzle,Adventure,0.204757022729618,0.567775277903636,29,0.0,0.0,0.1,0.6981164083673735,0,0.8661274307382429,117,0.29914529914529914,0.29084545576559745,0.4786388639937035,3
0,1044,Experience 1044,Action,0.8578996664042653,0.7405382156713768,0.540545681694017,0.9388053542070384,40,Puzzle,Adventure,0.204757022729618,0.567775277903636,29,0.0,0.0,0.1833333333333333,0.6642113410356011,0,0.8242415960974113,112,0.2857142857142857,0.27913505636277913,0.43874991459672896,4
0,1033,Experience 1033,Simulation,0.8859147305780027,0.259942782541492,0.2648265360525452,0.1086571032622624,31,Puzzle,Adventure,0.204757022729618,0.567775277903636,29,0.0,0.0,0.0333333333333333,0.9399304866770728,0,0.7991251286200829,120,0.275,0.27032733885633464,0.45821262125092815,5
1,1053,Experience 1053,Puzzle,0.7426572934279929,0.7514869168546299,0.2904976508730454,0.8341208920021081,34,Strategy,Sports,0.3508883708904499,0.2437019862562084,12,0.0,0.0,0.3666666666666666,0.9396092799825956,0,0.9461134210107419,102,0.3431372549019608,0.3266051429498922,0.44551360396086476,1
1,1085,Experience 1085,Social,0.715133524882573,0.3923165755464828,0.681782684374937,0.3715432084063615,41,Strategy,Sports,0.3508883708904499,0.2437019862562084,12,0.0,0.0,0.4833333333333333,0.6691056865155128,0,0.7588103210038678,117,0.24786324786324787,0.24704983532764122,0.4330739447787881,2
1,1042,Experience 1042,Social,0.3938579788705362,0.1390150525777733,0.8546241607610466,0.268085104820551,16,Strategy,Sports,0.3508883708904499,0.2437019862562084,12,0.0,0.0,0.0666666666666666,0.4962642101294032,0,0.8351023473085695,124,0.24193548387096775,0.241984912776992,0.3521873298141502,3
1,1083,Experience 1083,Sports,0.5638116113845065,0.5523903507798276,0.3674940432740611,0.3952346537588943,26,Strategy,Sports,0.3508883708904499,0.2437019862562084,12,0.0,1.0,0.2333333333333333,0.9833943276163888,0,0.7438791073196565,122,0.22950819672131148,0.23130864394286513,0.594490730203359,4
1,1034,Experience 1034,Strategy,0.5016628944231066,0.7184788322001798,0.7569144817322334,0.2251776661055454,11,Strategy,Sports,0.3508883708904499,0.2437019862562084,12,1.0,0.0,0.0166666666666666,0.5939738891582165,0,0.7649636461036484,132,0.2196969696969697,0.22266991736767663,0.724969957128634,5
2,1084,Experience 1084,Social,0.6722561348379004,0.2863456816441453,0.5362524927433157,0.7470758006298863,26,Puzzle,Action,0.3251781091201556,0.6345084531609247,24,0.0,0.0,0.0333333333333333,0.78892561637684,1,0.8977682889262575,111,0.35135135135135137,0.3347009728235637,0.4630525511732243,1
2,1110,Experience 1110,Creative,0.8487034770737338,0.6513439158584452,0.7080979103356375,0.2741343936886083,18,Puzzle,Action,0.3251781091201556,0.6345084531609247,24,0.0,0.0,0.1,0.6170801987845181,1,0.8585974215593541,109,0.28440366972477066,0.2778746313169523,0.44102358420189874,2
2,1006,Experience 1006,Action,0.8770181756508404,0.5275353377269014,0.8047332447846338,0.7517807092307816,28,Puzzle,Action,0.3251781091201556,0.6345084531609247,24,0.0,1.0,0.0666666666666666,0.5204448643355218,1,0.8121121105135765,103,0.27184466019417475,0.26703924747875485,0.5968012790199383,3
2,1050,Experience 1050,Sports,0.6444432625143321,0.2032573812502654,0.7840857883345029,0.0579453445381299,24,Puzzle,Action,0.3251781091201556,0.6345084531609247,24,0.0,0.0,0.0,0.5410923207856527,0,0.840822162176361,107,0.27102803738317754,0.2665025782668255,0.3797708937045334,4
2,1036,Experience 1036,Sports,0.9655169972756756,0.2298411882545339,0.2550485289661252,0.8478368672236546,17,Puzzle,Action,0.3251781091201556,0.6345084531609247,24,0.0,0.0,0.1166666666666666,0.9298704198459696,0,0.798843598059114,129,0.26356589147286824,0.2607102512744084,0.48676603953516806,5
3,1088,Experience 1088,Sports,0.931739259022481,0.4207879774878386,0.5549692853271866,0.4100487869149942,11,Adventure,Action,0.3497200426062143,0.3966967011775072,50,0.0,0.0,0.65,0.7947507572790278,0,0.7846734732992243,113,0.3008849557522124,0.292073890525465,0.43316358343526934,1
3,1064,Experience 1064,Puzzle,0.6204758892789963,0.4435351922580418,0.6632419642315316,0.276207363456566,49,Adventure,Action,0.3497200426062143,0.3966967011775072,50,0.0,0.0,0.0166666666666666,0.6864780783746827,0,0.8547157042203279,94,0.2765957446808511,0.27057743368321796,0.406012984592419,2
3,1060,Experience 1060,Strategy,0.8620933017122632,0.1051567799118504,0.3772606570904063,0.1400554046894906,58,Adventure,Action,0.3497200426062143,0.3966967011775072,50,0.0,0.0,0.1333333333333333,0.972459385515808,0,0.7248929341642392,102,0.27450980392156865,0.2692280937695643,0.4399840818239167,3
3,1024,Experience 1024,Sports,0.7120515552427965,0.5535760301547662,0.4935230317114728,0.4609313910731102,39,Adventure,Action,0.3497200426062143,0.3966967011775072,50,0.0,0.0,0.1833333333333333,0.8561970108947414,0,0.9548990589630153,138,0.2608695652173913,0.25851789518915724,0.44966953628139383,4
3,1091,Experience 1091,Sports,0.6742348817628386,0.2717222536331008,0.7498162980972818,0.6422524185679935,12,Adventure,Action,0.3497200426062143,0.3966967011775072,50,0.0,0.0,0.6333333333333333,0.5999037445089326,0,0.8954240566120945,105,0.2571428571428571,0.25476661951909474,0.33468063353749095,5
4,1053,Experience 1053,Puzzle,0.7426572934279929,0.7514869168546299,0.2904976508730454,0.8341208920021081,34,Sports,Adventure,0.6276357144495875,0.7567099222744452,43,0.0,0.0,0.15,0.6628619364234579,0,0.7900663782805138,102,0.3431372549019608,0.3266051429498922,0.4288141893572866,1
4,1052,Experience 1052,Creative,0.6879474895864814,0.8150878066775633,0.5427584275418881,0.4028796085076296,43,Sports,Adventure,0.6276357144495875,0.7567099222744452,43,0.0,0.0,0.0,0.9151227130923004,1,0.7563620917434525,129,0.3178294573643411,0.30769011704622046,0.48774962608963984,2
4,1109,Experience 1109,Social,0.5415451963988065,0.6320276759129257,0.4602651355822746,0.2660308726216652,48,Sports,Adventure,0.6276357144495875,0.7567099222744452,43,0.0,0.0,0.0833333333333333,0.832629421132687,0,0.8594820876566842,125,0.312,0.30238501682680585,0.48064044854813626,3
4,1014,Experience 1014,Social,0.7084360738896248,0.6919622480914536,0.5066406143622445,0.7631554898199004,35,Sports,Adventure,0.6276357144495875,0.7567099222744452,43,0.0,0.0,0.1333333333333333,0.879004899912657,1,0.8046731375182149,117,0.29914529914529914,0.29084545576559745,0.5243598303813731,4
4,1044,Experience 1044,Action,0.8578996664042653,0.7405382156713768,0.540545681694017,0.9388053542070384,40,Sports,Adventure,0.6276357144495875,0.7567099222744452,43,0.0,0.0,0.05,0.9129099672444294,0,0.9883428581168391,112,0.2857142857142857,0.27913505636277913,0.5137137680222892,5
5,1084,Experience 1084,Social,0.6722561348379004,0.2863456816441453,0.5362524927433157,0.7470758006298863,26,Simulation,Action,0.5773067262079463,0.1157631577544863,45,0.0,0.0,0.3166666666666666,0.9589457665353692,0,0.7075260026204575,111,0.35135135135135137,0.3347009728235637,0.43229726556058395,1
5,1000,Experience 1000,Action,0.9096695293967186,0.6516437731703687,0.6290364009047581,0.2407530712142694,49,Simulation,Action,0.5773067262079463,0.1157631577544863,45,0.0,1.0,0.0666666666666666,0.9482703253031882,1,0.9725097699578843,124,0.3225806451612903,0.31142935722143644,0.6575822453305125,2
5,1067,Experience 1067,Creative,0.788764048918011,0.4580972487220676,0.5921026845821029,0.4299570499000478,43,Simulation,Action,0.5773067262079463,0.1157631577544863,45,0.0,0.0,0.0333333333333333,0.9852040416258434,0,0.9162952755756362,119,0.31092436974789917,0.30104911827256725,0.45025446980945183,3
5,1074,Experience 1074,Social,0.7411737446379107,0.1336446501121093,0.5667526591354218,0.2130749343990023,32,Simulation,Action,0.5773067262079463,0.1157631577544863,45,0.0,0.0,0.2166666666666666,0.9894459329274756,0,0.8083294068333273,149,0.2953020134228188,0.28902856473305827,0.46212178109580626,4
5,1110,Experience 1110,Creative,0.8487034770737338,0.6513439158584452,0.7080979103356375,0.2741343936886083,18,Simulation,Action,0.5773067262079463,0.1157631577544863,45,0.0,0.0,0.45,0.8692088158723088,0,0.7773739503357915,109,0.28440366972477066,0.2778746313169523,0.41783957021755397,5
6,1061,Experience 1061,Social,0.9515114053456256,0.4883887845440612,0.3838014404080356,0.6777086144544695,56,Action,Creative,0.4908872770787858,0.4723499023023099,50,0.0,0.0,0.1,0.8929141633292498,1,0.7674619528407322,113,0.3274336283185841,0.3146302815029086,0.6021870475566284,1
6,1067,Experience 1067,Creative,0.788764048918011,0.4580972487220676,0.5921026845821029,0.4299570499000478,43,Action,Creative,0.4908872770787858,0.4723499023023099,50,0.0,1.0,0.1166666666666666,0.8987845924966829,1,0.7053805876830577,119,0.31092436974789917,0.30104911827256725,0.6647124601930458,2
6,1069,Experience 1069,Puzzle,0.8068156107352968,0.6551858372056814,0.8842124935251735,0.2530347499296835,35,Action,Creative,0.4908872770787858,0.4723499023023099,50,0.0,0.0,0.25,0.6066747835536124,0,0.7684544648647603,121,0.2892561983471074,0.2825945208502613,0.4732150911994472,3
6,1090,Experience 1090,Puzzle,0.5586098880458512,0.4251872277402517,0.5338484342208252,0.861814417816014,19,Action,Creative,0.4908872770787858,0.4723499023023099,50,0.0,0.0,0.5166666666666667,0.9570388428579606,0,0.7557388921100048,121,0.2727272727272727,0.26841012368714073,0.4034730066792897,4
6,1108,Experience 1108,Puzzle,0.8425576923542274,0.4822507608830354,0.666849920378606,0.8027206052883656,21,Action,Creative,0.4908872770787858,0.4723499023023099,50,0.0,0.0,0.4833333333333333,0.8240373567001797,0,0.97064739394908,92,0.2717391304347826,0.2664806021418468,0.4654497675937241,5
7,1058,Experience 1058,Social,0.5666390936836835,0.5294440043668863,0.4156619036213059,0.2647117106195373,52,Action,Strategy,0.6404978666621097,0.2130587352453453,45,0.0,0.0,0.1166666666666666,0.7751640369591961,0,0.8789254011293394,100,0.32,0.30704856199905706,0.45828859534850763,1
7,1002,Experience 1002,Social,0.5654662227449457,0.1419781043952984,0.4876512775379703,0.1763555764178013,30,Action,Strategy,0.6404978666621097,0.2130587352453453,45,0.0,0.0,0.25,0.8471534108758606,0,0.8987133153005883,125,0.312,0.30238501682680585,0.4268025081474995,2
7,1110,Experience 1110,Creative,0.8487034770737338,0.6513439158584452,0.7080979103356375,0.2741343936886083,18,Action,Strategy,0.6404978666621097,0.2130587352453453,45,0.0,0.0,0.45,0.9323999563264722,0,0.9009763288814493,109,0.28440366972477066,0.2778746313169523,0.46836771165495844,3
7,1033,Experience 1033,Simulation,0.8859147305780027,0.259942782541492,0.2648265360525452,0.1086571032622624,31,Action,Strategy,0.6404978666621097,0.2130587352453453,45,0.0,0.0,0.2333333333333333,0.6243286693904355,0,0.9776349231993772,120,0.275,0.27032733885633464,0.39398811902816944,4
7,1006,Experience 1006,Action,0.8770181756508404,0.5275353377269014,0.8047332447846338,0.7517807092307816,28,Action,Strategy,0.6404978666621097,0.2130587352453453,45,1.0,0.0,0.2833333333333333,0.8357646218774759,0,0.8867585788837333,103,0.27184466019417475,0.26703924747875485,0.8106768108394714,5
8,1059,Experience 1059,Social,0.7489549716721217,0.4911530499138364,0.6826986067555766,0.9132851837019758,49,Creative,Social,0.8102480228653487,0.5705167914039545,12,0.0,1.0,0.6166666666666667,0.8724505838902279,0,0.9579676773919394,105,0.34285714285714286,0.32676661951909475,0.6625466446553909,1
8,1000,Experience 1000,Action,0.9096695293967186,0.6516437731703687,0.6290364009047581,0.2407530712142694,49,Creative,Social,0.8102480228653487,0.5705167914039545,12,0.0,0.0,0.6166666666666667,0.8187883780394094,0,0.7351950525268409,124,0.3225806451612903,0.31142935722143644,0.4782973598268845,2
8,1058,Experience 1058,Social,0.5666390936836835,0.5294440043668863,0.4156619036213059,0.2647117106195373,52,Creative,Social,0.8102480228653487,0.5705167914039545,12,0.0,1.0,0.6666666666666666,0.6054138807559573,0,0.8991233742848852,100,0.32,0.30704856199905706,0.5697097516261989,3
8,1069,Experience 1069,Puzzle,0.8068156107352968,0.6551858372056814,0.8842124935251735,0.2530347499296835,35,Creative,Social,0.8102480228653487,0.5705167914039545,12,0.0,0.0,0.3833333333333333,0.9260355293401752,1,0.7886921796431963,121,0.2892561983471074,0.2825945208502613,0.5103851001245553,4
8,1009,Experience 1009,Action,0.7987178764315418,0.3460501829476273,0.2238314684756084,0.130890330850495,53,Creative,Social,0.8102480228653487,0.5705167914039545,12,0.0,0.0,0.6833333333333333,0.4135834456102598,0,0.7114325374368309,104,0.28846153846153844,0.28101473741844224,0.34016269277794775,5
9,1025,Experience 1025,Social,0.838744739121835,0.7279884901895025,0.5876677647056102,0.0811540004238993,14,Puzzle,Simulation,0.2993435587525879,0.4239971836780083,13,0.0,0.0,0.0166666666666666,0.7116757940469778,1,0.7428225106274645,120,0.31666666666666665,0.30604162457062034,0.5071960334176415,1
9,1014,Experience 1014,Social,0.7084360738896248,0.6919622480914536,0.5066406143622445,0.7631554898199004,35,Puzzle,Simulation,0.2993435587525879,0.4239971836780083,13,0.0,0.0,0.3666666666666666,0.7927029443903435,0,0.7292878411686189,117,0.29914529914529914,0.29084545576559745,0.44223205151130135,2
9,1036,Experience 1036,Sports,0.9655169972756756,0.2298411882545339,0.2550485289661252,0.8478368672236546,17,Puzzle,Simulation,0.2993435587525879,0.4239971836780083,13,0.0,0.0,0.0666666666666666,0.9557049702135372,1,0.8997258404288033,129,0.26356589147286824,0.2607102512744084,0.4693417352756047,3
9,1096,Experience 1096,Adventure,0.7903170826018652,0.4751627362769494,0.5362341337297925,0.9233469677258124,13,Puzzle,Simulation,0.2993435587525879,0.4239971836780083,13,0.0,0.0,0.0,0.7631094250227954,0,0.917756634185609,123,0.25203252032520324,0.25067012195725064,0.3930824085291392,4
9,1042,Experience 1042,Social,0.3938579788705362,0.1390150525777733,0.8546241607610466,0.268085104820551,16,Puzzle,Simulation,0.2993435587525879,0.4239971836780083,13,0.0,0.0,0.05,0.4447193979915413,0,0.9544229082290356,124,0.24193548387096775,0.241984912776992,0.31577971215227413,5
10,1115,Experience 1115,Simulation,0.626658707429628,0.7075065986188209,0.5404405149990236,0.2246894745458737,42,Simulation,Puzzle,0.902223087754051,0.1687104085787757,40,1.0,0.0,0.0333333333333333,0.6382174272449725,0,0.8853788220182806,112,0.2767857142857143,0.27155929878702156,0.7416246591032599,1
10,1060,Experience 1060,Strategy,0.8620933017122632,0.1051567799118504,0.3772606570904063,0.1400554046894906,58,Simulation,Puzzle,0.902223087754051,0.1687104085787757,40,0.0,0.0,0.3,0.4750375693363553,0,0.9454902281416743,102,0.27450980392156865,0.2692280937695643,0.31927064826135637,2
10,1108,Experience 1108,Puzzle,0.8425576923542274,0.4822507608830354,0.666849920378606,0.8027206052883656,21,Simulation,Puzzle,0.902223087754051,0.1687104085787757,40,0.0,1.0,0.3166666666666666,0.764626832624555,0,0.9180988257860895,92,0.2717391304347826,0.2664806021418468,0.5828768282283315,3
10,1039,Experience 1039,Social,0.8194814495513689,0.2752805682140255,0.2419454802582048,0.889899007072331,47,Simulation,Puzzle,0.902223087754051,0.1687104085787757,40,0.0,0.0,0.1166666666666666,0.3397223925041538,0,0.9071754697152594,110,0.2636363636363636,0.2603525187683603,0.38586353860582967,4
10,1024,Experience 1024,Sports,0.7120515552427965,0.5535760301547662,0.4935230317114728,0.4609313910731102,39,Simulation,Puzzle,0.902223087754051,0.1687104085787757,40,0.0,0.0,0.0166666666666666,0.5912999439574218,0,0.9484778746100923,138,0.2608695652173913,0.25851789518915724,0.3980995480855975,5
11,1052,Experience 1052,Creative,0.6879474895864814,0.8150878066775633,0.5427584275418881,0.4028796085076296,43,Puzzle,Simulation,0.4852778426941825,0.870087119461988,52,0.0,0.0,0.15,0.9425194151522944,0,0.7795981633842086,129,0.3178294573643411,0.30769011704622046,0.47480498910843394,1
11,1014,Experience 1014,Social,0.7084360738896248,0.6919622480914536,0.5066406143622445,0.7631554898199004,35,Puzzle,Simulation,0.4852778426941825,0.870087119461988,52,0.0,0.0,0.2833333333333333,0.978637228331938,0,0.8531316264516609,117,0.29914529914529914,0.29084545576559745,0.5241305681150527,2
11,1110,Experience 1110,Creative,0.8487034770737338,0.6513439158584452,0.7080979103356375,0.2741343936886083,18,Puzzle,Simulation,0.4852778426941825,0.870087119461988,52,0.0,0.0,0.5666666666666667,0.7771799323585451,0,0.8377186138144473,109,0.28440366972477066,0.2778746313169523,0.43350200581584936,3
11,1032,Experience 1032,Action,0.9183909657409184,0.1782087510115781,0.2798409650960937,0.836613041032693,59,Puzzle,Simulation,0.4852778426941825,0.870087119461988,52,0.0,0.0,0.1166666666666666,0.7945631224019112,0,0.7414297840959234,120,0.275,0.27032733885633464,0.4511687564924219,4
11,1050,Experience 1050,Sports,0.6444432625143321,0.2032573812502654,0.7840857883345029,0.0579453445381299,24,Puzzle,Simulation,0.4852778426941825,0.870087119461988,52,0.0,0.0,0.4666666666666667,0.7011920543596797,0,0.8993451438870558,107,0.27102803738317754,0.2665025782668255,0.37259763284519226,5
12,1052,Experience 1052,Creative,0.6879474895864814,0.8150878066775633,0.5427584275418881,0.4028796085076296,43,Social,Puzzle,0.5779274348262325,0.5615544822388173,18,0.0,0.0,0.4166666666666667,0.9648309927156556,0,0.8784155540507977,129,0.3178294573643411,0.30769011704622046,0.45131135051102866,1
12,1058,Experience 1058,Social,0.5666390936836835,0.5294440043668863,0.4156619036213059,0.2647117106195373,52,Social,Puzzle,0.5779274348262325,0.5615544822388173,18,1.0,0.0,0.5666666666666667,0.8377344687950734,1,0.8012643142397435,100,0.32,0.30704856199905706,0.7842953861007586,2
12,1002,Experience 1002,Social,0.5654662227449457,0.1419781043952984,0.4876512775379703,0.1763555764178013,30,Social,Puzzle,0.5779274348262325,0.5615544822388173,18,1.0,0.0,0.2,0.9097238427117378,0,0.9844134064412808,125,0.312,0.30238501682680585,0.7980314485540331,3
12,1073,Experience 1073,Adventure,0.687693407311507,0.5642695337399875,0.7523432280065728,0.8351257910807337,50,Social,Puzzle,0.5779274348262325,0.5615544822388173,18,0.0,0.0,0.5333333333333333,0.8255842068196597,1,0.9882115274240592,132,0.26515151515151514,0.26214360157820293,0.38676357881816903,4
12,1099,Experience 1099,Adventure,0.8332801744008336,0.4077151465805127,0.8307594812615263,0.7545731382181347,49,Social,Puzzle,0.5779274348262325,0.5615544822388173,18,0.0,0.0,0.5166666666666667,0.7471679535647062,0,0.9723256404630568,119,0.2605042016806723,0.25788365064666796,0.40287816877820165,5
13,1000,Experience 1000,Action,0.9096695293967186,0.6516437731703687,0.6290364009047581,0.2407530712142694,49,Creative,Puzzle,0.4926834838463674,0.1059931363095801,39,0.0,0.0,0.1666666666666666,0.8636470829416093,0,0.783586979321173,124,0.3225806451612903,0.31142935722143644,0.5033208745180411,1
13,1052,Experience 1052,Creative,0.6879474895864814,0.8150878066775633,0.5427584275418881,0.4028796085076296,43,Creative,Puzzle,0.4926834838463674,0.1059931363095801,39,1.0,0.0,0.0666666666666666,0.9499250563044792,1,0.971314938875828,129,0.3178294573643411,0.30769011704622046,0.8169378585860136,2
13,1109,Experience 1109,Social,0.5415451963988065,0.6320276759129257,0.4602651355822746,0.2660308726216652,48,Creative,Puzzle,0.4926834838463674,0.1059931363095801,39,0.0,0.0,0.15,0.9675816517359072,1,0.9352751322549354,125,0.312,0.30238501682680585,0.48853147145321657,3
13,1008,Experience 1008,Adventure,0.8415828324170402,0.3364498304651394,0.599089106012921,0.2728043301458357,40,Creative,Puzzle,0.4926834838463674,0.1059931363095801,39,0.0,0.0,0.0166666666666666,0.8935943778334464,0,0.7893675132741896,117,0.27350427350427353,0.2689476455466193,0.4640103845373374,4
13,1051,Experience 1051,Adventure,0.7608650542535511,0.4945204429565272,0.5049786641965721,0.9492935230092574,34,Creative,Puzzle,0.4926834838463674,0.1059931363095801,39,0.0,0.0,0.0833333333333333,0.9877048196497952,0,0.7162392010425251,122,0.2459016393442623,0.24539315098511863,0.45272925839150946,5
14,1059,Experience 1059,Social,0.7489549716721217,0.4911530499138364,0.6826986067555766,0.9132851837019758,49,Social,Simulation,0.5816528784578859,0.8313799625665546,53,1.0,0.0,0.0666666666666666,0.8989542717023093,1,0.7077200880480975,105,0.34285714285714286,0.32676661951909475,0.8513817643768445,1
14,1100,Experience 1100,Sports,0.8539423752816214,0.5771516782683807,0.6603015579098336,0.097787997445443,39,Social,Simulation,0.5816528784578859,0.8313799625665546,53,0.0,0.0,0.2333333333333333,0.9213513205480524,0,0.8097408394574408,107,0.3177570093457944,0.3058726570069831,0.5174911380181111,2
14,1013,Experience 1013,Sports,0.8486275995976889,0.743877614526904,0.1274827038621261,0.2359972626205526,20,Social,Simulation,0.5816528784578859,0.8313799625665546,53,0.0,0.0,0.55,0.5458298254042402,0,0.9698816487012293,116,0.3017241379310345,0.29298402529328565,0.40443509311539355,3
14,1069,Experience 1069,Puzzle,0.8068156107352968,0.6551858372056814,0.8842124935251735,0.2530347499296835,35,Social,Simulation,0.5816528784578859,0.8313799625665546,53,0.0,0.0,0.3,0.6974403849327124,0,0.7072264129568028,121,0.2892561983471074,0.2825945208502613,0.46008047418731984,4
14,1044,Experience 1044,Action,0.8578996664042653,0.7405382156713768,0.540545681694017,0.9388053542070384,40,Social,Simulation,0.5816528784578859,0.8313799625665546,53,0.0,0.0,0.2166666666666666,0.958892803236131,0,0.7758557756473874,112,0.2857142857142857,0.27913505636277913,0.5068193522095336,5
15,1058,Experience 1058,Social,0.5666390936836835,0.5294440043668863,0.4156619036213059,0.2647117106195373,52,Puzzle,Adventure,0.2828544439209006,0.1917227586377731,55,0.0,0.0,0.05,0.8671925402995948,0,0.9163719944000809,100,0.32,0.30704856199905706,0.4641096935065671,1
15,1088,Experience 1088,Sports,0.931739259022481,0.4207879774878386,0.5549692853271866,0.4100487869149942,11,Puzzle,Adventure,0.2828544439209006,0.1917227586377731,55,0.0,0.0,0.7333333333333333,0.727885158593714,0,0.9401886070610846,113,0.3008849557522124,0.292073890525465,0.400369334583287,2
15,1014,Experience 1014,Social,0.7084360738896248,0.6919622480914536,0.5066406143622445,0.7631554898199004,35,Puzzle,Adventure,0.2828544439209006,0.1917227586377731,55,0.0,0.0,0.3333333333333333,0.7762138295586561,0,0.7930775125903752,117,0.29914529914529914,0.29084545576559745,0.4614363530402467,3
15,1009,Experience 1009,Action,0.7987178764315418,0.3460501829476273,0.2238314684756084,0.130890330850495,53,Puzzle,Adventure,0.2828544439209006,0.1917227586377731,55,0.0,0.0,0.0333333333333333,0.9409770245547078,0,0.9734565585029734,104,0.28846153846153844,0.28101473741844224,0.45074712559441094,4
15,1011,Experience 1011,Strategy,0.8438936347604792,0.3089791482471649,0.5527453913687409,0.302964628837302,52,Puzzle,Adventure,0.2828544439209006,0.1917227586377731,55,0.0,0.0,0.05,0.7301090525521597,0,0.9927272007553838,123,0.2682926829268293,0.26465613594326465,0.40840730260582403,5
16,1025,Experience 1025,Social,0.838744739121835,0.7279884901895025,0.5876677647056102,0.0811540004238993,14,Simulation,Social,0.7058526202323885,0.813787326567853,12,0.0,1.0,0.0333333333333333,0.8818151444732217,1,0.9343381019132787,120,0.31666666666666665,0.30604162457062034,0.7410152112872538,1
16,1002,Experience 1002,Social,0.5654662227449457,0.1419781043952984,0.4876512775379703,0.1763555764178013,30,Simulation,Social,0.7058526202323885,0.813787326567853,12,0.0,1.0,0.3,0.7817986573055818,0,0.7803720450410794,125,0.312,0.30238501682680585,0.5993491853039244,2
16,1007,Experience 1007,Social,0.6113602755027672,0.3693255620200327,0.760432490906593,0.3138467721116466,56,Simulation,Social,0.7058526202323885,0.813787326567853,12,0.0,1.0,0.7333333333333333,0.9454201293257954,1,0.9455839445262246,112,0.24107142857142858,0.24125626848399126,0.6245586346305902,3
16,1094,Experience 1094,Strategy,0.777065958629862,0.5840090382012306,0.3016147592800985,0.4118434403009737,40,Simulation,Social,0.7058526202323885,0.813787326567853,12,0.0,0.0,0.4666666666666667,0.5957621390477101,0,0.7155044353604245,114,0.21929824561403508,0.22273005552154362,0.37000860652562295,4
16,1048,Experience 1048,Social,0.2304789954244207,0.8328371585656826,0.2699649703256335,0.1697999737727075,60,Simulation,Social,0.7058526202323885,0.813787326567853,12,0.0,1.0,0.8,0.564112350093245,0,0.8330896395741935,119,0.20168067226890757,0.20752393841645214,0.4745882359779834,5
17,1014,Experience 1014,Social,0.7084360738896248,0.6919622480914536,0.5066406143622445,0.7631554898199004,35,Adventure,Action,0.2522452360273752,0.4240749445306238,44,0.0,0.0,0.15,0.7456046216651308,0,0.7898023019274316,117,0.29914529914529914,0.29084545576559745,0.4881935633736518,1
17,1099,Experience 1099,Adventure,0.8332801744008336,0.4077151465805127,0.8307594812615263,0.7545731382181347,49,Adventure,Action,0.2522452360273752,0.4240749445306238,44,1.0,0.0,0.0833333333333333,0.4214857547658489,0,0.8611596210247603,119,0.2605042016806723,0.25788365064666796,0.7512742716538593,2
17,1072,Experience 1072,Puzzle,0.7449779069249327,0.3414623639761886,0.973475515285742,0.3783180142237856,25,Adventure,Action,0.2522452360273752,0.4240749445306238,44,0.0,0.0,0.3166666666666666,0.2787697207416332,0,0.9905707051900403,119,0.21008403361344538,0.21471818302076867,0.33736717933496835,3
17,1079,Experience 1079,Social,0.6252808613431486,0.1651788036494796,0.2355254260756802,0.2079980737084605,56,Adventure,Action,0.2522452360273752,0.4240749445306238,44,0.0,0.0,0.2,0.983280190048305,1,0.9230719336688262,123,0.2032520325203252,0.2087120799992087,0.4631642708704138,4
17,1040,Experience 1040,Adventure,0.8007594991172722,0.3266907558049443,0.1528993913771743,0.3143479426299048,10,Adventure,Action,0.2522452360273752,0.4240749445306238,44,1.0,0.0,0.5666666666666667,0.9006541553497991,0,0.9884450478413549,109,0.2018348623853211,0.20810718945648718,0.7435451314131728,5
18,1058,Experience 1058,Social,0.5666390936836835,0.5294440043668863,0.4156619036213059,0.2647117106195373,52,Strategy,Simulation,0.4638966389360204,0.386117888051016,38,0.0,0.0,0.2333333333333333,0.9517652646852854,1,0.7491925514029791,100,0.32,0.30704856199905706,0.4492392887777386,1
18,1002,Experience 1002,Social,0.5654662227449457,0.1419781043952984,0.4876512775379703,0.1763555764178013,30,Strategy,Simulation,0.4638966389360204,0.386117888051016,38,0.0,0.0,0.1333333333333333,0.9762453613980502,0,0.9159716235725127,125,0.312,0.30238501682680585,0.4337592618185369,2
18,1085,Experience 1085,Social,0.715133524882573,0.3923165755464828,0.681782684374937,0.3715432084063615,41,Strategy,Simulation,0.4638966389360204,0.386117888051016,38,0.0,0.0,0.05,0.7821139545610833,1,0.8570221404469524,117,0.24786324786324787,0.24704983532764122,0.47289219860197457,3
18,1031,Experience 1031,Adventure,0.6267069522672452,0.6020379288394027,0.9395582128996094,0.5521627033044271,46,Strategy,Simulation,0.4638966389360204,0.386117888051016,38,0.0,0.0,0.1333333333333333,0.524338426036411,0,0.9699801133441254,113,0.23008849557522124,0.2319235145856154,0.3433125889037178,4
18,1004,Experience 1004,Puzzle,0.809305382335664,0.5027055170834634,0.7716046143560276,0.3920600224154432,16,Strategy,Simulation,0.4638966389360204,0.386117888051016,38,0.0,0.0,0.3666666666666666,0.6922920245799928,0,0.724742587946297,123,0.21951219512195122,0.2226980939852227,0.3958942169145914,5
19,1084,Experience 1084,Social,0.6722561348379004,0.2863456816441453,0.5362524927433157,0.7470758006298863,26,Strategy,Action,0.6031914102094686,0.7556534871954608,10,0.0,0.0,0.2666666666666666,0.933061082533847,0,0.7770950839012926,111,0.35135135135135137,0.3347009728235637,0.45749725881691267,1
19,1107,Experience 1107,Social,0.7428970964662264,0.8045676070342606,0.8160785123357384,0.9076048913904824,23,Strategy,Action,0.6031914102094686,0.7556534871954608,10,0.0,0.0,0.2166666666666666,0.7871128978737303,0,0.8686523949270766,139,0.30935251798561153,0.3009171537099802,0.5031447879089911,2
19,1023,Experience 1023,Strategy,0.934275144868182,0.4241492862896971,0.2179097364670654,0.7914514878076223,48,Strategy,Action,0.6031914102094686,0.7556534871954608,10,1.0,0.0,0.6333333333333333,0.6147183262575968,1,0.9974358992292366,110,0.2818181818181818,0.2757371341529757,0.7200376947210767,3
19,1033,Experience 1033,Simulation,0.8859147305780027,0.259942782541492,0.2648265360525452,0.1086571032622624,31,Strategy,Action,0.6031914102094686,0.7556534871954608,10,0.0,0.0,0.35,0.6616351258430766,0,0.9996086239358561,120,0.275,0.27032733885633464,0.3741087567919929,4
19,1078,Experience 1078,Simulation,0.9139745006021852,0.4875947260651535,0.1081242288365573,0.0386443098268846,51,Strategy,Action,0.6031914102094686,0.7556534871954608,10,0.0,0.0,0.6833333333333333,0.5049328186270887,0,0.7434359397139042,97,0.23711340206185566,0.23799852512723801,0.33790029172012875,5
20,1067,Experience 1067,Creative,0.788764048918011,0.4580972487220676,0.5921026845821029,0.4299570499000478,43,Strategy,Sports,0.0764930213940332,0.0709829874729512,26,0.0,0.0,0.2833333333333333,0.4843903368119303,0,0.7294202342243166,119,0.31092436974789917,0.30104911827256725,0.37856000644233,1
20,1102,Experience 1102,Sports,0.9402838286695968,0.4125021221616953,0.1907643304361418,0.200562471321554,40,Strategy,Sports,0.0764930213940332,0.0709829874729512,26,0.0,1.0,0.2333333333333333,0.8857286909578914,0,0.8871847192223195,117,0.3076923076923077,0.29814472583859014,0.6592370125859819,2
20,1074,Experience 1074,Social,0.7411737446379107,0.1336446501121093,0.5667526591354218,0.2130749343990023,32,Strategy,Sports,0.0764930213940332,0.0709829874729512,26,0.0,0.0,0.1,0.5097403622586114,0,0.9525856357237025,149,0.2953020134228188,0.28902856473305827,0.43086328558607234,3
20,1091,Experience 1091,Sports,0.6742348817628386,0.2717222536331008,0.7498162980972818,0.6422524185679935,12,Strategy,Sports,0.0764930213940332,0.0709829874729512,26,0.0,1.0,0.2333333333333333,0.3266767232967514,0,0.8146311484466948,105,0.2571428571428571,0.25476661951909474,0.49899891652176337,4
20,1096,Experience 1096,Adventure,0.7903170826018652,0.4751627362769494,0.5362341337297925,0.9233469677258124,13,Strategy,Sports,0.0764930213940332,0.0709829874729512,26,0.0,0.0,0.2166666666666666,0.5402588876642408,0,0.915851293738422,123,0.25203252032520324,0.25067012195725064,0.3691092575780022,5
21,1067,Experience 1067,Creative,0.788764048918011,0.4580972487220676,0.5921026845821029,0.4299570499000478,43,Action,Puzzle,0.5713914907511481,0.7448388959092858,30,0.0,0.0,0.2166666666666666,0.9792888061690452,0,0.8623964521401508,119,0.31092436974789917,0.30104911827256725,0.5081692291920628,1
21,1068,Experience 1068,Action,0.698456042052288,0.2594560290757449,0.3550613668330224,0.4325155932423661,21,Action,Puzzle,0.5713914907511481,0.7448388959092858,30,1.0,0.0,0.15,0.7836698760818743,1,0.9813796498006113,111,0.24324324324324326,0.2430979193884492,0.7860984284810874,2
21,1055,Experience 1055,Action,0.9121309206982589,0.3826203354113438,0.2499073592941251,0.1919211614110854,38,Action,Puzzle,0.5713914907511481,0.7448388959092858,30,1.0,0.0,0.1333333333333333,0.6785158685429771,1,0.847957393667657,114,0.23684210526315788,0.237655428655872,0.8173108784639675,3
21,1054,Experience 1054,Puzzle,0.6795756146978778,0.2537314254122666,0.2509959349159629,0.6813294726896911,34,Action,Puzzle,0.5713914907511481,0.7448388959092858,30,0.0,1.0,0.0666666666666666,0.6796044441648148,1,0.9532761510227001,113,0.20353982300884957,0.20936712360817178,0.5890102071075999,4
21,1041,Experience 1041,Sports,0.6879201981801872,0.7175911275892214,0.4277301159158936,0.4016616340093764,51,Action,Puzzle,0.5713914907511481,0.7448388959092858,30,0.0,0.0,0.35,0.8563386251647456,1,0.7353949087605642,132,0.18181818181818182,0.18977518052557135,0.48142530937168204,5
22,1043,Experience 1043,Creative,0.8838983032607785,0.7641225701636372,0.5942808569171103,0.6062993981927156,47,Social,Adventure,0.8334832108831476,0.5232595333524971,37,0.0,0.0,0.1666666666666666,0.7607976460339627,1,0.9421715784313566,110,0.35454545454545455,0.3372755956914373,0.47178743425950864,1
22,1100,Experience 1100,Sports,0.8539423752816214,0.5771516782683807,0.6603015579098336,0.097787997445443,39,Social,Adventure,0.8334832108831476,0.5232595333524971,37,0.0,0.0,0.0333333333333333,0.826818347026686,0,0.8992605125405375,107,0.3177570093457944,0.3058726570069831,0.5014939295296496,2
22,1002,Experience 1002,Social,0.5654662227449457,0.1419781043952984,0.4876512775379703,0.1763555764178013,30,Social,Adventure,0.8334832108831476,0.5232595333524971,37,1.0,0.0,0.1166666666666666,0.6541680666548227,0,0.9553701155931659,125,0.312,0.30238501682680585,0.7619255061590692,3
22,1017,Experience 1017,Adventure,0.8986224157650411,0.4138920991005588,0.5580723954683906,0.6429984233408326,53,Social,Adventure,0.8334832108831476,0.5232595333524971,37,0.0,1.0,0.2666666666666666,0.724589184585243,1,0.9662956971131573,125,0.256,0.25410915475784035,0.5872582028150418,4
22,1068,Experience 1068,Action,0.698456042052288,0.2594560290757449,0.3550613668330224,0.4325155932423661,21,Social,Adventure,0.8334832108831476,0.5232595333524971,37,0.0,0.0,0.2666666666666666,0.5215781559498749,0,0.871299481153065,111,0.24324324324324326,0.2430979193884492,0.3284163900168505,5
23,1109,Experience 1109,Social,0.5415451963988065,0.6320276759129257,0.4602651355822746,0.2660308726216652,48,Strategy,Puzzle,0.6527172866915267,0.571289386613503,10,0.0,0.0,0.6333333333333333,0.8075478488907479,0,0.9685623517038664,125,0.312,0.30238501682680585,0.40484554173402415,1
23,1107,Experience 1107,Social,0.7428970964662264,0.8045676070342606,0.8160785123357384,0.9076048913904824,23,Strategy,Puzzle,0.6527172866915267,0.571289386613503,10,0.0,0.0,0.2166666666666666,0.8366387743557884,0,0.8233068275251362,139,0.30935251798561153,0.3009171537099802,0.5190197181940328,2
23,1119,Experience 1119,Action,0.8086136050725224,0.7572883677081093,0.5086964614589882,0.1619415702496311,9,Strategy,Puzzle,0.6527172866915267,0.571289386613503,10,0.0,0.0,0.0166666666666666,0.8559791747674614,0,0.8946191874099154,115,0.30434782608695654,0.29515427733249516,0.4826124147152697,3
23,1074,Experience 1074,Social,0.7411737446379107,0.1336446501121093,0.5667526591354218,0.2130749343990023,32,Strategy,Puzzle,0.6527172866915267,0.571289386613503,10,0.0,0.0,0.3666666666666666,0.9140353724438952,0,0.9480155242598125,149,0.2953020134228188,0.28902856473305827,0.4649618279236496,4
23,1091,Experience 1091,Sports,0.6742348817628386,0.2717222536331008,0.7498162980972818,0.6422524185679935,12,Strategy,Puzzle,0.6527172866915267,0.571289386613503,10,0.0,0.0,0.0333333333333333,0.902900988594245,1,0.8999714862983479,105,0.2571428571428571,0.25476661951909474,0.44124947934784986,5
24,1067,Experience 1067,Creative,0.788764048918011,0.4580972487220676,0.5921026845821029,0.4299570499000478,43,Sports,Action,0.0187566342477123,0.1059545101436577,34,0.0,0.0,0.15,0.4266539496656094,0,0.8367354421971538,119,0.31092436974789917,0.30104911827256725,0.3643886748620597,1
24,1110,Experience 1110,Creative,0.8487034770737338,0.6513439158584452,0.7080979103356375,0.2741343936886083,18,Sports,Action,0.0187566342477123,0.1059545101436577,34,0.0,0.0,0.2666666666666666,0.3106587239120748,0,0.7128830365408712,109,0.28440366972477066,0.2778746313169523,0.363114618801067,2
24,1115,Experience 1115,Simulation,0.626658707429628,0.7075065986188209,0.5404405149990236,0.2246894745458737,42,Sports,Action,0.0187566342477123,0.1059545101436577,34,0.0,0.0,0.1333333333333333,0.4783161192486888,0,0.7874681046119889,112,0.2767857142857143,0.27155929878702156,0.3437644027346398,3
24,1006,Experience 1006,Action,0.8770181756508404,0.5275353377269014,0.8047332447846338,0.7517807092307816,28,Sports,Action,0.0187566342477123,0.1059545101436577,34,0.0,1.0,0.1,0.2140233894630785,1,0.8899439179946834,103,0.27184466019417475,0.26703924747875485,0.5308395633777816,4
24,1092,Experience 1092,Sports,0.8280410369904486,0.5343815491606264,0.7426691928850321,0.6904019545155015,39,Sports,Action,0.0187566342477123,0.1059545101436577,34,1.0,0.0,0.0833333333333333,0.2760874413626802,0,0.8584560783662785,128,0.2421875,0.2422015367559922,0.7500343333910661,5
25,1067,Experience 1067,Creative,0.788764048918011,0.4580972487220676,0.5921026845821029,0.4299570499000478,43,Puzzle,Sports,0.5577891462377893,0.7005164655412413,33,0.0,0.0,0.1666666666666666,0.9656864616556864,0,0.9782219128365689,119,0.31092436974789917,0.30104911827256725,0.5019536113274814,1
25,1006,Experience 1006,Action,0.8770181756508404,0.5275353377269014,0.8047332447846338,0.7517807092307816,28,Puzzle,Sports,0.5577891462377893,0.7005164655412413,33,0.0,0.0,0.0833333333333333,0.7530559014531555,0,0.9661462354594641,103,0.27184466019417475,0.26703924747875485,0.5034263480692939,2
25,1050,Experience 1050,Sports,0.6444432625143321,0.2032573812502654,0.7840857883345029,0.0579453445381299,24,Puzzle,Sports,0.5577891462377893,0.7005164655412413,33,0.0,1.0,0.15,0.7737033579032864,0,0.940345823845736,107,0.27102803738317754,0.2665025782668255,0.6108529680272393,3
25,1108,Experience 1108,Puzzle,0.8425576923542274,0.4822507608830354,0.666849920378606,0.8027206052883656,21,Puzzle,Sports,0.5577891462377893,0.7005164655412413,33,1.0,0.0,0.2,0.8909392258591833,1,0.9390485422820174,92,0.2717391304347826,0.2664806021418468,0.8316548310417539,4
25,1036,Experience 1036,Sports,0.9655169972756756,0.2298411882545339,0.2550485289661252,0.8478368672236546,17,Puzzle,Sports,0.5577891462377893,0.7005164655412413,33,0.0,1.0,0.2666666666666666,0.6972593827283359,0,0.9390468814436838,129,0.26356589147286824,0.2607102512744084,0.6365527469887102,5
26,1059,Experience 1059,Social,0.7489549716721217,0.4911530499138364,0.6826986067555766,0.9132851837019758,49,Simulation,Sports,0.3086477955452562,0.6503959108762601,14,0.0,0.0,0.5833333333333334,0.6259491887896796,0,0.749295399594004,105,0.34285714285714286,0.32676661951909475,0.4376102778998905,1
26,1053,Experience 1053,Puzzle,0.7426572934279929,0.7514869168546299,0.2904976508730454,0.8341208920021081,34,Simulation,Sports,0.3086477955452562,0.6503959108762601,14,0.0,0.0,0.3333333333333333,0.9818498553277892,0,0.8383845059764313,102,0.3431372549019608,0.3266051429498922,0.4672927624161713,2
26,1102,Experience 1102,Sports,0.9402838286695968,0.4125021221616953,0.1907643304361418,0.200562471321554,40,Simulation,Sports,0.3086477955452562,0.6503959108762601,14,0.0,1.0,0.4333333333333333,0.8821165348908856,0,0.7663545411902011,117,0.3076923076923077,0.29814472583859014,0.6467125168286908,3
26,1074,Experience 1074,Social,0.7411737446379107,0.1336446501121093,0.5667526591354218,0.2130749343990023,32,Simulation,Sports,0.3086477955452562,0.6503959108762601,14,0.0,0.0,0.3,0.7418951364098344,0,0.7926098027528583,149,0.2953020134228188,0.28902856473305827,0.4582570141525899,4
26,1069,Experience 1069,Puzzle,0.8068156107352968,0.6551858372056814,0.8842124935251735,0.2530347499296835,35,Simulation,Sports,0.3086477955452562,0.6503959108762601,14,0.0,0.0,0.35,0.4244353020200827,0,0.8583122742484093,121,0.2892561983471074,0.2825945208502613,0.4071369593092524,5
27,1052,Experience 1052,Creative,0.6879474895864814,0.8150878066775633,0.5427584275418881,0.4028796085076296,43,Social,Simulation,0.6548533759498939,0.3083482558431205,55,0.0,0.0,0.2,0.8879050515919942,1,0.8133934355697713,129,0.3178294573643411,0.30769011704622046,0.4380625868710936,1
27,1107,Experience 1107,Social,0.7428970964662264,0.8045676070342606,0.8160785123357384,0.9076048913904824,23,Social,Simulation,0.6548533759498939,0.3083482558431205,55,1.0,0.0,0.5333333333333333,0.8387748636141555,0,0.9155356404216154,139,0.30935251798561153,0.3009171537099802,0.8160193835979448,2
27,1013,Experience 1013,Sports,0.8486275995976889,0.743877614526904,0.1274827038621261,0.2359972626205526,20,Social,Simulation,0.6548533759498939,0.3083482558431205,55,0.0,0.0,0.5833333333333334,0.4726293279122322,0,0.7569589252380239,116,0.3017241379310345,0.29298402529328565,0.36367547703590475,3
27,1069,Experience 1069,Puzzle,0.8068156107352968,0.6551858372056814,0.8842124935251735,0.2530347499296835,35,Social,Simulation,0.6548533759498939,0.3083482558431205,55,0.0,0.0,0.3333333333333333,0.7706408824247204,0,0.7744414958703161,121,0.2892561983471074,0.2825945208502613,0.4429456554406902,4
27,1110,Experience 1110,Creative,0.8487034770737338,0.6513439158584452,0.7080979103356375,0.2741343936886083,18,Social,Simulation,0.6548533759498939,0.3083482558431205,55,0.0,0.0,0.6166666666666667,0.9467554656142564,1,0.9164741673297359,109,0.28440366972477066,0.2778746313169523,0.43593926130851807,5
28,1059,Experience 1059,Social,0.7489549716721217,0.4911530499138364,0.6826986067555766,0.9132851837019758,49,Simulation,Creative,0.668913366532042,0.3490299385904939,41,0.0,0.0,0.1333333333333333,0.9862147597764654,0,0.7833187688219119,105,0.34285714285714286,0.32676661951909475,0.5216757207908364,1
28,1053,Experience 1053,Puzzle,0.7426572934279929,0.7514869168546299,0.2904976508730454,0.8341208920021081,34,Simulation,Creative,0.668913366532042,0.3490299385904939,41,0.0,0.0,0.1166666666666666,0.6215842843410034,1,0.8610677411913402,102,0.3431372549019608,0.3266051429498922,0.40134965264309047,2
28,1102,Experience 1102,Sports,0.9402838286695968,0.4125021221616953,0.1907643304361418,0.200562471321554,40,Simulation,Creative,0.668913366532042,0.3490299385904939,41,0.0,0.0,0.0166666666666666,0.5218509639040998,0,0.7087825448313452,117,0.3076923076923077,0.29814472583859014,0.43341762556460195,3
28,1106,Experience 1106,Sports,0.8146785788760947,0.3647619692710552,0.6750256601127794,0.7960604476258709,49,Simulation,Creative,0.668913366532042,0.3490299385904939,41,0.0,0.0,0.1333333333333333,0.9938877064192626,0,0.9773217540229711,128,0.28125,0.275985320539776,0.4822230668530642,4
28,1068,Experience 1068,Action,0.698456042052288,0.2594560290757449,0.3550613668330224,0.4325155932423661,21,Simulation,Creative,0.668913366532042,0.3490299385904939,41,0.0,0.0,0.3333333333333333,0.6861480003009803,0,0.8678102915888282,111,0.24324324324324326,0.2430979193884492,0.3420661213281101,5
29,1061,Experience 1061,Social,0.9515114053456256,0.4883887845440612,0.3838014404080356,0.6777086144544695,56,Puzzle,Adventure,0.4362192522617057,0.3473890606633519,16,0.0,0.0,0.6666666666666666,0.9475821881463298,0,0.8489203886560126,113,0.3274336283185841,0.3146302815029086,0.4878224082447687,1
29,1111,Experience 1111,Sports,0.9428982678236224,0.8155250577848677,0.575778764164542,0.2547283501174674,25,Puzzle,Adventure,0.4362192522617057,0.3473890606633519,16,0.0,0.0,0.15,0.8604404880971638,0,0.8781937868377023,139,0.3237410071942446,0.31349577006218143,0.5068594477525655,2
29,1096,Experience 1096,Adventure,0.7903170826018652,0.4751627362769494,0.5362341337297925,0.9233469677258124,13,Puzzle,Adventure,0.4362192522617057,0.3473890606633519,16,0.0,1.0,0.05,0.8999851185319133,0,0.7674128141734365,123,0.25203252032520324,0.25067012195725064,0.5848062990717698,3
29,1078,Experience 1078,Simulation,0.9139745006021852,0.4875947260651535,0.1081242288365573,0.0386443098268846,51,Puzzle,Adventure,0.4362192522617057,0.3473890606633519,16,0.0,0.0,0.5833333333333334,0.6719049765748515,0,0.8283337209619612,97,0.23711340206185566,0.23799852512723801,0.3582742149570414,4
29,1094,Experience 1094,Strategy,0.777065958629862,0.5840090382012306,0.3016147592800985,0.4118434403009737,40,Puzzle,Adventure,0.4362192522617057,0.3473890606633519,16,0.0,0.0,0.4,0.8653955070183927,0,0.9362208937855289,114,0.21929824561403508,0.22273005552154362,0.37238704894154745,5
30,1043,Experience 1043,Creative,0.8838983032607785,0.7641225701636372,0.5942808569171103,0.6062993981927156,47,Creative,Adventure,0.8329890302552374,0.0457918287333101,24,1.0,0.0,0.3833333333333333,0.7612918266618729,1,0.9210811464124935,110,0.35454545454545455,0.3372755956914373,0.7802867598437395,1
30,1084,Experience 1084,Social,0.6722561348379004,0.2863456816441453,0.5362524927433157,0.7470758006298863,26,Creative,Adventure,0.8329890302552374,0.0457918287333101,24,0.0,0.0,0.0333333333333333,0.7032634624880783,0,0.7002670401120307,111,0.35135135135135137,0.3347009728235637,0.41797346073084257,2
30,1058,Experience 1058,Social,0.5666390936836835,0.5294440043668863,0.4156619036213059,0.2647117106195373,52,Creative,Adventure,0.8329890302552374,0.0457918287333101,24,0.0,0.0,0.4666666666666667,0.5826728733660684,0,0.7594639057802471,100,0.32,0.30704856199905706,0.3523465379856677,3
30,1088,Experience 1088,Sports,0.931739259022481,0.4207879774878386,0.5549692853271866,0.4100487869149942,11,Creative,Adventure,0.8329890302552374,0.0457918287333101,24,0.0,0.0,0.2166666666666666,0.7219802550719492,1,0.871402212361314,113,0.3008849557522124,0.292073890525465,0.43073755952878723,4
30,1064,Experience 1064,Puzzle,0.6204758892789963,0.4435351922580418,0.6632419642315316,0.276207363456566,49,Creative,Adventure,0.8329890302552374,0.0457918287333101,24,0.0,0.0,0.4166666666666667,0.8302529339762942,0,0.9866490439257498,94,0.2765957446808511,0.27057743368321796,0.356850553739886,5
31,1052,Experience 1052,Creative,0.6879474895864814,0.8150878066775633,0.5427584275418881,0.4028796085076296,43,Puzzle,Sports,0.7238924559791154,0.7005937665347985,47,0.0,0.0,0.0666666666666666,0.8188659715627726,0,0.8815153035959249,129,0.3178294573643411,0.30769011704622046,0.4914513674125317,1
31,1067,Experience 1067,Creative,0.788764048918011,0.4580972487220676,0.5921026845821029,0.4299570499000478,43,Puzzle,Sports,0.7238924559791154,0.7005937665347985,47,0.0,0.0,0.0666666666666666,0.8682102286029875,0,0.782852811748431,119,0.31092436974789917,0.30104911827256725,0.5001709734667483,2
31,1037,Experience 1037,Sports,0.7994490651436071,0.7023148063737304,0.3263399911584964,0.9948242136208678,35,Puzzle,Sports,0.7238924559791154,0.7005937665347985,47,0.0,1.0,0.2,0.602447535179381,1,0.8894823341685212,120,0.30833333333333335,0.29889876742776317,0.6306808018517363,3
31,1102,Experience 1102,Sports,0.9402838286695968,0.4125021221616953,0.1907643304361418,0.200562471321554,40,Puzzle,Sports,0.7238924559791154,0.7005937665347985,47,0.0,1.0,0.1166666666666666,0.4668718744570264,1,0.8744908218754975,117,0.3076923076923077,0.29814472583859014,0.6336928758839913,4
31,1013,Experience 1013,Sports,0.8486275995976889,0.743877614526904,0.1274827038621261,0.2359972626205526,20,Puzzle,Sports,0.7238924559791154,0.7005937665347985,47,0.0,1.0,0.45,0.4035902478830107,1,0.9555798298340086,116,0.3017241379310345,0.29298402529328565,0.5850234217806606,5
32,1091,Experience 1091,Sports,0.6742348817628386,0.2717222536331008,0.7498162980972818,0.6422524185679935,12,Action,Sports,0.4860444790710185,0.5892837462693579,55,0.0,1.0,0.7166666666666667,0.7362281809737368,1,0.9888481266852689,105,0.2571428571428571,0.25476661951909474,0.5805568583204345,1
32,1005,Experience 1005,Sports,0.725440926488475,0.5102685875213342,0.2459903544501388,0.2409271164143122,19,Action,Sports,0.4860444790710185,0.5892837462693579,55,0.0,1.0,0.6,0.7599458753791203,0,0.7456711823281285,114,0.2543859649122807,0.25258080179020037,0.6133315227725353,2
32,1085,Experience 1085,Social,0.715133524882573,0.3923165755464828,0.681782684374937,0.3715432084063615,41,Action,Sports,0.4860444790710185,0.5892837462693579,55,0.0,0.0,0.2333333333333333,0.8042617946960815,0,0.9226152382038311,117,0.24786324786324787,0.24704983532764122,0.5468221941731204,3
32,1021,Experience 1021,Creative,0.6317033375365485,0.227795161908673,0.5969784094803497,0.8897794665398687,40,Action,Sports,0.4860444790710185,0.5892837462693579,55,0.0,0.0,0.25,0.8890660695906688,0,0.76479787747658,117,0.23931623931623933,0.23975056525464852,0.44887074937056387,4
32,1114,Experience 1114,Simulation,0.9094073794904848,0.2867325336723821,0.0751050358773748,0.4020477981570693,23,Action,Sports,0.4860444790710185,0.5892837462693579,55,0.0,0.0,0.5333333333333333,0.5890605568063563,0,0.7836011409569325,138,0.2318840579710145,0.23320143949295472,0.4127564397365738,5
33,1061,Experience 1061,Social,0.9515114053456256,0.4883887845440612,0.3838014404080356,0.6777086144544695,56,Strategy,Social,0.3972366419629186,0.8554234704714564,11,0.0,1.0,0.75,0.9865647984451168,0,0.7472674277905506,113,0.3274336283185841,0.3146302815029086,0.7132953051194161,1
33,1037,Experience 1037,Sports,0.7994490651436071,0.7023148063737304,0.3263399911584964,0.9948242136208678,35,Strategy,Social,0.3972366419629186,0.8554234704714564,11,0.0,0.0,0.4,0.9291033491955778,1,0.7848269626969306,120,0.30833333333333335,0.29889876742776317,0.5012783595894583,2
33,1032,Experience 1032,Action,0.9183909657409184,0.1782087510115781,0.2798409650960937,0.836613041032693,59,Strategy,Social,0.3972366419629186,0.8554234704714564,11,0.0,0.0,0.8,0.882604323133175,0,0.9931328648514368,120,0.275,0.27032733885633464,0.42769317555822745,3
33,1033,Experience 1033,Simulation,0.8859147305780027,0.259942782541492,0.2648265360525452,0.1086571032622624,31,Strategy,Social,0.3972366419629186,0.8554234704714564,11,0.0,0.0,0.3333333333333333,0.8675898940896266,1,0.9573385122169734,120,0.275,0.27032733885633464,0.46189647427397384,4
33,1098,Experience 1098,Social,0.534058177188557,0.4459803600128759,0.2707495249900757,0.7298152463028666,35,Strategy,Social,0.3972366419629186,0.8554234704714564,11,0.0,1.0,0.4,0.8735128830271571,0,0.8798243876773043,130,0.26153846153846155,0.25897218293257895,0.6232713672517577,5
34,1053,Experience 1053,Puzzle,0.7426572934279929,0.7514869168546299,0.2904976508730454,0.8341208920021081,34,Simulation,Creative,0.2277525659552355,0.6641129512864578,10,0.0,0.0,0.4,0.93725491508219,0,0.844748028491642,102,0.3431372549019608,0.3266051429498922,0.43266818618836456,1
34,1037,Experience 1037,Sports,0.7994490651436071,0.7023148063737304,0.3263399911584964,0.9948242136208678,35,Simulation,Creative,0.2277525659552355,0.6641129512864578,10,0.0,0.0,0.4166666666666667,0.9014125747967392,0,0.7685566672191816,120,0.30833333333333335,0.29889876742776317,0.44605945719262974,2
34,1115,Experience 1115,Simulation,0.626658707429628,0.7075065986188209,0.5404405149990236,0.2246894745458737,42,Simulation,Creative,0.2277525659552355,0.6641129512864578,10,1.0,0.0,0.5333333333333333,0.6873120509562121,0,0.7116808904007935,112,0.2767857142857143,0.27155929878702156,0.719770786435368,3
34,1060,Experience 1060,Strategy,0.8620933017122632,0.1051567799118504,0.3772606570904063,0.1400554046894906,58,Simulation,Creative,0.2277525659552355,0.6641129512864578,10,0.0,0.0,0.8,0.8504919088648293,0,0.9559781988648512,102,0.27450980392156865,0.2692280937695643,0.3456745592330968,4
34,1008,Experience 1008,Adventure,0.8415828324170402,0.3364498304651394,0.599089106012921,0.2728043301458357,40,Simulation,Creative,0.2277525659552355,0.6641129512864578,10,0.0,0.0,0.5,0.6286634599423147,0,0.76750381687373,117,0.27350427350427353,0.2689476455466193,0.3608406333996387,5
35,1058,Experience 1058,Social,0.5666390936836835,0.5294440043668863,0.4156619036213059,0.2647117106195373,52,Strategy,Social,0.4318282758092654,0.8708205408799516,33,0.0,1.0,0.3166666666666666,0.9838336278120404,0,0.8879862687396056,100,0.32,0.30704856199905706,0.6857220870549062,1
35,1074,Experience 1074,Social,0.7411737446379107,0.1336446501121093,0.5667526591354218,0.2130749343990023,32,Strategy,Social,0.4318282758092654,0.8708205408799516,33,0.0,1.0,0.0166666666666666,0.8650756166738436,1,0.9924143215143097,149,0.2953020134228188,0.28902856473305827,0.7088596237008352,2
35,1001,Experience 1001,Sports,0.6452560499996463,0.8044840559110404,0.5776422262968883,0.3608105614175153,41,Strategy,Social,0.4318282758092654,0.8708205408799516,33,0.0,0.0,0.1333333333333333,0.8541860495123771,0,0.92633254300947,110,0.2545454545454545,0.25266021107605263,0.5147317297299647,3
35,1082,Experience 1082,Adventure,0.940069744877272,0.6645999956719907,0.1368397110942475,0.0890420050750532,28,Strategy,Social,0.4318282758092654,0.8708205408799516,33,0.0,0.0,0.0833333333333333,0.7050114352849821,0,0.7398423145357546,138,0.2391304347826087,0.23953055341700535,0.5071813385400256,4
35,1004,Experience 1004,Puzzle,0.809305382335664,0.5027055170834634,0.7716046143560276,0.3920600224154432,16,Strategy,Social,0.4318282758092654,0.8708205408799516,33,0.0,0.0,0.2833333333333333,0.6602236614532379,0,0.746484788108107,123,0.21951219512195122,0.2226980939852227,0.47460824608593893,5
36,1102,Experience 1102,Sports,0.9402838286695968,0.4125021221616953,0.1907643304361418,0.200562471321554,40,Creative,Simulation,0.6385528282367291,0.61500548577104,33,0.0,0.0,0.1166666666666666,0.5522115021994127,0,0.9290487385276663,117,0.3076923076923077,0.29814472583859014,0.43577806080730913,1
36,1115,Experience 1115,Simulation,0.626658707429628,0.7075065986188209,0.5404405149990236,0.2246894745458737,42,Creative,Simulation,0.6385528282367291,0.61500548577104,33,0.0,1.0,0.15,0.9018876867622944,1,0.9294784221050946,112,0.2767857142857143,0.27155929878702156,0.5902860586240892,2
36,1021,Experience 1021,Creative,0.6317033375365485,0.227795161908673,0.5969784094803497,0.8897794665398687,40,Creative,Simulation,0.6385528282367291,0.61500548577104,33,1.0,0.0,0.1166666666666666,0.9584255812436208,0,0.943776004033446,117,0.23931623931623933,0.23975056525464852,0.7677037862505094,3
36,1105,Experience 1105,Sports,0.6106599794863272,0.6391373818905719,0.6213931070244737,0.2894297075080649,54,Creative,Simulation,0.6385528282367291,0.61500548577104,33,0.0,0.0,0.35,0.9828402787877446,1,0.8223873499150987,130,0.23076923076923078,0.2323055162659123,0.43882880910556793,4
36,1034,Experience 1034,Strategy,0.5016628944231066,0.7184788322001798,0.7569144817322334,0.2251776661055454,11,Creative,Simulation,0.6385528282367291,0.61500548577104,33,0.0,0.0,0.3666666666666666,0.8816383465044957,0,0.9755939199868545,132,0.2196969696969697,0.22266991736767663,0.3563816766599844,5
37,1002,Experience 1002,Social,0.5654662227449457,0.1419781043952984,0.4876512775379703,0.1763555764178013,30,Social,Creative,0.4074692588140211,0.1427090022392872,22,1.0,0.0,0.1333333333333333,0.9198179812760507,1,0.7227431427691126,125,0.312,0.30238501682680585,0.7907049309988357,1
37,1107,Experience 1107,Social,0.7428970964662264,0.8045676070342606,0.8160785123357384,0.9076048913904824,23,Social,Creative,0.4074692588140211,0.1427090022392872,22,1.0,0.0,0.0166666666666666,0.5913907464782827,0,0.7373566807605352,139,0.30935251798561153,0.3009171537099802,0.8240053965059109,2
37,1013,Experience 1013,Sports,0.8486275995976889,0.743877614526904,0.1274827038621261,0.2359972626205526,20,Social,Creative,0.4074692588140211,0.1427090022392872,22,0.0,0.0,0.0333333333333333,0.720013445048105,0,0.8822741625312189,116,0.3017241379310345,0.29298402529328565,0.46445931373337784,3
37,1024,Experience 1024,Sports,0.7120515552427965,0.5535760301547662,0.4935230317114728,0.4609313910731102,39,Social,Creative,0.4074692588140211,0.1427090022392872,22,0.0,0.0,0.2833333333333333,0.9139462271025482,0,0.7439078615742718,138,0.2608695652173913,0.25851789518915724,0.4386421504265,4
37,1099,Experience 1099,Adventure,0.8332801744008336,0.4077151465805127,0.8307594812615263,0.7545731382181347,49,Social,Creative,0.4074692588140211,0.1427090022392872,22,0.0,0.0,0.45,0.5767097775524948,1,0.8401033245495677,119,0.2605042016806723,0.25788365064666796,0.3622400948642801,5
38,1059,Experience 1059,Social,0.7489549716721217,0.4911530499138364,0.6826986067555766,0.9132851837019758,49,Action,Strategy,0.6277124364182798,0.8343067224928379,51,0.0,0.0,0.0333333333333333,0.9450138296627032,0,0.829014255802693,105,0.34285714285714286,0.32676661951909475,0.5774506997253264,1
38,1109,Experience 1109,Social,0.5415451963988065,0.6320276759129257,0.4602651355822746,0.2660308726216652,48,Action,Strategy,0.6277124364182798,0.8343067224928379,51,0.0,0.0,0.05,0.8325526991639949,0,0.7123209474915189,125,0.312,0.30238501682680585,0.5127135932589939,2
38,1001,Experience 1001,Sports,0.6452560499996463,0.8044840559110404,0.5776422262968883,0.3608105614175153,41,Action,Strategy,0.6277124364182798,0.8343067224928379,51,0.0,0.0,0.1666666666666666,0.9499297898786084,0,0.8006412255257361,110,0.2545454545454545,0.25266021107605263,0.513958209895882,3
38,1078,Experience 1078,Simulation,0.9139745006021852,0.4875947260651535,0.1081242288365573,0.0386443098268846,51,Action,Strategy,0.6277124364182798,0.8343067224928379,51,0.0,0.0,0.0,0.4804117924182776,1,0.8969566756077662,97,0.23711340206185566,0.23799852512723801,0.4500113168850893,4
38,1065,Experience 1065,Creative,0.7619316682455927,0.3645751585148475,0.2630179910479239,0.9645188861392016,47,Action,Strategy,0.6277124364182798,0.8343067224928379,51,0.0,0.0,0.0666666666666666,0.6353055546296442,0,0.7394544447674267,114,0.22807017543859648,0.23019274208870782,0.42849220320582365,5
39,1043,Experience 1043,Creative,0.8838983032607785,0.7641225701636372,0.5942808569171103,0.6062993981927156,47,Strategy,Adventure,0.7730279382606403,0.6115192521557034,37,0.0,0.0,0.1666666666666666,0.82125291865647,0,0.903271662397866,110,0.35454545454545455,0.3372755956914373,0.4797290337226971,1
39,1088,Experience 1088,Sports,0.931739259022481,0.4207879774878386,0.5549692853271866,0.4100487869149942,11,Strategy,Adventure,0.7730279382606403,0.6115192521557034,37,0.0,0.0,0.4333333333333333,0.7819413470665463,0,0.9588404836328027,113,0.3008849557522124,0.292073890525465,0.4436748677893138,2
39,1046,Experience 1046,Puzzle,0.9358581895296346,0.2937905951089806,0.3646871905132503,0.5570017818814502,30,Strategy,Adventure,0.7730279382606403,0.6115192521557034,37,0.0,0.0,0.1166666666666666,0.5916592522526101,0,0.8995411303284154,124,0.2661290322580645,0.26281824611032534,0.4189205084481903,3
39,1005,Experience 1005,Sports,0.725440926488475,0.5102685875213342,0.2459903544501388,0.2409271164143122,19,Strategy,Adventure,0.7730279382606403,0.6115192521557034,37,0.0,0.0,0.3,0.4729624161894985,0,0.7014338726300222,114,0.2543859649122807,0.25258080179020037,0.3531278073537143,4
39,1028,Experience 1028,Simulation,0.7474374024719366,0.7598079156453001,0.9057260947827066,0.4943145335346177,16,Strategy,Adventure,0.7730279382606403,0.6115192521557034,37,0.0,0.0,0.35,0.8673018434779337,0,0.9976368793712914,122,0.22950819672131148,0.23130864394286513,0.4298054862817449,5
40,1059,Experience 1059,Social,0.7489549716721217,0.4911530499138364,0.6826986067555766,0.9132851837019758,49,Puzzle,Social,0.597754004415354,0.2415083088896581,26,0.0,1.0,0.3833333333333333,0.9150553976597774,0,0.7094771068313357,105,0.34285714285714286,0.32676661951909475,0.6763770828632631,1
40,1002,Experience 1002,Social,0.5654662227449457,0.1419781043952984,0.4876512775379703,0.1763555764178013,30,Puzzle,Social,0.597754004415354,0.2415083088896581,26,0.0,1.0,0.0666666666666666,0.8898972731226164,0,0.8567384678708972,125,0.312,0.30238501682680585,0.6332367980349262,2
40,1119,Experience 1119,Action,0.8086136050725224,0.7572883677081093,0.5086964614589882,0.1619415702496311,9,Puzzle,Social,0.597754004415354,0.2415083088896581,26,0.0,0.0,0.2833333333333333,0.9109424570436342,0,0.8715006359569746,115,0.30434782608695654,0.29515427733249516,0.4837120624785442,3
40,1013,Experience 1013,Sports,0.8486275995976889,0.743877614526904,0.1274827038621261,0.2359972626205526,20,Puzzle,Social,0.597754004415354,0.2415083088896581,26,0.0,0.0,0.1,0.5297286994467721,0,0.9336568122870299,116,0.3017241379310345,0.29298402529328565,0.4504067242502468,4
40,1069,Experience 1069,Puzzle,0.8068156107352968,0.6551858372056814,0.8842124935251735,0.2530347499296835,35,Puzzle,Social,0.597754004415354,0.2415083088896581,26,1.0,0.0,0.15,0.7135415108901805,0,0.7981095209003054,121,0.2892561983471074,0.2825945208502613,0.8187572521001983,5
41,1111,Experience 1111,Sports,0.9428982678236224,0.8155250577848677,0.575778764164542,0.2547283501174674,25,Creative,Adventure,0.9357901090549008,0.7959058576563091,18,0.0,0.0,0.1166666666666666,0.6399886551096413,0,0.8404085905149917,139,0.3237410071942446,0.31349577006218143,0.4980694865459025,1
41,1000,Experience 1000,Action,0.9096695293967186,0.6516437731703687,0.6290364009047581,0.2407530712142694,49,Creative,Adventure,0.9357901090549008,0.7959058576563091,18,0.0,0.0,0.5166666666666667,0.6932462918498574,0,0.7051664139386948,124,0.3225806451612903,0.31142935722143644,0.43297510392725236,2
41,1009,Experience 1009,Action,0.7987178764315418,0.3460501829476273,0.2238314684756084,0.130890330850495,53,Creative,Adventure,0.9357901090549008,0.7959058576563091,18,0.0,0.0,0.5833333333333334,0.2880413594207078,0,0.92927078396196,104,0.28846153846153844,0.28101473741844224,0.3003930001671767,3
41,1044,Experience 1044,Action,0.8578996664042653,0.7405382156713768,0.540545681694017,0.9388053542070384,40,Creative,Adventure,0.9357901090549008,0.7959058576563091,18,0.0,0.0,0.3666666666666666,0.6047555726391163,0,0.7846605079291687,112,0.2857142857142857,0.27913505636277913,0.4141908776450417,4
41,1115,Experience 1115,Simulation,0.626658707429628,0.7075065986188209,0.5404405149990236,0.2246894745458737,42,Creative,Adventure,0.9357901090549008,0.7959058576563091,18,0.0,0.0,0.4,0.6046504059441229,1,0.9449478296129168,112,0.2767857142857143,0.27155929878702156,0.34957999520527544,5
42,1053,Experience 1053,Puzzle,0.7426572934279929,0.7514869168546299,0.2904976508730454,0.8341208920021081,34,Simulation,Strategy,0.7567576198575581,0.4726161324403463,17,0.0,0.0,0.2833333333333333,0.5337400310154874,1,0.825546762487794,102,0.3431372549019608,0.3266051429498922,0.34918634769997303,1
42,1058,Experience 1058,Social,0.5666390936836835,0.5294440043668863,0.4156619036213059,0.2647117106195373,52,Simulation,Strategy,0.7567576198575581,0.4726161324403463,17,0.0,0.0,0.5833333333333334,0.6589042837637478,0,0.797039743474302,100,0.32,0.30704856199905706,0.3522961693804349,2
42,1037,Experience 1037,Sports,0.7994490651436071,0.7023148063737304,0.3263399911584964,0.9948242136208678,35,Simulation,Strategy,0.7567576198575581,0.4726161324403463,17,0.0,0.0,0.3,0.5695823713009384,0,0.936196850800222,120,0.30833333333333335,0.29889876742776317,0.3733894981333902,3
42,1078,Experience 1078,Simulation,0.9139745006021852,0.4875947260651535,0.1081242288365573,0.0386443098268846,51,Simulation,Strategy,0.7567576198575581,0.4726161324403463,17,1.0,0.0,0.5666666666666667,0.3513666089789993,0,0.9600571054325925,97,0.23711340206185566,0.23799852512723801,0.6792244391114131,4
42,1055,Experience 1055,Action,0.9121309206982589,0.3826203354113438,0.2499073592941251,0.1919211614110854,38,Simulation,Strategy,0.7567576198575581,0.4726161324403463,17,0.0,0.0,0.35,0.4931497394365671,0,0.8965537543875589,114,0.23684210526315788,0.237655428655872,0.34887609858129065,5
43,1084,Experience 1084,Social,0.6722561348379004,0.2863456816441453,0.5362524927433157,0.7470758006298863,26,Puzzle,Action,0.8102442261486626,0.9404811930268412,45,0.0,0.0,0.3166666666666666,0.726008266594653,0,0.7683914924158858,111,0.35135135135135137,0.3347009728235637,0.4413793767305371,1
43,1069,Experience 1069,Puzzle,0.8068156107352968,0.6551858372056814,0.8842124935251735,0.2530347499296835,35,Puzzle,Action,0.8102442261486626,0.9404811930268412,45,1.0,0.0,0.1666666666666666,0.9260317326234891,1,0.7749398402200407,121,0.2892561983471074,0.2825945208502613,0.8383475605522464,2
43,1098,Experience 1098,Social,0.534058177188557,0.4459803600128759,0.2707495249900757,0.7298152463028666,35,Puzzle,Action,0.8102442261486626,0.9404811930268412,45,0.0,0.0,0.1666666666666666,0.4605052988414131,0,0.7718006588303447,130,0.26153846153846155,0.25897218293257895,0.38103644015185123,3
43,1114,Experience 1114,Simulation,0.9094073794904848,0.2867325336723821,0.0751050358773748,0.4020477981570693,23,Puzzle,Action,0.8102442261486626,0.9404811930268412,45,0.0,0.0,0.3666666666666666,0.2648608097287122,1,0.7131744752282277,138,0.2318840579710145,0.23320143949295472,0.3281964630398942,4
43,1075,Experience 1075,Puzzle,0.7701763699744956,0.5714931074517187,0.7080993700732455,0.0043057756676786,58,Puzzle,Action,0.8102442261486626,0.9404811930268412,45,1.0,0.0,0.2166666666666666,0.8978551439245829,0,0.8539591689957613,114,0.22807017543859648,0.23019274208870782,0.8240474749214164,5
44,1100,Experience 1100,Sports,0.8539423752816214,0.5771516782683807,0.6603015579098336,0.097787997445443,39,Adventure,Action,0.2973105911172372,0.2727967513792886,40,0.0,0.0,0.0166666666666666,0.6370090332074037,1,0.8546105179856084,107,0.3177570093457944,0.3058726570069831,0.46623218080623846,1
44,1002,Experience 1002,Social,0.5654662227449457,0.1419781043952984,0.4876512775379703,0.1763555764178013,30,Adventure,Action,0.2973105911172372,0.2727967513792886,40,0.0,0.0,0.1666666666666666,0.8096593135792669,0,0.7768229741161246,125,0.312,0.30238501682680585,0.41425768594880447,2
44,1037,Experience 1037,Sports,0.7994490651436071,0.7023148063737304,0.3263399911584964,0.9948242136208678,35,Adventure,Action,0.2973105911172372,0.2727967513792886,40,0.0,0.0,0.0833333333333333,0.9709705999587408,0,0.9189641283266887,120,0.30833333333333335,0.29889876742776317,0.48986963836393993,3
44,1060,Experience 1060,Strategy,0.8620933017122632,0.1051567799118504,0.3772606570904063,0.1400554046894906,58,Adventure,Action,0.2973105911172372,0.2727967513792886,40,0.0,0.0,0.3,0.9200499340268308,1,0.8252346502460073,102,0.27450980392156865,0.2692280937695643,0.40329592827572847,4
44,1050,Experience 1050,Sports,0.6444432625143321,0.2032573812502654,0.7840857883345029,0.0579453445381299,24,Adventure,Action,0.2973105911172372,0.2727967513792886,40,0.0,0.0,0.2666666666666666,0.5132248027827342,0,0.8162256383327811,107,0.27102803738317754,0.2665025782668255,0.3436108321691605,5
45,1043,Experience 1043,Creative,0.8838983032607785,0.7641225701636372,0.5942808569171103,0.6062993981927156,47,Puzzle,Simulation,0.6293647508010741,0.4403592702984529,22,0.0,0.0,0.4166666666666667,0.9649161061160362,1,0.7459939677236993,110,0.35454545454545455,0.3372755956914373,0.4571497942250788,1
45,1058,Experience 1058,Social,0.5666390936836835,0.5294440043668863,0.4156619036213059,0.2647117106195373,52,Puzzle,Simulation,0.6293647508010741,0.4403592702984529,22,0.0,0.0,0.5,0.7862971528202318,0,0.7014341066090137,100,0.32,0.30704856199905706,0.386006690214459,2
45,1107,Experience 1107,Social,0.7428970964662264,0.8045676070342606,0.8160785123357384,0.9076048913904824,23,Puzzle,Simulation,0.6293647508010741,0.4403592702984529,22,0.0,0.0,0.0166666666666666,0.8132862384653358,0,0.8581703560420443,139,0.30935251798561153,0.3009171537099802,0.5083556071384375,3
45,1013,Experience 1013,Sports,0.8486275995976889,0.743877614526904,0.1274827038621261,0.2359972626205526,20,Puzzle,Simulation,0.6293647508010741,0.4403592702984529,22,0.0,0.0,0.0333333333333333,0.498117953061052,0,0.8978690811518006,116,0.3017241379310345,0.29298402529328565,0.40567927071793014,4
45,1008,Experience 1008,Adventure,0.8415828324170402,0.3364498304651394,0.599089106012921,0.2728043301458357,40,Puzzle,Simulation,0.6293647508010741,0.4403592702984529,22,0.0,0.0,0.3,0.9697243552118467,0,0.7171906639404004,117,0.27350427350427353,0.2689476455466193,0.4149982984692849,5
46,1025,Experience 1025,Social,0.838744739121835,0.7279884901895025,0.5876677647056102,0.0811540004238993,14,Action,Puzzle,0.5404026176689226,0.2374339502468092,40,0.0,0.0,0.4333333333333333,0.9527348529633124,0,0.8086461906671197,120,0.31666666666666665,0.30604162457062034,0.5600515297811497,1
46,1109,Experience 1109,Social,0.5415451963988065,0.6320276759129257,0.4602651355822746,0.2660308726216652,48,Action,Puzzle,0.5404026176689226,0.2374339502468092,40,0.0,0.0,0.1333333333333333,0.919862517913352,0,0.8346904526380567,125,0.312,0.30238501682680585,0.5027180960491666,2
46,1070,Experience 1070,Sports,0.9021629239090754,0.4240213755135868,0.7602726894428304,0.7757910864370905,50,Action,Puzzle,0.5404026176689226,0.2374339502468092,40,0.0,0.0,0.1666666666666666,0.7801299282260922,1,0.8288403460408278,111,0.2882882882882883,0.28126585831974693,0.50813736179435,3
46,1008,Experience 1008,Adventure,0.8415828324170402,0.3364498304651394,0.599089106012921,0.2728043301458357,40,Action,Puzzle,0.5404026176689226,0.2374339502468092,40,0.0,0.0,0.0,0.9413135116560016,0,0.9145634533139348,117,0.27350427350427353,0.2689476455466193,0.4949607852523221,4
46,1011,Experience 1011,Strategy,0.8438936347604792,0.3089791482471649,0.5527453913687409,0.302964628837302,52,Action,Puzzle,0.5404026176689226,0.2374339502468092,40,0.0,0.0,0.2,0.9876572263001816,0,0.9511283902737363,123,0.2682926829268293,0.26465613594326465,0.47277342216577256,5
47,1053,Experience 1053,Puzzle,0.7426572934279929,0.7514869168546299,0.2904976508730454,0.8341208920021081,34,Strategy,Action,0.6814154386427741,0.437437033722563,46,0.0,0.0,0.2,0.6090822122302714,0,0.7631794108700214,102,0.3431372549019608,0.3266051429498922,0.39529619247047654,1
47,1088,Experience 1088,Sports,0.931739259022481,0.4207879774878386,0.5549692853271866,0.4100487869149942,11,Strategy,Action,0.6814154386427741,0.437437033722563,46,0.0,0.0,0.5833333333333334,0.8735538466844125,0,0.8168405780399042,113,0.3008849557522124,0.292073890525465,0.44470072541445493,2
47,1050,Experience 1050,Sports,0.6444432625143321,0.2032573812502654,0.7840857883345029,0.0579453445381299,24,Strategy,Action,0.6814154386427741,0.437437033722563,46,0.0,0.0,0.3666666666666666,0.8973296503082712,0,0.84657670279581,107,0.27102803738317754,0.2665025782668255,0.3984070040746792,3
47,1073,Experience 1073,Adventure,0.687693407311507,0.5642695337399875,0.7523432280065728,0.8351257910807337,50,Strategy,Action,0.6814154386427741,0.437437033722563,46,0.0,0.0,0.0666666666666666,0.9290722106362012,0,0.7699379314177612,132,0.26515151515151514,0.26214360157820293,0.4341652850315424,4
47,1039,Experience 1039,Social,0.8194814495513689,0.2752805682140255,0.2419454802582048,0.889899007072331,47,Strategy,Action,0.6814154386427741,0.437437033722563,46,0.0,0.0,0.0166666666666666,0.5605300416154307,0,0.7402151772438236,110,0.2636363636363636,0.2603525187683603,0.4479838629795766,5
48,1000,Experience 1000,Action,0.9096695293967186,0.6516437731703687,0.6290364009047581,0.2407530712142694,49,Adventure,Strategy,0.909861403342714,0.3681088340319913,23,0.0,0.0,0.4333333333333333,0.719174997562044,1,0.9671698841856592,124,0.3225806451612903,0.31142935722143644,0.4228113733047783,1
48,1058,Experience 1058,Social,0.5666390936836835,0.5294440043668863,0.4156619036213059,0.2647117106195373,52,Adventure,Strategy,0.909861403342714,0.3681088340319913,23,0.0,0.0,0.4833333333333333,0.5058005002785917,0,0.9086878830759891,100,0.32,0.30704856199905706,0.34711235718409233,2
48,1110,Experience 1110,Creative,0.8487034770737338,0.6513439158584452,0.7080979103356375,0.2741343936886083,18,Adventure,Strategy,0.909861403342714,0.3681088340319913,23,0.0,0.0,0.0833333333333333,0.7982365069929234,0,0.916305525341219,109,0.28440366972477066,0.2778746313169523,0.4534691479051374,3
48,1064,Experience 1064,Puzzle,0.6204758892789963,0.4435351922580418,0.6632419642315316,0.276207363456566,49,Adventure,Strategy,0.909861403342714,0.3681088340319913,23,0.0,0.0,0.4333333333333333,0.7533805608888174,0,0.9754166681942342,94,0.2765957446808511,0.27057743368321796,0.3515857866403581,4
48,1073,Experience 1073,Adventure,0.687693407311507,0.5642695337399875,0.7523432280065728,0.8351257910807337,50,Adventure,Strategy,0.909861403342714,0.3681088340319913,23,1.0,0.0,0.45,0.8424818246638587,0,0.9523393969357797,132,0.26515151515151514,0.26214360157820293,0.7369049155188776,5
49,1025,Experience 1025,Social,0.838744739121835,0.7279884901895025,0.5876677647056102,0.0811540004238993,14,Creative,Action,0.3669830140011828,0.4411491411660861,40,0.0,0.0,0.4333333333333333,0.7793152492955726,0,0.7974324545733551,120,0.31666666666666665,0.30604162457062034,0.5111894728685874,1
49,1107,Experience 1107,Social,0.7428970964662264,0.8045676070342606,0.8160785123357384,0.9076048913904824,23,Creative,Action,0.3669830140011828,0.4411491411660861,40,0.0,0.0,0.2833333333333333,0.5509045016654444,0,0.7667116376944849,139,0.30935251798561153,0.3009171537099802,0.46962750475679493,2
49,1088,Experience 1088,Sports,0.931739259022481,0.4207879774878386,0.5549692853271866,0.4100487869149942,11,Creative,Action,0.3669830140011828,0.4411491411660861,40,0.0,0.0,0.4833333333333333,0.8120137286739961,1,0.8395358154635639,113,0.3008849557522124,0.292073890525465,0.457521368375147,3
49,1073,Experience 1073,Adventure,0.687693407311507,0.5642695337399875,0.7523432280065728,0.8351257910807337,50,Creative,Action,0.3669830140011828,0.4411491411660861,40,0.0,0.0,0.1666666666666666,0.61463978599461,1,0.8803558809796149,132,0.26515151515151514,0.26214360157820293,0.383256173889063,4
49,1017,Experience 1017,Adventure,0.8986224157650411,0.4138920991005588,0.5580723954683906,0.6429984233408326,53,Creative,Action,0.3669830140011828,0.4411491411660861,40,0.0,0.0,0.2166666666666666,0.8089106185327921,0,0.7560583742508271,125,0.256,0.25410915475784035,0.44773292945726334,5
50,1058,Experience 1058,Social,0.5666390936836835,0.5294440043668863,0.4156619036213059,0.2647117106195373,52,Puzzle,Adventure,0.5442977036889903,0.795326137919222,41,0.0,0.0,0.1833333333333333,0.8713641999323156,0,0.9407958892959789,100,0.32,0.30704856199905706,0.46979173573542304,1
50,1014,Experience 1014,Social,0.7084360738896248,0.6919622480914536,0.5066406143622445,0.7631554898199004,35,Puzzle,Adventure,0.5442977036889903,0.795326137919222,41,0.0,0.0,0.1,0.9623429106732542,0,0.9451766022536694,117,0.29914529914529914,0.29084545576559745,0.5377234508989992,2
50,1050,Experience 1050,Sports,0.6444432625143321,0.2032573812502654,0.7840857883345029,0.0579453445381299,24,Puzzle,Adventure,0.5442977036889903,0.795326137919222,41,0.0,0.0,0.2833333333333333,0.7602119153544874,0,0.7608210474645198,107,0.27102803738317754,0.2665025782668255,0.3980972723997767,3
50,1108,Experience 1108,Puzzle,0.8425576923542274,0.4822507608830354,0.666849920378606,0.8027206052883656,21,Puzzle,Adventure,0.5442977036889903,0.795326137919222,41,1.0,0.0,0.3333333333333333,0.8774477833103843,0,0.7854688675880431,92,0.2717391304347826,0.2664806021418468,0.8055183659241547,4
50,1068,Experience 1068,Action,0.698456042052288,0.2594560290757449,0.3550613668330224,0.4325155932423661,21,Puzzle,Adventure,0.5442977036889903,0.795326137919222,41,0.0,0.0,0.3333333333333333,0.810763663144032,1,0.7510926443191291,111,0.24324324324324326,0.2430979193884492,0.3805340717072702,5
51,1044,Experience 1044,Action,0.8578996664042653,0.7405382156713768,0.540545681694017,0.9388053542070384,40,Puzzle,Sports,0.3220725187035839,0.6623332968058295,29,0.0,0.0,0.1833333333333333,0.7815268370095669,0,0.758326313793685,112,0.2857142857142857,0.27913505636277913,0.49901162396872656,1
51,1106,Experience 1106,Sports,0.8146785788760947,0.3647619692710552,0.6750256601127794,0.7960604476258709,49,Puzzle,Sports,0.3220725187035839,0.6623332968058295,29,0.0,1.0,0.3333333333333333,0.6470468585908045,0,0.8310186481273398,128,0.28125,0.275985320539776,0.6168392876914194,2
51,1033,Experience 1033,Simulation,0.8859147305780027,0.259942782541492,0.2648265360525452,0.1086571032622624,31,Puzzle,Sports,0.3220725187035839,0.6623332968058295,29,0.0,0.0,0.0333333333333333,0.9427540173489614,0,0.7671851945799849,120,0.275,0.27032733885633464,0.49850308788134373,3
51,1098,Experience 1098,Social,0.534058177188557,0.4459803600128759,0.2707495249900757,0.7298152463028666,35,Puzzle,Sports,0.3220725187035839,0.6623332968058295,29,0.0,0.0,0.1,0.948677006286492,0,0.744471905227674,130,0.26153846153846155,0.25897218293257895,0.4905345451878549,4
51,1096,Experience 1096,Adventure,0.7903170826018652,0.4751627362769494,0.5362341337297925,0.9233469677258124,13,Puzzle,Sports,0.3220725187035839,0.6623332968058295,29,0.0,0.0,0.2666666666666666,0.7858383849737914,0,0.7796933348052354,123,0.25203252032520324,0.25067012195725064,0.43281648844151505,5
52,1061,Experience 1061,Social,0.9515114053456256,0.4883887845440612,0.3838014404080356,0.6777086144544695,56,Simulation,Social,0.2413814556273404,0.6767977685338706,31,0.0,1.0,0.4166666666666667,0.8575800152193049,0,0.999853335169007,113,0.3274336283185841,0.3146302815029086,0.7174344028569709,1
52,1092,Experience 1092,Sports,0.8280410369904486,0.5343815491606264,0.7426691928850321,0.6904019545155015,39,Simulation,Social,0.2413814556273404,0.6767977685338706,31,0.0,0.0,0.1333333333333333,0.4987122627423084,0,0.866065894386446,128,0.2421875,0.2422015367559922,0.46113389047819925,2
52,1048,Experience 1048,Social,0.2304789954244207,0.8328371585656826,0.2699649703256335,0.1697999737727075,60,Simulation,Social,0.2413814556273404,0.6767977685338706,31,0.0,1.0,0.4833333333333333,0.971416485301707,0,0.8597528959323222,119,0.20168067226890757,0.20752393841645214,0.5893883991192211,3
52,1093,Experience 1093,Puzzle,0.5054580561223759,0.3724006037822283,0.1444497473739812,0.982987171535907,29,Simulation,Social,0.2413814556273404,0.6767977685338706,31,0.0,0.0,0.0333333333333333,0.9030682917466408,0,0.7202746791988868,113,0.1415929203539823,0.15673554466080336,0.4094554425035893,4
53,1059,Experience 1059,Social,0.7489549716721217,0.4911530499138364,0.6826986067555766,0.9132851837019758,49,Creative,Simulation,0.6273058982796391,0.5692009746773848,21,0.0,0.0,0.4666666666666667,0.9446072915240624,0,0.9725749164735455,105,0.34285714285714286,0.32676661951909475,0.4782418412572734,1
53,1070,Experience 1070,Sports,0.9021629239090754,0.4240213755135868,0.7602726894428304,0.7757910864370905,50,Creative,Simulation,0.6273058982796391,0.5692009746773848,21,0.0,0.0,0.4833333333333333,0.8670332088368087,0,0.9734389666234277,111,0.2882882882882883,0.28126585831974693,0.4527227714616648,2
53,1008,Experience 1008,Adventure,0.8415828324170402,0.3364498304651394,0.599089106012921,0.2728043301458357,40,Creative,Simulation,0.6273058982796391,0.5692009746773848,21,0.0,0.0,0.3166666666666666,0.971783207733282,1,0.7724284355539758,117,0.27350427350427353,0.2689476455466193,0.42991989560633653,3
53,1006,Experience 1006,Action,0.8770181756508404,0.5275353377269014,0.8047332447846338,0.7517807092307816,28,Creative,Simulation,0.6273058982796391,0.5692009746773848,21,0.0,0.0,0.1166666666666666,0.8225726534950053,0,0.8854029755692663,103,0.27184466019417475,0.26703924747875485,0.46387597224141297,4
53,1108,Experience 1108,Puzzle,0.8425576923542274,0.4822507608830354,0.666849920378606,0.8027206052883656,21,Creative,Simulation,0.6273058982796391,0.5692009746773848,21,0.0,0.0,0.0,0.9604559779010332,1,0.8487783460146341,92,0.2717391304347826,0.2664806021418468,0.4883933108958113,5
54,1061,Experience 1061,Social,0.9515114053456256,0.4883887845440612,0.3838014404080356,0.6777086144544695,56,Action,Puzzle,0.7077671821061907,0.6632711021211132,34,0.0,0.0,0.3666666666666666,0.6760342583018448,1,0.7649422439310091,113,0.3274336283185841,0.3146302815029086,0.5384909011656641,1
54,1023,Experience 1023,Strategy,0.934275144868182,0.4241492862896971,0.2179097364670654,0.7914514878076223,48,Action,Puzzle,0.7077671821061907,0.6632711021211132,34,0.0,0.0,0.2333333333333333,0.5101425543608747,0,0.9054250336132815,110,0.2818181818181818,0.2757371341529757,0.4142722995357481,2
54,1068,Experience 1068,Action,0.698456042052288,0.2594560290757449,0.3550613668330224,0.4325155932423661,21,Action,Puzzle,0.7077671821061907,0.6632711021211132,34,1.0,0.0,0.2166666666666666,0.6472941847268316,0,0.8061684515194667,111,0.24324324324324326,0.2430979193884492,0.7614393256322807,3
54,1027,Experience 1027,Sports,0.8258355726034926,0.7779980359761599,0.5071112833110228,0.4772006332829246,49,Action,Puzzle,0.7077671821061907,0.6632711021211132,34,0.0,0.0,0.25,0.7993441012048321,1,0.8972270939825352,111,0.23423423423423423,0.23546433160218966,0.5193988239425527,4
54,1103,Experience 1103,Action,0.6677544964493587,0.4461723957193605,0.794276194278496,0.1853752728024856,59,Action,Puzzle,0.7077671821061907,0.6632711021211132,34,1.0,0.0,0.4166666666666667,0.9134909878276948,0,0.8331836692651562,121,0.23140495867768596,0.23294913077933935,0.802110596088798,5
55,1025,Experience 1025,Social,0.838744739121835,0.7279884901895025,0.5876677647056102,0.0811540004238993,14,Strategy,Social,0.7802008290149133,0.798104274492853,31,0.0,1.0,0.2833333333333333,0.8074669356906969,0,0.8492183426169155,120,0.31666666666666665,0.30604162457062034,0.7255052050261791,1
55,1119,Experience 1119,Action,0.8086136050725224,0.7572883677081093,0.5086964614589882,0.1619415702496311,9,Strategy,Social,0.7802008290149133,0.798104274492853,31,0.0,0.0,0.3666666666666666,0.7284956324440749,1,0.7178609803644321,115,0.30434782608695654,0.29515427733249516,0.47023605517274353,2
55,1013,Experience 1013,Sports,0.8486275995976889,0.743877614526904,0.1274827038621261,0.2359972626205526,20,Strategy,Social,0.7802008290149133,0.798104274492853,31,0.0,0.0,0.1833333333333333,0.3472818748472128,0,0.7704777295149614,116,0.3017241379310345,0.29298402529328565,0.4370730818110907,3
55,1088,Experience 1088,Sports,0.931739259022481,0.4207879774878386,0.5549692853271866,0.4100487869149942,11,Strategy,Social,0.7802008290149133,0.798104274492853,31,0.0,0.0,0.3333333333333333,0.7747684563122733,0,0.7202998707598601,113,0.3008849557522124,0.292073890525465,0.5056714745502893,4
55,1090,Experience 1090,Puzzle,0.5586098880458512,0.4251872277402517,0.5338484342208252,0.861814417816014,19,Strategy,Social,0.7802008290149133,0.798104274492853,31,0.0,0.0,0.2,0.7536476052059119,0,0.9320619095313967,121,0.2727272727272727,0.26841012368714073,0.40679334174329507,5
56,1109,Experience 1109,Social,0.5415451963988065,0.6320276759129257,0.4602651355822746,0.2660308726216652,48,Strategy,Simulation,0.7895405489249249,0.2265666685071464,32,0.0,0.0,0.2666666666666666,0.6707245866573497,1,0.8765728293475318,125,0.312,0.30238501682680585,0.38401792863220796,1
56,1107,Experience 1107,Social,0.7428970964662264,0.8045676070342606,0.8160785123357384,0.9076048913904824,23,Strategy,Simulation,0.7895405489249249,0.2265666685071464,32,0.0,0.0,0.15,0.9734620365891864,0,0.864117941523754,139,0.30935251798561153,0.3009171537099802,0.5138353933262644,2
56,1106,Experience 1106,Sports,0.8146785788760947,0.3647619692710552,0.6750256601127794,0.7960604476258709,49,Strategy,Simulation,0.7895405489249249,0.2265666685071464,32,0.0,0.0,0.2833333333333333,0.8854851111878546,1,0.9093721696472039,128,0.28125,0.275985320539776,0.42157665241336933,3
56,1032,Experience 1032,Action,0.9183909657409184,0.1782087510115781,0.2798409650960937,0.836613041032693,59,Strategy,Simulation,0.7895405489249249,0.2265666685071464,32,0.0,0.0,0.45,0.4903004161711688,0,0.8382306837317117,120,0.275,0.27032733885633464,0.3215386674264128,4
56,1033,Experience 1033,Simulation,0.8859147305780027,0.259942782541492,0.2648265360525452,0.1086571032622624,31,Strategy,Simulation,0.7895405489249249,0.2265666685071464,32,0.0,1.0,0.0166666666666666,0.4752859871276204,0,0.9786086733540033,120,0.275,0.27032733885633464,0.5164539112991823,5
57,1084,Experience 1084,Social,0.6722561348379004,0.2863456816441453,0.5362524927433157,0.7470758006298863,26,Puzzle,Action,0.5115034064858688,0.6825397215372595,18,0.0,0.0,0.1333333333333333,0.9752509137425532,0,0.7002191619148803,111,0.35135135135135137,0.3347009728235637,0.4815574834696779,1
57,1061,Experience 1061,Social,0.9515114053456256,0.4883887845440612,0.3838014404080356,0.6777086144544695,56,Puzzle,Action,0.5115034064858688,0.6825397215372595,18,0.0,0.0,0.6333333333333333,0.8722980339221669,0,0.7063400584913662,113,0.3274336283185841,0.3146302815029086,0.498249529763594,2
57,1098,Experience 1098,Social,0.534058177188557,0.4459803600128759,0.2707495249900757,0.7298152463028666,35,Puzzle,Action,0.5115034064858688,0.6825397215372595,18,0.0,0.0,0.2833333333333333,0.759246118504207,0,0.9140331115261988,130,0.26153846153846155,0.25897218293257895,0.39771674921624417,3
57,1078,Experience 1078,Simulation,0.9139745006021852,0.4875947260651535,0.1081242288365573,0.0386443098268846,51,Puzzle,Action,0.5115034064858688,0.6825397215372595,18,0.0,0.0,0.55,0.5966208223506886,0,0.9472645696435292,97,0.23711340206185566,0.23799852512723801,0.3679214203906575,4
57,1027,Experience 1027,Sports,0.8258355726034926,0.7779980359761599,0.5071112833110228,0.4772006332829246,49,Puzzle,Action,0.5115034064858688,0.6825397215372595,18,0.0,0.0,0.5166666666666667,0.995607876825154,0,0.9876505708631113,111,0.23423423423423423,0.23546433160218966,0.4791030610483781,5
58,1053,Experience 1053,Puzzle,0.7426572934279929,0.7514869168546299,0.2904976508730454,0.8341208920021081,34,Adventure,Strategy,0.2697836608056365,0.5291450612270583,53,0.0,0.0,0.3166666666666666,0.9792860099325912,0,0.8025240854749854,102,0.3431372549019608,0.3266051429498922,0.4646355414070267,1
58,1039,Experience 1039,Social,0.8194814495513689,0.2752805682140255,0.2419454802582048,0.889899007072331,47,Adventure,Strategy,0.2697836608056365,0.5291450612270583,53,0.0,0.0,0.1,0.9721618194525684,0,0.8430692430847828,110,0.2636363636363636,0.2603525187683603,0.5294300378994474,2
58,1068,Experience 1068,Action,0.698456042052288,0.2594560290757449,0.3550613668330224,0.4325155932423661,21,Adventure,Strategy,0.2697836608056365,0.5291450612270583,53,0.0,0.0,0.5333333333333333,0.914722293972614,0,0.7440611203765939,111,0.24324324324324326,0.2430979193884492,0.3806003672780996,3
58,1092,Experience 1092,Sports,0.8280410369904486,0.5343815491606264,0.7426691928850321,0.6904019545155015,39,Adventure,Strategy,0.2697836608056365,0.5291450612270583,53,0.0,0.0,0.2333333333333333,0.5271144679206045,0,0.9853064019932913,128,0.2421875,0.2422015367559922,0.43062468447445906,4
58,1007,Experience 1007,Social,0.6113602755027672,0.3693255620200327,0.760432490906593,0.3138467721116466,56,Adventure,Strategy,0.2697836608056365,0.5291450612270583,53,0.0,0.0,0.05,0.5093511698990435,1,0.8327888978009353,112,0.24107142857142858,0.24125626848399126,0.436006939348294,5
59,1111,Experience 1111,Sports,0.9428982678236224,0.8155250577848677,0.575778764164542,0.2547283501174674,25,Social,Strategy,0.9554972786171704,0.2178739991815354,53,0.0,0.0,0.4666666666666667,0.6202814855473715,1,0.8702306637515206,139,0.3237410071942446,0.31349577006218143,0.4461742397269694,1
59,1052,Experience 1052,Creative,0.6879474895864814,0.8150878066775633,0.5427584275418881,0.4028796085076296,43,Social,Strategy,0.9554972786171704,0.2178739991815354,53,0.0,0.0,0.1666666666666666,0.5872611489247176,0,0.7955989097440761,129,0.3178294573643411,0.30769011704622046,0.38980526798390064,2
59,1014,Experience 1014,Social,0.7084360738896248,0.6919622480914536,0.5066406143622445,0.7631554898199004,35,Social,Strategy,0.9554972786171704,0.2178739991815354,53,1.0,0.0,0.3,0.551143335745074,0,0.8941320655249848,117,0.29914529914529914,0.29084545576559745,0.782818730392102,3
59,1074,Experience 1074,Social,0.7411737446379107,0.1336446501121093,0.5667526591354218,0.2130749343990023,32,Social,Strategy,0.9554972786171704,0.2178739991815354,53,1.0,0.0,0.35,0.6112553805182513,0,0.7947969504514691,149,0.2953020134228188,0.28902856473305827,0.7680789795547719,4
59,1024,Experience 1024,Sports,0.7120515552427965,0.5535760301547662,0.4935230317114728,0.4609313910731102,39,Social,Strategy,0.9554972786171704,0.2178739991815354,53,0.0,0.0,0.2333333333333333,0.5380257530943023,0,0.7755507536156605,138,0.2608695652173913,0.25851789518915724,0.3769492076789856,5
60,1037,Experience 1037,Sports,0.7994490651436071,0.7023148063737304,0.3263399911584964,0.9948242136208678,35,Social,Strategy,0.103245751826977,0.4777914314389868,47,0.0,0.0,0.2,0.7769057606684806,0,0.9214832254720905,120,0.30833333333333335,0.29889876742776317,0.46405028847830876,1
60,1060,Experience 1060,Strategy,0.8620933017122632,0.1051567799118504,0.3772606570904063,0.1400554046894906,58,Social,Strategy,0.103245751826977,0.4777914314389868,47,0.0,1.0,0.1833333333333333,0.7259850947365707,1,0.8964297600110586,102,0.27450980392156865,0.2692280937695643,0.5722811347549461,2
60,1078,Experience 1078,Simulation,0.9139745006021852,0.4875947260651535,0.1081242288365573,0.0386443098268846,51,Social,Strategy,0.103245751826977,0.4777914314389868,47,0.0,0.0,0.0666666666666666,0.9951215229904196,0,0.8116137144666249,97,0.23711340206185566,0.23799852512723801,0.5041247224199706,3
60,1072,Experience 1072,Puzzle,0.7449779069249327,0.3414623639761886,0.973475515285742,0.3783180142237856,25,Social,Strategy,0.103245751826977,0.4777914314389868,47,0.0,0.0,0.3666666666666666,0.1297702365412349,0,0.8446704795099818,119,0.21008403361344538,0.21471818302076867,0.31845244297248243,4
60,1038,Experience 1038,Creative,0.8025898263845425,0.4058560569474049,0.8087225901435202,0.8729120163870842,60,Social,Strategy,0.103245751826977,0.4777914314389868,47,0.0,0.0,0.2166666666666666,0.2945231616834568,0,0.8225403997505486,108,0.2037037037037037,0.209733026874116,0.3645586318324295,5
61,1000,Experience 1000,Action,0.9096695293967186,0.6516437731703687,0.6290364009047581,0.2407530712142694,49,Puzzle,Social,0.5199104695268489,0.7855205487620446,52,0.0,0.0,0.05,0.8908740686220908,0,0.9766160924039735,124,0.3225806451612903,0.31142935722143644,0.5764726218338594,1
61,1058,Experience 1058,Social,0.5666390936836835,0.5294440043668863,0.4156619036213059,0.2647117106195373,52,Puzzle,Social,0.5199104695268489,0.7855205487620446,52,0.0,1.0,0.0,0.895751434094457,0,0.7803605349537278,100,0.32,0.30704856199905706,0.7051415443123186,2
61,1119,Experience 1119,Action,0.8086136050725224,0.7572883677081093,0.5086964614589882,0.1619415702496311,9,Puzzle,Social,0.5199104695268489,0.7855205487620446,52,0.0,0.0,0.7166666666666667,0.9887859919321392,1,0.7893002077858998,115,0.30434782608695654,0.29515427733249516,0.49457856641599274,3
61,1115,Experience 1115,Simulation,0.626658707429628,0.7075065986188209,0.5404405149990236,0.2246894745458737,42,Puzzle,Social,0.5199104695268489,0.7855205487620446,52,0.0,0.0,0.1666666666666666,0.9794699545278254,0,0.7519188399610136,112,0.2767857142857143,0.27155929878702156,0.49592485444438983,4
61,1033,Experience 1033,Simulation,0.8859147305780027,0.259942782541492,0.2648265360525452,0.1086571032622624,31,Puzzle,Social,0.5199104695268489,0.7855205487620446,52,0.0,0.0,0.35,0.7449160665256963,0,0.7220229353080821,120,0.275,0.27032733885633464,0.4556476878359242,5
62,1067,Experience 1067,Creative,0.788764048918011,0.4580972487220676,0.5921026845821029,0.4299570499000478,43,Adventure,Social,0.1768601035997239,0.4846123737436148,48,0.0,0.0,0.0833333333333333,0.584757419017621,1,0.810492946410907,119,0.31092436974789917,0.30104911827256725,0.4598689474359104,1
62,1074,Experience 1074,Social,0.7411737446379107,0.1336446501121093,0.5667526591354218,0.2130749343990023,32,Adventure,Social,0.1768601035997239,0.4846123737436148,48,0.0,1.0,0.2666666666666666,0.6101074444643021,0,0.8183065613660562,149,0.2953020134228188,0.28902856473305827,0.6433417828775754,2
62,1070,Experience 1070,Sports,0.9021629239090754,0.4240213755135868,0.7602726894428304,0.7757910864370905,50,Adventure,Social,0.1768601035997239,0.4846123737436148,48,0.0,0.0,0.0333333333333333,0.4165874141568935,0,0.7813593498617736,111,0.2882882882882883,0.28126585831974693,0.48516691133564377,3
62,1050,Experience 1050,Sports,0.6444432625143321,0.2032573812502654,0.7840857883345029,0.0579453445381299,24,Adventure,Social,0.1768601035997239,0.4846123737436148,48,0.0,0.0,0.4,0.392774315265221,0,0.8636003468817516,107,0.27102803738317754,0.2665025782668255,0.3667028225223893,4
62,1036,Experience 1036,Sports,0.9655169972756756,0.2298411882545339,0.2550485289661252,0.8478368672236546,17,Adventure,Social,0.1768601035997239,0.4846123737436148,48,0.0,0.0,0.5166666666666667,0.9218115746335988,1,0.99166030411578,129,0.26356589147286824,0.2607102512744084,0.497521127432519,5
63,1000,Experience 1000,Action,0.9096695293967186,0.6516437731703687,0.6290364009047581,0.2407530712142694,49,Creative,Simulation,0.1368783055562749,0.2700577648689222,36,0.0,0.0,0.2166666666666666,0.5078419046515168,0,0.7689711375756151,124,0.3225806451612903,0.31142935722143644,0.42000761259857583,1
63,1106,Experience 1106,Sports,0.8146785788760947,0.3647619692710552,0.6750256601127794,0.7960604476258709,49,Creative,Simulation,0.1368783055562749,0.2700577648689222,36,0.0,0.0,0.2166666666666666,0.4618526454434954,0,0.7606217091921135,128,0.28125,0.275985320539776,0.38158387210789313,2
63,1032,Experience 1032,Action,0.9183909657409184,0.1782087510115781,0.2798409650960937,0.836613041032693,59,Creative,Simulation,0.1368783055562749,0.2700577648689222,36,0.0,0.0,0.3833333333333333,0.8570373404601812,1,0.8158400998666018,120,0.275,0.27032733885633464,0.41194539476732706,3
63,1090,Experience 1090,Puzzle,0.5586098880458512,0.4251872277402517,0.5338484342208252,0.861814417816014,19,Creative,Simulation,0.1368783055562749,0.2700577648689222,36,0.0,0.0,0.2833333333333333,0.6030298713354498,0,0.7494594418160753,121,0.2727272727272727,0.26841012368714073,0.32132012806017185,4
63,1005,Experience 1005,Sports,0.725440926488475,0.5102685875213342,0.2459903544501388,0.2409271164143122,19,Creative,Simulation,0.1368783055562749,0.2700577648689222,36,0.0,0.0,0.2833333333333333,0.8908879511061361,0,0.7625712972038702,114,0.2543859649122807,0.25258080179020037,0.4204577239474416,5
64,1084,Experience 1084,Social,0.6722561348379004,0.2863456816441453,0.5362524927433157,0.7470758006298863,26,Social,Sports,0.574976942315288,0.2803853181587182,50,1.0,0.0,0.4,0.9612755504280276,0,0.9587424615747229,111,0.35135135135135137,0.3347009728235637,0.8227621124280969,1
64,1110,Experience 1110,Creative,0.8487034770737338,0.6513439158584452,0.7080979103356375,0.2741343936886083,18,Social,Sports,0.574976942315288,0.2803853181587182,50,0.0,0.0,0.5333333333333333,0.8668790319796504,0,0.9975512789762037,109,0.28440366972477066,0.2778746313169523,0.47226670558426637,2
64,1032,Experience 1032,Action,0.9183909657409184,0.1782087510115781,0.2798409650960937,0.836613041032693,59,Social,Sports,0.574976942315288,0.2803853181587182,50,0.0,0.0,0.15,0.7048640227808057,0,0.9029657817663187,120,0.275,0.27032733885633464,0.45164446077673104,3
64,1099,Experience 1099,Adventure,0.8332801744008336,0.4077151465805127,0.8307594812615263,0.7545731382181347,49,Social,Sports,0.574976942315288,0.2803853181587182,50,0.0,0.0,0.0166666666666666,0.7442174610537616,1,0.7509415957938861,119,0.2605042016806723,0.25788365064666796,0.47309807201708526,4
64,1096,Experience 1096,Adventure,0.7903170826018652,0.4751627362769494,0.5362341337297925,0.9233469677258124,13,Social,Sports,0.574976942315288,0.2803853181587182,50,0.0,0.0,0.6166666666666667,0.9612571914145044,0,0.9810476775023467,123,0.25203252032520324,0.25067012195725064,0.4223827622530676,5
65,1059,Experience 1059,Social,0.7489549716721217,0.4911530499138364,0.6826986067555766,0.9132851837019758,49,Strategy,Creative,0.4673254637595925,0.644202484299072,16,0.0,0.0,0.55,0.7846268570040159,0,0.7608153595627076,105,0.34285714285714286,0.32676661951909475,0.45858444082365524,1
65,1102,Experience 1102,Sports,0.9402838286695968,0.4125021221616953,0.1907643304361418,0.200562471321554,40,Strategy,Creative,0.4673254637595925,0.644202484299072,16,0.0,0.0,0.4,0.7234388666765493,0,0.9002977298320082,117,0.3076923076923077,0.29814472583859014,0.4446337964770224,2
65,1064,Experience 1064,Puzzle,0.6204758892789963,0.4435351922580418,0.6632419642315316,0.276207363456566,49,Strategy,Creative,0.4673254637595925,0.644202484299072,16,0.0,0.0,0.55,0.8040834995280609,1,0.777950695796911,94,0.2765957446808511,0.27057743368321796,0.3745092338258581,3
65,1076,Experience 1076,Creative,0.7805257487778566,0.3562342599893083,0.7812983230640933,0.571167362055741,8,Strategy,Creative,0.4673254637595925,0.644202484299072,16,0.0,1.0,0.1333333333333333,0.6860271406954992,0,0.8654171485629162,124,0.23387096774193547,0.23504046833254755,0.5851518963809582,4
65,1034,Experience 1034,Strategy,0.5016628944231066,0.7184788322001798,0.7569144817322334,0.2251776661055454,11,Strategy,Creative,0.4673254637595925,0.644202484299072,16,1.0,0.0,0.0833333333333333,0.7104109820273591,0,0.7966273718677838,132,0.2196969696969697,0.22266991736767663,0.7361551776669353,5
66,1043,Experience 1043,Creative,0.8838983032607785,0.7641225701636372,0.5942808569171103,0.6062993981927156,47,Action,Puzzle,0.3162873511524109,0.4093541059288814,19,0.0,0.0,0.4666666666666667,0.7220064942353006,1,0.8112497502334761,110,0.35454545454545455,0.3372755956914373,0.4642537535004995,1
66,1069,Experience 1069,Puzzle,0.8068156107352968,0.6551858372056814,0.8842124935251735,0.2530347499296835,35,Action,Puzzle,0.3162873511524109,0.4093541059288814,19,0.0,1.0,0.2666666666666666,0.4320748576272375,1,0.7826457064908109,121,0.2892561983471074,0.2825945208502613,0.5979349023787707,2
66,1044,Experience 1044,Action,0.8578996664042653,0.7405382156713768,0.540545681694017,0.9388053542070384,40,Action,Puzzle,0.3162873511524109,0.4093541059288814,19,1.0,0.0,0.35,0.7757416694583941,0,0.9575653829978152,112,0.2857142857142857,0.27913505636277913,0.8126899887660902,3
66,1064,Experience 1064,Puzzle,0.6204758892789963,0.4435351922580418,0.6632419642315316,0.276207363456566,49,Action,Puzzle,0.3162873511524109,0.4093541059288814,19,0.0,1.0,0.5,0.6530453869208794,0,0.816871287354723,94,0.2765957446808511,0.27057743368321796,0.5436232781457739,4
66,1011,Experience 1011,Strategy,0.8438936347604792,0.3089791482471649,0.5527453913687409,0.302964628837302,52,Action,Puzzle,0.3162873511524109,0.4093541059288814,19,0.0,0.0,0.55,0.7635419597836701,0,0.7137293984881578,123,0.2682926829268293,0.26465613594326465,0.3988198601772084,5
67,1043,Experience 1043,Creative,0.8838983032607785,0.7641225701636372,0.5942808569171103,0.6062993981927156,47,Simulation,Social,0.9176869624417804,0.4772620541932371,16,0.0,0.0,0.5166666666666667,0.6765938944753298,0,0.7045760537236447,110,0.35454545454545455,0.3372755956914373,0.4327175810917512,1
67,1052,Experience 1052,Creative,0.6879474895864814,0.8150878066775633,0.5427584275418881,0.4028796085076296,43,Simulation,Social,0.9176869624417804,0.4772620541932371,16,0.0,0.0,0.45,0.6250714651001076,0,0.72390088479712,129,0.3178294573643411,0.30769011704622046,0.385668456682305,2
67,1037,Experience 1037,Sports,0.7994490651436071,0.7023148063737304,0.3263399911584964,0.9948242136208678,35,Simulation,Social,0.9176869624417804,0.4772620541932371,16,0.0,0.0,0.3166666666666666,0.4086530287167159,0,0.7550518928307828,120,0.30833333333333335,0.29889876742776317,0.3841853925295407,3
67,1023,Experience 1023,Strategy,0.934275144868182,0.4241492862896971,0.2179097364670654,0.7914514878076223,48,Simulation,Social,0.9176869624417804,0.4772620541932371,16,0.0,0.0,0.5333333333333333,0.3002227740252849,0,0.8582731565922732,110,0.2818181818181818,0.2757371341529757,0.3199204263933917,4
67,1033,Experience 1033,Simulation,0.8859147305780027,0.259942782541492,0.2648265360525452,0.1086571032622624,31,Simulation,Social,0.9176869624417804,0.4772620541932371,16,1.0,0.0,0.25,0.3471395736107647,0,0.7519796893838727,120,0.275,0.27032733885633464,0.7219444856541585,5
68,1111,Experience 1111,Sports,0.9428982678236224,0.8155250577848677,0.575778764164542,0.2547283501174674,25,Creative,Action,0.4828711119788113,0.0552349442885777,54,0.0,0.0,0.4833333333333333,0.9070923478142692,0,0.8374110963617335,139,0.3237410071942446,0.31349577006218143,0.4986134456073301,1
68,1002,Experience 1002,Social,0.5654662227449457,0.1419781043952984,0.4876512775379703,0.1763555764178013,30,Creative,Action,0.4828711119788113,0.0552349442885777,54,0.0,0.0,0.4,0.995219834440841,0,0.7261776195203868,125,0.312,0.30238501682680585,0.42303154841781077,2
68,1014,Experience 1014,Social,0.7084360738896248,0.6919622480914536,0.5066406143622445,0.7631554898199004,35,Creative,Action,0.4828711119788113,0.0552349442885777,54,0.0,0.0,0.3166666666666666,0.9762304976165668,0,0.7659601609439411,117,0.29914529914529914,0.29084545576559745,0.5016232576651547,3
68,1110,Experience 1110,Creative,0.8487034770737338,0.6513439158584452,0.7080979103356375,0.2741343936886083,18,Creative,Action,0.4828711119788113,0.0552349442885777,54,1.0,0.0,0.6,0.7747732016431738,0,0.7634039728547228,109,0.28440366972477066,0.2778746313169523,0.7731335780024203,4
68,1023,Experience 1023,Strategy,0.934275144868182,0.4241492862896971,0.2179097364670654,0.7914514878076223,48,Creative,Action,0.4828711119788113,0.0552349442885777,54,0.0,0.0,0.1,0.7350386244882542,0,0.9682515657998714,110,0.2818181818181818,0.2757371341529757,0.4195023782952306,5
69,1084,Experience 1084,Social,0.6722561348379004,0.2863456816441453,0.5362524927433157,0.7470758006298863,26,Creative,Puzzle,0.6624498205659797,0.7440097611302436,18,0.0,0.0,0.1333333333333333,0.873802672177336,0,0.9711861266586064,111,0.35135135135135137,0.3347009728235637,0.49234097762834217,1
69,1059,Experience 1059,Social,0.7489549716721217,0.4911530499138364,0.6826986067555766,0.9132851837019758,49,Creative,Puzzle,0.6624498205659797,0.7440097611302436,18,0.0,0.0,0.5166666666666667,0.9797512138104032,0,0.9717876132824013,105,0.34285714285714286,0.32676661951909475,0.514286085443213,2
69,1061,Experience 1061,Social,0.9515114053456256,0.4883887845440612,0.3838014404080356,0.6777086144544695,56,Creative,Puzzle,0.6624498205659797,0.7440097611302436,18,0.0,0.0,0.6333333333333333,0.721351619842056,0,0.9226717937563385,113,0.3274336283185841,0.3146302815029086,0.5003152206640408,3
69,1111,Experience 1111,Sports,0.9428982678236224,0.8155250577848677,0.575778764164542,0.2547283501174674,25,Creative,Puzzle,0.6624498205659797,0.7440097611302436,18,0.0,0.0,0.1166666666666666,0.9133289435985624,1,0.8786438186682413,139,0.3237410071942446,0.31349577006218143,0.5681319194008547,4
69,1070,Experience 1070,Sports,0.9021629239090754,0.4240213755135868,0.7602726894428304,0.7757910864370905,50,Creative,Puzzle,0.6624498205659797,0.7440097611302436,18,0.0,0.0,0.5333333333333333,0.9021771311231492,0,0.7671877667679879,111,0.2882882882882883,0.28126585831974693,0.4886449523268975,5
70,1058,Experience 1058,Social,0.5666390936836835,0.5294440043668863,0.4156619036213059,0.2647117106195373,52,Simulation,Puzzle,0.3665907355184226,0.2236191738690659,26,0.0,0.0,0.4333333333333333,0.9509288318971169,0,0.9518821058606269,100,0.32,0.30704856199905706,0.43209520336705826,1
70,1025,Experience 1025,Social,0.838744739121835,0.7279884901895025,0.5876677647056102,0.0811540004238993,14,Simulation,Puzzle,0.3665907355184226,0.2236191738690659,26,0.0,0.0,0.2,0.7789229708128125,0,0.7301111139244694,120,0.31666666666666665,0.30604162457062034,0.5117757791744514,2
70,1074,Experience 1074,Social,0.7411737446379107,0.1336446501121093,0.5667526591354218,0.2130749343990023,32,Simulation,Puzzle,0.3665907355184226,0.2236191738690659,26,0.0,0.0,0.1,0.7998380763830009,0,0.9703349122862504,149,0.2953020134228188,0.28902856473305827,0.4570080420589892,3
70,1005,Experience 1005,Sports,0.725440926488475,0.5102685875213342,0.2459903544501388,0.2409271164143122,19,Simulation,Puzzle,0.3665907355184226,0.2236191738690659,26,0.0,0.0,0.1166666666666666,0.8793996189317163,0,0.7751298503867922,114,0.2543859649122807,0.25258080179020037,0.43011632157119845,4
70,1096,Experience 1096,Adventure,0.7903170826018652,0.4751627362769494,0.5362341337297925,0.9233469677258124,13,Simulation,Puzzle,0.3665907355184226,0.2236191738690659,26,0.0,0.0,0.2166666666666666,0.8303566017886301,0,0.739930751211977,123,0.25203252032520324,0.25067012195725064,0.3941015721184249,5
71,1088,Experience 1088,Sports,0.931739259022481,0.4207879774878386,0.5549692853271866,0.4100487869149942,11,Action,Puzzle,0.3613367526729082,0.2272103883066419,20,0.0,0.0,0.15,0.8063674673457216,1,0.7734463576707232,113,0.3008849557522124,0.292073890525465,0.5017608051770964,1
71,1106,Experience 1106,Sports,0.8146785788760947,0.3647619692710552,0.6750256601127794,0.7960604476258709,49,Action,Puzzle,0.3613367526729082,0.2272103883066419,20,0.0,0.0,0.4833333333333333,0.6863110925601288,0,0.920419113187044,128,0.28125,0.275985320539776,0.41991912996605735,2
71,1008,Experience 1008,Adventure,0.8415828324170402,0.3364498304651394,0.599089106012921,0.2728043301458357,40,Action,Puzzle,0.3613367526729082,0.2272103883066419,20,0.0,0.0,0.3333333333333333,0.7622476466599872,0,0.8587453149222781,117,0.27350427350427353,0.2689476455466193,0.42055190856534513,3
71,1073,Experience 1073,Adventure,0.687693407311507,0.5642695337399875,0.7523432280065728,0.8351257910807337,50,Action,Puzzle,0.3613367526729082,0.2272103883066419,20,0.0,0.0,0.5,0.6089935246663354,0,0.8787971482216412,132,0.26515151515151514,0.26214360157820293,0.35904882097245516,4
71,1039,Experience 1039,Social,0.8194814495513689,0.2752805682140255,0.2419454802582048,0.889899007072331,47,Action,Puzzle,0.3613367526729082,0.2272103883066419,20,0.0,0.0,0.45,0.8806087275852966,0,0.7745320351991393,110,0.2636363636363636,0.2603525187683603,0.4819955432495193,5
72,1052,Experience 1052,Creative,0.6879474895864814,0.8150878066775633,0.5427584275418881,0.4028796085076296,43,Strategy,Social,0.6350689025370818,0.7844172516817262,52,0.0,0.0,0.15,0.9076895250048064,0,0.9083122547068101,129,0.3178294573643411,0.30769011704622046,0.5158907469726367,1
72,1109,Experience 1109,Social,0.5415451963988065,0.6320276759129257,0.4602651355822746,0.2660308726216652,48,Strategy,Social,0.6350689025370818,0.7844172516817262,52,0.0,1.0,0.0666666666666666,0.8251962330451927,0,0.8388849045416945,125,0.312,0.30238501682680585,0.6885700884972136,2
72,1070,Experience 1070,Sports,0.9021629239090754,0.4240213755135868,0.7602726894428304,0.7757910864370905,50,Strategy,Social,0.6350689025370818,0.7844172516817262,52,0.0,0.0,0.0333333333333333,0.8747962130942514,1,0.7844975882103682,111,0.2882882882882883,0.28126585831974693,0.5716755981161857,3
72,1082,Experience 1082,Adventure,0.940069744877272,0.6645999956719907,0.1368397110942475,0.0890420050750532,28,Strategy,Social,0.6350689025370818,0.7844172516817262,52,0.0,0.0,0.4,0.5017708085571657,0,0.7290174947868602,138,0.2391304347826087,0.23953055341700535,0.44079993268474815,4
72,1072,Experience 1072,Puzzle,0.7449779069249327,0.3414623639761886,0.973475515285742,0.3783180142237856,25,Strategy,Social,0.6350689025370818,0.7844172516817262,52,0.0,0.0,0.45,0.6615933872513398,0,0.7581439141112856,119,0.21008403361344538,0.21471818302076867,0.44112758943790126,5
73,1043,Experience 1043,Creative,0.8838983032607785,0.7641225701636372,0.5942808569171103,0.6062993981927156,47,Social,Adventure,0.1346198455411181,0.3920958187385011,54,0.0,0.0,0.1166666666666666,0.5403389886240079,0,0.7353818074437087,110,0.35454545454545455,0.3372755956914373,0.45188405244975294,1
73,1059,Experience 1059,Social,0.7489549716721217,0.4911530499138364,0.6826986067555766,0.9132851837019758,49,Social,Adventure,0.1346198455411181,0.3920958187385011,54,1.0,0.0,0.0833333333333333,0.4519212387855416,1,0.8995819181634812,105,0.34285714285714286,0.32676661951909475,0.8015198812209441,2
73,1061,Experience 1061,Social,0.9515114053456256,0.4883887845440612,0.3838014404080356,0.6777086144544695,56,Social,Adventure,0.1346198455411181,0.3920958187385011,54,1.0,0.0,0.0333333333333333,0.7508184051330825,0,0.918249197852132,113,0.3274336283185841,0.3146302815029086,0.8585334728359946,3
73,1000,Experience 1000,Action,0.9096695293967186,0.6516437731703687,0.6290364009047581,0.2407530712142694,49,Social,Adventure,0.1346198455411181,0.3920958187385011,54,0.0,0.0,0.0833333333333333,0.5055834446363601,0,0.8485592008881202,124,0.3225806451612903,0.31142935722143644,0.45369377622449264,4
73,1067,Experience 1067,Creative,0.788764048918011,0.4580972487220676,0.5921026845821029,0.4299570499000478,43,Social,Adventure,0.1346198455411181,0.3920958187385011,54,0.0,0.0,0.1833333333333333,0.5425171609590153,1,0.9785822676394114,119,0.31092436974789917,0.30104911827256725,0.39984403123576856,5
74,1052,Experience 1052,Creative,0.6879474895864814,0.8150878066775633,0.5427584275418881,0.4028796085076296,43,Creative,Simulation,0.3760683816015248,0.4372529635534731,23,1.0,0.0,0.3333333333333333,0.8333099540596367,1,0.753458401713378,129,0.3178294573643411,0.30769011704622046,0.7734538087159856,1
74,1025,Experience 1025,Social,0.838744739121835,0.7279884901895025,0.5876677647056102,0.0811540004238993,14,Creative,Simulation,0.3760683816015248,0.4372529635534731,23,0.0,0.0,0.15,0.7884006168959146,0,0.9614272963569599,120,0.31666666666666665,0.30604162457062034,0.5220972932234829,2
74,1088,Experience 1088,Sports,0.931739259022481,0.4207879774878386,0.5549692853271866,0.4100487869149942,11,Creative,Simulation,0.3760683816015248,0.4372529635534731,23,0.0,0.0,0.2,0.8210990962743382,0,0.7153983703954935,113,0.3008849557522124,0.292073890525465,0.46838132757976964,3
74,1050,Experience 1050,Sports,0.6444432625143321,0.2032573812502654,0.7840857883345029,0.0579453445381299,24,Creative,Simulation,0.3760683816015248,0.4372529635534731,23,0.0,0.0,0.0166666666666666,0.5919825932670219,0,0.9421850856918519,107,0.27102803738317754,0.2665025782668255,0.3754231191548117,4
74,1083,Experience 1083,Sports,0.5638116113845065,0.5523903507798276,0.3674940432740611,0.3952346537588943,26,Creative,Simulation,0.3760683816015248,0.4372529635534731,23,0.0,0.0,0.05,0.9914256616725364,0,0.8968955884355606,122,0.22950819672131148,0.23130864394286513,0.42672850944925944,5
75,1109,Experience 1109,Social,0.5415451963988065,0.6320276759129257,0.4602651355822746,0.2660308726216652,48,Sports,Social,0.9082389379649244,0.5395565347367602,38,0.0,1.0,0.1666666666666666,0.5520261976173502,0,0.8249507347067913,125,0.312,0.30238501682680585,0.620581186863744,1
75,1044,Experience 1044,Action,0.8578996664042653,0.7405382156713768,0.540545681694017,0.9388053542070384,40,Sports,Social,0.9082389379649244,0.5395565347367602,38,0.0,0.0,0.0333333333333333,0.6323067437290925,0,0.8320195138829554,112,0.2857142857142857,0.27913505636277913,0.4946209061214174,2
75,1032,Experience 1032,Action,0.9183909657409184,0.1782087510115781,0.2798409650960937,0.836613041032693,59,Sports,Social,0.9082389379649244,0.5395565347367602,38,0.0,0.0,0.35,0.3716020271311692,0,0.7407471857040455,120,0.275,0.27032733885633464,0.3845663008320103,3
75,1108,Experience 1108,Puzzle,0.8425576923542274,0.4822507608830354,0.666849920378606,0.8027206052883656,21,Sports,Social,0.9082389379649244,0.5395565347367602,38,0.0,0.0,0.2833333333333333,0.7586109824136815,0,0.9042149646011836,92,0.2717391304347826,0.2664806021418468,0.477082514742002,4
75,1073,Experience 1073,Adventure,0.687693407311507,0.5642695337399875,0.7523432280065728,0.8351257910807337,50,Sports,Social,0.9082389379649244,0.5395565347367602,38,0.0,0.0,0.2,0.8441042900416483,1,0.763686423954271,132,0.26515151515151514,0.26214360157820293,0.45334645496355036,5
76,1043,Experience 1043,Creative,0.8838983032607785,0.7641225701636372,0.5942808569171103,0.6062993981927156,47,Puzzle,Social,0.1240121696076741,0.2527773377327535,11,0.0,0.0,0.6,0.5297313126905638,0,0.7633195042766893,110,0.35454545454545455,0.3372755956914373,0.40926424446801624,1
76,1084,Experience 1084,Social,0.6722561348379004,0.2863456816441453,0.5362524927433157,0.7470758006298863,26,Puzzle,Social,0.1240121696076741,0.2527773377327535,11,0.0,1.0,0.25,0.5877596768643585,0,0.7132419203117967,111,0.35135135135135137,0.3347009728235637,0.595851147352169,2
76,1000,Experience 1000,Action,0.9096695293967186,0.6516437731703687,0.6290364009047581,0.2407530712142694,49,Puzzle,Social,0.1240121696076741,0.2527773377327535,11,0.0,0.0,0.6333333333333333,0.494975768702916,0,0.7561006430317095,124,0.3225806451612903,0.31142935722143644,0.4042433875495674,3
76,1058,Experience 1058,Social,0.5666390936836835,0.5294440043668863,0.4156619036213059,0.2647117106195373,52,Puzzle,Social,0.1240121696076741,0.2527773377327535,11,0.0,1.0,0.6833333333333333,0.7083502659863682,0,0.7131650605141954,100,0.32,0.30704856199905706,0.569700029014432,4
76,1106,Experience 1106,Sports,0.8146785788760947,0.3647619692710552,0.6750256601127794,0.7960604476258709,49,Puzzle,Social,0.1240121696076741,0.2527773377327535,11,0.0,0.0,0.6333333333333333,0.4489865094948947,0,0.9847555522135866,128,0.28125,0.275985320539776,0.3663508720050106,5
77,1032,Experience 1032,Action,0.9183909657409184,0.1782087510115781,0.2798409650960937,0.836613041032693,59,Social,Creative,0.7479433974334845,0.815290239705327,33,0.0,0.0,0.4333333333333333,0.5318975676626092,0,0.7972003056342731,120,0.275,0.27032733885633464,0.3884357102360595,1
77,1060,Experience 1060,Strategy,0.8620933017122632,0.1051567799118504,0.3772606570904063,0.1400554046894906,58,Social,Creative,0.7479433974334845,0.815290239705327,33,0.0,0.0,0.4166666666666667,0.6293172596569219,0,0.7606421476962321,102,0.27450980392156865,0.2692280937695643,0.3758498699647481,2
77,1008,Experience 1008,Adventure,0.8415828324170402,0.3364498304651394,0.599089106012921,0.2728043301458357,40,Social,Creative,0.7479433974334845,0.815290239705327,33,0.0,0.0,0.1166666666666666,0.8511457085794365,0,0.8752951767375582,117,0.27350427350427353,0.2689476455466193,0.468048831260649,3
77,1085,Experience 1085,Social,0.715133524882573,0.3923165755464828,0.681782684374937,0.3715432084063615,41,Social,Creative,0.7479433974334845,0.815290239705327,33,1.0,0.0,0.1333333333333333,0.9338392869414526,1,0.9794665970285464,117,0.24786324786324787,0.24704983532764122,0.8503671461490938,4
77,1040,Experience 1040,Adventure,0.8007594991172722,0.3266907558049443,0.1528993913771743,0.3143479426299048,10,Social,Creative,0.7479433974334845,0.815290239705327,33,0.0,0.0,0.3833333333333333,0.4049559939436897,0,0.7080346944399991,109,0.2018348623853211,0.20810718945648718,0.3329258114355806,5
78,1053,Experience 1053,Puzzle,0.7426572934279929,0.7514869168546299,0.2904976508730454,0.8341208920021081,34,Action,Sports,0.7656088314056106,0.5766482862722138,39,0.0,0.0,0.0833333333333333,0.5248888194674348,0,0.7882418084514559,102,0.3431372549019608,0.3266051429498922,0.4526430697009307,1
78,1058,Experience 1058,Social,0.5666390936836835,0.5294440043668863,0.4156619036213059,0.2647117106195373,52,Action,Sports,0.7656088314056106,0.5766482862722138,39,0.0,0.0,0.2166666666666666,0.6500530722156952,0,0.7280687945735416,100,0.32,0.30704856199905706,0.4735091696107315,2
78,1109,Experience 1109,Social,0.5415451963988065,0.6320276759129257,0.4602651355822746,0.2660308726216652,48,Action,Sports,0.7656088314056106,0.5766482862722138,39,0.0,0.0,0.15,0.694656304176664,0,0.7784651984472044,125,0.312,0.30238501682680585,0.49074957463029717,3
78,1046,Experience 1046,Puzzle,0.9358581895296346,0.2937905951089806,0.3646871905132503,0.5570017818814502,30,Action,Sports,0.7656088314056106,0.5766482862722138,39,0.0,0.0,0.15,0.5990783591076396,0,0.8798320489608767,124,0.2661290322580645,0.26281824611032534,0.47802791636396347,4
78,1098,Experience 1098,Social,0.534058177188557,0.4459803600128759,0.2707495249900757,0.7298152463028666,35,Action,Sports,0.7656088314056106,0.5766482862722138,39,0.0,0.0,0.0666666666666666,0.5051406935844651,0,0.8162073459145757,130,0.26153846153846155,0.25897218293257895,0.4351844425706556,5
79,1059,Experience 1059,Social,0.7489549716721217,0.4911530499138364,0.6826986067555766,0.9132851837019758,49,Simulation,Strategy,0.3067114512874402,0.2782443904383865,35,0.0,0.0,0.2333333333333333,0.6240128445318637,0,0.8453344241538562,105,0.34285714285714286,0.32676661951909475,0.4320115812049042,1
79,1013,Experience 1013,Sports,0.8486275995976889,0.743877614526904,0.1274827038621261,0.2359972626205526,20,Simulation,Strategy,0.3067114512874402,0.2782443904383865,35,0.0,0.0,0.25,0.8207712525746859,0,0.7216325603479531,116,0.3017241379310345,0.29298402529328565,0.4408133443230565,2
79,1069,Experience 1069,Puzzle,0.8068156107352968,0.6551858372056814,0.8842124935251735,0.2530347499296835,35,Simulation,Strategy,0.3067114512874402,0.2782443904383865,35,0.0,0.0,0.0,0.4224989577622667,0,0.9402081802301716,121,0.2892561983471074,0.2825945208502613,0.4016496935673547,3
79,1050,Experience 1050,Sports,0.6444432625143321,0.2032573812502654,0.7840857883345029,0.0579453445381299,24,Simulation,Strategy,0.3067114512874402,0.2782443904383865,35,0.0,0.0,0.1833333333333333,0.5226256629529373,0,0.7036582096862233,107,0.27102803738317754,0.2665025782668255,0.3361382855124517,4
79,1046,Experience 1046,Puzzle,0.9358581895296346,0.2937905951089806,0.3646871905132503,0.5570017818814502,30,Simulation,Strategy,0.3067114512874402,0.2782443904383865,35,0.0,0.0,0.0833333333333333,0.94202426077419,0,0.9629089655982185,124,0.2661290322580645,0.26281824611032534,0.4638554045415501,5
80,1090,Experience 1090,Puzzle,0.5586098880458512,0.4251872277402517,0.5338484342208252,0.861814417816014,19,Sports,Action,0.7201686074995847,0.9323666788825328,42,0.0,0.0,0.3833333333333333,0.8136798267212405,0,0.8834544534999987,121,0.2727272727272727,0.26841012368714073,0.37729233063836093,1
80,1086,Experience 1086,Action,0.6307900998772656,0.1325899003231649,0.3014212434741936,0.1888364204756389,42,Sports,Action,0.7201686074995847,0.9323666788825328,42,0.0,1.0,0.0,0.581252635974609,0,0.8430914849477863,127,0.2283464566929134,0.2302437240808629,0.5376200259085905,2
80,1071,Experience 1071,Adventure,0.5432545608778258,0.5917055303234199,0.8111881708009158,0.7718493432291552,17,Sports,Action,0.7201686074995847,0.9323666788825328,42,0.0,0.0,0.4166666666666667,0.9089804366986688,0,0.7335557633004932,121,0.21487603305785125,0.21876473361621876,0.3870318468873503,3
80,1066,Experience 1066,Strategy,0.5933044321129625,0.8148765601157231,0.9082281614290438,0.2645976053461583,23,Sports,Action,0.7201686074995847,0.9323666788825328,42,0.0,0.0,0.3166666666666666,0.8119404460705408,0,0.9022125064469422,125,0.208,0.21272984441301274,0.41188058142687306,4
80,1062,Experience 1062,Creative,0.7566608128373626,0.2501254620138091,0.431135077105207,0.8144738760309339,50,Sports,Action,0.7201686074995847,0.9323666788825328,42,0.0,0.0,0.1333333333333333,0.7109664696056224,0,0.9046723701774768,118,0.2033898305084746,0.20902773507164382,0.41545316541959365,5
81,1043,Experience 1043,Creative,0.8838983032607785,0.7641225701636372,0.5942808569171103,0.6062993981927156,47,Adventure,Puzzle,0.6805082422612735,0.3024655719037539,48,0.0,0.0,0.0166666666666666,0.9137726146558368,1,0.9014658306673059,110,0.35454545454545455,0.3372755956914373,0.5279052470821042,1
81,1061,Experience 1061,Social,0.9515114053456256,0.4883887845440612,0.3838014404080356,0.6777086144544695,56,Adventure,Puzzle,0.6805082422612735,0.3024655719037539,48,0.0,0.0,0.1333333333333333,0.703293198146762,1,0.9391992405878494,113,0.3274336283185841,0.3146302815029086,0.5356960653069588,2
81,1100,Experience 1100,Sports,0.8539423752816214,0.5771516782683807,0.6603015579098336,0.097787997445443,39,Adventure,Puzzle,0.6805082422612735,0.3024655719037539,48,0.0,0.0,0.15,0.97979331564856,0,0.9914150578600971,107,0.3177570093457944,0.3058726570069831,0.5295250677866224,3
81,1009,Experience 1009,Action,0.7987178764315418,0.3460501829476273,0.2238314684756084,0.130890330850495,53,Adventure,Puzzle,0.6805082422612735,0.3024655719037539,48,0.0,0.0,0.0833333333333333,0.543323226214335,0,0.8368307170534465,104,0.28846153846153844,0.28101473741844224,0.3961088638719443,4
81,1044,Experience 1044,Action,0.8578996664042653,0.7405382156713768,0.540545681694017,0.9388053542070384,40,Adventure,Puzzle,0.6805082422612735,0.3024655719037539,48,0.0,0.0,0.1333333333333333,0.8600374394327435,0,0.8484322913657486,112,0.2857142857142857,0.27913505636277913,0.4911534044837321,5
82,1053,Experience 1053,Puzzle,0.7426572934279929,0.7514869168546299,0.2904976508730454,0.8341208920021081,34,Creative,Strategy,0.3848833081599926,0.4671618788086237,34,0.0,0.0,0.0,0.9056143427130527,0,0.9521592930562389,102,0.3431372549019608,0.3266051429498922,0.4772404185447328,1
82,1013,Experience 1013,Sports,0.8486275995976889,0.743877614526904,0.1274827038621261,0.2359972626205526,20,Creative,Strategy,0.3848833081599926,0.4671618788086237,34,0.0,0.0,0.2333333333333333,0.7425993957021335,0,0.8899864645555619,116,0.3017241379310345,0.29298402529328565,0.45913143149655405,2
82,1069,Experience 1069,Puzzle,0.8068156107352968,0.6551858372056814,0.8842124935251735,0.2530347499296835,35,Creative,Strategy,0.3848833081599926,0.4671618788086237,34,0.0,0.0,0.0166666666666666,0.5006708146348191,0,0.7256176753189271,121,0.2892561983471074,0.2825945208502613,0.443149829460304,3
82,1092,Experience 1092,Sports,0.8280410369904486,0.5343815491606264,0.7426691928850321,0.6904019545155015,39,Creative,Strategy,0.3848833081599926,0.4671618788086237,34,0.0,0.0,0.0833333333333333,0.6422141152749605,0,0.7871106300831702,128,0.2421875,0.2422015367559922,0.45862453931368485,4
82,1078,Experience 1078,Simulation,0.9139745006021852,0.4875947260651535,0.1081242288365573,0.0386443098268846,51,Creative,Strategy,0.3848833081599926,0.4671618788086237,34,0.0,0.0,0.2833333333333333,0.7232409206765646,0,0.9887686635090952,97,0.23711340206185566,0.23799852512723801,0.4250575073280618,5
83,1000,Experience 1000,Action,0.9096695293967186,0.6516437731703687,0.6290364009047581,0.2407530712142694,49,Action,Adventure,0.4067197491205323,0.3354055403234849,54,1.0,0.0,0.0833333333333333,0.7776833482157742,1,0.8459454908225331,124,0.3225806451612903,0.31142935722143644,0.8363121026852496,1
83,1025,Experience 1025,Social,0.838744739121835,0.7279884901895025,0.5876677647056102,0.0811540004238993,14,Action,Adventure,0.4067197491205323,0.3354055403234849,54,0.0,0.0,0.6666666666666666,0.8190519844149221,1,0.9848785559305645,120,0.31666666666666665,0.30604162457062034,0.5062008730994879,2
83,1013,Experience 1013,Sports,0.8486275995976889,0.743877614526904,0.1274827038621261,0.2359972626205526,20,Action,Adventure,0.4067197491205323,0.3354055403234849,54,0.0,0.0,0.5666666666666667,0.7207629547415938,0,0.8827028921919382,116,0.3017241379310345,0.29298402529328565,0.43611266927310854,3
83,1044,Experience 1044,Action,0.8578996664042653,0.7405382156713768,0.540545681694017,0.9388053542070384,40,Action,Adventure,0.4067197491205323,0.3354055403234849,54,1.0,0.0,0.2333333333333333,0.8661740674265154,1,0.7451365444093335,112,0.2857142857142857,0.27913505636277913,0.8252584921485082,4
83,1110,Experience 1110,Creative,0.8487034770737338,0.6513439158584452,0.7080979103356375,0.2741343936886083,18,Action,Adventure,0.4067197491205323,0.3354055403234849,54,0.0,0.0,0.6,0.6986218387848948,0,0.8207172077792517,109,0.28440366972477066,0.2778746313169523,0.4243123844747889,5
84,1025,Experience 1025,Social,0.838744739121835,0.7279884901895025,0.5876677647056102,0.0811540004238993,14,Sports,Adventure,0.4604383046355735,0.4494326920324575,15,0.0,0.0,0.0166666666666666,0.8727705399299633,1,0.7920468926486263,120,0.31666666666666665,0.30604162457062034,0.5500595469910633,1
84,1100,Experience 1100,Sports,0.8539423752816214,0.5771516782683807,0.6603015579098336,0.097787997445443,39,Sports,Adventure,0.4604383046355735,0.4494326920324575,15,1.0,0.0,0.4,0.80013674672574,1,0.7766902975919442,107,0.3177570093457944,0.3058726570069831,0.7983321046003349,2
84,1067,Experience 1067,Creative,0.788764048918011,0.4580972487220676,0.5921026845821029,0.4299570499000478,43,Sports,Adventure,0.4604383046355735,0.4494326920324575,15,0.0,0.0,0.4666666666666667,0.8683356200534706,0,0.9112428932388134,119,0.31092436974789917,0.30104911827256725,0.40358702185339357,3
84,1107,Experience 1107,Social,0.7428970964662264,0.8045676070342606,0.8160785123357384,0.9076048913904824,23,Sports,Adventure,0.4604383046355735,0.4494326920324575,15,0.0,0.0,0.1333333333333333,0.6443597922998352,0,0.7686620679208486,139,0.30935251798561153,0.3009171537099802,0.48052508750061806,4
84,1074,Experience 1074,Social,0.7411737446379107,0.1336446501121093,0.5667526591354218,0.2130749343990023,32,Sports,Adventure,0.4604383046355735,0.4494326920324575,15,0.0,0.0,0.2833333333333333,0.8936856455001517,0,0.9514948493979748,149,0.2953020134228188,0.28902856473305827,0.4568063582489381,5
85,1037,Experience 1037,Sports,0.7994490651436071,0.7023148063737304,0.3263399911584964,0.9948242136208678,35,Social,Sports,0.3692005038756827,0.4685913641435885,53,0.0,1.0,0.3,0.9571394872828136,0,0.8210389341142997,120,0.30833333333333335,0.29889876742776317,0.6816568646733506,1
85,1032,Experience 1032,Action,0.9183909657409184,0.1782087510115781,0.2798409650960937,0.836613041032693,59,Social,Sports,0.3692005038756827,0.4685913641435885,53,0.0,0.0,0.1,0.910640461220411,0,0.9485668589856614,120,0.275,0.27032733885633464,0.507491941361202,2
85,1039,Experience 1039,Social,0.8194814495513689,0.2752805682140255,0.2419454802582048,0.889899007072331,47,Social,Sports,0.3692005038756827,0.4685913641435885,53,1.0,0.0,0.1,0.8727449763825221,1,0.9444194469881553,110,0.2636363636363636,0.2603525187683603,0.8542699613902124,3
85,1098,Experience 1098,Social,0.534058177188557,0.4459803600128759,0.2707495249900757,0.7298152463028666,35,Social,Sports,0.3692005038756827,0.4685913641435885,53,1.0,0.0,0.3,0.9015490211143932,1,0.7498861218938164,130,0.26153846153846155,0.25897218293257895,0.8126649711421842,4
85,1024,Experience 1024,Sports,0.7120515552427965,0.5535760301547662,0.4935230317114728,0.4609313910731102,39,Social,Sports,0.3692005038756827,0.4685913641435885,53,0.0,1.0,0.2333333333333333,0.8756774721642099,0,0.8107170050459711,138,0.2608695652173913,0.25851789518915724,0.6570992258876985,5
86,1060,Experience 1060,Strategy,0.8620933017122632,0.1051567799118504,0.3772606570904063,0.1400554046894906,58,Action,Sports,0.6779974158790921,0.6292283185139194,40,0.0,0.0,0.3,0.6992632412113142,0,0.8291854250288557,102,0.27450980392156865,0.2692280937695643,0.43112260331573704,1
86,1011,Experience 1011,Strategy,0.8438936347604792,0.3089791482471649,0.5527453913687409,0.302964628837302,52,Action,Sports,0.6779974158790921,0.6292283185139194,40,0.0,0.0,0.2,0.8747479754896488,0,0.8359963832771532,123,0.2682926829268293,0.26465613594326465,0.4869372412741602,2
86,1027,Experience 1027,Sports,0.8258355726034926,0.7779980359761599,0.5071112833110228,0.4772006332829246,49,Action,Sports,0.6779974158790921,0.6292283185139194,40,0.0,1.0,0.15,0.8291138674319307,0,0.9111113587517224,111,0.23423423423423423,0.23546433160218966,0.7113836752401905,3
86,1118,Experience 1118,Adventure,0.6594774101626886,0.3565880675711896,0.5086937555214479,0.0351168111096665,58,Action,Sports,0.6779974158790921,0.6292283185139194,40,0.0,0.0,0.3,0.8306963396423558,0,0.725321358070587,109,0.21100917431192662,0.21585912744098332,0.43606387042416783,4
86,1040,Experience 1040,Adventure,0.8007594991172722,0.3266907558049443,0.1528993913771743,0.3143479426299048,10,Action,Sports,0.6779974158790921,0.6292283185139194,40,0.0,0.0,0.5,0.4749019754980821,0,0.9243638547479734,109,0.2018348623853211,0.20810718945648718,0.3627513129832759,5
87,1111,Experience 1111,Sports,0.9428982678236224,0.8155250577848677,0.575778764164542,0.2547283501174674,25,Simulation,Social,0.9456630856441276,0.6773752071021147,44,0.0,0.0,0.3166666666666666,0.6301156785204145,1,0.9988315825095777,139,0.3237410071942446,0.31349577006218143,0.5070875337154939,1
87,1088,Experience 1088,Sports,0.931739259022481,0.4207879774878386,0.5549692853271866,0.4100487869149942,11,Simulation,Social,0.9456630856441276,0.6773752071021147,44,0.0,0.0,0.55,0.6093061996830591,0,0.8068344007240335,113,0.3008849557522124,0.292073890525465,0.4407003921620316,2
87,1070,Experience 1070,Sports,0.9021629239090754,0.4240213755135868,0.7602726894428304,0.7757910864370905,50,Simulation,Social,0.9456630856441276,0.6773752071021147,44,0.0,0.0,0.1,0.814609603798703,0,0.970342510152064,111,0.2882882882882883,0.28126585831974693,0.5283949779382194,3
87,1099,Experience 1099,Adventure,0.8332801744008336,0.4077151465805127,0.8307594812615263,0.7545731382181347,49,Simulation,Social,0.9456630856441276,0.6773752071021147,44,0.0,0.0,0.0833333333333333,0.8850963956173988,0,0.9540601142254643,119,0.2605042016806723,0.25788365064666796,0.4922154412794561,4
87,1096,Experience 1096,Adventure,0.7903170826018652,0.4751627362769494,0.5362341337297925,0.9233469677258124,13,Simulation,Social,0.9456630856441276,0.6773752071021147,44,0.0,0.0,0.5166666666666667,0.590571048085665,0,0.8694723119396033,123,0.25203252032520324,0.25067012195725064,0.37124808521381153,5
88,1058,Experience 1058,Social,0.5666390936836835,0.5294440043668863,0.4156619036213059,0.2647117106195373,52,Creative,Sports,0.8001717921687628,0.4900922672051855,49,0.0,0.0,0.05,0.6154901114525431,1,0.7164366901632172,100,0.32,0.30704856199905706,0.47101491802470585,1
88,1100,Experience 1100,Sports,0.8539423752816214,0.5771516782683807,0.6603015579098336,0.097787997445443,39,Creative,Sports,0.8001717921687628,0.4900922672051855,49,0.0,1.0,0.1666666666666666,0.8601297657410708,0,0.8776898971567759,107,0.3177570093457944,0.3058726570069831,0.6990276130009113,2
88,1033,Experience 1033,Simulation,0.8859147305780027,0.259942782541492,0.2648265360525452,0.1086571032622624,31,Creative,Sports,0.8001717921687628,0.4900922672051855,49,0.0,0.0,0.3,0.4646547438837825,0,0.8740258251199419,120,0.275,0.27032733885633464,0.3927809209071977,3
88,1039,Experience 1039,Social,0.8194814495513689,0.2752805682140255,0.2419454802582048,0.889899007072331,47,Creative,Sports,0.8001717921687628,0.4900922672051855,49,0.0,0.0,0.0333333333333333,0.441773688089442,0,0.9120831145738508,110,0.2636363636363636,0.2603525187683603,0.47247221055304206,4
88,1001,Experience 1001,Sports,0.6452560499996463,0.8044840559110404,0.5776422262968883,0.3608105614175153,41,Creative,Sports,0.8001717921687628,0.4900922672051855,49,0.0,1.0,0.1333333333333333,0.7774704341281256,0,0.8794525921989329,110,0.2545454545454545,0.25266021107605263,0.6529333792982135,5
89,1043,Experience 1043,Creative,0.8838983032607785,0.7641225701636372,0.5942808569171103,0.6062993981927156,47,Sports,Simulation,0.7118307015893218,0.110972667859881,51,0.0,0.0,0.0666666666666666,0.8824501553277885,0,0.849744476639757,110,0.35454545454545455,0.3372755956914373,0.483891553845011,1
89,1084,Experience 1084,Social,0.6722561348379004,0.2863456816441453,0.5362524927433157,0.7470758006298863,26,Sports,Simulation,0.7118307015893218,0.110972667859881,51,0.0,0.0,0.4166666666666667,0.8244217911539938,0,0.8467484443142945,111,0.35135135135135137,0.3347009728235637,0.4075049492176989,2
89,1000,Experience 1000,Action,0.9096695293967186,0.6516437731703687,0.6290364009047581,0.2407530712142694,49,Sports,Simulation,0.7118307015893218,0.110972667859881,51,0.0,0.0,0.0333333333333333,0.9172056993154364,0,0.8684170443322315,124,0.3225806451612903,0.31142935722143644,0.4979654503486147,3
89,1014,Experience 1014,Social,0.7084360738896248,0.6919622480914536,0.5066406143622445,0.7631554898199004,35,Sports,Simulation,0.7118307015893218,0.110972667859881,51,0.0,0.0,0.2666666666666666,0.7948099127729227,0,0.8905966762261756,117,0.29914529914529914,0.29084545576559745,0.45786626461286456,4
89,1008,Experience 1008,Adventure,0.8415828324170402,0.3364498304651394,0.599089106012921,0.2728043301458357,40,Sports,Simulation,0.7118307015893218,0.110972667859881,51,0.0,0.0,0.1833333333333333,0.8872584044235992,1,0.7177316403551143,117,0.27350427350427353,0.2689476455466193,0.4171792411986062,5
90,1043,Experience 1043,Creative,0.8838983032607785,0.7641225701636372,0.5942808569171103,0.6062993981927156,47,Puzzle,Creative,0.5179398461915671,0.8220910300077957,12,0.0,1.0,0.5833333333333334,0.9236589892744568,1,0.8235614918504273,110,0.35454545454545455,0.3372755956914373,0.6409521701657198,1
90,1046,Experience 1046,Puzzle,0.9358581895296346,0.2937905951089806,0.3646871905132503,0.5570017818814502,30,Puzzle,Creative,0.5179398461915671,0.8220910300077957,12,1.0,0.0,0.3,0.8467473443216833,1,0.8268944086883624,124,0.2661290322580645,0.26281824611032534,0.807709679745899,2
90,1096,Experience 1096,Adventure,0.7903170826018652,0.4751627362769494,0.5362341337297925,0.9233469677258124,13,Puzzle,Creative,0.5179398461915671,0.8220910300077957,12,0.0,0.0,0.0166666666666666,0.9817057124617746,0,0.8186852632659523,123,0.25203252032520324,0.25067012195725064,0.46928139141913244,3
90,1078,Experience 1078,Simulation,0.9139745006021852,0.4875947260651535,0.1081242288365573,0.0386443098268846,51,Puzzle,Creative,0.5179398461915671,0.8220910300077957,12,0.0,0.0,0.65,0.5901843826449902,0,0.7183083811078094,97,0.23711340206185566,0.23799852512723801,0.37336807396487914,4
90,1086,Experience 1086,Action,0.6307900998772656,0.1325899003231649,0.3014212434741936,0.1888364204756389,42,Puzzle,Creative,0.5179398461915671,0.8220910300077957,12,0.0,0.0,0.5,0.7834813972826266,0,0.9595320814747643,127,0.2283464566929134,0.2302437240808629,0.34243852930930274,5
91,1084,Experience 1084,Social,0.6722561348379004,0.2863456816441453,0.5362524927433157,0.7470758006298863,26,Creative,Puzzle,0.4170563234759705,0.0359745514664617,50,0.0,0.0,0.4,0.8808038307326549,0,0.7433526105119451,111,0.35135135135135137,0.3347009728235637,0.4506744791674355,1
91,1059,Experience 1059,Social,0.7489549716721217,0.4911530499138364,0.6826986067555766,0.9132851837019758,49,Creative,Puzzle,0.4170563234759705,0.0359745514664617,50,0.0,0.0,0.0166666666666666,0.7343577167203938,0,0.8530661542641639,105,0.34285714285714286,0.32676661951909475,0.5087899680834866,2
91,1000,Experience 1000,Action,0.9096695293967186,0.6516437731703687,0.6290364009047581,0.2407530712142694,49,Creative,Puzzle,0.4170563234759705,0.0359745514664617,50,0.0,0.0,0.0166666666666666,0.7880199225712123,1,0.9755417291482266,124,0.3225806451612903,0.31142935722143644,0.509338233679404,3
91,1052,Experience 1052,Creative,0.6879474895864814,0.8150878066775633,0.5427584275418881,0.4028796085076296,43,Creative,Puzzle,0.4170563234759705,0.0359745514664617,50,1.0,0.0,0.1166666666666666,0.8742978959340824,1,0.9219693144634461,129,0.3178294573643411,0.30769011704622046,0.8077532622561545,4
91,1088,Experience 1088,Sports,0.931739259022481,0.4207879774878386,0.5549692853271866,0.4100487869149942,11,Creative,Puzzle,0.4170563234759705,0.0359745514664617,50,0.0,0.0,0.65,0.862087038148784,0,0.8124561660420387,113,0.3008849557522124,0.292073890525465,0.4501172599687322,5
92,1014,Experience 1014,Social,0.7084360738896248,0.6919622480914536,0.5066406143622445,0.7631554898199004,35,Strategy,Sports,0.3124423795181243,0.2390189161531123,12,0.0,0.0,0.3833333333333333,0.8058017651558798,0,0.716555630863164,117,0.29914529914529914,0.29084545576559745,0.476536282113259,1
92,1074,Experience 1074,Social,0.7411737446379107,0.1336446501121093,0.5667526591354218,0.2130749343990023,32,Strategy,Sports,0.3124423795181243,0.2390189161531123,12,0.0,0.0,0.3333333333333333,0.7456897203827024,1,0.856420629858695,149,0.2953020134228188,0.28902856473305827,0.4449237147671413,2
92,1070,Experience 1070,Sports,0.9021629239090754,0.4240213755135868,0.7602726894428304,0.7757910864370905,50,Strategy,Sports,0.3124423795181243,0.2390189161531123,12,0.0,1.0,0.6333333333333333,0.5521696900752939,0,0.7466875978021984,111,0.2882882882882883,0.28126585831974693,0.5697301607592758,3
92,1036,Experience 1036,Sports,0.9655169972756756,0.2298411882545339,0.2550485289661252,0.8478368672236546,17,Strategy,Sports,0.3124423795181243,0.2390189161531123,12,0.0,1.0,0.0833333333333333,0.9426061494480008,0,0.9853029311466772,129,0.26356589147286824,0.2607102512744084,0.664847160169169,4
92,1051,Experience 1051,Adventure,0.7608650542535511,0.4945204429565272,0.5049786641965721,0.9492935230092574,34,Strategy,Sports,0.3124423795181243,0.2390189161531123,12,0.0,0.0,0.3666666666666666,0.8074637153215523,0,0.8752711216381478,122,0.2459016393442623,0.24539315098511863,0.39289281512607743,5
93,1025,Experience 1025,Social,0.838744739121835,0.7279884901895025,0.5876677647056102,0.0811540004238993,14,Creative,Social,0.6294643606618369,0.7577009339441084,21,0.0,1.0,0.1166666666666666,0.9582034040437734,1,0.857324748418587,120,0.31666666666666665,0.30604162457062034,0.7637835106101329,1
93,1100,Experience 1100,Sports,0.8539423752816214,0.5771516782683807,0.6603015579098336,0.097787997445443,39,Creative,Social,0.6294643606618369,0.7577009339441084,21,0.0,0.0,0.3,0.9691628027520032,0,0.8180140495753359,107,0.3177570093457944,0.3058726570069831,0.5547759284531573,2
93,1109,Experience 1109,Social,0.5415451963988065,0.6320276759129257,0.4602651355822746,0.2660308726216652,48,Creative,Social,0.6294643606618369,0.7577009339441084,21,0.0,1.0,0.45,0.8308007749204378,0,0.7150759542829337,125,0.312,0.30238501682680585,0.6477865930011343,3
93,1110,Experience 1110,Creative,0.8487034770737338,0.6513439158584452,0.7080979103356375,0.2741343936886083,18,Creative,Social,0.6294643606618369,0.7577009339441084,21,1.0,0.0,0.05,0.9213664503261992,0,0.967023768356689,109,0.28440366972477066,0.2778746313169523,0.8579425002440652,4
93,1106,Experience 1106,Sports,0.8146785788760947,0.3647619692710552,0.6750256601127794,0.7960604476258709,49,Creative,Social,0.6294643606618369,0.7577009339441084,21,0.0,0.0,0.4666666666666667,0.9544387005490574,0,0.8867723821117768,128,0.28125,0.275985320539776,0.5033124307660916,5
94,1067,Experience 1067,Creative,0.788764048918011,0.4580972487220676,0.5921026845821029,0.4299570499000478,43,Adventure,Sports,0.3936430621797109,0.5679387868088392,52,0.0,0.0,0.15,0.801540377597608,0,0.9982438799516735,119,0.31092436974789917,0.30104911827256725,0.4840517770112713,1
94,1064,Experience 1064,Puzzle,0.6204758892789963,0.4435351922580418,0.6632419642315316,0.276207363456566,49,Adventure,Sports,0.3936430621797109,0.5679387868088392,52,0.0,0.0,0.05,0.7304010979481794,0,0.9150940358932987,94,0.2765957446808511,0.27057743368321796,0.4520161424795303,2
94,1008,Experience 1008,Adventure,0.8415828324170402,0.3364498304651394,0.599089106012921,0.2728043301458357,40,Adventure,Sports,0.3936430621797109,0.5679387868088392,52,1.0,0.0,0.2,0.79455395616679,1,0.7125710097074021,117,0.27350427350427353,0.2689476455466193,0.8109695870073814,3
94,1006,Experience 1006,Action,0.8770181756508404,0.5275353377269014,0.8047332447846338,0.7517807092307816,28,Adventure,Sports,0.3936430621797109,0.5679387868088392,52,0.0,0.0,0.4,0.5889098173950771,0,0.7073525437834653,103,0.27184466019417475,0.26703924747875485,0.4505422573692096,4
94,1036,Experience 1036,Sports,0.9655169972756756,0.2298411882545339,0.2550485289661252,0.8478368672236546,17,Adventure,Sports,0.3936430621797109,0.5679387868088392,52,0.0,1.0,0.5833333333333334,0.8614054667864142,1,0.861086513306112,129,0.26356589147286824,0.2607102512744084,0.6410061202151619,5
95,1052,Experience 1052,Creative,0.6879474895864814,0.8150878066775633,0.5427584275418881,0.4028796085076296,43,Sports,Action,0.3299382343736466,0.080051236390703,40,0.0,0.0,0.05,0.7871798068317586,0,0.9964513965772162,129,0.3178294573643411,0.30769011704622046,0.4323406502537262,1
95,1069,Experience 1069,Puzzle,0.8068156107352968,0.6551858372056814,0.8842124935251735,0.2530347499296835,35,Sports,Action,0.3299382343736466,0.080051236390703,40,0.0,0.0,0.0833333333333333,0.4457257408484731,1,0.7977674543811305,121,0.2892561983471074,0.2825945208502613,0.4089255063930907,2
95,1070,Experience 1070,Sports,0.9021629239090754,0.4240213755135868,0.7602726894428304,0.7757910864370905,50,Sports,Action,0.3299382343736466,0.080051236390703,40,1.0,0.0,0.1666666666666666,0.5696655449308161,1,0.7399108100443959,111,0.2882882882882883,0.28126585831974693,0.7871783921690421,3
95,1064,Experience 1064,Puzzle,0.6204758892789963,0.4435351922580418,0.6632419642315316,0.276207363456566,49,Sports,Action,0.3299382343736466,0.080051236390703,40,0.0,0.0,0.15,0.6666962701421151,1,0.7136269018642785,94,0.2765957446808511,0.27057743368321796,0.3728380279342267,4
95,1036,Experience 1036,Sports,0.9655169972756756,0.2298411882545339,0.2550485289661252,0.8478368672236546,17,Sports,Action,0.3299382343736466,0.080051236390703,40,1.0,0.0,0.3833333333333333,0.9251102945924784,1,0.7349293057551575,129,0.26356589147286824,0.2607102512744084,0.7964523619852556,5
96,1053,Experience 1053,Puzzle,0.7426572934279929,0.7514869168546299,0.2904976508730454,0.8341208920021081,34,Puzzle,Simulation,0.4909356829183999,0.7201821693003411,27,1.0,0.0,0.1166666666666666,0.7995619679546455,1,0.77712140371091,102,0.3431372549019608,0.3266051429498922,0.7883789334546836,1
96,1061,Experience 1061,Social,0.9515114053456256,0.4883887845440612,0.3838014404080356,0.6777086144544695,56,Puzzle,Simulation,0.4909356829183999,0.7201821693003411,27,0.0,0.0,0.4833333333333333,0.8928657574896357,1,0.7588329735116114,113,0.3274336283185841,0.3146302815029086,0.5136485925313936,2
96,1000,Experience 1000,Action,0.9096695293967186,0.6516437731703687,0.6290364009047581,0.2407530712142694,49,Puzzle,Simulation,0.4909356829183999,0.7201821693003411,27,0.0,0.0,0.3666666666666666,0.8618992820136419,0,0.8185478769441972,124,0.3225806451612903,0.31142935722143644,0.46775078579638096,3
96,1107,Experience 1107,Social,0.7428970964662264,0.8045676070342606,0.8160785123357384,0.9076048913904824,23,Puzzle,Simulation,0.4909356829183999,0.7201821693003411,27,0.0,0.0,0.0666666666666666,0.6748571705826616,0,0.9133168496984618,139,0.30935251798561153,0.3009171537099802,0.49779487537931194,4
96,1110,Experience 1110,Creative,0.8487034770737338,0.6513439158584452,0.7080979103356375,0.2741343936886083,18,Puzzle,Simulation,0.4909356829183999,0.7201821693003411,27,0.0,0.0,0.15,0.7828377725827624,0,0.9537429672639921,109,0.28440366972477066,0.2778746313169523,0.4570274155207248,5
97,1059,Experience 1059,Social,0.7489549716721217,0.4911530499138364,0.6826986067555766,0.9132851837019758,49,Strategy,Simulation,0.1990715674235832,0.5641258346320965,13,0.0,0.0,0.6,0.5163729606680068,0,0.8948449898444841,105,0.34285714285714286,0.32676661951909475,0.38195937473892566,1
97,1058,Experience 1058,Social,0.5666390936836835,0.5294440043668863,0.4156619036213059,0.2647117106195373,52,Strategy,Simulation,0.1990715674235832,0.5641258346320965,13,0.0,0.0,0.65,0.7834096638022774,0,0.7993080464180673,100,0.32,0.30704856199905706,0.37785810777878903,2
97,1014,Experience 1014,Social,0.7084360738896248,0.6919622480914536,0.5066406143622445,0.7631554898199004,35,Strategy,Simulation,0.1990715674235832,0.5641258346320965,13,0.0,0.0,0.3666666666666666,0.6924309530613388,1,0.7966138270333402,117,0.29914529914529914,0.29084545576559745,0.4327950889418645,3
97,1036,Experience 1036,Sports,0.9655169972756756,0.2298411882545339,0.2550485289661252,0.8478368672236546,17,Strategy,Simulation,0.1990715674235832,0.5641258346320965,13,0.0,0.0,0.0666666666666666,0.9440230384574582,1,0.9739623628873365,129,0.26356589147286824,0.2607102512744084,0.47535293051992983,4
97,1096,Experience 1096,Adventure,0.7903170826018652,0.4751627362769494,0.5362341337297925,0.9233469677258124,13,Strategy,Simulation,0.1990715674235832,0.5641258346320965,13,0.0,0.0,0.0,0.6628374336937908,1,0.8279040350797877,123,0.25203252032520324,0.25067012195725064,0.38397225032759613,5
98,1061,Experience 1061,Social,0.9515114053456256,0.4883887845440612,0.3838014404080356,0.6777086144544695,56,Action,Simulation,0.5670967656698851,0.8121705319173342,46,0.0,0.0,0.1666666666666666,0.8167046747381506,1,0.8628480223799704,113,0.3274336283185841,0.3146302815029086,0.5717735110695445,1
98,1100,Experience 1100,Sports,0.8539423752816214,0.5771516782683807,0.6603015579098336,0.097787997445443,39,Action,Simulation,0.5670967656698851,0.8121705319173342,46,0.0,0.0,0.1166666666666666,0.9067952077600516,1,0.8345423172780346,107,0.3177570093457944,0.3058726570069831,0.540156003737201,2
98,1107,Experience 1107,Social,0.7428970964662264,0.8045676070342606,0.8160785123357384,0.9076048913904824,23,Action,Simulation,0.5670967656698851,0.8121705319173342,46,0.0,0.0,0.3833333333333333,0.7510182533341467,0,0.8671679980966674,139,0.30935251798561153,0.3009171537099802,0.5164966345749706,3
98,1013,Experience 1013,Sports,0.8486275995976889,0.743877614526904,0.1274827038621261,0.2359972626205526,20,Action,Simulation,0.5670967656698851,0.8121705319173342,46,0.0,0.0,0.4333333333333333,0.560385938192241,0,0.7977078904160606,116,0.3017241379310345,0.29298402529328565,0.4315539575512803,4
98,1070,Experience 1070,Sports,0.9021629239090754,0.4240213755135868,0.7602726894428304,0.7757910864370905,50,Action,Simulation,0.5670967656698851,0.8121705319173342,46,0.0,0.0,0.0666666666666666,0.8068240762270547,1,0.995302562252072,111,0.2882882882882883,0.28126585831974693,0.5269565081472332,5
99,1037,Experience 1037,Sports,0.7994490651436071,0.7023148063737304,0.3263399911584964,0.9948242136208678,35,Social,Creative,0.3964566018486366,0.3062754223313964,20,0.0,0.0,0.25,0.9298833893098598,0,0.7007646487676837,120,0.30833333333333335,0.29889876742776317,0.47252153744995434,1
99,1046,Experience 1046,Puzzle,0.9358581895296346,0.2937905951089806,0.3646871905132503,0.5570017818814502,30,Social,Creative,0.3964566018486366,0.3062754223313964,20,0.0,0.0,0.1666666666666666,0.9682305886646136,0,0.9174798372827024,124,0.2661290322580645,0.26281824611032534,0.4858376845181656,2
99,1039,Experience 1039,Social,0.8194814495513689,0.2752805682140255,0.2419454802582048,0.889899007072331,47,Social,Creative,0.3964566018486366,0.3062754223313964,20,1.0,0.0,0.45,0.8454888784095682,1,0.776554342882129,110,0.2636363636363636,0.2603525187683603,0.8047809685126182,3
99,1091,Experience 1091,Sports,0.6742348817628386,0.2717222536331008,0.7498162980972818,0.6422524185679935,12,Social,Creative,0.3964566018486366,0.3062754223313964,20,0.0,0.0,0.1333333333333333,0.6466403037513548,1,0.756850613861045,105,0.2571428571428571,0.25476661951909474,0.3877359331872268,4
99,1082,Experience 1082,Adventure,0.940069744877272,0.6645999956719907,0.1368397110942475,0.0890420050750532,28,Social,Creative,0.3964566018486366,0.3062754223313964,20,0.0,0.0,0.1333333333333333,0.7403831092456109,1,0.8500070096001038,138,0.2391304347826087,0.23953055341700535,0.4515459417563399,5
100,1025,Experience 1025,Social,0.838744739121835,0.7279884901895025,0.5876677647056102,0.0811540004238993,14,Adventure,Creative,0.7609659133488776,0.3959073668984604,35,0.0,0.0,0.35,0.8267018513567326,0,0.9779219134552722,120,0.31666666666666665,0.30604162457062034,0.523376385673842,1
100,1002,Experience 1002,Social,0.5654662227449457,0.1419781043952984,0.4876512775379703,0.1763555764178013,30,Adventure,Creative,0.7609659133488776,0.3959073668984604,35,0.0,0.0,0.0833333333333333,0.7266853641890927,0,0.8039306989832364,125,0.312,0.30238501682680585,0.41823249061221196,2
100,1109,Experience 1109,Social,0.5415451963988065,0.6320276759129257,0.4602651355822746,0.2660308726216652,48,Adventure,Creative,0.7609659133488776,0.3959073668984604,35,0.0,0.0,0.2166666666666666,0.6992992222333969,0,0.9879201666092633,125,0.312,0.30238501682680585,0.43196004739341265,3
100,1009,Experience 1009,Action,0.7987178764315418,0.3460501829476273,0.2238314684756084,0.130890330850495,53,Adventure,Creative,0.7609659133488776,0.3959073668984604,35,0.0,0.0,0.3,0.4628655551267309,1,0.8496074084756778,104,0.28846153846153844,0.28101473741844224,0.35477714030123403,4
100,1044,Experience 1044,Action,0.8578996664042653,0.7405382156713768,0.540545681694017,0.9388053542070384,40,Adventure,Creative,0.7609659133488776,0.3959073668984604,35,0.0,0.0,0.0833333333333333,0.7795797683451393,0,0.7691305670737404,112,0.2857142857142857,0.27913505636277913,0.47518392983216506,5
101,1023,Experience 1023,Strategy,0.934275144868182,0.4241492862896971,0.2179097364670654,0.7914514878076223,48,Social,Action,0.6412984860517661,0.9696250196268384,31,0.0,0.0,0.2833333333333333,0.5766112504152994,0,0.7927155040752549,110,0.2818181818181818,0.2757371341529757,0.40137818214181803,1
101,1039,Experience 1039,Social,0.8194814495513689,0.2752805682140255,0.2419454802582048,0.889899007072331,47,Social,Action,0.6412984860517661,0.9696250196268384,31,1.0,0.0,0.2666666666666666,0.6006469942064387,0,0.9814854773654735,110,0.2636363636363636,0.2603525187683603,0.8036181936256634,2
101,1099,Experience 1099,Adventure,0.8332801744008336,0.4077151465805127,0.8307594812615263,0.7545731382181347,49,Social,Action,0.6412984860517661,0.9696250196268384,31,0.0,0.0,0.3,0.8105390047902398,0,0.797297235255114,119,0.2605042016806723,0.25788365064666796,0.4452480120361641,3
101,1091,Experience 1091,Sports,0.6742348817628386,0.2717222536331008,0.7498162980972818,0.6422524185679935,12,Social,Action,0.6412984860517661,0.9696250196268384,31,0.0,0.0,0.3166666666666666,0.8914821879544843,1,0.7295412885753515,105,0.2571428571428571,0.25476661951909474,0.43203606321862864,4
101,1078,Experience 1078,Simulation,0.9139745006021852,0.4875947260651535,0.1081242288365573,0.0386443098268846,51,Social,Action,0.6412984860517661,0.9696250196268384,31,0.0,0.0,0.3333333333333333,0.4668257427847913,0,0.9282317792098955,97,0.23711340206185566,0.23799852512723801,0.3933462245578165,5
102,1053,Experience 1053,Puzzle,0.7426572934279929,0.7514869168546299,0.2904976508730454,0.8341208920021081,34,Strategy,Adventure,0.5118531542518646,0.681785280479392,29,0.0,0.0,0.0833333333333333,0.7786444966211808,1,0.7165205306377516,102,0.3431372549019608,0.3266051429498922,0.4389640212076142,1
102,1070,Experience 1070,Sports,0.9021629239090754,0.4240213755135868,0.7602726894428304,0.7757910864370905,50,Strategy,Adventure,0.5118531542518646,0.681785280479392,29,0.0,0.0,0.35,0.7515804648090342,0,0.7498221816241766,111,0.2882882882882883,0.28126585831974693,0.4548144964016237,2
102,1090,Experience 1090,Puzzle,0.5586098880458512,0.4251872277402517,0.5338484342208252,0.861814417816014,19,Strategy,Adventure,0.5118531542518646,0.681785280479392,29,0.0,0.0,0.1666666666666666,0.9780047200310394,0,0.8121238444924872,121,0.2727272727272727,0.26841012368714073,0.40058344431354315,3
102,1036,Experience 1036,Sports,0.9655169972756756,0.2298411882545339,0.2550485289661252,0.8478368672236546,17,Strategy,Adventure,0.5118531542518646,0.681785280479392,29,0.0,0.0,0.2,0.7431953747142606,0,0.8600079010368373,129,0.26356589147286824,0.2607102512744084,0.4435165871253968,4
102,1024,Experience 1024,Sports,0.7120515552427965,0.5535760301547662,0.4935230317114728,0.4609313910731102,39,Strategy,Adventure,0.5118531542518646,0.681785280479392,29,0.0,0.0,0.1666666666666666,0.9816698774596082,0,0.9194648641014703,138,0.2608695652173913,0.25851789518915724,0.46695995126307316,5
103,1037,Experience 1037,Sports,0.7994490651436071,0.7023148063737304,0.3263399911584964,0.9948242136208678,35,Adventure,Creative,0.5713239327399994,0.3756604521687992,44,0.0,0.0,0.15,0.7550160584184971,0,0.920718205757072,120,0.30833333333333335,0.29889876742776317,0.4615916981644249,1
103,1102,Experience 1102,Sports,0.9402838286695968,0.4125021221616953,0.1907643304361418,0.200562471321554,40,Adventure,Creative,0.5713239327399994,0.3756604521687992,44,0.0,0.0,0.0666666666666666,0.6194403976961425,0,0.9948987726226926,117,0.3076923076923077,0.29814472583859014,0.4648125782259608,2
103,1106,Experience 1106,Sports,0.8146785788760947,0.3647619692710552,0.6750256601127794,0.7960604476258709,49,Adventure,Creative,0.5713239327399994,0.3756604521687992,44,0.0,0.0,0.0833333333333333,0.89629827262722,0,0.9738119543594201,128,0.28125,0.275985320539776,0.49008686139338137,3
103,1036,Experience 1036,Sports,0.9655169972756756,0.2298411882545339,0.2550485289661252,0.8478368672236546,17,Adventure,Creative,0.5713239327399994,0.3756604521687992,44,0.0,0.0,0.45,0.6837245962261258,0,0.8856144709254897,129,0.26356589147286824,0.2607102512744084,0.41952598100120675,4
103,1039,Experience 1039,Social,0.8194814495513689,0.2752805682140255,0.2419454802582048,0.889899007072331,47,Adventure,Creative,0.5713239327399994,0.3756604521687992,44,0.0,0.0,0.05,0.6706215475182055,0,0.7948160704414765,110,0.2636363636363636,0.2603525187683603,0.47882899666762285,5
104,1043,Experience 1043,Creative,0.8838983032607785,0.7641225701636372,0.5942808569171103,0.6062993981927156,47,Simulation,Adventure,0.5755608393846326,0.5094144922664362,19,0.0,0.0,0.4666666666666667,0.9812799824675223,1,0.7604878444941677,110,0.35454545454545455,0.3372755956914373,0.45331464013782546,1
104,1111,Experience 1111,Sports,0.9428982678236224,0.8155250577848677,0.575778764164542,0.2547283501174674,25,Simulation,Adventure,0.5755608393846326,0.5094144922664362,19,0.0,0.0,0.1,0.9997820752200908,0,0.8506520714502157,139,0.3237410071942446,0.31349577006218143,0.5322085704262637,2
104,1052,Experience 1052,Creative,0.6879474895864814,0.8150878066775633,0.5427584275418881,0.4028796085076296,43,Simulation,Adventure,0.5755608393846326,0.5094144922664362,19,0.0,0.0,0.4,0.9671975881572554,0,0.9654992921143393,129,0.3178294573643411,0.30769011704622046,0.41200769253203273,3
104,1067,Experience 1067,Creative,0.788764048918011,0.4580972487220676,0.5921026845821029,0.4299570499000478,43,Simulation,Adventure,0.5755608393846326,0.5094144922664362,19,0.0,0.0,0.4,0.9834581548025296,0,0.8718033603488855,119,0.31092436974789917,0.30104911827256725,0.41480947993618006,4
104,1037,Experience 1037,Sports,0.7994490651436071,0.7023148063737304,0.3263399911584964,0.9948242136208678,35,Simulation,Adventure,0.5755608393846326,0.5094144922664362,19,0.0,0.0,0.2666666666666666,0.7507791517738638,0,0.9132210016137758,120,0.30833333333333335,0.29889876742776317,0.4104910208413276,5
105,1000,Experience 1000,Action,0.9096695293967186,0.6516437731703687,0.6290364009047581,0.2407530712142694,49,Sports,Strategy,0.4122081995898021,0.8637265823391025,26,0.0,0.0,0.3833333333333333,0.783171798685044,1,0.9273092686948528,124,0.3225806451612903,0.31142935722143644,0.4772799639794413,1
105,1100,Experience 1100,Sports,0.8539423752816214,0.5771516782683807,0.6603015579098336,0.097787997445443,39,Sports,Strategy,0.4122081995898021,0.8637265823391025,26,1.0,0.0,0.2166666666666666,0.7519066416799686,1,0.9309384017124128,107,0.3177570093457944,0.3058726570069831,0.82338868148108,2
105,1088,Experience 1088,Sports,0.931739259022481,0.4207879774878386,0.5549692853271866,0.4100487869149942,11,Sports,Strategy,0.4122081995898021,0.8637265823391025,26,1.0,0.0,0.25,0.8572389142626156,0,0.9814900259324755,113,0.3008849557522124,0.292073890525465,0.8289997695062951,3
105,1039,Experience 1039,Social,0.8194814495513689,0.2752805682140255,0.2419454802582048,0.889899007072331,47,Sports,Strategy,0.4122081995898021,0.8637265823391025,26,0.0,0.0,0.35,0.8297372806684027,0,0.7136054134656419,110,0.2636363636363636,0.2603525187683603,0.4820785997202795,4
105,1092,Experience 1092,Sports,0.8280410369904486,0.5343815491606264,0.7426691928850321,0.6904019545155015,39,Sports,Strategy,0.4122081995898021,0.8637265823391025,26,1.0,0.0,0.2166666666666666,0.6695390067047701,1,0.8207534820032827,128,0.2421875,0.2422015367559922,0.8066199090522234,5
106,1013,Experience 1013,Sports,0.8486275995976889,0.743877614526904,0.1274827038621261,0.2359972626205526,20,Action,Adventure,0.3304419814073895,0.5177205756977866,38,0.0,0.0,0.3,0.7970407224547367,0,0.8249392588720802,116,0.3017241379310345,0.29298402529328565,0.4792443545131711,1
106,1069,Experience 1069,Puzzle,0.8068156107352968,0.6551858372056814,0.8842124935251735,0.2530347499296835,35,Action,Adventure,0.3304419814073895,0.5177205756977866,38,0.0,0.0,0.05,0.4462294878822159,0,0.7047586511465406,121,0.2892561983471074,0.2825945208502613,0.4476083324855232,2
106,1044,Experience 1044,Action,0.8578996664042653,0.7405382156713768,0.540545681694017,0.9388053542070384,40,Action,Adventure,0.3304419814073895,0.5177205756977866,38,1.0,0.0,0.0333333333333333,0.7898962997133725,1,0.7099634376580628,112,0.2857142857142857,0.27913505636277913,0.8306992019831687,3
106,1110,Experience 1110,Creative,0.8487034770737338,0.6513439158584452,0.7080979103356375,0.2741343936886083,18,Action,Adventure,0.3304419814073895,0.5177205756977866,38,0.0,0.0,0.3333333333333333,0.622344071071752,0,0.8265559428794218,109,0.28440366972477066,0.2778746313169523,0.4405865182296437,4
106,1090,Experience 1090,Puzzle,0.5586098880458512,0.4251872277402517,0.5338484342208252,0.861814417816014,19,Action,Adventure,0.3304419814073895,0.5177205756977866,38,0.0,0.0,0.3166666666666666,0.7965935471865644,0,0.8448833963724012,121,0.2727272727272727,0.26841012368714073,0.3789255176311951,5
107,1090,Experience 1090,Puzzle,0.5586098880458512,0.4251872277402517,0.5338484342208252,0.861814417816014,19,Action,Social,0.6509236153822313,0.5174023936020361,24,0.0,0.0,0.0833333333333333,0.8829248188385939,0,0.910744694411072,121,0.2727272727272727,0.26841012368714073,0.45062962805430146,1
107,1039,Experience 1039,Social,0.8194814495513689,0.2752805682140255,0.2419454802582048,0.889899007072331,47,Action,Social,0.6509236153822313,0.5174023936020361,24,0.0,1.0,0.3833333333333333,0.5910218648759735,1,0.8335947035880901,110,0.2636363636363636,0.2603525187683603,0.6442604531035286,2
107,1096,Experience 1096,Adventure,0.7903170826018652,0.4751627362769494,0.5362341337297925,0.9233469677258124,13,Action,Social,0.6509236153822313,0.5174023936020361,24,0.0,0.0,0.1833333333333333,0.8853105183475611,0,0.8332288315301534,123,0.25203252032520324,0.25067012195725064,0.4783263770609787,3
107,1083,Experience 1083,Sports,0.5638116113845065,0.5523903507798276,0.3674940432740611,0.3952346537588943,26,Action,Social,0.6509236153822313,0.5174023936020361,24,0.0,0.0,0.0333333333333333,0.7165704278918298,1,0.7676180819059858,122,0.22950819672131148,0.23130864394286513,0.4489265560978766,4
107,1034,Experience 1034,Strategy,0.5016628944231066,0.7184788322001798,0.7569144817322334,0.2251776661055454,11,Action,Social,0.6509236153822313,0.5174023936020361,24,0.0,0.0,0.2166666666666666,0.8940091336499979,0,0.8276823831712941,132,0.2196969696969697,0.22266991736767663,0.42971618649109383,5
108,1084,Experience 1084,Social,0.6722561348379004,0.2863456816441453,0.5362524927433157,0.7470758006298863,26,Adventure,Strategy,0.8524239452284642,0.4822589124892035,46,0.0,0.0,0.3333333333333333,0.6838285475148514,0,0.8023352616329144,111,0.35135135135135137,0.3347009728235637,0.41170474689852476,1
108,1046,Experience 1046,Puzzle,0.9358581895296346,0.2937905951089806,0.3646871905132503,0.5570017818814502,30,Adventure,Strategy,0.8524239452284642,0.4822589124892035,46,0.0,0.0,0.2666666666666666,0.5122632452847862,0,0.880421720430973,124,0.2661290322580645,0.26281824611032534,0.393237481201491,2
108,1099,Experience 1099,Adventure,0.8332801744008336,0.4077151465805127,0.8307594812615263,0.7545731382181347,49,Adventure,Strategy,0.8524239452284642,0.4822589124892035,46,1.0,0.0,0.05,0.978335536033062,0,0.9526085501310878,119,0.2605042016806723,0.25788365064666796,0.8155198898156705,3
108,1091,Experience 1091,Sports,0.6742348817628386,0.2717222536331008,0.7498162980972818,0.6422524185679935,12,Adventure,Strategy,0.8524239452284642,0.4822589124892035,46,0.0,0.0,0.5666666666666667,0.8973923528688176,0,0.7976982728140515,105,0.2571428571428571,0.25476661951909474,0.3831660524270008,4
108,1078,Experience 1078,Simulation,0.9139745006021852,0.4875947260651535,0.1081242288365573,0.0386443098268846,51,Adventure,Strategy,0.8524239452284642,0.4822589124892035,46,0.0,0.0,0.0833333333333333,0.2557002836080931,0,0.9389968073006731,97,0.23711340206185566,0.23799852512723801,0.35938086018143733,5
109,1002,Experience 1002,Social,0.5654662227449457,0.1419781043952984,0.4876512775379703,0.1763555764178013,30,Action,Adventure,0.7099568770132711,0.4582117431397214,39,0.0,0.0,0.15,0.7776944005246992,0,0.7376087147989194,125,0.312,0.30238501682680585,0.4308194304891541,1
109,1037,Experience 1037,Sports,0.7994490651436071,0.7023148063737304,0.3263399911584964,0.9948242136208678,35,Action,Adventure,0.7099568770132711,0.4582117431397214,39,0.0,0.0,0.0666666666666666,0.6163831141452253,1,0.7840921571557484,120,0.30833333333333335,0.29889876742776317,0.4501332491391218,2
109,1014,Experience 1014,Social,0.7084360738896248,0.6919622480914536,0.5066406143622445,0.7631554898199004,35,Action,Adventure,0.7099568770132711,0.4582117431397214,39,0.0,0.0,0.0666666666666666,0.7966837373489734,0,0.8600627364125056,117,0.29914529914529914,0.29084545576559745,0.5162704570462087,3
109,1090,Experience 1090,Puzzle,0.5586098880458512,0.4251872277402517,0.5338484342208252,0.861814417816014,19,Action,Adventure,0.7099568770132711,0.4582117431397214,39,0.0,0.0,0.3333333333333333,0.823891557207554,0,0.8868532325135361,121,0.2727272727272727,0.26841012368714073,0.37378119868788157,4
109,1073,Experience 1073,Adventure,0.687693407311507,0.5642695337399875,0.7523432280065728,0.8351257910807337,50,Action,Adventure,0.7099568770132711,0.4582117431397214,39,0.0,1.0,0.1833333333333333,0.9576136490066984,0,0.7155823006313368,132,0.26515151515151514,0.26214360157820293,0.6156276780297164,5
110,1013,Experience 1013,Sports,0.8486275995976889,0.743877614526904,0.1274827038621261,0.2359972626205526,20,Social,Action,0.1458937796735458,0.6939425528430493,25,0.0,0.0,0.0833333333333333,0.9815889241885802,1,0.91642627477862,116,0.3017241379310345,0.29298402529328565,0.5252846576628878,1
110,1009,Experience 1009,Action,0.7987178764315418,0.3460501829476273,0.2238314684756084,0.130890330850495,53,Social,Action,0.1458937796735458,0.6939425528430493,25,0.0,1.0,0.4666666666666667,0.9220623111979374,0,0.7235442638668712,104,0.28846153846153844,0.28101473741844224,0.5948526265729518,2
110,1106,Experience 1106,Sports,0.8146785788760947,0.3647619692710552,0.6750256601127794,0.7960604476258709,49,Social,Action,0.1458937796735458,0.6939425528430493,25,0.0,0.0,0.4,0.4708681195607664,0,0.9785851998095078,128,0.28125,0.275985320539776,0.387031918550716,3
110,1096,Experience 1096,Adventure,0.7903170826018652,0.4751627362769494,0.5362341337297925,0.9233469677258124,13,Social,Action,0.1458937796735458,0.6939425528430493,25,0.0,0.0,0.2,0.6096596459437534,0,0.8746271998408429,123,0.25203252032520324,0.25067012195725064,0.3864971528144067,4
110,1083,Experience 1083,Sports,0.5638116113845065,0.5523903507798276,0.3674940432740611,0.3952346537588943,26,Social,Action,0.1458937796735458,0.6939425528430493,25,0.0,0.0,0.0166666666666666,0.7783997363994848,0,0.887754130310428,122,0.22950819672131148,0.23130864394286513,0.41865435319203703,5
111,1043,Experience 1043,Creative,0.8838983032607785,0.7641225701636372,0.5942808569171103,0.6062993981927156,47,Strategy,Action,0.5850561594410665,0.4959424041129145,32,0.0,0.0,0.25,0.9907753025239562,0,0.9267464850603646,110,0.35454545454545455,0.3372755956914373,0.4985277442013852,1
111,1011,Experience 1011,Strategy,0.8438936347604792,0.3089791482471649,0.5527453913687409,0.302964628837302,52,Strategy,Action,0.5850561594410665,0.4959424041129145,32,1.0,0.0,0.3333333333333333,0.9676892319276744,1,0.8293629773596743,123,0.2682926829268293,0.26465613594326465,0.7799133078357503,2
111,1051,Experience 1051,Adventure,0.7608650542535511,0.4945204429565272,0.5049786641965721,0.9492935230092574,34,Strategy,Action,0.5850561594410665,0.4959424041129145,32,0.0,0.0,0.0333333333333333,0.9199225047555056,0,0.8308938343077236,122,0.2459016393442623,0.24539315098511863,0.43234745357730087,3
111,1068,Experience 1068,Action,0.698456042052288,0.2594560290757449,0.3550613668330224,0.4325155932423661,21,Strategy,Action,0.5850561594410665,0.4959424041129145,32,0.0,1.0,0.1833333333333333,0.7700052073919559,0,0.7014996751265283,111,0.24324324324324326,0.2430979193884492,0.5406744432768105,4
111,1072,Experience 1072,Puzzle,0.7449779069249327,0.3414623639761886,0.973475515285742,0.3783180142237856,25,Strategy,Action,0.5850561594410665,0.4959424041129145,32,0.0,0.0,0.1166666666666666,0.6115806441553244,0,0.8089992495198322,119,0.21008403361344538,0.21471818302076867,0.4004107208377676,5
112,1037,Experience 1037,Sports,0.7994490651436071,0.7023148063737304,0.3263399911584964,0.9948242136208678,35,Action,Adventure,0.741614217196715,0.7679407045199396,44,0.0,0.0,0.15,0.5847257739617814,0,0.986038315288179,120,0.30833333333333335,0.29889876742776317,0.45365834213409645,1
112,1060,Experience 1060,Strategy,0.8620933017122632,0.1051567799118504,0.3772606570904063,0.1400554046894906,58,Action,Adventure,0.741614217196715,0.7679407045199396,44,0.0,0.0,0.2333333333333333,0.6356464398936912,0,0.7074246936051033,102,0.27450980392156865,0.2692280937695643,0.39913019167078134,2
112,1103,Experience 1103,Action,0.6677544964493587,0.4461723957193605,0.794276194278496,0.1853752728024856,59,Action,Adventure,0.741614217196715,0.7679407045199396,44,1.0,0.0,0.25,0.947338022918219,1,0.9623433077159048,121,0.23140495867768596,0.23294913077933935,0.8102885656083234,3
112,1105,Experience 1105,Sports,0.6106599794863272,0.6391373818905719,0.6213931070244737,0.2894297075080649,54,Action,Adventure,0.741614217196715,0.7679407045199396,44,0.0,0.0,0.1666666666666666,0.8797788898277586,0,0.7821392990797043,130,0.23076923076923078,0.2323055162659123,0.47394217219945534,4
112,1031,Experience 1031,Adventure,0.6267069522672452,0.6020379288394027,0.9395582128996094,0.5521627033044271,46,Action,Adventure,0.741614217196715,0.7679407045199396,44,0.0,1.0,0.0333333333333333,0.8020560042971057,0,0.8185915259090414,113,0.23008849557522124,0.2319235145856154,0.6187429200564033,5
113,1000,Experience 1000,Action,0.9096695293967186,0.6516437731703687,0.6290364009047581,0.2407530712142694,49,Creative,Social,0.918657490132268,0.7707285414775169,41,0.0,0.0,0.1333333333333333,0.71037891077249,0,0.7107471304460397,124,0.3225806451612903,0.31142935722143644,0.5340622197161466,1
113,1100,Experience 1100,Sports,0.8539423752816214,0.5771516782683807,0.6603015579098336,0.097787997445443,39,Creative,Social,0.918657490132268,0.7707285414775169,41,0.0,0.0,0.0333333333333333,0.7416440677775655,0,0.9925156055160667,107,0.3177570093457944,0.3058726570069831,0.5496083476698449,2
113,1002,Experience 1002,Social,0.5654662227449457,0.1419781043952984,0.4876512775379703,0.1763555764178013,30,Creative,Social,0.918657490132268,0.7707285414775169,41,0.0,1.0,0.1833333333333333,0.5689937874057023,0,0.8327951456948036,125,0.312,0.30238501682680585,0.6064801349526654,3
113,1074,Experience 1074,Social,0.7411737446379107,0.1336446501121093,0.5667526591354218,0.2130749343990023,32,Creative,Social,0.918657490132268,0.7707285414775169,41,0.0,1.0,0.15,0.6480951690031538,0,0.7853864960764025,149,0.2953020134228188,0.28902856473305827,0.6662962544831418,4
113,1069,Experience 1069,Puzzle,0.8068156107352968,0.6551858372056814,0.8842124935251735,0.2530347499296835,35,Creative,Social,0.918657490132268,0.7707285414775169,41,0.0,0.0,0.1,0.9655550033929056,0,0.7409995830913001,121,0.2892561983471074,0.2825945208502613,0.5707338386872642,5
114,1025,Experience 1025,Social,0.838744739121835,0.7279884901895025,0.5876677647056102,0.0811540004238993,14,Adventure,Creative,0.526851999137132,0.5387842304542427,38,0.0,0.0,0.4,0.9391842344315218,0,0.8066552672353626,120,0.31666666666666665,0.30604162457062034,0.5503803276521901,1
114,1014,Experience 1014,Social,0.7084360738896248,0.6919622480914536,0.5066406143622445,0.7631554898199004,35,Adventure,Creative,0.526851999137132,0.5387842304542427,38,0.0,0.0,0.05,0.9797886152251124,1,0.7671183242625829,117,0.29914529914529914,0.29084545576559745,0.5518081166054793,2
114,1064,Experience 1064,Puzzle,0.6204758892789963,0.4435351922580418,0.6632419642315316,0.276207363456566,49,Adventure,Creative,0.526851999137132,0.5387842304542427,38,0.0,0.0,0.1833333333333333,0.8636100349056004,0,0.7035583102271814,94,0.2765957446808511,0.27057743368321796,0.430695958385994,3
114,1021,Experience 1021,Creative,0.6317033375365485,0.227795161908673,0.5969784094803497,0.8897794665398687,40,Adventure,Creative,0.526851999137132,0.5387842304542427,38,0.0,1.0,0.0333333333333333,0.9298735896567822,0,0.9500506075696007,117,0.23931623931623933,0.23975056525464852,0.5954803153670234,4
114,1055,Experience 1055,Action,0.9121309206982589,0.3826203354113438,0.2499073592941251,0.1919211614110854,38,Adventure,Creative,0.526851999137132,0.5387842304542427,38,0.0,0.0,0.0,0.7230553601569931,1,0.8412182596322617,114,0.23684210526315788,0.237655428655872,0.46969436180027163,5
115,1014,Experience 1014,Social,0.7084360738896248,0.6919622480914536,0.5066406143622445,0.7631554898199004,35,Action,Creative,0.3961422837227741,0.5202032571748686,46,0.0,0.0,0.1833333333333333,0.8895016693605297,0,0.854563607658929,117,0.29914529914529914,0.29084545576559745,0.5490889455691262,1
115,1106,Experience 1106,Sports,0.8146785788760947,0.3647619692710552,0.6750256601127794,0.7960604476258709,49,Action,Creative,0.3961422837227741,0.5202032571748686,46,0.0,0.0,0.05,0.7211166236099947,0,0.8850939433990236,128,0.28125,0.275985320539776,0.49573108263838317,2
115,1073,Experience 1073,Adventure,0.687693407311507,0.5642695337399875,0.7523432280065728,0.8351257910807337,50,Action,Creative,0.3961422837227741,0.5202032571748686,46,0.0,0.0,0.0666666666666666,0.6437990557162013,0,0.8116545018562716,132,0.26515151515151514,0.26214360157820293,0.43205648804220315,3
115,1051,Experience 1051,Adventure,0.7608650542535511,0.4945204429565272,0.5049786641965721,0.9492935230092574,34,Action,Creative,0.3961422837227741,0.5202032571748686,46,0.0,0.0,0.2,0.891163619526202,0,0.7714324625941587,122,0.2459016393442623,0.24539315098511863,0.4605049570277543,4
115,1092,Experience 1092,Sports,0.8280410369904486,0.5343815491606264,0.7426691928850321,0.6904019545155015,39,Action,Creative,0.3961422837227741,0.5202032571748686,46,0.0,0.0,0.1166666666666666,0.6534730908377421,0,0.8650286830659059,128,0.2421875,0.2422015367559922,0.4949974045043841,5
116,1084,Experience 1084,Social,0.6722561348379004,0.2863456816441453,0.5362524927433157,0.7470758006298863,26,Social,Creative,0.644249871464006,0.5851473688272698,19,1.0,0.0,0.1166666666666666,0.8920026212793096,0,0.8664422048624365,111,0.35135135135135137,0.3347009728235637,0.8201212612781343,1
116,1013,Experience 1013,Sports,0.8486275995976889,0.743877614526904,0.1274827038621261,0.2359972626205526,20,Social,Creative,0.644249871464006,0.5851473688272698,19,0.0,0.0,0.0166666666666666,0.4832328323981201,1,0.7278949980036814,116,0.3017241379310345,0.29298402529328565,0.4417998457349501,2
116,1070,Experience 1070,Sports,0.9021629239090754,0.4240213755135868,0.7602726894428304,0.7757910864370905,50,Social,Creative,0.644249871464006,0.5851473688272698,19,0.0,0.0,0.5166666666666667,0.8839771820211756,1,0.8460793893687826,111,0.2882882882882883,0.28126585831974693,0.47326091886938837,3
116,1044,Experience 1044,Action,0.8578996664042653,0.7405382156713768,0.540545681694017,0.9388053542070384,40,Social,Creative,0.644249871464006,0.5851473688272698,19,0.0,0.0,0.35,0.8962958102300109,0,0.8419423254994737,112,0.2857142857142857,0.27913505636277913,0.4748523381377451,4
116,1005,Experience 1005,Sports,0.725440926488475,0.5102685875213342,0.2459903544501388,0.2409271164143122,19,Social,Creative,0.644249871464006,0.5851473688272698,19,0.0,0.0,0.0,0.6017404829861328,0,0.9426365824825711,114,0.2543859649122807,0.25258080179020037,0.41991397644496203,5
117,1002,Experience 1002,Social,0.5654662227449457,0.1419781043952984,0.4876512775379703,0.1763555764178013,30,Social,Action,0.5514610091973254,0.3060223789648619,31,1.0,0.0,0.0166666666666666,0.9361902683406448,1,0.7555549530569101,125,0.312,0.30238501682680585,0.7987192557023234,1
117,1102,Experience 1102,Sports,0.9402838286695968,0.4125021221616953,0.1907643304361418,0.200562471321554,40,Social,Action,0.5514610091973254,0.3060223789648619,31,0.0,0.0,0.15,0.6393033212388164,0,0.9534685584128424,117,0.3076923076923077,0.29814472583859014,0.4401301618373596,2
117,1074,Experience 1074,Social,0.7411737446379107,0.1336446501121093,0.5667526591354218,0.2130749343990023,32,Social,Action,0.5514610091973254,0.3060223789648619,31,1.0,0.0,0.0166666666666666,0.9847083500619036,1,0.822589946601416,149,0.2953020134228188,0.28902856473305827,0.8322458784777051,3
117,1060,Experience 1060,Strategy,0.8620933017122632,0.1051567799118504,0.3772606570904063,0.1400554046894906,58,Social,Action,0.5514610091973254,0.3060223789648619,31,0.0,0.0,0.45,0.8257996478930809,0,0.9810860679430965,102,0.27450980392156865,0.2692280937695643,0.3698173080072738,4
117,1108,Experience 1108,Puzzle,0.8425576923542274,0.4822507608830354,0.666849920378606,0.8027206052883656,21,Social,Action,0.5514610091973254,0.3060223789648619,31,0.0,0.0,0.1666666666666666,0.8846110888187194,0,0.9089960446893383,92,0.2717391304347826,0.2664806021418468,0.45870624219401,5
118,1043,Experience 1043,Creative,0.8838983032607785,0.7641225701636372,0.5942808569171103,0.6062993981927156,47,Creative,Strategy,0.915484214648095,0.2649466123722202,25,1.0,0.0,0.3666666666666666,0.6787966422690153,0,0.8424742486251553,110,0.35454545454545455,0.3372755956914373,0.7802332943405063,1
118,1102,Experience 1102,Sports,0.9402838286695968,0.4125021221616953,0.1907643304361418,0.200562471321554,40,Creative,Strategy,0.915484214648095,0.2649466123722202,25,0.0,0.0,0.25,0.2752801157880468,1,0.7014811670490392,117,0.3076923076923077,0.29814472583859014,0.36005655257194674,2
118,1110,Experience 1110,Creative,0.8487034770737338,0.6513439158584452,0.7080979103356375,0.2741343936886083,18,Creative,Strategy,0.915484214648095,0.2649466123722202,25,1.0,0.0,0.1166666666666666,0.7926136956875425,1,0.7423974936197888,109,0.28440366972477066,0.2778746313169523,0.8008636714851524,3
118,1024,Experience 1024,Sports,0.7120515552427965,0.5535760301547662,0.4935230317114728,0.4609313910731102,39,Creative,Strategy,0.915484214648095,0.2649466123722202,25,0.0,0.0,0.2333333333333333,0.5780388170633778,0,0.8410652564899092,138,0.2608695652173913,0.25851789518915724,0.3752652124208601,4
118,1092,Experience 1092,Sports,0.8280410369904486,0.5343815491606264,0.7426691928850321,0.6904019545155015,39,Creative,Strategy,0.915484214648095,0.2649466123722202,25,0.0,0.0,0.2333333333333333,0.827184978236937,0,0.7583554492342947,128,0.2421875,0.2422015367559922,0.451918302438204,5
119,1043,Experience 1043,Creative,0.8838983032607785,0.7641225701636372,0.5942808569171103,0.6062993981927156,47,Simulation,Puzzle,0.3372361582737985,0.5909435803391828,10,0.0,0.0,0.6166666666666667,0.7429553013566882,0,0.8876815181522236,110,0.35454545454545455,0.3372755956914373,0.4197625052989833,1
119,1111,Experience 1111,Sports,0.9428982678236224,0.8155250577848677,0.575778764164542,0.2547283501174674,25,Simulation,Puzzle,0.3372361582737985,0.5909435803391828,10,0.0,0.0,0.25,0.7614573941092565,0,0.8467336080798042,139,0.3237410071942446,0.31349577006218143,0.49813788249379704,2
119,1058,Experience 1058,Social,0.5666390936836835,0.5294440043668863,0.4156619036213059,0.2647117106195373,52,Simulation,Puzzle,0.3372361582737985,0.5909435803391828,10,0.0,0.0,0.7,0.9215742546524924,1,0.8692410297898433,100,0.32,0.30704856199905706,0.40995316719013264,3
119,1002,Experience 1002,Social,0.5654662227449457,0.1419781043952984,0.4876512775379703,0.1763555764178013,30,Simulation,Puzzle,0.3372361582737985,0.5909435803391828,10,0.0,0.0,0.3333333333333333,0.8495848807358282,0,0.7302293369645212,125,0.312,0.30238501682680585,0.40551891234380594,4
119,1119,Experience 1119,Action,0.8086136050725224,0.7572883677081093,0.5086964614589882,0.1619415702496311,9,Simulation,Puzzle,0.3372361582737985,0.5909435803391828,10,0.0,0.0,0.0166666666666666,0.8285396968148103,1,0.8628791425288128,115,0.30434782608695654,0.29515427733249516,0.4723864207254567,5
120,1014,Experience 1014,Social,0.7084360738896248,0.6919622480914536,0.5066406143622445,0.7631554898199004,35,Puzzle,Action,0.2893201600940863,0.1854867918779683,35,0.0,0.0,0.0,0.7826795457318418,0,0.7428104992312206,117,0.29914529914529914,0.29084545576559745,0.489777877782175,1
120,1008,Experience 1008,Adventure,0.8415828324170402,0.3364498304651394,0.599089106012921,0.2728043301458357,40,Puzzle,Action,0.2893201600940863,0.1854867918779683,35,0.0,0.0,0.0833333333333333,0.6902310540811654,0,0.8479209705299593,117,0.27350427350427353,0.2689476455466193,0.3996375282024171,2
120,1073,Experience 1073,Adventure,0.687693407311507,0.5642695337399875,0.7523432280065728,0.8351257910807337,50,Puzzle,Action,0.2893201600940863,0.1854867918779683,35,0.0,0.0,0.25,0.5369769320875135,0,0.7769961530893263,132,0.26515151515151514,0.26214360157820293,0.33940151842224,3
120,1068,Experience 1068,Action,0.698456042052288,0.2594560290757449,0.3550613668330224,0.4325155932423661,21,Puzzle,Action,0.2893201600940863,0.1854867918779683,35,0.0,1.0,0.2333333333333333,0.934258793261064,0,0.7208076274701882,111,0.24324324324324326,0.2430979193884492,0.5553848761788662,4
120,1092,Experience 1092,Sports,0.8280410369904486,0.5343815491606264,0.7426691928850321,0.6904019545155015,39,Puzzle,Action,0.2893201600940863,0.1854867918779683,35,0.0,0.0,0.0666666666666666,0.5466509672090543,0,0.9694023699570261,128,0.2421875,0.2422015367559922,0.42210985043108495,5
121,1067,Experience 1067,Creative,0.788764048918011,0.4580972487220676,0.5921026845821029,0.4299570499000478,43,Puzzle,Action,0.4525389887426308,0.3654349876996477,27,0.0,0.0,0.2666666666666666,0.8604363041605279,0,0.7843482065799798,119,0.31092436974789917,0.30104911827256725,0.42126472734933257,1
121,1119,Experience 1119,Action,0.8086136050725224,0.7572883677081093,0.5086964614589882,0.1619415702496311,9,Puzzle,Action,0.4525389887426308,0.3654349876996477,27,0.0,1.0,0.3,0.9438425272836426,1,0.8579874208131031,115,0.30434782608695654,0.29515427733249516,0.6228184903183542,2
121,1106,Experience 1106,Sports,0.8146785788760947,0.3647619692710552,0.6750256601127794,0.7960604476258709,49,Puzzle,Action,0.4525389887426308,0.3654349876996477,27,0.0,0.0,0.3666666666666666,0.7775133286298515,0,0.867669957494627,128,0.28125,0.275985320539776,0.4154090675197409,3
121,1090,Experience 1090,Puzzle,0.5586098880458512,0.4251872277402517,0.5338484342208252,0.861814417816014,19,Puzzle,Action,0.4525389887426308,0.3654349876996477,27,1.0,0.0,0.1333333333333333,0.9186905545218056,0,0.8302587877263082,121,0.2727272727272727,0.26841012368714073,0.7509608497156836,4
121,1011,Experience 1011,Strategy,0.8438936347604792,0.3089791482471649,0.5527453913687409,0.302964628837302,52,Puzzle,Action,0.4525389887426308,0.3654349876996477,27,0.0,0.0,0.4166666666666667,0.89979359737389,0,0.9462392840609612,123,0.2682926829268293,0.26465613594326465,0.39462599411120025,5
122,1119,Experience 1119,Action,0.8086136050725224,0.7572883677081093,0.5086964614589882,0.1619415702496311,9,Puzzle,Simulation,0.4940367596202861,0.4331449465878885,50,0.0,0.0,0.6833333333333333,0.985340298161298,0,0.8938244588156085,115,0.30434782608695654,0.29515427733249516,0.42485438214758703,1
122,1074,Experience 1074,Social,0.7411737446379107,0.1336446501121093,0.5667526591354218,0.2130749343990023,32,Puzzle,Simulation,0.4940367596202861,0.4331449465878885,50,0.0,0.0,0.3,0.9272841004848642,0,0.8397073975499307,149,0.2953020134228188,0.28902856473305827,0.4634826025389547,2
122,1006,Experience 1006,Action,0.8770181756508404,0.5275353377269014,0.8047332447846338,0.7517807092307816,28,Puzzle,Simulation,0.4940367596202861,0.4331449465878885,50,0.0,0.0,0.3666666666666666,0.6893035148356523,0,0.7386168448099083,103,0.27184466019417475,0.26703924747875485,0.41490654654181286,3
122,1076,Experience 1076,Creative,0.7805257487778566,0.3562342599893083,0.7812983230640933,0.571167362055741,8,Puzzle,Simulation,0.4940367596202861,0.4331449465878885,50,0.0,0.0,0.7,0.7127384365561928,0,0.714488026489252,124,0.23387096774193547,0.23504046833254755,0.3468828191905287,4
122,1020,Experience 1020,Simulation,0.8220634578382588,0.5054615596538111,0.3982077558970217,0.6135164847298321,13,Puzzle,Simulation,0.4940367596202861,0.4331449465878885,50,0.0,1.0,0.6166666666666667,0.9041709962767356,0,0.9120360485313699,129,0.21705426356589147,0.22044179489856944,0.5525692834344658,5
123,1002,Experience 1002,Social,0.5654662227449457,0.1419781043952984,0.4876512775379703,0.1763555764178013,30,Action,Creative,0.746773429121776,0.2249327834953873,42,0.0,0.0,0.2,0.7408778484161943,0,0.7995928472091068,125,0.312,0.30238501682680585,0.4253412389441921,1
123,1009,Experience 1009,Action,0.7987178764315418,0.3460501829476273,0.2238314684756084,0.130890330850495,53,Action,Creative,0.746773429121776,0.2249327834953873,42,1.0,0.0,0.1833333333333333,0.4770580393538324,0,0.9689870056743808,104,0.28846153846153844,0.28101473741844224,0.7527259998302924,2
123,1044,Experience 1044,Action,0.8578996664042653,0.7405382156713768,0.540545681694017,0.9388053542070384,40,Action,Creative,0.746773429121776,0.2249327834953873,42,1.0,0.0,0.0333333333333333,0.7937722525722409,0,0.9040869328153489,112,0.2857142857142857,0.27913505636277913,0.8297495022767994,3
123,1008,Experience 1008,Adventure,0.8415828324170402,0.3364498304651394,0.599089106012921,0.2728043301458357,40,Action,Creative,0.746773429121776,0.2249327834953873,42,0.0,0.0,0.0333333333333333,0.852315676891145,1,0.9982268162403914,117,0.27350427350427353,0.2689476455466193,0.46936360078251305,4
123,1005,Experience 1005,Sports,0.725440926488475,0.5102685875213342,0.2459903544501388,0.2409271164143122,19,Action,Creative,0.746773429121776,0.2249327834953873,42,0.0,0.0,0.3833333333333333,0.4992169253283628,1,0.744984927891762,114,0.2543859649122807,0.25258080179020037,0.3734279722717993,5
124,1043,Experience 1043,Creative,0.8838983032607785,0.7641225701636372,0.5942808569171103,0.6062993981927156,47,Puzzle,Creative,0.2777353294178747,0.8795758780071369,42,0.0,1.0,0.0833333333333333,0.6834544725007644,1,0.9987446104875056,110,0.35454545454545455,0.3372755956914373,0.6708968022689493,1
124,1059,Experience 1059,Social,0.7489549716721217,0.4911530499138364,0.6826986067555766,0.9132851837019758,49,Puzzle,Creative,0.2777353294178747,0.8795758780071369,42,0.0,0.0,0.1166666666666666,0.5950367226622981,0,0.8803080195933688,105,0.34285714285714286,0.32676661951909475,0.5002992834353426,2
124,1070,Experience 1070,Sports,0.9021629239090754,0.4240213755135868,0.7602726894428304,0.7757910864370905,50,Puzzle,Creative,0.2777353294178747,0.8795758780071369,42,0.0,0.0,0.1333333333333333,0.5174626399750443,0,0.99917008130138,111,0.2882882882882883,0.28126585831974693,0.47467400056517967,3
124,1078,Experience 1078,Simulation,0.9139745006021852,0.4875947260651535,0.1081242288365573,0.0386443098268846,51,Puzzle,Creative,0.2777353294178747,0.8795758780071369,42,0.0,0.0,0.15,0.8303888994186825,0,0.9902041675452407,97,0.23711340206185566,0.23799852512723801,0.48842639164679247,4
124,1076,Experience 1076,Creative,0.7805257487778566,0.3562342599893083,0.7812983230640933,0.571167362055741,8,Puzzle,Creative,0.2777353294178747,0.8795758780071369,42,0.0,1.0,0.5666666666666667,0.4964370063537814,1,0.7778182819658,124,0.23387096774193547,0.23504046833254755,0.5363735635368743,5
125,1052,Experience 1052,Creative,0.6879474895864814,0.8150878066775633,0.5427584275418881,0.4028796085076296,43,Action,Strategy,0.8311320032935191,0.2783511221869266,21,0.0,0.0,0.3666666666666666,0.711626424248369,0,0.8376667526676198,129,0.3178294573643411,0.30769011704622046,0.39577606782573815,1
125,1025,Experience 1025,Social,0.838744739121835,0.7279884901895025,0.5876677647056102,0.0811540004238993,14,Action,Strategy,0.8311320032935191,0.2783511221869266,21,0.0,0.0,0.1166666666666666,0.7565357614120911,1,0.9509476574336972,120,0.31666666666666665,0.30604162457062034,0.5281326758373148,2
125,1037,Experience 1037,Sports,0.7994490651436071,0.7023148063737304,0.3263399911584964,0.9948242136208678,35,Action,Strategy,0.8311320032935191,0.2783511221869266,21,0.0,0.0,0.2333333333333333,0.4952079878649773,0,0.915459013320259,120,0.30833333333333335,0.29889876742776317,0.3942790811558592,3
125,1074,Experience 1074,Social,0.7411737446379107,0.1336446501121093,0.5667526591354218,0.2130749343990023,32,Action,Strategy,0.8311320032935191,0.2783511221869266,21,0.0,0.0,0.1833333333333333,0.7356206558419027,0,0.8222775497394039,149,0.2953020134228188,0.28902856473305827,0.44852566953171885,4
125,1023,Experience 1023,Strategy,0.934275144868182,0.4241492862896971,0.2179097364670654,0.7914514878076223,48,Action,Strategy,0.8311320032935191,0.2783511221869266,21,0.0,1.0,0.45,0.3867777331735463,0,0.8153359978733082,110,0.2818181818181818,0.2757371341529757,0.4940924236420495,5
126,1052,Experience 1052,Creative,0.6879474895864814,0.8150878066775633,0.5427584275418881,0.4028796085076296,43,Simulation,Sports,0.6738043520951668,0.5931504485940953,41,0.0,0.0,0.0333333333333333,0.8689540754467213,1,0.8477775759456402,129,0.3178294573643411,0.30769011704622046,0.48385247950526694,1
126,1119,Experience 1119,Action,0.8086136050725224,0.7572883677081093,0.5086964614589882,0.1619415702496311,9,Simulation,Sports,0.6738043520951668,0.5931504485940953,41,0.0,0.0,0.5333333333333333,0.8348921093638214,0,0.861421356255153,115,0.30434782608695654,0.29515427733249516,0.44693394676473447,2
126,1106,Experience 1106,Sports,0.8146785788760947,0.3647619692710552,0.6750256601127794,0.7960604476258709,49,Simulation,Sports,0.6738043520951668,0.5931504485940953,41,0.0,1.0,0.1333333333333333,0.9987786919823872,0,0.823517427220744,128,0.28125,0.275985320539776,0.6790630764983846,3
126,1011,Experience 1011,Strategy,0.8438936347604792,0.3089791482471649,0.5527453913687409,0.302964628837302,52,Simulation,Sports,0.6738043520951668,0.5931504485940953,41,0.0,0.0,0.1833333333333333,0.8789410392735741,0,0.8777633241036354,123,0.2682926829268293,0.26465613594326465,0.4512655919296467,4
126,1075,Experience 1075,Puzzle,0.7701763699744956,0.5714931074517187,0.7080993700732455,0.0043057756676786,58,Simulation,Sports,0.6738043520951668,0.5931504485940953,41,0.0,0.0,0.2833333333333333,0.9657049820219212,0,0.9043852769762739,114,0.22807017543859648,0.23019274208870782,0.49897340947239277,5
127,1100,Experience 1100,Sports,0.8539423752816214,0.5771516782683807,0.6603015579098336,0.097787997445443,39,Adventure,Simulation,0.7106119576411216,0.3755421333043018,10,0.0,0.0,0.4833333333333333,0.949689600268712,0,0.8566622969802692,107,0.3177570093457944,0.3058726570069831,0.4438141455756986,1
127,1106,Experience 1106,Sports,0.8146785788760947,0.3647619692710552,0.6750256601127794,0.7960604476258709,49,Adventure,Simulation,0.7106119576411216,0.3755421333043018,10,0.0,0.0,0.65,0.9644137024716578,0,0.7185389323133458,128,0.28125,0.275985320539776,0.39851205796423295,2
127,1050,Experience 1050,Sports,0.6444432625143321,0.2032573812502654,0.7840857883345029,0.0579453445381299,24,Adventure,Simulation,0.7106119576411216,0.3755421333043018,10,0.0,0.0,0.2333333333333333,0.9265261693066188,1,0.7101571300199274,107,0.27102803738317754,0.2665025782668255,0.3879639594250217,3
127,1004,Experience 1004,Puzzle,0.809305382335664,0.5027055170834634,0.7716046143560276,0.3920600224154432,16,Adventure,Simulation,0.7106119576411216,0.3755421333043018,10,0.0,0.0,0.1,0.939007343285094,0,0.9394627412794422,123,0.21951219512195122,0.2226980939852227,0.45049925602450247,4
127,1118,Experience 1118,Adventure,0.6594774101626886,0.3565880675711896,0.5086937555214479,0.0351168111096665,58,Adventure,Simulation,0.7106119576411216,0.3755421333043018,10,1.0,0.0,0.8,0.7980817978803263,1,0.8286332386221802,109,0.21100917431192662,0.21585912744098332,0.6700716725579233,5
128,1058,Experience 1058,Social,0.5666390936836835,0.5294440043668863,0.4156619036213059,0.2647117106195373,52,Adventure,Social,0.7722767545402913,0.8684206831995551,41,0.0,1.0,0.1833333333333333,0.6433851490810145,0,0.7419646283543587,100,0.32,0.30704856199905706,0.647195941324871,1
128,1033,Experience 1033,Simulation,0.8859147305780027,0.259942782541492,0.2648265360525452,0.1086571032622624,31,Adventure,Social,0.7722767545402913,0.8684206831995551,41,0.0,0.0,0.1666666666666666,0.4925497815122539,0,0.7167889062429316,120,0.275,0.27032733885633464,0.42838793068113534,2
128,1008,Experience 1008,Adventure,0.8415828324170402,0.3364498304651394,0.599089106012921,0.2728043301458357,40,Adventure,Social,0.7722767545402913,0.8684206831995551,41,1.0,0.0,0.0166666666666666,0.8268123514726297,1,0.7951778613607774,117,0.27350427350427353,0.2689476455466193,0.8332996871745375,3
128,1108,Experience 1108,Puzzle,0.8425576923542274,0.4822507608830354,0.666849920378606,0.8027206052883656,21,Adventure,Social,0.7722767545402913,0.8684206831995551,41,0.0,0.0,0.3333333333333333,0.8945731658383147,1,0.7105150821882421,92,0.2717391304347826,0.2664806021418468,0.5124664145330959,4
128,1027,Experience 1027,Sports,0.8258355726034926,0.7779980359761599,0.5071112833110228,0.4772006332829246,49,Adventure,Social,0.7722767545402913,0.8684206831995551,41,0.0,0.0,0.1333333333333333,0.7348345287707315,0,0.824286515155013,111,0.23423423423423423,0.23546433160218966,0.5378270367268695,5
129,1088,Experience 1088,Sports,0.931739259022481,0.4207879774878386,0.5549692853271866,0.4100487869149942,11,Social,Adventure,0.4992064419298572,0.8744504790201973,42,0.0,0.0,0.5166666666666667,0.9442371566026706,1,0.7202438425401338,113,0.3008849557522124,0.292073890525465,0.49181676965066934,1
129,1064,Experience 1064,Puzzle,0.6204758892789963,0.4435351922580418,0.6632419642315316,0.276207363456566,49,Social,Adventure,0.4992064419298572,0.8744504790201973,42,0.0,0.0,0.1166666666666666,0.8359644776983256,0,0.7225675265103512,94,0.2765957446808511,0.27057743368321796,0.43963526103106193,2
129,1108,Experience 1108,Puzzle,0.8425576923542274,0.4822507608830354,0.666849920378606,0.8027206052883656,21,Social,Adventure,0.4992064419298572,0.8744504790201973,42,0.0,0.0,0.35,0.8323565215512512,0,0.8185807652126472,92,0.2717391304347826,0.2664806021418468,0.46250022362382975,3
129,1021,Experience 1021,Creative,0.6317033375365485,0.227795161908673,0.5969784094803497,0.8897794665398687,40,Social,Adventure,0.4992064419298572,0.8744504790201973,42,0.0,0.0,0.0333333333333333,0.9022280324495074,0,0.9768461854642365,117,0.23931623931623933,0.23975056525464852,0.4272403678934248,4
129,1072,Experience 1072,Puzzle,0.7449779069249327,0.3414623639761886,0.973475515285742,0.3783180142237856,25,Social,Adventure,0.4992064419298572,0.8744504790201973,42,0.0,0.0,0.2833333333333333,0.5257309266441151,0,0.9396365724209289,119,0.21008403361344538,0.21471818302076867,0.3986278824813728,5
130,1043,Experience 1043,Creative,0.8838983032607785,0.7641225701636372,0.5942808569171103,0.6062993981927156,47,Strategy,Puzzle,0.7225191978386958,0.6032017622331627,47,0.0,0.0,0.0,0.8717616590784145,1,0.7398738087977287,110,0.35454545454545455,0.3372755956914373,0.5324739652463376,1
130,1069,Experience 1069,Puzzle,0.8068156107352968,0.6551858372056814,0.8842124935251735,0.2530347499296835,35,Strategy,Puzzle,0.7225191978386958,0.6032017622331627,47,0.0,1.0,0.2,0.8383067043135223,0,0.7614110784100759,121,0.2892561983471074,0.2825945208502613,0.6642642731313336,2
130,1023,Experience 1023,Strategy,0.934275144868182,0.4241492862896971,0.2179097364670654,0.7914514878076223,48,Strategy,Puzzle,0.7225191978386958,0.6032017622331627,47,1.0,0.0,0.0166666666666666,0.4953905386283697,1,0.9566978233859383,110,0.2818181818181818,0.2757371341529757,0.7739034968480464,3
130,1085,Experience 1085,Social,0.715133524882573,0.3923165755464828,0.681782684374937,0.3715432084063615,41,Strategy,Puzzle,0.7225191978386958,0.6032017622331627,47,0.0,0.0,0.1,0.9592634865362412,0,0.9672089439971581,117,0.24786324786324787,0.24704983532764122,0.5389006679179286,4
130,1051,Experience 1051,Adventure,0.7608650542535511,0.4945204429565272,0.5049786641965721,0.9492935230092574,34,Strategy,Puzzle,0.7225191978386958,0.6032017622331627,47,0.0,0.0,0.2166666666666666,0.7824594663578763,1,0.8445490456197563,122,0.2459016393442623,0.24539315098511863,0.417743227045981,5
131,1014,Experience 1014,Social,0.7084360738896248,0.6919622480914536,0.5066406143622445,0.7631554898199004,35,Social,Action,0.5195197005324059,0.8298264912680094,19,1.0,0.0,0.2666666666666666,0.9871209138298386,1,0.7103303275685481,117,0.29914529914529914,0.29084545576559745,0.8437954784918402,1
131,1106,Experience 1106,Sports,0.8146785788760947,0.3647619692710552,0.6750256601127794,0.7960604476258709,49,Social,Action,0.5195197005324059,0.8298264912680094,19,0.0,0.0,0.5,0.8444940404196265,0,0.8664855754938688,128,0.28125,0.275985320539776,0.438428130556643,2
131,1098,Experience 1098,Social,0.534058177188557,0.4459803600128759,0.2707495249900757,0.7298152463028666,35,Social,Action,0.5195197005324059,0.8298264912680094,19,1.0,0.0,0.2666666666666666,0.7512298244576698,1,0.8601984136959152,130,0.26153846153846155,0.25897218293257895,0.7741342483106245,3
131,1099,Experience 1099,Adventure,0.8332801744008336,0.4077151465805127,0.8307594812615263,0.7545731382181347,49,Social,Action,0.5195197005324059,0.8298264912680094,19,0.0,0.0,0.5,0.6887602192708796,0,0.9269581814894617,119,0.2605042016806723,0.25788365064666796,0.3925792184031422,4
131,1001,Experience 1001,Sports,0.6452560499996463,0.8044840559110404,0.5776422262968883,0.3608105614175153,41,Social,Action,0.5195197005324059,0.8298264912680094,19,0.0,0.0,0.3666666666666666,0.9418774742355176,0,0.9889589850453788,110,0.2545454545454545,0.25266021107605263,0.45932459678129794,5
132,1052,Experience 1052,Creative,0.6879474895864814,0.8150878066775633,0.5427584275418881,0.4028796085076296,43,Creative,Action,0.594605874375341,0.6276089533472435,21,1.0,0.0,0.3666666666666666,0.9481525531665472,1,0.893662989550927,129,0.3178294573643411,0.30769011704622046,0.7957180767767926,1
132,1102,Experience 1102,Sports,0.9402838286695968,0.4125021221616953,0.1907643304361418,0.200562471321554,40,Creative,Action,0.594605874375341,0.6276089533472435,21,0.0,0.0,0.3166666666666666,0.5961584560608009,0,0.888817323513995,117,0.3076923076923077,0.29814472583859014,0.428587486435374,2
132,1074,Experience 1074,Social,0.7411737446379107,0.1336446501121093,0.5667526591354218,0.2130749343990023,32,Creative,Action,0.594605874375341,0.6276089533472435,21,0.0,0.0,0.1833333333333333,0.9721467847600808,0,0.9662952056216976,149,0.2953020134228188,0.28902856473305827,0.4981097698490234,3
132,1064,Experience 1064,Puzzle,0.6204758892789963,0.4435351922580418,0.6632419642315316,0.276207363456566,49,Creative,Action,0.594605874375341,0.6276089533472435,21,0.0,0.0,0.4666666666666667,0.9313639101438094,0,0.9460301659843202,94,0.2765957446808511,0.27057743368321796,0.4016335225409563,4
132,1108,Experience 1108,Puzzle,0.8425576923542274,0.4822507608830354,0.666849920378606,0.8027206052883656,21,Creative,Action,0.594605874375341,0.6276089533472435,21,0.0,0.0,0.0,0.9277559539967348,1,0.8350264195206236,92,0.2717391304347826,0.2664806021418468,0.4972166797302365,5
133,1059,Experience 1059,Social,0.7489549716721217,0.4911530499138364,0.6826986067555766,0.9132851837019758,49,Action,Social,0.9203702867199468,0.5612139278810462,25,0.0,1.0,0.4,0.7623283200356297,0,0.7011212103254348,105,0.34285714285714286,0.32676661951909475,0.6824089562357813,1
133,1061,Experience 1061,Social,0.9515114053456256,0.4883887845440612,0.3838014404080356,0.6777086144544695,56,Action,Social,0.9203702867199468,0.5612139278810462,25,0.0,1.0,0.5166666666666667,0.4634311536880886,0,0.7482858614299411,113,0.3274336283185841,0.3146302815029086,0.6638301609370341,2
133,1002,Experience 1002,Social,0.5654662227449457,0.1419781043952984,0.4876512775379703,0.1763555764178013,30,Action,Social,0.9203702867199468,0.5612139278810462,25,0.0,1.0,0.0833333333333333,0.5672809908180234,0,0.8366050422038133,125,0.312,0.30238501682680585,0.6115965472050463,3
133,1102,Experience 1102,Sports,0.9402838286695968,0.4125021221616953,0.1907643304361418,0.200562471321554,40,Action,Social,0.9203702867199468,0.5612139278810462,25,0.0,0.0,0.25,0.2703940437161949,0,0.9060452154323102,117,0.3076923076923077,0.29814472583859014,0.4296586361316342,4
133,1013,Experience 1013,Sports,0.8486275995976889,0.743877614526904,0.1274827038621261,0.2359972626205526,20,Action,Social,0.9203702867199468,0.5612139278810462,25,0.0,0.0,0.0833333333333333,0.2071124171421792,0,0.7988879990361635,116,0.3017241379310345,0.29298402529328565,0.431171841689119,5
134,1109,Experience 1109,Social,0.5415451963988065,0.6320276759129257,0.4602651355822746,0.2660308726216652,48,Action,Social,0.7060383999613741,0.3645974177426964,36,0.0,1.0,0.2,0.7542267356209005,1,0.7159980130745364,125,0.312,0.30238501682680585,0.6605168667887086,1
134,1014,Experience 1014,Social,0.7084360738896248,0.6919622480914536,0.5066406143622445,0.7631554898199004,35,Action,Social,0.7060383999613741,0.3645974177426964,36,0.0,1.0,0.0166666666666666,0.8006022144008704,1,0.8971809814750514,117,0.29914529914529914,0.29084545576559745,0.7188938720535064,2
134,1023,Experience 1023,Strategy,0.934275144868182,0.4241492862896971,0.2179097364670654,0.7914514878076223,48,Action,Social,0.7060383999613741,0.3645974177426964,36,0.0,0.0,0.2,0.5118713365056914,0,0.7567496832458434,110,0.2818181818181818,0.2757371341529757,0.42982564402735857,3
134,1032,Experience 1032,Action,0.9183909657409184,0.1782087510115781,0.2798409650960937,0.836613041032693,59,Action,Social,0.7060383999613741,0.3645974177426964,36,1.0,0.0,0.3833333333333333,0.5738025651347196,0,0.8065906357890552,120,0.275,0.27032733885633464,0.7836632891825106,4
134,1090,Experience 1090,Puzzle,0.5586098880458512,0.4251872277402517,0.5338484342208252,0.861814417816014,19,Action,Social,0.7060383999613741,0.3645974177426964,36,0.0,0.0,0.2833333333333333,0.8278100342594511,1,0.9569983724319437,121,0.2727272727272727,0.26841012368714073,0.4181923665458114,5
135,1002,Experience 1002,Social,0.5654662227449457,0.1419781043952984,0.4876512775379703,0.1763555764178013,30,Social,Strategy,0.4013259444098763,0.234900955705054,27,1.0,0.0,0.05,0.913674666871906,1,0.9123556999996716,125,0.312,0.30238501682680585,0.7910360425602336,1
135,1050,Experience 1050,Sports,0.6444432625143321,0.2032573812502654,0.7840857883345029,0.0579453445381299,24,Social,Strategy,0.4013259444098763,0.234900955705054,27,0.0,0.0,0.05,0.6172401560753734,0,0.9909516200382704,107,0.27102803738317754,0.2665025782668255,0.37489456710325475,2
135,1073,Experience 1073,Adventure,0.687693407311507,0.5642695337399875,0.7523432280065728,0.8351257910807337,50,Social,Strategy,0.4013259444098763,0.234900955705054,27,0.0,0.0,0.3833333333333333,0.6489827164033035,0,0.9396568326106858,132,0.26515151515151514,0.26214360157820293,0.34726055036976744,3
135,1099,Experience 1099,Adventure,0.8332801744008336,0.4077151465805127,0.8307594812615263,0.7545731382181347,49,Social,Strategy,0.4013259444098763,0.234900955705054,27,0.0,0.0,0.3666666666666666,0.57056646314835,0,0.818113315357503,119,0.2605042016806723,0.25788365064666796,0.3627027177347044,4
135,1027,Experience 1027,Sports,0.8258355726034926,0.7779980359761599,0.5071112833110228,0.4772006332829246,49,Social,Strategy,0.4013259444098763,0.234900955705054,27,0.0,0.0,0.3666666666666666,0.8942146610988535,1,0.7516605827571522,111,0.23423423423423423,0.23546433160218966,0.46747439987320044,5
136,1037,Experience 1037,Sports,0.7994490651436071,0.7023148063737304,0.3263399911584964,0.9948242136208678,35,Sports,Adventure,0.5881361169188354,0.1006285331912617,48,1.0,0.0,0.2166666666666666,0.738203874239661,1,0.7786539841349606,120,0.30833333333333335,0.29889876742776317,0.7839025490698176,1
136,1074,Experience 1074,Social,0.7411737446379107,0.1336446501121093,0.5667526591354218,0.2130749343990023,32,Sports,Adventure,0.5881361169188354,0.1006285331912617,48,0.0,0.0,0.2666666666666666,0.9786165422165864,1,0.9857104411311393,149,0.2953020134228188,0.28902856473305827,0.47136821616545793,2
136,1115,Experience 1115,Simulation,0.626658707429628,0.7075065986188209,0.5404405149990236,0.2246894745458737,42,Sports,Adventure,0.5881361169188354,0.1006285331912617,48,0.0,0.0,0.1,0.9523043980801882,1,0.815020921823463,112,0.2767857142857143,0.27155929878702156,0.42098416117009835,3
136,1008,Experience 1008,Adventure,0.8415828324170402,0.3364498304651394,0.599089106012921,0.2728043301458357,40,Sports,Adventure,0.5881361169188354,0.1006285331912617,48,0.0,1.0,0.1333333333333333,0.9890470109059144,0,0.8931854991596642,117,0.27350427350427353,0.2689476455466193,0.6170845312697203,4
136,1005,Experience 1005,Sports,0.725440926488475,0.5102685875213342,0.2459903544501388,0.2409271164143122,19,Sports,Adventure,0.5881361169188354,0.1006285331912617,48,1.0,0.0,0.4833333333333333,0.6578542375313035,1,0.8254473410929813,114,0.2543859649122807,0.25258080179020037,0.729783601788584,5
137,1061,Experience 1061,Social,0.9515114053456256,0.4883887845440612,0.3838014404080356,0.6777086144544695,56,Adventure,Simulation,0.5069323131825516,0.8912492695083221,22,0.0,0.0,0.5666666666666667,0.876869127225484,0,0.7814875883095199,113,0.3274336283185841,0.3146302815029086,0.5110297412127703,1
137,1109,Experience 1109,Social,0.5415451963988065,0.6320276759129257,0.4602651355822746,0.2660308726216652,48,Adventure,Simulation,0.5069323131825516,0.8912492695083221,22,0.0,0.0,0.4333333333333333,0.9533328223997232,1,0.963798775631451,125,0.312,0.30238501682680585,0.4510673673548155,2
137,1074,Experience 1074,Social,0.7411737446379107,0.1336446501121093,0.5667526591354218,0.2130749343990023,32,Adventure,Simulation,0.5069323131825516,0.8912492695083221,22,0.0,0.0,0.1666666666666666,0.9401796540471298,0,0.8089769188035306,149,0.2953020134228188,0.28902856473305827,0.49105400804531296,3
137,1006,Experience 1006,Action,0.8770181756508404,0.5275353377269014,0.8047332447846338,0.7517807092307816,28,Adventure,Simulation,0.5069323131825516,0.8912492695083221,22,0.0,0.0,0.1,0.7021990683979178,0,0.895694571876744,103,0.27184466019417475,0.26703924747875485,0.4558767504757877,4
137,1108,Experience 1108,Puzzle,0.8425576923542274,0.4822507608830354,0.666849920378606,0.8027206052883656,21,Adventure,Simulation,0.5069323131825516,0.8912492695083221,22,0.0,0.0,0.0166666666666666,0.8400823928039456,0,0.7621779995995187,92,0.2717391304347826,0.2664806021418468,0.47684264527193,5
138,1043,Experience 1043,Creative,0.8838983032607785,0.7641225701636372,0.5942808569171103,0.6062993981927156,47,Adventure,Sports,0.4836228257488145,0.8091641344226193,10,0.0,0.0,0.6166666666666667,0.8893419688317042,0,0.9316370654888937,110,0.35454545454545455,0.3372755956914373,0.485284627389407,1
138,1061,Experience 1061,Social,0.9515114053456256,0.4883887845440612,0.3838014404080356,0.6777086144544695,56,Adventure,Sports,0.4836228257488145,0.8091641344226193,10,0.0,0.0,0.7666666666666667,0.900178614659221,0,0.8226878357639592,113,0.3274336283185841,0.3146302815029086,0.5285716526438736,2
138,1067,Experience 1067,Creative,0.788764048918011,0.4580972487220676,0.5921026845821029,0.4299570499000478,43,Adventure,Sports,0.4836228257488145,0.8091641344226193,10,0.0,0.0,0.55,0.8915201411667116,0,0.9232909669283446,119,0.31092436974789917,0.30104911827256725,0.4462807228487723,3
138,1107,Experience 1107,Social,0.7428970964662264,0.8045676070342606,0.8160785123357384,0.9076048913904824,23,Adventure,Sports,0.4836228257488145,0.8091641344226193,10,0.0,0.0,0.2166666666666666,0.6675443134130762,0,0.7479670277487627,139,0.30935251798561153,0.3009171537099802,0.5242041846850891,4
138,1102,Experience 1102,Sports,0.9402838286695968,0.4125021221616953,0.1907643304361418,0.200562471321554,40,Adventure,Sports,0.4836228257488145,0.8091641344226193,10,0.0,1.0,0.5,0.7071415046873273,1,0.8995456711110397,117,0.3076923076923077,0.29814472583859014,0.6287478615604772,5
139,1106,Experience 1106,Sports,0.8146785788760947,0.3647619692710552,0.6750256601127794,0.7960604476258709,49,Simulation,Action,0.2051227598210748,0.2637547040761093,38,0.0,0.0,0.1833333333333333,0.5300970997082954,0,0.7318147494664614,128,0.28125,0.275985320539776,0.38499121185954105,1
139,1039,Experience 1039,Social,0.8194814495513689,0.2752805682140255,0.2419454802582048,0.889899007072331,47,Simulation,Action,0.2051227598210748,0.2637547040761093,38,0.0,0.0,0.15,0.96317727956287,0,0.7011719513589654,110,0.2636363636363636,0.2603525187683603,0.4877552666710175,2
139,1099,Experience 1099,Adventure,0.8332801744008336,0.4077151465805127,0.8307594812615263,0.7545731382181347,49,Simulation,Action,0.2051227598210748,0.2637547040761093,38,0.0,0.0,0.1833333333333333,0.3743632785595485,0,0.900440296397924,119,0.2605042016806723,0.25788365064666796,0.3413338876645893,3
139,1005,Experience 1005,Sports,0.725440926488475,0.5102685875213342,0.2459903544501388,0.2409271164143122,19,Simulation,Action,0.2051227598210748,0.2637547040761093,38,0.0,0.0,0.3166666666666666,0.959132405370936,1,0.8828612333415535,114,0.2543859649122807,0.25258080179020037,0.41712394940172204,4
139,1042,Experience 1042,Social,0.3938579788705362,0.1390150525777733,0.8546241607610466,0.268085104820551,16,Simulation,Action,0.2051227598210748,0.2637547040761093,38,0.0,0.0,0.3666666666666666,0.3504985990600282,0,0.7629489217216072,124,0.24193548387096775,0.241984912776992,0.2788669915735186,5
140,1000,Experience 1000,Action,0.9096695293967186,0.6516437731703687,0.6290364009047581,0.2407530712142694,49,Puzzle,Simulation,0.4808835504406306,0.3390157924137961,20,0.0,0.0,0.4833333333333333,0.8518471495358725,0,0.7854530759109567,124,0.3225806451612903,0.31142935722143644,0.4311049182915646,1
140,1002,Experience 1002,Social,0.5654662227449457,0.1419781043952984,0.4876512775379703,0.1763555764178013,30,Puzzle,Simulation,0.4808835504406306,0.3390157924137961,20,0.0,0.0,0.1666666666666666,0.9932322729026604,0,0.7699330557344646,125,0.312,0.30238501682680585,0.42181910424521624,2
140,1070,Experience 1070,Sports,0.9021629239090754,0.4240213755135868,0.7602726894428304,0.7757910864370905,50,Puzzle,Simulation,0.4808835504406306,0.3390157924137961,20,0.0,0.0,0.5,0.7206108609978001,0,0.7973808469630863,111,0.2882882882882883,0.28126585831974693,0.4056141809742754,3
140,1009,Experience 1009,Action,0.7987178764315418,0.3460501829476273,0.2238314684756084,0.130890330850495,53,Puzzle,Simulation,0.4808835504406306,0.3390157924137961,20,0.0,0.0,0.55,0.7429479180349778,0,0.7517098809357255,104,0.28846153846153844,0.28101473741844224,0.3443165024275226,4
140,1044,Experience 1044,Action,0.8578996664042653,0.7405382156713768,0.540545681694017,0.9388053542070384,40,Puzzle,Simulation,0.4808835504406306,0.3390157924137961,20,0.0,0.0,0.3333333333333333,0.9403378687466136,0,0.9357520406753592,112,0.2857142857142857,0.27913505636277913,0.442876728934612,5
141,1109,Experience 1109,Social,0.5415451963988065,0.6320276759129257,0.4602651355822746,0.2660308726216652,48,Adventure,Action,0.507283923380279,0.4773668701227708,54,0.0,0.0,0.1,0.9529812122019956,0,0.922185965028681,125,0.312,0.30238501682680585,0.49318016995067243,1
141,1074,Experience 1074,Social,0.7411737446379107,0.1336446501121093,0.5667526591354218,0.2130749343990023,32,Adventure,Action,0.507283923380279,0.4773668701227708,54,0.0,0.0,0.3666666666666666,0.9405312642448572,0,0.7259635413974642,149,0.2953020134228188,0.28902856473305827,0.47723962925037605,2
141,1044,Experience 1044,Action,0.8578996664042653,0.7405382156713768,0.540545681694017,0.9388053542070384,40,Adventure,Action,0.507283923380279,0.4773668701227708,54,0.0,1.0,0.2333333333333333,0.966738241686262,1,0.7461315560849431,112,0.2857142857142857,0.27913505636277913,0.6628285924294584,3
141,1023,Experience 1023,Strategy,0.934275144868182,0.4241492862896971,0.2179097364670654,0.7914514878076223,48,Adventure,Action,0.507283923380279,0.4773668701227708,54,0.0,0.0,0.1,0.7106258130867865,0,0.7365130845462083,110,0.2818181818181818,0.2757371341529757,0.4286414355321797,4
141,1115,Experience 1115,Simulation,0.626658707429628,0.7075065986188209,0.5404405149990236,0.2246894745458737,42,Adventure,Action,0.507283923380279,0.4773668701227708,54,0.0,0.0,0.2,0.9668434083812554,0,0.9148938827411558,112,0.2767857142857143,0.27155929878702156,0.4358357605377421,5
142,1013,Experience 1013,Sports,0.8486275995976889,0.743877614526904,0.1274827038621261,0.2359972626205526,20,Social,Adventure,0.2295028468336963,0.2819550400516361,39,0.0,0.0,0.3166666666666666,0.8979798570284299,0,0.713064711256422,116,0.3017241379310345,0.29298402529328565,0.46796160657740715,1
142,1009,Experience 1009,Action,0.7987178764315418,0.3460501829476273,0.2238314684756084,0.130890330850495,53,Social,Adventure,0.2295028468336963,0.2819550400516361,39,0.0,0.0,0.2333333333333333,0.9943286216419122,0,0.9492776467881697,104,0.28846153846153844,0.28101473741844224,0.4435302292820904,2
142,1021,Experience 1021,Creative,0.6317033375365485,0.227795161908673,0.5969784094803497,0.8897794665398687,40,Social,Adventure,0.2295028468336963,0.2819550400516361,39,0.0,0.0,0.0166666666666666,0.6325244373533465,1,0.8438582403039189,117,0.23931623931623933,0.23975056525464852,0.3575486501932692,3
142,1118,Experience 1118,Adventure,0.6594774101626886,0.3565880675711896,0.5086937555214479,0.0351168111096665,58,Social,Adventure,0.2295028468336963,0.2819550400516361,39,0.0,1.0,0.3166666666666666,0.7208090913122485,0,0.7299254122269173,109,0.21100917431192662,0.21585912744098332,0.5210747525026741,4
142,1062,Experience 1062,Creative,0.7566608128373626,0.2501254620138091,0.431135077105207,0.8144738760309339,50,Social,Adventure,0.2295028468336963,0.2819550400516361,39,0.0,0.0,0.1833333333333333,0.7983677697284893,0,0.9988501582170288,118,0.2033898305084746,0.20902773507164382,0.39664945544520464,5
143,1061,Experience 1061,Social,0.9515114053456256,0.4883887845440612,0.3838014404080356,0.6777086144544695,56,Adventure,Strategy,0.5314886793041748,0.3952305490105132,25,0.0,0.0,0.5166666666666667,0.8523127611038608,1,0.7618558567072494,113,0.3274336283185841,0.3146302815029086,0.49813687802277634,1
143,1039,Experience 1039,Social,0.8194814495513689,0.2752805682140255,0.2419454802582048,0.889899007072331,47,Adventure,Strategy,0.5314886793041748,0.3952305490105132,25,0.0,0.0,0.3666666666666666,0.7104568009540301,0,0.9785315025027045,110,0.2636363636363636,0.2603525187683603,0.4297098100818555,2
143,1091,Experience 1091,Sports,0.6742348817628386,0.2717222536331008,0.7498162980972818,0.6422524185679935,12,Adventure,Strategy,0.5314886793041748,0.3952305490105132,25,0.0,0.0,0.2166666666666666,0.781672381206893,0,0.9772753149791005,105,0.2571428571428571,0.25476661951909474,0.3887901697749415,3
143,1103,Experience 1103,Action,0.6677544964493587,0.4461723957193605,0.794276194278496,0.1853752728024856,59,Adventure,Strategy,0.5314886793041748,0.3952305490105132,25,0.0,0.0,0.5666666666666667,0.7372124850256787,1,0.9697073562623768,121,0.23140495867768596,0.23294913077933935,0.35559136649858136,4
143,1113,Experience 1113,Puzzle,0.3143534057607174,0.7407415888945685,0.7096912838106965,0.9437983681037112,40,Adventure,Strategy,0.5314886793041748,0.3952305490105132,25,0.0,0.0,0.25,0.8217973954934783,1,0.7858364489728514,112,0.1875,0.19580172302944582,0.3309426228148769,5
144,1088,Experience 1088,Sports,0.931739259022481,0.4207879774878386,0.5549692853271866,0.4100487869149942,11,Action,Puzzle,0.544007115847428,0.5053098653411685,11,0.0,0.0,0.0,0.9890378305202414,0,0.8775782748266653,113,0.3008849557522124,0.292073890525465,0.5559489827946335,1
144,1044,Experience 1044,Action,0.8578996664042653,0.7405382156713768,0.540545681694017,0.9388053542070384,40,Action,Puzzle,0.544007115847428,0.5053098653411685,11,1.0,0.0,0.4833333333333333,0.996538565846589,1,0.99837917117547,112,0.2857142857142857,0.27913505636277913,0.8256226371368172,2
144,1090,Experience 1090,Puzzle,0.5586098880458512,0.4251872277402517,0.5338484342208252,0.861814417816014,19,Action,Puzzle,0.544007115847428,0.5053098653411685,11,0.0,1.0,0.1333333333333333,0.9898413183733972,0,0.9949452124233006,121,0.2727272727272727,0.26841012368714073,0.6024951520979669,3
144,1098,Experience 1098,Social,0.534058177188557,0.4459803600128759,0.2707495249900757,0.7298152463028666,35,Action,Puzzle,0.544007115847428,0.5053098653411685,11,0.0,0.0,0.4,0.7267424091426478,0,0.9301694836627393,130,0.26153846153846155,0.25897218293257895,0.4083310125426256,4
144,1091,Experience 1091,Sports,0.6742348817628386,0.2717222536331008,0.7498162980972818,0.6422524185679935,12,Action,Puzzle,0.544007115847428,0.5053098653411685,11,0.0,0.0,0.0166666666666666,0.7941908177501462,1,0.7714157033223765,105,0.2571428571428571,0.25476661951909474,0.4483217798906614,5
145,1067,Experience 1067,Creative,0.788764048918011,0.4580972487220676,0.5921026845821029,0.4299570499000478,43,Puzzle,Action,0.7829740460182022,0.4042729654147886,23,0.0,0.0,0.3333333333333333,0.8091286385639007,0,0.7893444265793854,119,0.31092436974789917,0.30104911827256725,0.40044842071682724,1
145,1108,Experience 1108,Puzzle,0.8425576923542274,0.4822507608830354,0.666849920378606,0.8027206052883656,21,Puzzle,Action,0.7829740460182022,0.4042729654147886,23,1.0,0.0,0.0333333333333333,0.8838758743604038,0,0.724179481559377,92,0.2717391304347826,0.2664806021418468,0.8072062108421397,2
145,1094,Experience 1094,Strategy,0.777065958629862,0.5840090382012306,0.3016147592800985,0.4118434403009737,40,Puzzle,Action,0.7829740460182022,0.4042729654147886,23,0.0,0.0,0.2833333333333333,0.5186407132618964,0,0.8896589670769742,114,0.21929824561403508,0.22273005552154362,0.3318722773771197,3
145,1095,Experience 1095,Creative,0.5802362817422383,0.4006003917193433,0.7708173982045061,0.4033544032491283,54,Puzzle,Action,0.7829740460182022,0.4042729654147886,23,0.0,0.0,0.5166666666666667,0.987843352186304,1,0.9467568905004513,111,0.1981981981981982,0.2049299804571515,0.3664234747963199,4
145,1045,Experience 1045,Strategy,0.6865679540637682,0.4124899761623172,0.8858497306039471,0.3446408865116177,23,Puzzle,Action,0.7829740460182022,0.4042729654147886,23,0.0,0.0,0.0,0.8971243154142551,0,0.8422836346535546,95,0.14736842105263157,0.16387676034684212,0.4066514205643307,5
146,1119,Experience 1119,Action,0.8086136050725224,0.7572883677081093,0.5086964614589882,0.1619415702496311,9,Creative,Adventure,0.8077593495928024,0.3640952005749526,46,0.0,0.0,0.6166666666666667,0.7009371118661858,0,0.913255230636016,115,0.30434782608695654,0.29515427733249516,0.3907748438718408,1
146,1013,Experience 1013,Sports,0.8486275995976889,0.743877614526904,0.1274827038621261,0.2359972626205526,20,Creative,Adventure,0.8077593495928024,0.3640952005749526,46,0.0,0.0,0.4333333333333333,0.3197233542693237,0,0.7341321927390576,116,0.3017241379310345,0.29298402529328565,0.3594138617284244,2
146,1108,Experience 1108,Puzzle,0.8425576923542274,0.4822507608830354,0.666849920378606,0.8027206052883656,21,Creative,Adventure,0.8077593495928024,0.3640952005749526,46,0.0,0.0,0.4166666666666667,0.8590905707858036,0,0.9897904407012773,92,0.2717391304347826,0.2664806021418468,0.43488707832506013,3
146,1017,Experience 1017,Adventure,0.8986224157650411,0.4138920991005588,0.5580723954683906,0.6429984233408326,53,Creative,Adventure,0.8077593495928024,0.3640952005749526,46,0.0,1.0,0.1166666666666666,0.7503130458755882,0,0.9389142269916695,125,0.256,0.25410915475784035,0.6070844765321036,4
146,1027,Experience 1027,Sports,0.8258355726034926,0.7779980359761599,0.5071112833110228,0.4772006332829246,49,Creative,Adventure,0.8077593495928024,0.3640952005749526,46,0.0,0.0,0.05,0.6993519337182205,0,0.9725300455110187,111,0.23423423423423423,0.23546433160218966,0.47753038042635576,5
147,1084,Experience 1084,Social,0.6722561348379004,0.2863456816441453,0.5362524927433157,0.7470758006298863,26,Strategy,Puzzle,0.3163701460782881,0.5453633108817028,24,0.0,0.0,0.0333333333333333,0.7801176533349725,0,0.985677885969585,111,0.35135135135135137,0.3347009728235637,0.473747714612527,1
147,1102,Experience 1102,Sports,0.9402838286695968,0.4125021221616953,0.1907643304361418,0.200562471321554,40,Strategy,Puzzle,0.3163701460782881,0.5453633108817028,24,0.0,0.0,0.2666666666666666,0.8743941843578537,0,0.7821628914100427,117,0.3076923076923077,0.29814472583859014,0.49031955520130865,2
147,1088,Experience 1088,Sports,0.931739259022481,0.4207879774878386,0.5549692853271866,0.4100487869149942,11,Strategy,Puzzle,0.3163701460782881,0.5453633108817028,24,0.0,0.0,0.2166666666666666,0.7614008607511016,0,0.886030165306389,113,0.3008849557522124,0.292073890525465,0.4801989831830059,3
147,1060,Experience 1060,Strategy,0.8620933017122632,0.1051567799118504,0.3772606570904063,0.1400554046894906,58,Strategy,Puzzle,0.3163701460782881,0.5453633108817028,24,1.0,0.0,0.5666666666666667,0.9391094889878818,1,0.7350355528640741,102,0.27450980392156865,0.2692280937695643,0.7625675356544019,4
147,1073,Experience 1073,Adventure,0.687693407311507,0.5642695337399875,0.7523432280065728,0.8351257910807337,50,Strategy,Puzzle,0.3163701460782881,0.5453633108817028,24,0.0,0.0,0.4333333333333333,0.5640269180717152,0,0.964168729023514,132,0.26515151515151514,0.26214360157820293,0.3521593348461689,5
148,1032,Experience 1032,Action,0.9183909657409184,0.1782087510115781,0.2798409650960937,0.836613041032693,59,Simulation,Action,0.4823568257293596,0.7028261017139179,43,0.0,1.0,0.2666666666666666,0.797484139366734,1,0.9790639180748976,120,0.275,0.27032733885633464,0.5924041948510478,1
148,1051,Experience 1051,Adventure,0.7608650542535511,0.4945204429565272,0.5049786641965721,0.9492935230092574,34,Simulation,Action,0.4823568257293596,0.7028261017139179,43,0.0,0.0,0.15,0.9773781615327874,1,0.9004100010000853,122,0.2459016393442623,0.24539315098511863,0.43671510809773834,2
148,1027,Experience 1027,Sports,0.8258355726034926,0.7779980359761599,0.5071112833110228,0.4772006332829246,49,Simulation,Action,0.4823568257293596,0.7028261017139179,43,0.0,0.0,0.1,0.9752455424183368,0,0.8036526551120006,111,0.23423423423423423,0.23546433160218966,0.5222326317417032,3
148,1114,Experience 1114,Simulation,0.9094073794904848,0.2867325336723821,0.0751050358773748,0.4020477981570693,23,Simulation,Action,0.4823568257293596,0.7028261017139179,43,1.0,0.0,0.3333333333333333,0.5927482101480153,1,0.73122970510768,138,0.2318840579710145,0.23320143949295472,0.7374336194889544,4
148,1094,Experience 1094,Strategy,0.777065958629862,0.5840090382012306,0.3016147592800985,0.4118434403009737,40,Simulation,Action,0.4823568257293596,0.7028261017139179,43,0.0,0.0,0.05,0.819257933550739,0,0.9565856383185787,114,0.21929824561403508,0.22273005552154362,0.4219183661124283,5
149,1005,Experience 1005,Sports,0.725440926488475,0.5102685875213342,0.2459903544501388,0.2409271164143122,19,Creative,Social,0.5478925297199911,0.1786273366236424,10,0.0,0.0,0.15,0.6980978247301477,0,0.9486356859619094,114,0.2543859649122807,0.25258080179020037,0.4298161730348876,1
149,1042,Experience 1042,Social,0.3938579788705362,0.1390150525777733,0.8546241607610466,0.268085104820551,16,Creative,Social,0.5478925297199911,0.1786273366236424,10,0.0,1.0,0.1,0.6932683689589445,0,0.864106477317075,124,0.24193548387096775,0.241984912776992,0.5641126102632743,2
149,1105,Experience 1105,Sports,0.6106599794863272,0.6391373818905719,0.6213931070244737,0.2894297075080649,54,Creative,Social,0.5478925297199911,0.1786273366236424,10,0.0,0.0,0.7333333333333333,0.9264994226955174,1,0.8181224173026859,130,0.23076923076923078,0.2323055162659123,0.4107073951187517,3
149,1101,Experience 1101,Adventure,0.7760911633714107,0.1624374115097873,0.2510263664566988,0.468231405693584,28,Creative,Social,0.5478925297199911,0.1786273366236424,10,0.0,0.0,0.3,0.7031338367367077,1,0.8940390733756594,106,0.19811320754716982,0.20512561460227657,0.3689574327519794,4
149,1016,Experience 1016,Simulation,0.6327408434291123,0.2893552650923534,0.337198205686132,0.4979318527888876,53,Creative,Social,0.5478925297199911,0.1786273366236424,10,0.0,0.0,0.7166666666666667,0.789305675966141,0,0.9240808463149928,124,0.1935483870967742,0.20031824611032534,0.3291725913598798,5
150,1000,Experience 1000,Action,0.9096695293967186,0.6516437731703687,0.6290364009047581,0.2407530712142694,49,Adventure,Strategy,0.7346294684879277,0.2757544039439453,21,0.0,0.0,0.4666666666666667,0.8944069324168304,0,0.8554044293838481,124,0.3225806451612903,0.31142935722143644,0.4467910103530997,1
150,1033,Experience 1033,Simulation,0.8859147305780027,0.259942782541492,0.2648265360525452,0.1086571032622624,31,Adventure,Strategy,0.7346294684879277,0.2757544039439453,21,0.0,0.0,0.1666666666666666,0.5301970675646176,0,0.7446318967299581,120,0.275,0.27032733885633464,0.35417811710722025,2
150,1008,Experience 1008,Adventure,0.8415828324170402,0.3364498304651394,0.599089106012921,0.2728043301458357,40,Adventure,Strategy,0.7346294684879277,0.2757544039439453,21,1.0,0.0,0.3166666666666666,0.8644596375249933,1,0.902849351763247,117,0.27350427350427353,0.2689476455466193,0.7632177354699341,3
150,1017,Experience 1017,Adventure,0.8986224157650411,0.4138920991005588,0.5580723954683906,0.6429984233408326,53,Adventure,Strategy,0.7346294684879277,0.2757544039439453,21,1.0,0.0,0.5333333333333333,0.823442926980463,0,0.7138249356700879,125,0.256,0.25410915475784035,0.7538935998347442,4
150,1096,Experience 1096,Adventure,0.7903170826018652,0.4751627362769494,0.5362341337297925,0.9233469677258124,13,Adventure,Strategy,0.7346294684879277,0.2757544039439453,21,1.0,0.0,0.1333333333333333,0.8016046652418648,1,0.7842408233523267,123,0.25203252032520324,0.25067012195725064,0.7564164668742919,5
151,1059,Experience 1059,Social,0.7489549716721217,0.4911530499138364,0.6826986067555766,0.9132851837019758,49,Simulation,Social,0.6120849523551165,0.2496440916873475,14,0.0,1.0,0.5833333333333334,0.92938634559954,0,0.8407117418086429,105,0.34285714285714286,0.32676661951909475,0.6432963338556958,1
151,1061,Experience 1061,Social,0.9515114053456256,0.4883887845440612,0.3838014404080356,0.6777086144544695,56,Simulation,Social,0.6120849523551165,0.2496440916873475,14,0.0,1.0,0.7,0.771716488052919,0,0.7651442581701923,113,0.3274336283185841,0.3146302815029086,0.6467600719711427,2
151,1067,Experience 1067,Creative,0.788764048918011,0.4580972487220676,0.5921026845821029,0.4299570499000478,43,Simulation,Social,0.6120849523551165,0.2496440916873475,14,0.0,0.0,0.4833333333333333,0.9800177322269864,0,0.8733139310545183,119,0.31092436974789917,0.30104911827256725,0.4352762919984979,3
151,1070,Experience 1070,Sports,0.9021629239090754,0.4240213755135868,0.7602726894428304,0.7757910864370905,50,Simulation,Social,0.6120849523551165,0.2496440916873475,14,0.0,0.0,0.6,0.8518122629122861,1,0.8105294388049523,111,0.2882882882882883,0.28126585831974693,0.44993494746958634,4
151,1108,Experience 1108,Puzzle,0.8425576923542274,0.4822507608830354,0.666849920378606,0.8027206052883656,21,Simulation,Social,0.6120849523551165,0.2496440916873475,14,0.0,0.0,0.1166666666666666,0.9452350319765104,0,0.7205037282049389,92,0.2717391304347826,0.2664806021418468,0.48558072432508675,5
152,1059,Experience 1059,Social,0.7489549716721217,0.4911530499138364,0.6826986067555766,0.9132851837019758,49,Action,Adventure,0.6974194340054991,0.376233880803176,49,0.0,0.0,0.0,0.9852791727500776,0,0.9193550211418448,105,0.34285714285714286,0.32676661951909475,0.560576538282078,1
152,1053,Experience 1053,Puzzle,0.7426572934279929,0.7514869168546299,0.2904976508730454,0.8341208920021081,34,Action,Adventure,0.6974194340054991,0.376233880803176,49,0.0,0.0,0.25,0.5930782168675464,0,0.7149232159109574,102,0.3431372549019608,0.3266051429498922,0.40733688768237325,2
152,1001,Experience 1001,Sports,0.6452560499996463,0.8044840559110404,0.5776422262968883,0.3608105614175153,41,Action,Adventure,0.6974194340054991,0.376233880803176,49,0.0,0.0,0.1333333333333333,0.8802227922913892,1,0.8908916920845099,110,0.2545454545454545,0.25266021107605263,0.4773876052376766,3
152,1051,Experience 1051,Adventure,0.7608650542535511,0.4945204429565272,0.5049786641965721,0.9492935230092574,34,Action,Adventure,0.6974194340054991,0.376233880803176,49,0.0,1.0,0.25,0.807559230191073,1,0.8156821576884813,122,0.2459016393442623,0.24539315098511863,0.5840990669619187,4
152,1076,Experience 1076,Creative,0.7805257487778566,0.3562342599893083,0.7812983230640933,0.571167362055741,8,Action,Adventure,0.6974194340054991,0.376233880803176,49,0.0,0.0,0.6833333333333333,0.9161211109414058,0,0.9009630139284004,124,0.23387096774193547,0.23504046833254755,0.40670140208158423,5
153,1061,Experience 1061,Social,0.9515114053456256,0.4883887845440612,0.3838014404080356,0.6777086144544695,56,Social,Adventure,0.6055819235204891,0.3666447088584609,26,1.0,0.0,0.5,0.7782195168875465,0,0.9428743561651517,113,0.3274336283185841,0.3146302815029086,0.8220825674025297,1
153,1023,Experience 1023,Strategy,0.934275144868182,0.4241492862896971,0.2179097364670654,0.7914514878076223,48,Social,Adventure,0.6055819235204891,0.3666447088584609,26,0.0,0.0,0.3666666666666666,0.6123278129465763,0,0.8315300400382092,110,0.2818181818181818,0.2757371341529757,0.36497142929871984,2
153,1115,Experience 1115,Simulation,0.626658707429628,0.7075065986188209,0.5404405149990236,0.2246894745458737,42,Social,Adventure,0.6055819235204891,0.3666447088584609,26,0.0,0.0,0.2666666666666666,0.9348585914785345,0,0.7560330842100896,112,0.2767857142857143,0.27155929878702156,0.4028890375660452,3
153,1001,Experience 1001,Sports,0.6452560499996463,0.8044840559110404,0.5776422262968883,0.3608105614175153,41,Social,Adventure,0.6055819235204891,0.3666447088584609,26,0.0,0.0,0.25,0.9720603027763992,0,0.7057599994279147,110,0.2545454545454545,0.25266021107605263,0.45255217649882257,4
153,1114,Experience 1114,Simulation,0.9094073794904848,0.2867325336723821,0.0751050358773748,0.4020477981570693,23,Social,Adventure,0.6055819235204891,0.3666447088584609,26,0.0,0.0,0.05,0.4695231123568857,0,0.9027334564479341,138,0.2318840579710145,0.23320143949295472,0.3621747130938634,5
154,1084,Experience 1084,Social,0.6722561348379004,0.2863456816441453,0.5362524927433157,0.7470758006298863,26,Sports,Social,0.4198427589375686,0.3870126644524013,33,0.0,1.0,0.1166666666666666,0.883590266194253,1,0.9702394775643778,111,0.35135135135135137,0.3347009728235637,0.6762649729877341,1
154,1053,Experience 1053,Puzzle,0.7426572934279929,0.7514869168546299,0.2904976508730454,0.8341208920021081,34,Sports,Social,0.4198427589375686,0.3870126644524013,33,0.0,0.0,0.0166666666666666,0.8706548919354768,1,0.9916600743262615,102,0.3431372549019608,0.3266051429498922,0.5049675614612251,2
154,1107,Experience 1107,Social,0.7428970964662264,0.8045676070342606,0.8160785123357384,0.9076048913904824,23,Sports,Social,0.4198427589375686,0.3870126644524013,33,0.0,1.0,0.1666666666666666,0.6037642466018303,1,0.9673763698903692,139,0.30935251798561153,0.3009171537099802,0.6863465449085856,3
154,1027,Experience 1027,Sports,0.8258355726034926,0.7779980359761599,0.5071112833110228,0.4772006332829246,49,Sports,Social,0.4198427589375686,0.3870126644524013,33,1.0,0.0,0.2666666666666666,0.9127314756265458,1,0.7965457006960158,111,0.23423423423423423,0.23546433160218966,0.8490457589498054,4
154,1034,Experience 1034,Strategy,0.5016628944231066,0.7184788322001798,0.7569144817322334,0.2251776661055454,11,Sports,Social,0.4198427589375686,0.3870126644524013,33,0.0,0.0,0.3666666666666666,0.6629282772053352,0,0.9190470229099801,132,0.2196969696969697,0.22266991736767663,0.36036903181275043,5
155,1100,Experience 1100,Sports,0.8539423752816214,0.5771516782683807,0.6603015579098336,0.097787997445443,39,Adventure,Action,0.5323196077646252,0.6847698714847281,16,0.0,0.0,0.3833333333333333,0.8720180498547916,0,0.8991419169155436,107,0.3177570093457944,0.3058726570069831,0.47332754994863396,1
155,1032,Experience 1032,Action,0.9183909657409184,0.1782087510115781,0.2798409650960937,0.836613041032693,59,Adventure,Action,0.5323196077646252,0.6847698714847281,16,0.0,1.0,0.7166666666666667,0.7475213573314685,0,0.7899499787745285,120,0.275,0.27032733885633464,0.5362769136875651,2
155,1006,Experience 1006,Action,0.8770181756508404,0.5275353377269014,0.8047332447846338,0.7517807092307816,28,Adventure,Action,0.5323196077646252,0.6847698714847281,16,0.0,1.0,0.2,0.7275863629799914,0,0.7091720849423683,103,0.27184466019417475,0.26703924747875485,0.6165079131735954,3
155,1017,Experience 1017,Adventure,0.8986224157650411,0.4138920991005588,0.5580723954683906,0.6429984233408326,53,Adventure,Action,0.5323196077646252,0.6847698714847281,16,1.0,0.0,0.6166666666666667,0.9742472122962346,0,0.7801388853030975,125,0.256,0.25410915475784035,0.782410570310346,4
155,1031,Experience 1031,Adventure,0.6267069522672452,0.6020379288394027,0.9395582128996094,0.5521627033044271,46,Adventure,Action,0.5323196077646252,0.6847698714847281,16,1.0,0.0,0.5,0.5927613948650158,0,0.7341316906379773,113,0.23008849557522124,0.2319235145856154,0.7105146013612028,5
156,1084,Experience 1084,Social,0.6722561348379004,0.2863456816441453,0.5362524927433157,0.7470758006298863,26,Adventure,Action,0.558595418777438,0.4862143110636632,53,0.0,0.0,0.45,0.9776570739658776,0,0.9963737024979787,111,0.35135135135135137,0.3347009728235637,0.4599149175701963,1
156,1053,Experience 1053,Puzzle,0.7426572934279929,0.7514869168546299,0.2904976508730454,0.8341208920021081,34,Adventure,Action,0.558595418777438,0.4862143110636632,53,0.0,0.0,0.3166666666666666,0.7319022320956075,1,0.8878066655254504,102,0.3431372549019608,0.3266051429498922,0.41592153617615674,2
156,1050,Experience 1050,Sports,0.6444432625143321,0.2032573812502654,0.7840857883345029,0.0579453445381299,24,Adventure,Action,0.558595418777438,0.4862143110636632,53,0.0,0.0,0.4833333333333333,0.7745096304429351,0,0.8972910661359396,107,0.27102803738317754,0.2665025782668255,0.37759975201217594,3
156,1085,Experience 1085,Social,0.715133524882573,0.3923165755464828,0.681782684374937,0.3715432084063615,41,Adventure,Action,0.558595418777438,0.4862143110636632,53,0.0,0.0,0.2,0.876812734402501,0,0.9163166867944001,117,0.24786324786324787,0.24704983532764122,0.500315694983427,4
156,1068,Experience 1068,Action,0.698456042052288,0.2594560290757449,0.3550613668330224,0.4325155932423661,21,Adventure,Action,0.558595418777438,0.4862143110636632,53,0.0,1.0,0.5333333333333333,0.7964659480555845,0,0.7245312710642814,111,0.24324324324324326,0.2430979193884492,0.5235454129951808,5
157,1053,Experience 1053,Puzzle,0.7426572934279929,0.7514869168546299,0.2904976508730454,0.8341208920021081,34,Puzzle,Social,0.5281883130955942,0.7970997747310279,11,1.0,0.0,0.3833333333333333,0.7623093377774512,1,0.7547445187796148,102,0.3431372549019608,0.3266051429498922,0.7980194276872348,1
157,1088,Experience 1088,Sports,0.931739259022481,0.4207879774878386,0.5549692853271866,0.4100487869149942,11,Puzzle,Social,0.5281883130955942,0.7970997747310279,11,0.0,0.0,0.0,0.9732190277684076,0,0.7788209850885012,113,0.3008849557522124,0.292073890525465,0.5692274242164682,2
157,1044,Experience 1044,Action,0.8578996664042653,0.7405382156713768,0.540545681694017,0.9388053542070384,40,Puzzle,Social,0.5281883130955942,0.7970997747310279,11,0.0,0.0,0.4833333333333333,0.9876426314015772,0,0.7978531037624741,112,0.2857142857142857,0.27913505636277913,0.5074965497233395,3
157,1032,Experience 1032,Action,0.9183909657409184,0.1782087510115781,0.2798409650960937,0.836613041032693,59,Puzzle,Social,0.5281883130955942,0.7970997747310279,11,0.0,0.0,0.8,0.7516526520004995,0,0.751241637051667,120,0.275,0.27032733885633464,0.4010052181069562,4
157,1036,Experience 1036,Sports,0.9655169972756756,0.2298411882545339,0.2550485289661252,0.8478368672236546,17,Puzzle,Social,0.5281883130955942,0.7970997747310279,11,0.0,0.0,0.1,0.726860215870531,1,0.7803488018430814,129,0.26356589147286824,0.2607102512744084,0.4943309728436532,5
158,1067,Experience 1067,Creative,0.788764048918011,0.4580972487220676,0.5921026845821029,0.4299570499000478,43,Action,Simulation,0.467907507375735,0.1399548659165912,17,0.0,0.0,0.4333333333333333,0.8758048227936321,0,0.7943258708614892,119,0.31092436974789917,0.30104911827256725,0.40381180307605546,1
158,1074,Experience 1074,Social,0.7411737446379107,0.1336446501121093,0.5667526591354218,0.2130749343990023,32,Action,Simulation,0.467907507375735,0.1399548659165912,17,0.0,0.0,0.25,0.9011548482403132,1,0.7967629971231425,149,0.2953020134228188,0.28902856473305827,0.45703806622637183,2
158,1044,Experience 1044,Action,0.8578996664042653,0.7405382156713768,0.540545681694017,0.9388053542070384,40,Action,Simulation,0.467907507375735,0.1399548659165912,17,1.0,0.0,0.3833333333333333,0.927361825681718,0,0.8908605853521114,112,0.2857142857142857,0.27913505636277913,0.7986756649724877,3
158,1064,Experience 1064,Puzzle,0.6204758892789963,0.4435351922580418,0.6632419642315316,0.276207363456566,49,Action,Simulation,0.467907507375735,0.1399548659165912,17,0.0,0.0,0.5333333333333333,0.8046655431442035,1,0.9004554344883213,94,0.2765957446808511,0.27057743368321796,0.3537365540822205,4
158,1032,Experience 1032,Action,0.9183909657409184,0.1782087510115781,0.2798409650960937,0.836613041032693,59,Action,Simulation,0.467907507375735,0.1399548659165912,17,1.0,0.0,0.7,0.8119334577203586,1,0.8873441522922677,120,0.275,0.27032733885633464,0.7372611351886134,5
159,1053,Experience 1053,Puzzle,0.7426572934279929,0.7514869168546299,0.2904976508730454,0.8341208920021081,34,Social,Simulation,0.3048702319541608,0.7370629698419615,42,0.0,0.0,0.1333333333333333,0.9856274189188848,0,0.7922373264996805,102,0.3431372549019608,0.3266051429498922,0.483273412178404,1
159,1052,Experience 1052,Creative,0.6879474895864814,0.8150878066775633,0.5427584275418881,0.4028796085076296,43,Social,Simulation,0.3048702319541608,0.7370629698419615,42,0.0,0.0,0.0166666666666666,0.7621118044122728,0,0.754177483551226,129,0.3178294573643411,0.30769011704622046,0.455421680919633,2
159,1037,Experience 1037,Sports,0.7994490651436071,0.7023148063737304,0.3263399911584964,0.9948242136208678,35,Social,Simulation,0.3048702319541608,0.7370629698419615,42,0.0,0.0,0.1166666666666666,0.9785302407956644,1,0.7560547345006506,120,0.30833333333333335,0.29889876742776317,0.5054401123041374,3
159,1070,Experience 1070,Sports,0.9021629239090754,0.4240213755135868,0.7602726894428304,0.7757910864370905,50,Social,Simulation,0.3048702319541608,0.7370629698419615,42,0.0,0.0,0.1333333333333333,0.5445975425113303,0,0.9306734848136488,111,0.2882882882882883,0.28126585831974693,0.4545628133505516,4
159,1001,Experience 1001,Sports,0.6452560499996463,0.8044840559110404,0.5776422262968883,0.3608105614175153,41,Social,Simulation,0.3048702319541608,0.7370629698419615,42,0.0,0.0,0.0166666666666666,0.7272280056572724,0,0.9935800851915227,110,0.2545454545454545,0.25266021107605263,0.4583138962265206,5
160,1058,Experience 1058,Social,0.5666390936836835,0.5294440043668863,0.4156619036213059,0.2647117106195373,52,Action,Creative,0.7015196406677547,0.4505781160281752,38,0.0,0.0,0.2333333333333333,0.7141422629535512,0,0.9477798667577981,100,0.32,0.30704856199905706,0.45726110668596254,1
160,1002,Experience 1002,Social,0.5654662227449457,0.1419781043952984,0.4876512775379703,0.1763555764178013,30,Action,Creative,0.7015196406677547,0.4505781160281752,38,0.0,0.0,0.1333333333333333,0.7861316368702156,0,0.8876111936542006,125,0.312,0.30238501682680585,0.45000294470488117,2
160,1033,Experience 1033,Simulation,0.8859147305780027,0.259942782541492,0.2648265360525452,0.1086571032622624,31,Action,Creative,0.7015196406677547,0.4505781160281752,38,0.0,0.0,0.1166666666666666,0.5633068953847905,1,0.7485515574315895,120,0.275,0.27032733885633464,0.41670155182863017,3
160,1008,Experience 1008,Adventure,0.8415828324170402,0.3364498304651394,0.599089106012921,0.2728043301458357,40,Action,Creative,0.7015196406677547,0.4505781160281752,38,0.0,0.0,0.0333333333333333,0.8975694653451662,0,0.9701312382003823,117,0.27350427350427353,0.2689476455466193,0.48735650270807146,4
160,1006,Experience 1006,Action,0.8770181756508404,0.5275353377269014,0.8047332447846338,0.7517807092307816,28,Action,Creative,0.7015196406677547,0.4505781160281752,38,1.0,0.0,0.1666666666666666,0.8967863958831209,0,0.7282113885175662,103,0.27184466019417475,0.26703924747875485,0.8368151626130514,5
161,1058,Experience 1058,Social,0.5666390936836835,0.5294440043668863,0.4156619036213059,0.2647117106195373,52,Social,Sports,0.634032125779934,0.1332593212387521,36,1.0,0.0,0.2666666666666666,0.7816297778413719,0,0.933521435543592,100,0.32,0.30704856199905706,0.8007756527417997,1
161,1025,Experience 1025,Social,0.838744739121835,0.7279884901895025,0.5876677647056102,0.0811540004238993,14,Social,Sports,0.634032125779934,0.1332593212387521,36,1.0,0.0,0.3666666666666666,0.9536356389256764,1,0.8365484832465903,120,0.31666666666666665,0.30604162457062034,0.8597943225449108,2
161,1067,Experience 1067,Creative,0.788764048918011,0.4580972487220676,0.5921026845821029,0.4299570499000478,43,Social,Sports,0.634032125779934,0.1332593212387521,36,0.0,0.0,0.1166666666666666,0.958070558802169,0,0.7167041881616137,119,0.31092436974789917,0.30104911827256725,0.48494993353171256,3
161,1037,Experience 1037,Sports,0.7994490651436071,0.7023148063737304,0.3263399911584964,0.9948242136208678,35,Social,Sports,0.634032125779934,0.1332593212387521,36,0.0,1.0,0.0166666666666666,0.6923078653785625,0,0.7072544071280134,120,0.30833333333333335,0.29889876742776317,0.6393688489206499,4
161,1013,Experience 1013,Sports,0.8486275995976889,0.743877614526904,0.1274827038621261,0.2359972626205526,20,Social,Sports,0.634032125779934,0.1332593212387521,36,0.0,1.0,0.2666666666666666,0.4934505780821921,0,0.8679317260972885,116,0.3017241379310345,0.29298402529328565,0.5940942669697146,5
162,1115,Experience 1115,Simulation,0.626658707429628,0.7075065986188209,0.5404405149990236,0.2246894745458737,42,Puzzle,Creative,0.8090712164863822,0.0833197088753456,15,0.0,0.0,0.45,0.7313692985126413,0,0.7589371352751632,112,0.2767857142857143,0.27155929878702156,0.33840282401299643,1
162,1099,Experience 1099,Adventure,0.8332801744008336,0.4077151465805127,0.8307594812615263,0.7545731382181347,49,Puzzle,Creative,0.8090712164863822,0.0833197088753456,15,0.0,0.0,0.5666666666666667,0.978311735224856,0,0.7716884694852759,119,0.2605042016806723,0.25788365064666796,0.39785943610055546,2
162,1091,Experience 1091,Sports,0.6742348817628386,0.2717222536331008,0.7498162980972818,0.6422524185679935,12,Puzzle,Creative,0.8090712164863822,0.0833197088753456,15,0.0,0.0,0.05,0.9407450816108996,1,0.9515493950949832,105,0.2571428571428571,0.25476661951909474,0.4190377588428638,3
162,1021,Experience 1021,Creative,0.6317033375365485,0.227795161908673,0.5969784094803497,0.8897794665398687,40,Puzzle,Creative,0.8090712164863822,0.0833197088753456,15,0.0,1.0,0.4166666666666667,0.7879071929939675,0,0.7836870817269644,117,0.23931623931623933,0.23975056525464852,0.48803786740702204,4
162,1103,Experience 1103,Action,0.6677544964493587,0.4461723957193605,0.794276194278496,0.1853752728024856,59,Puzzle,Creative,0.8090712164863822,0.0833197088753456,15,0.0,0.0,0.7333333333333333,0.9852049777921138,0,0.7159239323334889,121,0.23140495867768596,0.23294913077933935,0.3666228799964472,5
163,1000,Experience 1000,Action,0.9096695293967186,0.6516437731703687,0.6290364009047581,0.2407530712142694,49,Strategy,Social,0.5216339060781419,0.4224727551573332,53,0.0,0.0,0.0666666666666666,0.8925975051733838,1,0.8025069822884215,124,0.3225806451612903,0.31142935722143644,0.5567931926936642,1
163,1107,Experience 1107,Social,0.7428970964662264,0.8045676070342606,0.8160785123357384,0.9076048913904824,23,Strategy,Social,0.5216339060781419,0.4224727551573332,53,0.0,1.0,0.5,0.7055553937424035,0,0.9843503785831277,139,0.30935251798561153,0.3009171537099802,0.6742200280802501,2
163,1013,Experience 1013,Sports,0.8486275995976889,0.743877614526904,0.1274827038621261,0.2359972626205526,20,Strategy,Social,0.5216339060781419,0.4224727551573332,53,0.0,0.0,0.55,0.6058487977839843,0,0.7278282564792182,116,0.3017241379310345,0.29298402529328565,0.4407491959544166,3
163,1068,Experience 1068,Action,0.698456042052288,0.2594560290757449,0.3550613668330224,0.4325155932423661,21,Strategy,Social,0.5216339060781419,0.4224727551573332,53,0.0,0.0,0.5333333333333333,0.8334274607548806,0,0.9225773389044346,111,0.24324324324324326,0.2430979193884492,0.3966030877532204,4
163,1076,Experience 1076,Creative,0.7805257487778566,0.3562342599893083,0.7812983230640933,0.571167362055741,8,Strategy,Social,0.5216339060781419,0.4224727551573332,53,0.0,0.0,0.75,0.7403355830140486,0,0.8438667823769084,124,0.23387096774193547,0.23504046833254755,0.39749415233327373,5
164,1084,Experience 1084,Social,0.6722561348379004,0.2863456816441453,0.5362524927433157,0.7470758006298863,26,Creative,Action,0.7878924599522202,0.457548515130064,36,0.0,0.0,0.1666666666666666,0.7483600327910954,1,0.7458205359099968,111,0.35135135135135137,0.3347009728235637,0.44272857433382173,1
164,1059,Experience 1059,Social,0.7489549716721217,0.4911530499138364,0.6826986067555766,0.9132851837019758,49,Creative,Action,0.7878924599522202,0.457548515130064,36,0.0,0.0,0.2166666666666666,0.8948061468033564,0,0.7124714108192279,105,0.34285714285714286,0.32676661951909475,0.5067033913376648,2
164,1061,Experience 1061,Social,0.9515114053456256,0.4883887845440612,0.3838014404080356,0.6777086144544695,56,Creative,Action,0.7878924599522202,0.457548515130064,36,0.0,0.0,0.3333333333333333,0.5959089804558153,0,0.8226243957576627,113,0.3274336283185841,0.3146302815029086,0.48559409068898574,3
164,1014,Experience 1014,Social,0.7084360738896248,0.6919622480914536,0.5066406143622445,0.7631554898199004,35,Creative,Action,0.7878924599522202,0.457548515130064,36,0.0,0.0,0.0166666666666666,0.7187481544100243,0,0.7447297753338131,117,0.29914529914529914,0.29084545576559745,0.4938148985845911,4
164,1110,Experience 1110,Creative,0.8487034770737338,0.6513439158584452,0.7080979103356375,0.2741343936886083,18,Creative,Action,0.7878924599522202,0.457548515130064,36,1.0,0.0,0.3,0.9202054503834172,1,0.8488956102408525,109,0.28440366972477066,0.2778746313169523,0.8144154168875604,5
165,1111,Experience 1111,Sports,0.9428982678236224,0.8155250577848677,0.575778764164542,0.2547283501174674,25,Adventure,Action,0.6337537226464699,0.2990306981278396,53,0.0,0.0,0.4666666666666667,0.942025041518072,0,0.9092219787276495,139,0.3237410071942446,0.31349577006218143,0.50856815578402,1
165,1013,Experience 1013,Sports,0.8486275995976889,0.743877614526904,0.1274827038621261,0.2359972626205526,20,Adventure,Action,0.6337537226464699,0.2990306981278396,53,0.0,0.0,0.55,0.4937289812156562,0,0.9076596430384822,116,0.3017241379310345,0.29298402529328565,0.37563144563671397,2
165,1036,Experience 1036,Sports,0.9655169972756756,0.2298411882545339,0.2550485289661252,0.8478368672236546,17,Adventure,Action,0.6337537226464699,0.2990306981278396,53,0.0,0.0,0.6,0.6212948063196553,1,0.8641544468633084,129,0.26356589147286824,0.2607102512744084,0.38055181457827886,3
165,1068,Experience 1068,Action,0.698456042052288,0.2594560290757449,0.3550613668330224,0.4325155932423661,21,Adventure,Action,0.6337537226464699,0.2990306981278396,53,0.0,1.0,0.5333333333333333,0.7213076441865525,0,0.9197916470966288,111,0.24324324324324326,0.2430979193884492,0.49959905445716946,4
165,1083,Experience 1083,Sports,0.5638116113845065,0.5523903507798276,0.3674940432740611,0.3952346537588943,26,Adventure,Action,0.6337537226464699,0.2990306981278396,53,0.0,0.0,0.45,0.7337403206275912,0,0.9316435509868376,122,0.22950819672131148,0.23130864394286513,0.3518103863280093,5
166,1084,Experience 1084,Social,0.6722561348379004,0.2863456816441453,0.5362524927433157,0.7470758006298863,26,Strategy,Puzzle,0.7118600365555505,0.6641703351082313,50,0.0,0.0,0.4,0.8243924561877651,1,0.8319328623109213,111,0.35135135135135137,0.3347009728235637,0.45665568372743043,1
166,1058,Experience 1058,Social,0.5666390936836835,0.5294440043668863,0.4156619036213059,0.2647117106195373,52,Strategy,Puzzle,0.7118600365555505,0.6641703351082313,50,0.0,0.0,0.0333333333333333,0.7038018670657553,0,0.9670745486206667,100,0.32,0.30704856199905706,0.471500862459223,2
166,1014,Experience 1014,Social,0.7084360738896248,0.6919622480914536,0.5066406143622445,0.7631554898199004,35,Strategy,Puzzle,0.7118600365555505,0.6641703351082313,50,0.0,0.0,0.25,0.794780577806694,0,0.9009499853245098,117,0.29914529914529914,0.29084545576559745,0.5078844289456645,3
166,1110,Experience 1110,Creative,0.8487034770737338,0.6513439158584452,0.7080979103356375,0.2741343936886083,18,Strategy,Puzzle,0.7118600365555505,0.6641703351082313,50,0.0,0.0,0.5333333333333333,0.996237873780087,0,0.7965499092993351,109,0.28440366972477066,0.2778746313169523,0.48786988071972676,4
166,1085,Experience 1085,Social,0.715133524882573,0.3923165755464828,0.681782684374937,0.3715432084063615,41,Strategy,Puzzle,0.7118600365555505,0.6641703351082313,50,0.0,0.0,0.15,0.9699226478193864,0,0.8372848482648352,117,0.24786324786324787,0.24704983532764122,0.5403765432569064,5
167,1061,Experience 1061,Social,0.9515114053456256,0.4883887845440612,0.3838014404080356,0.6777086144544695,56,Sports,Creative,0.7372283222854936,0.1156609573202866,28,0.0,0.0,0.4666666666666667,0.646573118122542,1,0.9939187672873275,113,0.3274336283185841,0.3146302815029086,0.4697461202336949,1
167,1069,Experience 1069,Puzzle,0.8068156107352968,0.6551858372056814,0.8842124935251735,0.2530347499296835,35,Sports,Creative,0.7372283222854936,0.1156609573202866,28,0.0,0.0,0.1166666666666666,0.8530158287603201,0,0.9016779581446145,121,0.2892561983471074,0.2825945208502613,0.47882368314468265,2
167,1023,Experience 1023,Strategy,0.934275144868182,0.4241492862896971,0.2179097364670654,0.7914514878076223,48,Sports,Creative,0.7372283222854936,0.1156609573202866,28,0.0,0.0,0.3333333333333333,0.4806814141815718,0,0.8578566052329066,110,0.2818181818181818,0.2757371341529757,0.3493803903368896,3
167,1060,Experience 1060,Strategy,0.8620933017122632,0.1051567799118504,0.3772606570904063,0.1400554046894906,58,Sports,Creative,0.7372283222854936,0.1156609573202866,28,0.0,0.0,0.5,0.6400323348049126,0,0.9677964568356267,102,0.27450980392156865,0.2692280937695643,0.33422474991802953,4
167,1098,Experience 1098,Social,0.534058177188557,0.4459803600128759,0.2707495249900757,0.7298152463028666,35,Sports,Creative,0.7372283222854936,0.1156609573202866,28,0.0,0.0,0.1166666666666666,0.5335212027045821,0,0.7378300611221636,130,0.26153846153846155,0.25897218293257895,0.3707152974059233,5
168,1002,Experience 1002,Social,0.5654662227449457,0.1419781043952984,0.4876512775379703,0.1763555764178013,30,Simulation,Social,0.6211314597267983,0.2760806408068795,25,0.0,1.0,0.0833333333333333,0.866519817811172,0,0.8780352405714833,125,0.312,0.30238501682680585,0.6172156308037746,1
168,1102,Experience 1102,Sports,0.9402838286695968,0.4125021221616953,0.1907643304361418,0.200562471321554,40,Simulation,Social,0.6211314597267983,0.2760806408068795,25,0.0,0.0,0.25,0.5696328707093435,0,0.9474710735424556,117,0.3076923076923077,0.29814472583859014,0.43548032380719803,2
168,1064,Experience 1064,Puzzle,0.6204758892789963,0.4435351922580418,0.6632419642315316,0.276207363456566,49,Simulation,Social,0.6211314597267983,0.2760806408068795,25,0.0,0.0,0.4,0.9578894954952668,0,0.8865500569861907,94,0.2765957446808511,0.27057743368321796,0.4174707491932627,3
168,1032,Experience 1032,Action,0.9183909657409184,0.1782087510115781,0.2798409650960937,0.836613041032693,59,Simulation,Social,0.6211314597267983,0.2760806408068795,25,0.0,0.0,0.5666666666666667,0.6587095053692954,0,0.9668249930930887,120,0.275,0.27032733885633464,0.37787356050663473,4
168,1073,Experience 1073,Adventure,0.687693407311507,0.5642695337399875,0.7523432280065728,0.8351257910807337,50,Simulation,Social,0.6211314597267983,0.2760806408068795,25,0.0,0.0,0.4166666666666667,0.8687882317202255,0,0.945265880619606,132,0.26515151515151514,0.26214360157820293,0.40117491821330203,5
169,1059,Experience 1059,Social,0.7489549716721217,0.4911530499138364,0.6826986067555766,0.9132851837019758,49,Social,Creative,0.5975593428143203,0.665378053095324,16,1.0,0.0,0.55,0.9148607360587436,0,0.8822789949881271,105,0.34285714285714286,0.32676661951909475,0.8231969358978205,1
169,1119,Experience 1119,Action,0.8086136050725224,0.7572883677081093,0.5086964614589882,0.1619415702496311,9,Social,Creative,0.5975593428143203,0.665378053095324,16,0.0,0.0,0.1166666666666666,0.9111371186446678,1,0.9896916976102149,115,0.30434782608695654,0.29515427733249516,0.49522950967579926,2
169,1110,Experience 1110,Creative,0.8487034770737338,0.6513439158584452,0.7080979103356375,0.2741343936886083,18,Social,Creative,0.5975593428143203,0.665378053095324,16,0.0,1.0,0.0333333333333333,0.8894614324786828,0,0.7550386610331346,109,0.28440366972477066,0.2778746313169523,0.6743636727310427,3
169,1032,Experience 1032,Action,0.9183909657409184,0.1782087510115781,0.2798409650960937,0.836613041032693,59,Social,Creative,0.5975593428143203,0.665378053095324,16,0.0,0.0,0.7166666666666667,0.6822816222817734,1,0.8768788206786525,120,0.275,0.27032733885633464,0.3717616738103613,4
169,1033,Experience 1033,Simulation,0.8859147305780027,0.259942782541492,0.2648265360525452,0.1086571032622624,31,Social,Creative,0.5975593428143203,0.665378053095324,16,0.0,0.0,0.25,0.6672671932382249,0,0.9709465468053781,120,0.275,0.27032733885633464,0.4046546676013362,5
170,1014,Experience 1014,Social,0.7084360738896248,0.6919622480914536,0.5066406143622445,0.7631554898199004,35,Social,Strategy,0.619218010945054,0.7039653739898516,34,1.0,0.0,0.0166666666666666,0.8874226034171905,0,0.7159978055456746,117,0.29914529914529914,0.29084545576559745,0.8479140122223714,1
170,1069,Experience 1069,Puzzle,0.8068156107352968,0.6551858372056814,0.8842124935251735,0.2530347499296835,35,Social,Strategy,0.619218010945054,0.7039653739898516,34,0.0,0.0,0.0166666666666666,0.7350055174198805,0,0.7849377096139944,121,0.2892561983471074,0.2825945208502613,0.48939956218398734,2
170,1006,Experience 1006,Action,0.8770181756508404,0.5275353377269014,0.8047332447846338,0.7517807092307816,28,Social,Strategy,0.619218010945054,0.7039653739898516,34,0.0,0.0,0.1,0.8144847661604202,0,0.8282167217597407,103,0.27184466019417475,0.26703924747875485,0.48514055554951,3
170,1099,Experience 1099,Adventure,0.8332801744008336,0.4077151465805127,0.8307594812615263,0.7545731382181347,49,Social,Strategy,0.619218010945054,0.7039653739898516,34,0.0,0.0,0.25,0.7884585296835277,0,0.920669679506345,119,0.2605042016806723,0.25788365064666796,0.4343081492161638,4
170,1091,Experience 1091,Sports,0.6742348817628386,0.2717222536331008,0.7498162980972818,0.6422524185679935,12,Social,Strategy,0.619218010945054,0.7039653739898516,34,0.0,0.0,0.3666666666666666,0.8694017128477722,0,0.9660782598343216,105,0.2571428571428571,0.25476661951909474,0.4109301933877292,5
171,1053,Experience 1053,Puzzle,0.7426572934279929,0.7514869168546299,0.2904976508730454,0.8341208920021081,34,Puzzle,Action,0.438128866948292,0.2466923045785196,22,1.0,0.0,0.2,0.8523687839247533,0,0.9052222167560104,102,0.3431372549019608,0.3266051429498922,0.7786851861133334,1
171,1107,Experience 1107,Social,0.7428970964662264,0.8045676070342606,0.8160785123357384,0.9076048913904824,23,Puzzle,Action,0.438128866948292,0.2466923045785196,22,0.0,0.0,0.0166666666666666,0.6220503546125538,0,0.918032358108383,139,0.30935251798561153,0.3009171537099802,0.47895508839038003,2
171,1108,Experience 1108,Puzzle,0.8425576923542274,0.4822507608830354,0.666849920378606,0.8027206052883656,21,Puzzle,Action,0.438128866948292,0.2466923045785196,22,1.0,0.0,0.0166666666666666,0.7712789465696861,0,0.8010388462684996,92,0.2717391304347826,0.2664806021418468,0.7936988724120728,3
171,1073,Experience 1073,Adventure,0.687693407311507,0.5642695337399875,0.7523432280065728,0.8351257910807337,50,Puzzle,Action,0.438128866948292,0.2466923045785196,22,0.0,0.0,0.4666666666666667,0.6857856389417192,0,0.9150031934117382,132,0.26515151515151514,0.26214360157820293,0.33686731564988764,4
171,1001,Experience 1001,Sports,0.6452560499996463,0.8044840559110404,0.5776422262968883,0.3608105614175153,41,Puzzle,Action,0.438128866948292,0.2466923045785196,22,0.0,0.0,0.3166666666666666,0.8604866406514038,0,0.8596498200663952,110,0.2545454545454545,0.25266021107605263,0.416680693200909,5
172,1000,Experience 1000,Action,0.9096695293967186,0.6516437731703687,0.6290364009047581,0.2407530712142694,49,Action,Social,0.435258488622614,0.7301961180504722,26,1.0,0.0,0.3833333333333333,0.806222087717856,1,0.7706439101303523,124,0.3225806451612903,0.31142935722143644,0.8494561359945888,1
172,1013,Experience 1013,Sports,0.8486275995976889,0.743877614526904,0.1274827038621261,0.2359972626205526,20,Action,Social,0.435258488622614,0.7301961180504722,26,0.0,0.0,0.1,0.692224215239512,0,0.9323874576447546,116,0.3017241379310345,0.29298402529328565,0.5313042932798533,2
172,1006,Experience 1006,Action,0.8770181756508404,0.5275353377269014,0.8047332447846338,0.7517807092307816,28,Action,Social,0.435258488622614,0.7301961180504722,26,1.0,0.0,0.0333333333333333,0.6305252438379803,1,0.7499758906830524,103,0.27184466019417475,0.26703924747875485,0.8416407860319779,3
172,1091,Experience 1091,Sports,0.6742348817628386,0.2717222536331008,0.7498162980972818,0.6422524185679935,12,Action,Social,0.435258488622614,0.7301961180504722,26,0.0,0.0,0.2333333333333333,0.6854421905253323,0,0.8198370216998216,105,0.2571428571428571,0.25476661951909474,0.45367344820143796,4
172,1066,Experience 1066,Strategy,0.5933044321129625,0.8148765601157231,0.9082281614290438,0.2645976053461583,23,Action,Social,0.435258488622614,0.7301961180504722,26,0.0,0.0,0.05,0.5270303271935702,0,0.8610892438104237,125,0.208,0.21272984441301274,0.43641127876108965,5
173,1013,Experience 1013,Sports,0.8486275995976889,0.743877614526904,0.1274827038621261,0.2359972626205526,20,Creative,Strategy,0.1897771695852965,0.686126391209862,33,0.0,0.0,0.2166666666666666,0.9377055342768296,0,0.9515851946191083,116,0.3017241379310345,0.29298402529328565,0.5088949647893155,1
173,1069,Experience 1069,Puzzle,0.8068156107352968,0.6551858372056814,0.8842124935251735,0.2530347499296835,35,Creative,Strategy,0.1897771695852965,0.686126391209862,33,0.0,0.0,0.0333333333333333,0.305564676060123,0,0.7614099232379937,121,0.2892561983471074,0.2825945208502613,0.4211222981555482,2
173,1032,Experience 1032,Action,0.9183909657409184,0.1782087510115781,0.2798409650960937,0.836613041032693,59,Creative,Strategy,0.1897771695852965,0.686126391209862,33,0.0,0.0,0.4333333333333333,0.9099362044892028,0,0.7859333093065429,120,0.275,0.27032733885633464,0.44418025551378704,3
173,1090,Experience 1090,Puzzle,0.5586098880458512,0.4251872277402517,0.5338484342208252,0.861814417816014,19,Creative,Strategy,0.1897771695852965,0.686126391209862,33,0.0,0.0,0.2333333333333333,0.6559287353644714,1,0.9846215920549843,121,0.2727272727272727,0.26841012368714073,0.36035371865425536,4
173,1004,Experience 1004,Puzzle,0.809305382335664,0.5027055170834634,0.7716046143560276,0.3920600224154432,16,Creative,Strategy,0.1897771695852965,0.686126391209862,33,0.0,0.0,0.2833333333333333,0.418172555229269,0,0.7339431973670633,123,0.21951219512195122,0.2226980939852227,0.39478749303269345,5
174,1052,Experience 1052,Creative,0.6879474895864814,0.8150878066775633,0.5427584275418881,0.4028796085076296,43,Action,Sports,0.5471922108873236,0.4206471468074731,41,0.0,0.0,0.0333333333333333,0.9955662166545644,0,0.8468554177589193,129,0.3178294573643411,0.30769011704622046,0.5364346889799707,1
174,1058,Experience 1058,Social,0.5666390936836835,0.5294440043668863,0.4156619036213059,0.2647117106195373,52,Action,Sports,0.5471922108873236,0.4206471468074731,41,0.0,0.0,0.1833333333333333,0.8684696927339823,0,0.8945363198444817,100,0.32,0.30704856199905706,0.5121164245794806,2
174,1013,Experience 1013,Sports,0.8486275995976889,0.743877614526904,0.1274827038621261,0.2359972626205526,20,Action,Sports,0.5471922108873236,0.4206471468074731,41,0.0,1.0,0.35,0.5802904929748025,0,0.8179919797891737,116,0.3017241379310345,0.29298402529328565,0.6345383823969416,3
174,1069,Experience 1069,Puzzle,0.8068156107352968,0.6551858372056814,0.8842124935251735,0.2530347499296835,35,Action,Sports,0.5471922108873236,0.4206471468074731,41,0.0,0.0,0.1,0.6629797173621501,0,0.9738556139532301,121,0.2892561983471074,0.2825945208502613,0.5105217534503199,4
174,1033,Experience 1033,Simulation,0.8859147305780027,0.259942782541492,0.2648265360525452,0.1086571032622624,31,Action,Sports,0.5471922108873236,0.4206471468074731,41,0.0,0.0,0.1666666666666666,0.7176343251652216,0,0.7715620788259479,120,0.275,0.27032733885633464,0.4604212954890432,5
175,1059,Experience 1059,Social,0.7489549716721217,0.4911530499138364,0.6826986067555766,0.9132851837019758,49,Action,Strategy,0.7746660878782776,0.0116803040827455,50,0.0,0.0,0.0166666666666666,0.908032518877299,0,0.9668689906968142,105,0.34285714285714286,0.32676661951909475,0.5285812584425091,1
175,1058,Experience 1058,Social,0.5666390936836835,0.5294440043668863,0.4156619036213059,0.2647117106195373,52,Action,Strategy,0.7746660878782776,0.0116803040827455,50,0.0,0.0,0.0333333333333333,0.6409958157430282,0,0.940614525914677,100,0.32,0.30704856199905706,0.43401434067486183,2
175,1025,Experience 1025,Social,0.838744739121835,0.7279884901895025,0.5876677647056102,0.0811540004238993,14,Action,Strategy,0.7746660878782776,0.0116803040827455,50,0.0,0.0,0.6,0.8130016768273326,0,0.8703594965853714,120,0.31666666666666665,0.30604162457062034,0.4900420910191669,3
175,1100,Experience 1100,Sports,0.8539423752816214,0.5771516782683807,0.6603015579098336,0.097787997445443,39,Action,Strategy,0.7746660878782776,0.0116803040827455,50,0.0,0.0,0.1833333333333333,0.885635470031556,0,0.8721674736447422,107,0.3177570093457944,0.3058726570069831,0.4977874191611701,4
175,1088,Experience 1088,Sports,0.931739259022481,0.4207879774878386,0.5549692853271866,0.4100487869149942,11,Action,Strategy,0.7746660878782776,0.0116803040827455,50,0.0,0.0,0.65,0.780303197448909,0,0.7623758806124753,113,0.3008849557522124,0.292073890525465,0.42530320889330947,5
176,1070,Experience 1070,Sports,0.9021629239090754,0.4240213755135868,0.7602726894428304,0.7757910864370905,50,Strategy,Creative,0.9525368057926612,0.5947638929561369,16,0.0,0.0,0.5666666666666667,0.8077358836501694,0,0.8339151226185545,111,0.2882882882882883,0.28126585831974693,0.4406305008018199,1
176,1110,Experience 1110,Creative,0.8487034770737338,0.6513439158584452,0.7080979103356375,0.2741343936886083,18,Strategy,Creative,0.9525368057926612,0.5947638929561369,16,0.0,1.0,0.0333333333333333,0.7555611045429764,0,0.9341891932475186,109,0.28440366972477066,0.2778746313169523,0.6373790072161368,2
176,1008,Experience 1008,Adventure,0.8415828324170402,0.3364498304651394,0.599089106012921,0.2728043301458357,40,Strategy,Creative,0.9525368057926612,0.5947638929561369,16,0.0,0.0,0.4,0.6465523002202599,0,0.9574331924156629,117,0.27350427350427353,0.2689476455466193,0.3731745665800406,3
176,1098,Experience 1098,Social,0.534058177188557,0.4459803600128759,0.2707495249900757,0.7298152463028666,35,Strategy,Creative,0.9525368057926612,0.5947638929561369,16,0.0,0.0,0.3166666666666666,0.3182127191974147,0,0.7071607686747866,130,0.26153846153846155,0.25897218293257895,0.323473422500994,4
176,1017,Experience 1017,Adventure,0.8986224157650411,0.4138920991005588,0.5580723954683906,0.6429984233408326,53,Strategy,Creative,0.9525368057926612,0.5947638929561369,16,0.0,0.0,0.6166666666666667,0.6055355896757295,1,0.9397459404161554,125,0.256,0.25410915475784035,0.36134370273154814,5
177,1084,Experience 1084,Social,0.6722561348379004,0.2863456816441453,0.5362524927433157,0.7470758006298863,26,Creative,Action,0.8655004952906218,0.5055753896278941,41,0.0,0.0,0.25,0.6707519974526939,0,0.845418430582416,111,0.35135135135135137,0.3347009728235637,0.42447755281516714,1
177,1059,Experience 1059,Social,0.7489549716721217,0.4911530499138364,0.6826986067555766,0.9132851837019758,49,Creative,Action,0.8655004952906218,0.5055753896278941,41,0.0,0.0,0.1333333333333333,0.8171981114649548,0,0.871274832388996,105,0.34285714285714286,0.32676661951909475,0.5056922269598391,2
177,1109,Experience 1109,Social,0.5415451963988065,0.6320276759129257,0.4602651355822746,0.2660308726216652,48,Creative,Action,0.8655004952906218,0.5055753896278941,41,0.0,0.0,0.1166666666666666,0.5947646402916529,0,0.7163324389553671,125,0.312,0.30238501682680585,0.42502709038928316,3
177,1074,Experience 1074,Social,0.7411737446379107,0.1336446501121093,0.5667526591354218,0.2130749343990023,32,Creative,Action,0.8655004952906218,0.5055753896278941,41,0.0,0.0,0.15,0.7012521638448,0,0.7105718000103095,149,0.2953020134228188,0.28902856473305827,0.45419420119282095,4
177,1005,Experience 1005,Sports,0.725440926488475,0.5102685875213342,0.2459903544501388,0.2409271164143122,19,Creative,Action,0.8655004952906218,0.5055753896278941,41,0.0,0.0,0.3666666666666666,0.380489859159517,0,0.8652750746817719,114,0.2543859649122807,0.25258080179020037,0.34088953041345016,5
178,1043,Experience 1043,Creative,0.8838983032607785,0.7641225701636372,0.5942808569171103,0.6062993981927156,47,Social,Sports,0.3435713152251943,0.7762070838039622,43,0.0,0.0,0.0666666666666666,0.7492904583080839,0,0.9063764493561591,110,0.35454545454545455,0.3372755956914373,0.5410081731742117,1
178,1052,Experience 1052,Creative,0.6879474895864814,0.8150878066775633,0.5427584275418881,0.4028796085076296,43,Social,Sports,0.3435713152251943,0.7762070838039622,43,0.0,0.0,0.0,0.8008128876833063,0,0.920131064304786,129,0.3178294573643411,0.30769011704622046,0.5105675612268323,2
178,1013,Experience 1013,Sports,0.8486275995976889,0.743877614526904,0.1274827038621261,0.2359972626205526,20,Social,Sports,0.3435713152251943,0.7762070838039622,43,0.0,1.0,0.3833333333333333,0.7839113886369319,1,0.7349623276110511,116,0.3017241379310345,0.29298402529328565,0.668366624445938,3
178,1044,Experience 1044,Action,0.8578996664042653,0.7405382156713768,0.540545681694017,0.9388053542070384,40,Social,Sports,0.3435713152251943,0.7762070838039622,43,0.0,0.0,0.05,0.8030256335311774,0,0.9274430929967152,112,0.2857142857142857,0.27913505636277913,0.5372501510325609,4
178,1001,Experience 1001,Sports,0.6452560499996463,0.8044840559110404,0.5776422262968883,0.3608105614175153,41,Social,Sports,0.3435713152251943,0.7762070838039622,43,0.0,1.0,0.0333333333333333,0.7659290889283059,1,0.8051440319991875,110,0.2545454545454545,0.25266021107605263,0.6743491610641619,5
179,1037,Experience 1037,Sports,0.7994490651436071,0.7023148063737304,0.3263399911584964,0.9948242136208678,35,Sports,Action,0.4850380827360287,0.24766389015344,46,1.0,0.0,0.1833333333333333,0.8413019084224678,1,0.9174081762702886,120,0.30833333333333335,0.29889876742776317,0.8054303278662279,1
179,1119,Experience 1119,Action,0.8086136050725224,0.7572883677081093,0.5086964614589882,0.1619415702496311,9,Sports,Action,0.4850380827360287,0.24766389015344,46,0.0,1.0,0.6166666666666667,0.9763416212770406,1,0.7991145553947862,115,0.30434782608695654,0.29515427733249516,0.6067425633010902,2
179,1014,Experience 1014,Social,0.7084360738896248,0.6919622480914536,0.5066406143622445,0.7631554898199004,35,Sports,Action,0.4850380827360287,0.24766389015344,46,0.0,0.0,0.1833333333333333,0.9783974683737842,0,0.9682750258863831,117,0.29914529914529914,0.29084545576559745,0.5178890754963423,3
179,1069,Experience 1069,Puzzle,0.8068156107352968,0.6551858372056814,0.8842124935251735,0.2530347499296835,35,Sports,Action,0.4850380827360287,0.24766389015344,46,0.0,0.0,0.1833333333333333,0.6008255892108552,0,0.9512859357572908,121,0.2892561983471074,0.2825945208502613,0.4343452283240319,4
179,1064,Experience 1064,Puzzle,0.6204758892789963,0.4435351922580418,0.6632419642315316,0.276207363456566,49,Sports,Action,0.4850380827360287,0.24766389015344,46,0.0,0.0,0.05,0.8217961185044971,0,0.9185467154393514,94,0.2765957446808511,0.27057743368321796,0.4178849323908071,5
180,1059,Experience 1059,Social,0.7489549716721217,0.4911530499138364,0.6826986067555766,0.9132851837019758,49,Puzzle,Simulation,0.6200600068149668,0.4646804468045396,51,0.0,0.0,0.0333333333333333,0.9373614000593902,0,0.7979551138445569,105,0.34285714285714286,0.32676661951909475,0.5228524458403638,1
180,1111,Experience 1111,Sports,0.9428982678236224,0.8155250577848677,0.575778764164542,0.2547283501174674,25,Puzzle,Simulation,0.6200600068149668,0.4646804468045396,51,0.0,0.0,0.4333333333333333,0.9557187573495752,1,0.8181088679205092,139,0.3237410071942446,0.31349577006218143,0.507747207663738,2
180,1109,Experience 1109,Social,0.5415451963988065,0.6320276759129257,0.4602651355822746,0.2660308726216652,48,Puzzle,Simulation,0.6200600068149668,0.4646804468045396,51,0.0,0.0,0.05,0.8402051287673078,1,0.9197377359585912,125,0.312,0.30238501682680585,0.4602872520621089,3
180,1110,Experience 1110,Creative,0.8487034770737338,0.6513439158584452,0.7080979103356375,0.2741343936886083,18,Puzzle,Simulation,0.6200600068149668,0.4646804468045396,51,0.0,0.0,0.55,0.9119620964793292,0,0.9230163590463911,109,0.28440366972477066,0.2778746313169523,0.43568417813173843,4
180,1036,Experience 1036,Sports,0.9655169972756756,0.2298411882545339,0.2550485289661252,0.8478368672236546,17,Puzzle,Simulation,0.6200600068149668,0.4646804468045396,51,0.0,0.0,0.5666666666666667,0.6349885221511584,0,0.7939349641804228,129,0.26356589147286824,0.2607102512744084,0.3797778172644677,5
181,1084,Experience 1084,Social,0.6722561348379004,0.2863456816441453,0.5362524927433157,0.7470758006298863,26,Simulation,Puzzle,0.7784441251251505,0.1273467699725715,42,0.0,0.0,0.2666666666666666,0.7578083676181652,0,0.9806922252396317,111,0.35135135135135137,0.3347009728235637,0.41560375739229105,1
181,1061,Experience 1061,Social,0.9515114053456256,0.4883887845440612,0.3838014404080356,0.6777086144544695,56,Simulation,Puzzle,0.7784441251251505,0.1273467699725715,42,0.0,0.0,0.2333333333333333,0.6053573152828851,1,0.7133500987369247,113,0.3274336283185841,0.3146302815029086,0.47899810040736734,2
181,1009,Experience 1009,Action,0.7987178764315418,0.3460501829476273,0.2238314684756084,0.130890330850495,53,Simulation,Puzzle,0.7784441251251505,0.1273467699725715,42,0.0,0.0,0.1833333333333333,0.445387343350458,1,0.9122274514245323,104,0.28846153846153844,0.28101473741844224,0.34326237124005415,3
181,1044,Experience 1044,Action,0.8578996664042653,0.7405382156713768,0.540545681694017,0.9388053542070384,40,Simulation,Puzzle,0.7784441251251505,0.1273467699725715,42,0.0,0.0,0.0333333333333333,0.7621015565688665,0,0.8827185214315855,112,0.2857142857142857,0.27913505636277913,0.455582208043588,4
181,1064,Experience 1064,Puzzle,0.6204758892789963,0.4435351922580418,0.6632419642315316,0.276207363456566,49,Simulation,Puzzle,0.7784441251251505,0.1273467699725715,42,0.0,1.0,0.1166666666666666,0.8847978391063811,1,0.7630506640087845,94,0.2765957446808511,0.27057743368321796,0.5778923885439411,5
182,1111,Experience 1111,Sports,0.9428982678236224,0.8155250577848677,0.575778764164542,0.2547283501174674,25,Social,Sports,0.558626582992631,0.3269104534135279,44,0.0,1.0,0.3166666666666666,0.982847818828089,0,0.9306324159127167,139,0.3237410071942446,0.31349577006218143,0.7226046123071035,1
182,1014,Experience 1014,Social,0.7084360738896248,0.6919622480914536,0.5066406143622445,0.7631554898199004,35,Social,Sports,0.558626582992631,0.3269104534135279,44,1.0,0.0,0.15,0.9480140313696136,1,0.8184909511772833,117,0.29914529914529914,0.29084545576559745,0.8571564817137437,2
182,1070,Experience 1070,Sports,0.9021629239090754,0.4240213755135868,0.7602726894428304,0.7757910864370905,50,Social,Sports,0.558626582992631,0.3269104534135279,44,0.0,1.0,0.1,0.7983538935498006,1,0.9057952215844418,111,0.2882882882882883,0.28126585831974693,0.6862373909042642,3
182,1064,Experience 1064,Puzzle,0.6204758892789963,0.4435351922580418,0.6632419642315316,0.276207363456566,49,Social,Sports,0.558626582992631,0.3269104534135279,44,0.0,0.0,0.0833333333333333,0.8953846187610994,0,0.7609548084295885,94,0.2765957446808511,0.27057743368321796,0.4626327180440722,4
182,1006,Experience 1006,Action,0.8770181756508404,0.5275353377269014,0.8047332447846338,0.7517807092307816,28,Social,Sports,0.558626582992631,0.3269104534135279,44,0.0,0.0,0.2666666666666666,0.7538933382079972,0,0.9913852808959968,103,0.27184466019417475,0.26703924747875485,0.4786574492963702,5
183,1059,Experience 1059,Social,0.7489549716721217,0.4911530499138364,0.6826986067555766,0.9132851837019758,49,Puzzle,Simulation,0.3373661783638257,0.7163395346683611,47,0.0,0.0,0.0333333333333333,0.6546675716082492,0,0.8606887848879314,105,0.34285714285714286,0.32676661951909475,0.4881928187135589,1
183,1100,Experience 1100,Sports,0.8539423752816214,0.5771516782683807,0.6603015579098336,0.097787997445443,39,Puzzle,Simulation,0.3373661783638257,0.7163395346683611,47,0.0,0.0,0.1333333333333333,0.6770646204539922,0,0.7449576766825113,107,0.3177570093457944,0.3058726570069831,0.4723180726588616,2
183,1107,Experience 1107,Social,0.7428970964662264,0.8045676070342606,0.8160785123357384,0.9076048913904824,23,Puzzle,Simulation,0.3373661783638257,0.7163395346683611,47,0.0,0.0,0.4,0.5212876660280874,0,0.9652743552389537,139,0.30935251798561153,0.3009171537099802,0.44873051534988423,3
183,1119,Experience 1119,Action,0.8086136050725224,0.7572883677081093,0.5086964614589882,0.1619415702496311,9,Puzzle,Simulation,0.3373661783638257,0.7163395346683611,47,0.0,0.0,0.6333333333333333,0.8286697169048376,0,0.8981350870692418,115,0.30434782608695654,0.29515427733249516,0.41796954965446165,4
183,1023,Experience 1023,Strategy,0.934275144868182,0.4241492862896971,0.2179097364670654,0.7914514878076223,48,Puzzle,Simulation,0.3373661783638257,0.7163395346683611,47,0.0,0.0,0.0166666666666666,0.8805435581032397,1,0.9816095832933318,110,0.2818181818181818,0.2757371341529757,0.46374141891509246,5
184,1043,Experience 1043,Creative,0.8838983032607785,0.7641225701636372,0.5942808569171103,0.6062993981927156,47,Action,Simulation,0.2930107776566881,0.5841892350400743,52,0.0,0.0,0.0833333333333333,0.6987299207395778,0,0.9846445521058426,110,0.35454545454545455,0.3372755956914373,0.49902357226130933,1
184,1002,Experience 1002,Social,0.5654662227449457,0.1419781043952984,0.4876512775379703,0.1763555764178013,30,Action,Simulation,0.2930107776566881,0.5841892350400743,52,0.0,0.0,0.3666666666666666,0.8053595001187177,0,0.8709737720907194,125,0.312,0.30238501682680585,0.42516031469547577,2
184,1044,Experience 1044,Action,0.8578996664042653,0.7405382156713768,0.540545681694017,0.9388053542070384,40,Action,Simulation,0.2930107776566881,0.5841892350400743,52,1.0,0.0,0.2,0.7524650959626711,1,0.795050444965422,112,0.2857142857142857,0.27913505636277913,0.8188415720024883,3
184,1023,Experience 1023,Strategy,0.934275144868182,0.4241492862896971,0.2179097364670654,0.7914514878076223,48,Action,Simulation,0.2930107776566881,0.5841892350400743,52,0.0,0.0,0.0666666666666666,0.9248989588103772,0,0.9696719974231759,110,0.2818181818181818,0.2757371341529757,0.48791460011920595,4
184,1032,Experience 1032,Action,0.9183909657409184,0.1782087510115781,0.2798409650960937,0.836613041032693,59,Action,Simulation,0.2930107776566881,0.5841892350400743,52,1.0,0.0,0.1166666666666666,0.9868301874394056,0,0.8278717360597088,120,0.275,0.27032733885633464,0.8288611703524937,5
185,1000,Experience 1000,Action,0.9096695293967186,0.6516437731703687,0.6290364009047581,0.2407530712142694,49,Adventure,Puzzle,0.7093554845042659,0.497213908951521,48,0.0,0.0,0.0166666666666666,0.9196809164004922,0,0.7294721722780391,124,0.3225806451612903,0.31142935722143644,0.5427529567274664,1
185,1052,Experience 1052,Creative,0.6879474895864814,0.8150878066775633,0.5427584275418881,0.4028796085076296,43,Adventure,Puzzle,0.7093554845042659,0.497213908951521,48,0.0,0.0,0.0833333333333333,0.8334029430376222,0,0.8252339219571587,129,0.3178294573643411,0.30769011704622046,0.4695778584472316,2
185,1102,Experience 1102,Sports,0.9402838286695968,0.4125021221616953,0.1907643304361418,0.200562471321554,40,Adventure,Puzzle,0.7093554845042659,0.497213908951521,48,0.0,0.0,0.1333333333333333,0.4814088459318759,0,0.8417600778152985,117,0.3076923076923077,0.29814472583859014,0.44334568069988994,3
185,1115,Experience 1115,Simulation,0.626658707429628,0.7075065986188209,0.5404405149990236,0.2246894745458737,42,Adventure,Puzzle,0.7093554845042659,0.497213908951521,48,0.0,0.0,0.1,0.8310850304947577,1,0.9335361878878154,112,0.2767857142857143,0.27155929878702156,0.4343643548543438,4
185,1073,Experience 1073,Adventure,0.687693407311507,0.5642695337399875,0.7523432280065728,0.8351257910807337,50,Adventure,Puzzle,0.7093554845042659,0.497213908951521,48,1.0,0.0,0.0333333333333333,0.9570122564976932,0,0.918815854769179,132,0.26515151515151514,0.26214360157820293,0.8103050500668122,5
186,1052,Experience 1052,Creative,0.6879474895864814,0.8150878066775633,0.5427584275418881,0.4028796085076296,43,Social,Simulation,0.6457920174435091,0.7895645843748843,29,0.0,0.0,0.2333333333333333,0.896966410098379,0,0.7809312502154069,129,0.3178294573643411,0.30769011704622046,0.4467130604767172,1
186,1002,Experience 1002,Social,0.5654662227449457,0.1419781043952984,0.4876512775379703,0.1763555764178013,30,Social,Simulation,0.6457920174435091,0.7895645843748843,29,1.0,0.0,0.0166666666666666,0.8418592600944612,1,0.8131836801134387,125,0.312,0.30238501682680585,0.7950191150249923,2
186,1067,Experience 1067,Creative,0.788764048918011,0.4580972487220676,0.5921026845821029,0.4299570499000478,43,Social,Simulation,0.6457920174435091,0.7895645843748843,29,0.0,0.0,0.2333333333333333,0.9463106671385938,0,0.714244242860766,119,0.31092436974789917,0.30104911827256725,0.45534963044750476,3
186,1064,Experience 1064,Puzzle,0.6204758892789963,0.4435351922580418,0.6632419642315316,0.276207363456566,49,Social,Simulation,0.6457920174435091,0.7895645843748843,29,0.0,0.0,0.3333333333333333,0.9825500532119776,0,0.8494517594635913,94,0.2765957446808511,0.27057743368321796,0.42155072001596666,4
186,1033,Experience 1033,Simulation,0.8859147305780027,0.259942782541492,0.2648265360525452,0.1086571032622624,31,Social,Simulation,0.6457920174435091,0.7895645843748843,29,0.0,1.0,0.0333333333333333,0.6190345186090361,0,0.8723725827202655,120,0.275,0.27032733885633464,0.5768847193432893,5
187,1013,Experience 1013,Sports,0.8486275995976889,0.743877614526904,0.1274827038621261,0.2359972626205526,20,Puzzle,Strategy,0.5328054562835062,0.0932369680269199,55,0.0,0.0,0.5833333333333334,0.59467724757862,1,0.8795788873707633,116,0.3017241379310345,0.29298402529328565,0.37783526006182283,1
187,1023,Experience 1023,Strategy,0.934275144868182,0.4241492862896971,0.2179097364670654,0.7914514878076223,48,Puzzle,Strategy,0.5328054562835062,0.0932369680269199,55,0.0,1.0,0.1166666666666666,0.6851042801835593,1,0.9404817318336935,110,0.2818181818181818,0.2757371341529757,0.5698930083881619,2
187,1060,Experience 1060,Strategy,0.8620933017122632,0.1051567799118504,0.3772606570904063,0.1400554046894906,58,Puzzle,Strategy,0.5328054562835062,0.0932369680269199,55,0.0,1.0,0.05,0.8444552008069002,1,0.7741536540516757,102,0.27450980392156865,0.2692280937695643,0.5774781999763913,3
187,1108,Experience 1108,Puzzle,0.8425576923542274,0.4822507608830354,0.666849920378606,0.8027206052883656,21,Puzzle,Strategy,0.5328054562835062,0.0932369680269199,55,1.0,0.0,0.5666666666666667,0.8659555359049002,0,0.8766145070522674,92,0.2717391304347826,0.2664806021418468,0.7706454892037827,4
187,1092,Experience 1092,Sports,0.8280410369904486,0.5343815491606264,0.7426691928850321,0.6904019545155015,39,Puzzle,Strategy,0.5328054562835062,0.0932369680269199,55,0.0,0.0,0.2666666666666666,0.7901362633984741,0,0.7119032266084951,128,0.2421875,0.2422015367559922,0.4447507050178491,5
188,1111,Experience 1111,Sports,0.9428982678236224,0.8155250577848677,0.575778764164542,0.2547283501174674,25,Strategy,Puzzle,0.6960903082187067,0.3529901857638985,24,0.0,0.0,0.0166666666666666,0.8796884559458353,1,0.9565820197684969,139,0.3237410071942446,0.31349577006218143,0.5445781111185509,1
188,1069,Experience 1069,Puzzle,0.8068156107352968,0.6551858372056814,0.8842124935251735,0.2530347499296835,35,Strategy,Puzzle,0.6960903082187067,0.3529901857638985,24,0.0,1.0,0.1833333333333333,0.8118778146935332,0,0.9366696994011953,121,0.2892561983471074,0.2825945208502613,0.639282930815961,2
188,1110,Experience 1110,Creative,0.8487034770737338,0.6513439158584452,0.7080979103356375,0.2741343936886083,18,Strategy,Puzzle,0.6960903082187067,0.3529901857638985,24,0.0,0.0,0.1,0.9879923978830693,0,0.8828142939814582,109,0.28440366972477066,0.2778746313169523,0.5025940788991223,3
188,1008,Experience 1008,Adventure,0.8415828324170402,0.3364498304651394,0.599089106012921,0.2728043301458357,40,Strategy,Puzzle,0.6960903082187067,0.3529901857638985,24,0.0,0.0,0.2666666666666666,0.9029987977942144,0,0.9585744045794297,117,0.27350427350427353,0.2689476455466193,0.4297335641747023,4
188,1004,Experience 1004,Puzzle,0.809305382335664,0.5027055170834634,0.7716046143560276,0.3920600224154432,16,Strategy,Puzzle,0.6960903082187067,0.3529901857638985,24,0.0,1.0,0.1333333333333333,0.9244856938626792,0,0.7433911910012333,123,0.21951219512195122,0.2226980939852227,0.6432940291627859,5
189,1061,Experience 1061,Social,0.9515114053456256,0.4883887845440612,0.3838014404080356,0.6777086144544695,56,Sports,Social,0.6727293778887776,0.6592753362474251,49,0.0,1.0,0.1166666666666666,0.7110720625192579,0,0.8614385006533393,113,0.3274336283185841,0.3146302815029086,0.7386176215952571,1
189,1044,Experience 1044,Action,0.8578996664042653,0.7405382156713768,0.540545681694017,0.9388053542070384,40,Sports,Social,0.6727293778887776,0.6592753362474251,49,0.0,0.0,0.15,0.8678163038052393,0,0.7459985306967061,112,0.2857142857142857,0.27913505636277913,0.5394868271378944,2
189,1096,Experience 1096,Adventure,0.7903170826018652,0.4751627362769494,0.5362341337297925,0.9233469677258124,13,Sports,Social,0.6727293778887776,0.6592753362474251,49,0.0,0.0,0.6,0.8635047558410148,1,0.8325901826365544,123,0.25203252032520324,0.25067012195725064,0.43319404658755906,3
189,1051,Experience 1051,Adventure,0.7608650542535511,0.4945204429565272,0.5049786641965721,0.9492935230092574,34,Sports,Social,0.6727293778887776,0.6592753362474251,49,0.0,0.0,0.25,0.8322492863077945,0,0.8470138099174709,122,0.2459016393442623,0.24539315098511863,0.4609001262136822,4
189,1075,Experience 1075,Puzzle,0.7701763699744956,0.5714931074517187,0.7080993700732455,0.0043057756676786,58,Sports,Social,0.6727293778887776,0.6592753362474251,49,0.0,0.0,0.15,0.964630007815532,0,0.9393930649317973,114,0.22807017543859648,0.23019274208870782,0.5492698240481646,5
190,1014,Experience 1014,Social,0.7084360738896248,0.6919622480914536,0.5066406143622445,0.7631554898199004,35,Simulation,Creative,0.6030799251285341,0.5024923329589228,28,0.0,0.0,0.1166666666666666,0.9035606892337104,0,0.7065106471781661,117,0.29914529914529914,0.29084545576559745,0.5078253015257637,1
190,1001,Experience 1001,Sports,0.6452560499996463,0.8044840559110404,0.5776422262968883,0.3608105614175153,41,Simulation,Creative,0.6030799251285341,0.5024923329589228,28,0.0,0.0,0.2166666666666666,0.9745623011683542,0,0.7757809276697972,110,0.2545454545454545,0.25266021107605263,0.4618832609649226,2
190,1034,Experience 1034,Strategy,0.5016628944231066,0.7184788322001798,0.7569144817322334,0.2251776661055454,11,Simulation,Creative,0.6030799251285341,0.5024923329589228,28,0.0,0.0,0.2833333333333333,0.8461654433963007,1,0.871143789758706,132,0.2196969696969697,0.22266991736767663,0.3534761371792507,3
190,1118,Experience 1118,Adventure,0.6594774101626886,0.3565880675711896,0.5086937555214479,0.0351168111096665,58,Simulation,Creative,0.6030799251285341,0.5024923329589228,28,0.0,0.0,0.5,0.9056138303929138,0,0.7414929004897516,109,0.21100917431192662,0.21585912744098332,0.36273694776553805,4
190,1054,Experience 1054,Puzzle,0.6795756146978778,0.2537314254122666,0.2509959349159629,0.6813294726896911,34,Simulation,Creative,0.6030799251285341,0.5024923329589228,28,0.0,0.0,0.1,0.6479160097874288,1,0.8681747696669645,113,0.20353982300884957,0.20936712360817178,0.358278023759942,5
191,1000,Experience 1000,Action,0.9096695293967186,0.6516437731703687,0.6290364009047581,0.2407530712142694,49,Strategy,Sports,0.6257228498540331,0.5059930436217186,46,0.0,0.0,0.05,0.996686448949275,1,0.7581677884164598,124,0.3225806451612903,0.31142935722143644,0.5657508926440125,1
191,1102,Experience 1102,Sports,0.9402838286695968,0.4125021221616953,0.1907643304361418,0.200562471321554,40,Strategy,Sports,0.6257228498540331,0.5059930436217186,46,0.0,1.0,0.1,0.5650414805821087,0,0.7116056068613091,117,0.3076923076923077,0.29814472583859014,0.6425250246408887,2
191,1064,Experience 1064,Puzzle,0.6204758892789963,0.4435351922580418,0.6632419642315316,0.276207363456566,49,Strategy,Sports,0.6257228498540331,0.5059930436217186,46,0.0,0.0,0.05,0.9624808856225016,0,0.9543096194956447,94,0.2765957446808511,0.27057743368321796,0.4788786502887563,3
191,1090,Experience 1090,Puzzle,0.5586098880458512,0.4251872277402517,0.5338484342208252,0.861814417816014,19,Strategy,Sports,0.6257228498540331,0.5059930436217186,46,0.0,0.0,0.45,0.908125584366792,0,0.9532357586918568,121,0.2727272727272727,0.26841012368714073,0.39399357740513197,4
191,1050,Experience 1050,Sports,0.6444432625143321,0.2032573812502654,0.7840857883345029,0.0579453445381299,24,Strategy,Sports,0.6257228498540331,0.5059930436217186,46,0.0,1.0,0.3666666666666666,0.8416370615195302,0,0.7625662360775891,107,0.27102803738317754,0.2665025782668255,0.596011281884769,5
192,1069,Experience 1069,Puzzle,0.8068156107352968,0.6551858372056814,0.8842124935251735,0.2530347499296835,35,Creative,Action,0.7344878770346,0.4504822288590452,55,0.0,0.0,0.3333333333333333,0.8502753835094264,0,0.8166166364028815,121,0.2892561983471074,0.2825945208502613,0.4769306231720821,1
192,1106,Experience 1106,Sports,0.8146785788760947,0.3647619692710552,0.6750256601127794,0.7960604476258709,49,Creative,Action,0.7344878770346,0.4504822288590452,55,0.0,0.0,0.1,0.9405377830781796,0,0.9275300743598027,128,0.28125,0.275985320539776,0.4969081212372377,2
192,1108,Experience 1108,Puzzle,0.8425576923542274,0.4822507608830354,0.666849920378606,0.8027206052883656,21,Creative,Action,0.7344878770346,0.4504822288590452,55,0.0,0.0,0.5666666666666667,0.932362043344006,0,0.9791685271514802,92,0.2717391304347826,0.2664806021418468,0.44549041189499533,3
192,1042,Experience 1042,Social,0.3938579788705362,0.1390150525777733,0.8546241607610466,0.268085104820551,16,Creative,Action,0.7344878770346,0.4504822288590452,55,0.0,0.0,0.65,0.8798637162735533,0,0.7769127361989945,124,0.24193548387096775,0.241984912776992,0.3624384302409277,4
192,1007,Experience 1007,Social,0.6113602755027672,0.3693255620200327,0.760432490906593,0.3138467721116466,56,Creative,Action,0.7344878770346,0.4504822288590452,55,0.0,0.0,0.0166666666666666,0.9740553861280068,0,0.7040782946346992,112,0.24107142857142858,0.24125626848399126,0.5190949862842835,5
193,1084,Experience 1084,Social,0.6722561348379004,0.2863456816441453,0.5362524927433157,0.7470758006298863,26,Adventure,Simulation,0.866400091210421,0.906736660354776,53,0.0,0.0,0.45,0.6698524015328946,0,0.7727249017644734,111,0.35135135135135137,0.3347009728235637,0.41187945667361847,1
193,1059,Experience 1059,Social,0.7489549716721217,0.4911530499138364,0.6826986067555766,0.9132851837019758,49,Adventure,Simulation,0.866400091210421,0.906736660354776,53,0.0,0.0,0.0666666666666666,0.8162985155451555,1,0.7422023169589087,105,0.34285714285714286,0.32676661951909475,0.5208461723006481,2
193,1111,Experience 1111,Sports,0.9428982678236224,0.8155250577848677,0.575778764164542,0.2547283501174674,25,Adventure,Simulation,0.866400091210421,0.906736660354776,53,0.0,0.0,0.4666666666666667,0.7093786729541209,0,0.9532317590244809,139,0.3237410071942446,0.31349577006218143,0.4836595943248921,3
193,1067,Experience 1067,Creative,0.788764048918011,0.4580972487220676,0.5921026845821029,0.4299570499000478,43,Adventure,Simulation,0.866400091210421,0.906736660354776,53,0.0,0.0,0.1666666666666666,0.7257025933716819,0,0.7192135126669398,119,0.31092436974789917,0.30104911827256725,0.43475087174565674,4
193,1107,Experience 1107,Social,0.7428970964662264,0.8045676070342606,0.8160785123357384,0.9076048913904824,23,Adventure,Simulation,0.866400091210421,0.906736660354776,53,0.0,0.0,0.5,0.9496784211253172,0,0.9160798770344525,139,0.30935251798561153,0.3009171537099802,0.5212013568969371,5
194,1053,Experience 1053,Puzzle,0.7426572934279929,0.7514869168546299,0.2904976508730454,0.8341208920021081,34,Action,Strategy,0.574003050182835,0.4241258829903285,43,0.0,0.0,0.15,0.7164946006902104,1,0.7382664322383307,102,0.3431372549019608,0.3266051429498922,0.4423374379270302,1
194,1111,Experience 1111,Sports,0.9428982678236224,0.8155250577848677,0.575778764164542,0.2547283501174674,25,Action,Strategy,0.574003050182835,0.4241258829903285,43,0.0,0.0,0.3,0.998224286018293,1,0.8593281761406715,139,0.3237410071942446,0.31349577006218143,0.5586006034086419,2
194,1090,Experience 1090,Puzzle,0.5586098880458512,0.4251872277402517,0.5338484342208252,0.861814417816014,19,Action,Strategy,0.574003050182835,0.4241258829903285,43,0.0,0.0,0.4,0.95984538403799,0,0.9107640951054313,121,0.2727272727272727,0.26841012368714073,0.39445885282842424,3
194,1011,Experience 1011,Strategy,0.8438936347604792,0.3089791482471649,0.5527453913687409,0.302964628837302,52,Action,Strategy,0.574003050182835,0.4241258829903285,43,0.0,1.0,0.15,0.978742341185906,1,0.7763653380551148,123,0.2682926829268293,0.26465613594326465,0.6371691342598296,4
194,1068,Experience 1068,Action,0.698456042052288,0.2594560290757449,0.3550613668330224,0.4325155932423661,21,Action,Strategy,0.574003050182835,0.4241258829903285,43,1.0,0.0,0.3666666666666666,0.7810583166501874,0,0.8573961456887597,111,0.24324324324324326,0.2430979193884492,0.7498542513734656,5
195,1043,Experience 1043,Creative,0.8838983032607785,0.7641225701636372,0.5942808569171103,0.6062993981927156,47,Puzzle,Adventure,0.6229405175510294,0.2219755477924452,48,0.0,0.0,0.0166666666666666,0.9713403393660808,0,0.9960202054778493,110,0.35454545454545455,0.3372755956914373,0.5110956848506162,1
195,1025,Experience 1025,Social,0.838744739121835,0.7279884901895025,0.5876677647056102,0.0811540004238993,14,Puzzle,Adventure,0.6229405175510294,0.2219755477924452,48,0.0,0.0,0.5666666666666667,0.9647272471545808,0,0.8804181864975955,120,0.31666666666666665,0.30604162457062034,0.5049758943010414,2
195,1109,Experience 1109,Social,0.5415451963988065,0.6320276759129257,0.4602651355822746,0.2660308726216652,48,Puzzle,Adventure,0.6229405175510294,0.2219755477924452,48,0.0,0.0,0.0,0.8373246180312452,0,0.9531077391361107,125,0.312,0.30238501682680585,0.45889184402842753,3
195,1107,Experience 1107,Social,0.7428970964662264,0.8045676070342606,0.8160785123357384,0.9076048913904824,23,Puzzle,Adventure,0.6229405175510294,0.2219755477924452,48,0.0,0.0,0.4166666666666667,0.8068620052152911,1,0.999810815305584,139,0.30935251798561153,0.3009171537099802,0.4758294395091311,4
195,1102,Experience 1102,Sports,0.9402838286695968,0.4125021221616953,0.1907643304361418,0.200562471321554,40,Puzzle,Adventure,0.6229405175510294,0.2219755477924452,48,0.0,0.0,0.1333333333333333,0.5678238128851124,0,0.7187535592634471,117,0.3076923076923077,0.29814472583859014,0.4225356539058134,5
196,1000,Experience 1000,Action,0.9096695293967186,0.6516437731703687,0.6290364009047581,0.2407530712142694,49,Simulation,Social,0.8482558024424653,0.1769717320267206,42,0.0,0.0,0.1166666666666666,0.7807805984622928,1,0.7815525641703304,124,0.3225806451612903,0.31142935722143644,0.4970450044789203,1
196,1106,Experience 1106,Sports,0.8146785788760947,0.3647619692710552,0.6750256601127794,0.7960604476258709,49,Simulation,Social,0.8482558024424653,0.1769717320267206,42,0.0,0.0,0.1166666666666666,0.8267698576703141,0,0.7198226148878948,128,0.28125,0.275985320539776,0.47326233856348743,2
196,1011,Experience 1011,Strategy,0.8438936347604792,0.3089791482471649,0.5527453913687409,0.302964628837302,52,Simulation,Social,0.8482558024424653,0.1769717320267206,42,0.0,0.0,0.1666666666666666,0.7044895889262756,0,0.9321304086195121,123,0.2682926829268293,0.26465613594326465,0.40956661140864503,3
196,1005,Experience 1005,Sports,0.725440926488475,0.5102685875213342,0.2459903544501388,0.2409271164143122,19,Simulation,Social,0.8482558024424653,0.1769717320267206,42,0.0,0.0,0.3833333333333333,0.3977345520076735,0,0.973588059840552,114,0.2543859649122807,0.25258080179020037,0.34649194394162475,4
196,1078,Experience 1078,Simulation,0.9139745006021852,0.4875947260651535,0.1081242288365573,0.0386443098268846,51,Simulation,Social,0.8482558024424653,0.1769717320267206,42,1.0,0.0,0.15,0.259868426394092,0,0.9964509321066518,97,0.23711340206185566,0.23799852512723801,0.7363023345325572,5
197,1100,Experience 1100,Sports,0.8539423752816214,0.5771516782683807,0.6603015579098336,0.097787997445443,39,Action,Adventure,0.3903733236456168,0.2290562787001899,47,0.0,0.0,0.1333333333333333,0.7300717657357831,0,0.8671257067444437,107,0.3177570093457944,0.3058726570069831,0.48886153807546145,1
197,1069,Experience 1069,Puzzle,0.8068156107352968,0.6551858372056814,0.8842124935251735,0.2530347499296835,35,Action,Adventure,0.3903733236456168,0.2290562787001899,47,0.0,0.0,0.2,0.5061608301204432,0,0.8874125407545397,121,0.2892561983471074,0.2825945208502613,0.43178477230680334,2
197,1110,Experience 1110,Creative,0.8487034770737338,0.6513439158584452,0.7080979103356375,0.2741343936886083,18,Action,Adventure,0.3903733236456168,0.2290562787001899,47,0.0,0.0,0.4833333333333333,0.6822754133099793,0,0.9761361144145173,109,0.28440366972477066,0.2778746313169523,0.4248202853551127,3
197,1060,Experience 1060,Strategy,0.8620933017122632,0.1051567799118504,0.3772606570904063,0.1400554046894906,58,Action,Adventure,0.3903733236456168,0.2290562787001899,47,0.0,0.0,0.1833333333333333,0.9868873334447896,0,0.9491414331234624,102,0.27450980392156865,0.2692280937695643,0.444939899699026,4
197,1096,Experience 1096,Adventure,0.7903170826018652,0.4751627362769494,0.5362341337297925,0.9233469677258124,13,Action,Adventure,0.3903733236456168,0.2290562787001899,47,0.0,1.0,0.5666666666666667,0.8541391899158244,1,0.786115497059749,123,0.25203252032520324,0.25067012195725064,0.5591502028641149,5
198,1069,Experience 1069,Puzzle,0.8068156107352968,0.6551858372056814,0.8842124935251735,0.2530347499296835,35,Strategy,Adventure,0.5157890951581322,0.5754262149790318,20,0.0,0.0,0.25,0.6315766016329587,0,0.7644590708312854,121,0.2892561983471074,0.2825945208502613,0.42427681315880494,1
198,1009,Experience 1009,Action,0.7987178764315418,0.3460501829476273,0.2238314684756084,0.130890330850495,53,Strategy,Adventure,0.5157890951581322,0.5754262149790318,20,0.0,0.0,0.55,0.7080423733174763,0,0.9311352474024704,104,0.28846153846153844,0.28101473741844224,0.35569528303145487,2
198,1110,Experience 1110,Creative,0.8487034770737338,0.6513439158584452,0.7080979103356375,0.2741343936886083,18,Strategy,Adventure,0.5157890951581322,0.5754262149790318,20,0.0,0.0,0.0333333333333333,0.8076911848224947,0,0.897297775757446,109,0.28440366972477066,0.2778746313169523,0.4693262434296993,3
198,1115,Experience 1115,Simulation,0.626658707429628,0.7075065986188209,0.5404405149990236,0.2246894745458737,42,Strategy,Adventure,0.5157890951581322,0.5754262149790318,20,0.0,0.0,0.3666666666666666,0.9753485801591086,0,0.8271486756996302,112,0.2767857142857143,0.27155929878702156,0.4002746988600304,4
198,1090,Experience 1090,Puzzle,0.5586098880458512,0.4251872277402517,0.5338484342208252,0.861814417816014,19,Strategy,Adventure,0.5157890951581322,0.5754262149790318,20,0.0,0.0,0.0166666666666666,0.981940660937307,1,0.8362527846119124,121,0.2727272727272727,0.26841012368714073,0.406566270989952,5
199,1005,Experience 1005,Sports,0.725440926488475,0.5102685875213342,0.2459903544501388,0.2409271164143122,19,Adventure,Strategy,0.8398545397058611,0.789995253886308,51,0.0,0.0,0.5333333333333333,0.4061358147442777,0,0.8668998505114787,114,0.2543859649122807,0.25258080179020037,0.3398402188441163,1
199,1031,Experience 1031,Adventure,0.6267069522672452,0.6020379288394027,0.9395582128996094,0.5521627033044271,46,Adventure,Strategy,0.8398545397058611,0.789995253886308,51,1.0,0.0,0.0833333333333333,0.9002963268062517,0,0.7228101159179174,113,0.23008849557522124,0.2319235145856154,0.7963312591109765,2
199,1086,Experience 1086,Action,0.6307900998772656,0.1325899003231649,0.3014212434741936,0.1888364204756389,42,Adventure,Strategy,0.8398545397058611,0.789995253886308,51,0.0,0.0,0.15,0.4615667037683325,0,0.8113570797435867,127,0.2283464566929134,0.2302437240808629,0.3271515113315857,3
199,1015,Experience 1015,Sports,0.9316862802198296,0.7502302540767141,0.1563447605350174,0.9300033473547172,10,Adventure,Strategy,0.8398545397058611,0.789995253886308,51,0.0,0.0,0.6833333333333333,0.3164902208291563,0,0.733891234832855,113,0.19469026548672566,0.20184832661569058,0.3639249198555114,4
199,1081,Experience 1081,Puzzle,0.5738102986510725,0.5468042713764619,0.3811493240377567,0.8099407364448706,60,Adventure,Strategy,0.8398545397058611,0.789995253886308,51,0.0,0.0,0.15,0.5412947843318956,0,0.9905944911910006,107,0.18691588785046728,0.1956364365345421,0.3619437137265827,5
200,1059,Experience 1059,Social,0.7489549716721217,0.4911530499138364,0.6826986067555766,0.9132851837019758,49,Strategy,Creative,0.5411571108741182,0.2342880955996645,50,0.0,0.0,0.0166666666666666,0.8584585041185416,0,0.829969261991338,105,0.34285714285714286,0.32676661951909475,0.5239049822028025,1
200,1061,Experience 1061,Social,0.9515114053456256,0.4883887845440612,0.3838014404080356,0.6777086144544695,56,Strategy,Creative,0.5411571108741182,0.2342880955996645,50,0.0,0.0,0.1,0.8426443295339174,0,0.9691118486272218,113,0.3274336283185841,0.3146302815029086,0.555989682469421,2
200,1074,Experience 1074,Social,0.7411737446379107,0.1336446501121093,0.5667526591354218,0.2130749343990023,32,Strategy,Creative,0.5411571108741182,0.2342880955996645,50,0.0,0.0,0.3,0.9744044517386964,0,0.7220082523053093,149,0.2953020134228188,0.28902856473305827,0.48506732426466703,3
200,1069,Experience 1069,Puzzle,0.8068156107352968,0.6551858372056814,0.8842124935251735,0.2530347499296835,35,Strategy,Creative,0.5411571108741182,0.2342880955996645,50,0.0,0.0,0.25,0.6569446173489447,0,0.8781651488400452,121,0.2892561983471074,0.2825945208502613,0.44373092486619037,4
200,1044,Experience 1044,Action,0.8578996664042653,0.7405382156713768,0.540545681694017,0.9388053542070384,40,Strategy,Creative,0.5411571108741182,0.2342880955996645,50,0.0,0.0,0.1666666666666666,0.9993885708198988,0,0.7610073464883119,112,0.2857142857142857,0.27913505636277913,0.5045931103171948,5
201,1002,Experience 1002,Social,0.5654662227449457,0.1419781043952984,0.4876512775379703,0.1763555764178013,30,Action,Adventure,0.8576517309795767,0.8810642964966328,43,0.0,0.0,0.2166666666666666,0.6299995465583936,0,0.9121503697771661,125,0.312,0.30238501682680585,0.41931241960378474,1
201,1024,Experience 1024,Sports,0.7120515552427965,0.5535760301547662,0.4935230317114728,0.4609313910731102,39,Action,Adventure,0.8576517309795767,0.8810642964966328,43,0.0,0.0,0.0666666666666666,0.6358713007318961,0,0.9909691374806482,138,0.2608695652173913,0.25851789518915724,0.45440261271854143,2
201,1051,Experience 1051,Adventure,0.7608650542535511,0.4945204429565272,0.5049786641965721,0.9492935230092574,34,Action,Adventure,0.8576517309795767,0.8810642964966328,43,0.0,1.0,0.15,0.6473269332169954,0,0.7902275535659842,122,0.2459016393442623,0.24539315098511863,0.5862340306055186,3
201,1078,Experience 1078,Simulation,0.9139745006021852,0.4875947260651535,0.1081242288365573,0.0386443098268846,51,Action,Adventure,0.8576517309795767,0.8810642964966328,43,0.0,0.0,0.1333333333333333,0.2504724978569806,0,0.8583363511337713,97,0.23711340206185566,0.23799852512723801,0.38921007066423957,4
201,1076,Experience 1076,Creative,0.7805257487778566,0.3562342599893083,0.7812983230640933,0.571167362055741,8,Action,Adventure,0.8576517309795767,0.8810642964966328,43,0.0,0.0,0.5833333333333334,0.9236465920845166,0,0.7302651296951711,124,0.23387096774193547,0.23504046833254755,0.4376921318446315,5
202,1053,Experience 1053,Puzzle,0.7426572934279929,0.7514869168546299,0.2904976508730454,0.8341208920021081,34,Creative,Puzzle,0.4504563202776564,0.6525663720510116,32,0.0,1.0,0.0333333333333333,0.8400413305953891,0,0.9533537952050596,102,0.3431372549019608,0.3266051429498922,0.6545020116762158,1
202,1052,Experience 1052,Creative,0.6879474895864814,0.8150878066775633,0.5427584275418881,0.4028796085076296,43,Creative,Puzzle,0.4504563202776564,0.6525663720510116,32,1.0,0.0,0.1833333333333333,0.9076978927357684,0,0.8221116368592944,129,0.3178294573643411,0.30769011704622046,0.8198931872740309,2
202,1058,Experience 1058,Social,0.5666390936836835,0.5294440043668863,0.4156619036213059,0.2647117106195373,52,Creative,Puzzle,0.4504563202776564,0.6525663720510116,32,0.0,0.0,0.3333333333333333,0.9652055833436496,0,0.9046450166194506,100,0.32,0.30704856199905706,0.4911255296335017,3
202,1067,Experience 1067,Creative,0.788764048918011,0.4580972487220676,0.5921026845821029,0.4299570499000478,43,Creative,Puzzle,0.4504563202776564,0.6525663720510116,32,1.0,0.0,0.1833333333333333,0.8583536356955535,1,0.7719634531924006,119,0.31092436974789917,0.30104911827256725,0.8147112397100649,4
202,1119,Experience 1119,Action,0.8086136050725224,0.7572883677081093,0.5086964614589882,0.1619415702496311,9,Creative,Puzzle,0.4504563202776564,0.6525663720510116,32,0.0,0.0,0.3833333333333333,0.9417598588186682,0,0.759518924163182,115,0.30434782608695654,0.29515427733249516,0.4894852323327161,5
203,1000,Experience 1000,Action,0.9096695293967186,0.6516437731703687,0.6290364009047581,0.2407530712142694,49,Action,Adventure,0.4374656090968227,0.4046199104465032,29,1.0,0.0,0.3333333333333333,0.8084292081920647,1,0.8497331627626213,124,0.3225806451612903,0.31142935722143644,0.8184449515721024,1
203,1058,Experience 1058,Social,0.5666390936836835,0.5294440043668863,0.4156619036213059,0.2647117106195373,52,Action,Adventure,0.4374656090968227,0.4046199104465032,29,0.0,0.0,0.3833333333333333,0.9781962945244832,1,0.7353897194886185,100,0.32,0.30704856199905706,0.4679747932831154,2
203,1102,Experience 1102,Sports,0.9402838286695968,0.4125021221616953,0.1907643304361418,0.200562471321554,40,Action,Adventure,0.4374656090968227,0.4046199104465032,29,0.0,0.0,0.1833333333333333,0.7532987213393191,0,0.7905427200145401,117,0.3076923076923077,0.29814472583859014,0.47643180290899,3
203,1014,Experience 1014,Social,0.7084360738896248,0.6919622480914536,0.5066406143622445,0.7631554898199004,35,Action,Adventure,0.4374656090968227,0.4046199104465032,29,0.0,0.0,0.1,0.9308249947345782,0,0.8268768364799105,117,0.29914529914529914,0.29084545576559745,0.5326199304893151,4
203,1110,Experience 1110,Creative,0.8487034770737338,0.6513439158584452,0.7080979103356375,0.2741343936886083,18,Action,Adventure,0.4374656090968227,0.4046199104465032,29,0.0,0.0,0.1833333333333333,0.7293676987611852,0,0.7418154079331908,109,0.28440366972477066,0.2778746313169523,0.4627752126571901,5
204,1043,Experience 1043,Creative,0.8838983032607785,0.7641225701636372,0.5942808569171103,0.6062993981927156,47,Sports,Puzzle,0.4115911614786445,0.3121809161310906,28,0.0,0.0,0.3166666666666666,0.8173103045615342,0,0.786310715109582,110,0.35454545454545455,0.3372755956914373,0.47717133849950116,1
204,1108,Experience 1108,Puzzle,0.8425576923542274,0.4822507608830354,0.666849920378606,0.8027206052883656,21,Sports,Puzzle,0.4115911614786445,0.3121809161310906,28,0.0,1.0,0.1166666666666666,0.7447412411000385,0,0.8858025550030041,92,0.2717391304347826,0.2664806021418468,0.6261954378056019,2
204,1042,Experience 1042,Social,0.3938579788705362,0.1390150525777733,0.8546241607610466,0.268085104820551,16,Sports,Puzzle,0.4115911614786445,0.3121809161310906,28,0.0,0.0,0.2,0.5569670007175979,0,0.8946728468766117,124,0.24193548387096775,0.241984912776992,0.35128622120567815,3
204,1007,Experience 1007,Social,0.6113602755027672,0.3693255620200327,0.760432490906593,0.3138467721116466,56,Sports,Puzzle,0.4115911614786445,0.3121809161310906,28,0.0,0.0,0.4666666666666667,0.6511586705720515,0,0.7856537597804214,112,0.24107142857142858,0.24125626848399126,0.4129751635195895,4
204,1082,Experience 1082,Adventure,0.940069744877272,0.6645999956719907,0.1368397110942475,0.0890420050750532,28,Sports,Puzzle,0.4115911614786445,0.3121809161310906,28,0.0,0.0,0.0,0.725248549615603,1,0.7878849810920179,138,0.2391304347826087,0.23953055341700535,0.4702373756418134,5
205,1059,Experience 1059,Social,0.7489549716721217,0.4911530499138364,0.6826986067555766,0.9132851837019758,49,Sports,Social,0.4795845788790152,0.4037450557067505,52,0.0,1.0,0.05,0.7968859721234387,0,0.9731012582631241,105,0.34285714285714286,0.32676661951909475,0.7147728577081358,1
205,1025,Experience 1025,Social,0.838744739121835,0.7279884901895025,0.5876677647056102,0.0811540004238993,14,Sports,Social,0.4795845788790152,0.4037450557067505,52,0.0,1.0,0.6333333333333333,0.8919168141734051,1,0.7278547295787761,120,0.31666666666666665,0.30604162457062034,0.710622442812604,2
205,1037,Experience 1037,Sports,0.7994490651436071,0.7023148063737304,0.3263399911584964,0.9948242136208678,35,Sports,Social,0.4795845788790152,0.4037450557067505,52,1.0,0.0,0.2833333333333333,0.8467554122794811,0,0.929384589652597,120,0.30833333333333335,0.29889876742776317,0.8322039092442871,3
205,1009,Experience 1009,Action,0.7987178764315418,0.3460501829476273,0.2238314684756084,0.130890330850495,53,Sports,Social,0.4795845788790152,0.4037450557067505,52,0.0,0.0,0.0166666666666666,0.7442468895965932,0,0.8271562378895292,104,0.28846153846153844,0.28101473741844224,0.47752851650755956,4
205,1033,Experience 1033,Simulation,0.8859147305780027,0.259942782541492,0.2648265360525452,0.1086571032622624,31,Sports,Social,0.4795845788790152,0.4037450557067505,52,0.0,0.0,0.35,0.7852419571735301,0,0.9981305668284512,120,0.275,0.27032733885633464,0.4510349147901105,5
206,1059,Experience 1059,Social,0.7489549716721217,0.4911530499138364,0.6826986067555766,0.9132851837019758,49,Simulation,Adventure,0.8545601021204936,0.2460036670421549,20,0.0,0.0,0.4833333333333333,0.828138504635083,1,0.8518359767103177,105,0.34285714285714286,0.32676661951909475,0.4211376954425002,1
206,1058,Experience 1058,Social,0.5666390936836835,0.5294440043668863,0.4156619036213059,0.2647117106195373,52,Simulation,Adventure,0.8545601021204936,0.2460036670421549,20,0.0,0.0,0.5333333333333333,0.5611018015008122,0,0.8103099441558123,100,0.32,0.30704856199905706,0.32913467237022653,2
206,1107,Experience 1107,Social,0.7428970964662264,0.8045676070342606,0.8160785123357384,0.9076048913904824,23,Simulation,Adventure,0.8545601021204936,0.2460036670421549,20,0.0,0.0,0.05,0.9615184102152448,0,0.890781416554234,139,0.30935251798561153,0.3009171537099802,0.5121889777789418,3
206,1102,Experience 1102,Sports,0.9402838286695968,0.4125021221616953,0.1907643304361418,0.200562471321554,40,Simulation,Adventure,0.8545601021204936,0.2460036670421549,20,0.0,0.0,0.3333333333333333,0.3362042283156482,1,0.978171306141156,117,0.3076923076923077,0.29814472583859014,0.3366703815521976,4
206,1006,Experience 1006,Action,0.8770181756508404,0.5275353377269014,0.8047332447846338,0.7517807092307816,28,Simulation,Adventure,0.8545601021204936,0.2460036670421549,20,0.0,0.0,0.1333333333333333,0.9501731426641402,0,0.8161178762542057,103,0.27184466019417475,0.26703924747875485,0.4492585874558067,5
207,1119,Experience 1119,Action,0.8086136050725224,0.7572883677081093,0.5086964614589882,0.1619415702496311,9,Creative,Simulation,0.4802482526267393,0.2794041178476135,43,0.0,0.0,0.5666666666666667,0.9715517911677513,0,0.8167523440350909,115,0.30434782608695654,0.29515427733249516,0.4338277149936936,1
207,1088,Experience 1088,Sports,0.931739259022481,0.4207879774878386,0.5549692853271866,0.4100487869149942,11,Creative,Simulation,0.4802482526267393,0.2794041178476135,43,0.0,0.0,0.5333333333333333,0.9252789672995528,1,0.9011480703845525,113,0.3008849557522124,0.292073890525465,0.4527356967973647,2
207,1069,Experience 1069,Puzzle,0.8068156107352968,0.6551858372056814,0.8842124935251735,0.2530347499296835,35,Creative,Simulation,0.4802482526267393,0.2794041178476135,43,0.0,0.0,0.1333333333333333,0.5960357591015658,0,0.844170244069377,121,0.2892561983471074,0.2825945208502613,0.4314372519590465,3
207,1108,Experience 1108,Puzzle,0.8425576923542274,0.4822507608830354,0.666849920378606,0.8027206052883656,21,Creative,Simulation,0.4802482526267393,0.2794041178476135,43,0.0,0.0,0.3666666666666666,0.8133983322481333,0,0.8703392219793171,92,0.2717391304347826,0.2664806021418468,0.4238059460456071,4
207,1039,Experience 1039,Social,0.8194814495513689,0.2752805682140255,0.2419454802582048,0.889899007072331,47,Creative,Simulation,0.4802482526267393,0.2794041178476135,43,0.0,0.0,0.0666666666666666,0.7616972276314655,0,0.8895007167670057,110,0.2636363636363636,0.2603525187683603,0.4717476781491286,5
208,1109,Experience 1109,Social,0.5415451963988065,0.6320276759129257,0.4602651355822746,0.2660308726216652,48,Adventure,Creative,0.6513687193128596,0.464780571231674,27,0.0,0.0,0.35,0.808896416269415,0,0.9011948550088756,125,0.312,0.30238501682680585,0.43808066143019375,1
208,1088,Experience 1088,Sports,0.931739259022481,0.4207879774878386,0.5549692853271866,0.4100487869149942,11,Adventure,Creative,0.6513687193128596,0.464780571231674,27,0.0,0.0,0.2666666666666666,0.903600566014327,1,0.89287691865285,113,0.3008849557522124,0.292073890525465,0.4924303495812275,2
208,1108,Experience 1108,Puzzle,0.8425576923542274,0.4822507608830354,0.666849920378606,0.8027206052883656,21,Adventure,Creative,0.6513687193128596,0.464780571231674,27,0.0,0.0,0.1,0.9845187989342536,0,0.8896537282273564,92,0.2717391304347826,0.2664806021418468,0.4970301412387922,3
208,1011,Experience 1011,Strategy,0.8438936347604792,0.3089791482471649,0.5527453913687409,0.302964628837302,52,Adventure,Creative,0.6513687193128596,0.464780571231674,27,0.0,0.0,0.4166666666666667,0.9013766720558812,0,0.803708282607347,123,0.2682926829268293,0.26465613594326465,0.41303434358663343,4
208,1068,Experience 1068,Action,0.698456042052288,0.2594560290757449,0.3550613668330224,0.4325155932423661,21,Adventure,Creative,0.6513687193128596,0.464780571231674,27,0.0,0.0,0.1,0.7036926475201628,0,0.9414621177923874,111,0.24324324324324326,0.2430979193884492,0.38047458385242505,5
209,1000,Experience 1000,Action,0.9096695293967186,0.6516437731703687,0.6290364009047581,0.2407530712142694,49,Creative,Simulation,0.5415935889246869,0.4126187850030679,22,0.0,0.0,0.45,0.9125571880199288,0,0.9389724574989524,124,0.3225806451612903,0.31142935722143644,0.45945239248377584,1
209,1119,Experience 1119,Action,0.8086136050725224,0.7572883677081093,0.5086964614589882,0.1619415702496311,9,Creative,Simulation,0.5415935889246869,0.4126187850030679,22,0.0,0.0,0.2166666666666666,0.9671028725343012,0,0.8539577123967755,115,0.30434782608695654,0.29515427733249516,0.4641567384434326,2
209,1008,Experience 1008,Adventure,0.8415828324170402,0.3364498304651394,0.599089106012921,0.2728043301458357,40,Creative,Simulation,0.5415935889246869,0.4126187850030679,22,0.0,0.0,0.3,0.942504482911766,1,0.9510324446382321,117,0.27350427350427353,0.2689476455466193,0.4206662598041033,3
209,1011,Experience 1011,Strategy,0.8438936347604792,0.3089791482471649,0.5527453913687409,0.302964628837302,52,Creative,Simulation,0.5415935889246869,0.4126187850030679,22,0.0,0.0,0.5,0.988848197555946,0,0.7942251146563857,123,0.2682926829268293,0.26465613594326465,0.3991769806872274,4
209,1098,Experience 1098,Social,0.534058177188557,0.4459803600128759,0.2707495249900757,0.7298152463028666,35,Creative,Simulation,0.5415935889246869,0.4126187850030679,22,0.0,0.0,0.2166666666666666,0.7291559360653889,0,0.9712068205377867,130,0.26153846153846155,0.25897218293257895,0.3874154864344589,5
210,1043,Experience 1043,Creative,0.8838983032607785,0.7641225701636372,0.5942808569171103,0.6062993981927156,47,Puzzle,Sports,0.4774709789559046,0.3613290682399556,31,0.0,0.0,0.2666666666666666,0.8831901220387943,0,0.8079340781973421,110,0.35454545454545455,0.3372755956914373,0.506449554595373,1
210,1084,Experience 1084,Social,0.6722561348379004,0.2863456816441453,0.5362524927433157,0.7470758006298863,26,Puzzle,Sports,0.4774709789559046,0.3613290682399556,31,0.0,0.0,0.0833333333333333,0.941218486212589,0,0.7857199114841739,111,0.35135135135135137,0.3347009728235637,0.50567251212317,2
210,1114,Experience 1114,Simulation,0.9094073794904848,0.2867325336723821,0.0751050358773748,0.4020477981570693,23,Puzzle,Sports,0.4774709789559046,0.3613290682399556,31,0.0,0.0,0.1333333333333333,0.5976340569214702,0,0.948337235648575,138,0.2318840579710145,0.23320143949295472,0.40728502357451135,3
210,1028,Experience 1028,Simulation,0.7474374024719366,0.7598079156453001,0.9057260947827066,0.4943145335346177,16,Puzzle,Sports,0.4774709789559046,0.3613290682399556,31,0.0,0.0,0.25,0.571744884173198,0,0.7237135469796719,122,0.22950819672131148,0.23130864394286513,0.41496924334520124,4
210,1012,Experience 1012,Social,0.4912469181469279,0.4504706076181689,0.5423234103127773,0.3692728413409686,11,Puzzle,Sports,0.4774709789559046,0.3613290682399556,31,0.0,0.0,0.3333333333333333,0.9351475686431272,0,0.933983989547314,120,0.2,0.20604162457062034,0.44629128505031934,5
211,1025,Experience 1025,Social,0.838744739121835,0.7279884901895025,0.5876677647056102,0.0811540004238993,14,Sports,Creative,0.7557945314796483,0.3615066832779125,32,0.0,0.0,0.3,0.831873233225962,0,0.7451656615282288,120,0.31666666666666665,0.30604162457062034,0.5300542386767862,1
211,1074,Experience 1074,Social,0.7411737446379107,0.1336446501121093,0.5667526591354218,0.2130749343990023,32,Sports,Creative,0.7557945314796483,0.3615066832779125,32,0.0,0.0,0.0,0.8109581276557736,0,0.8979572070784223,149,0.2953020134228188,0.28902856473305827,0.48892561905137377,2
211,1106,Experience 1106,Sports,0.8146785788760947,0.3647619692710552,0.6750256601127794,0.7960604476258709,49,Sports,Creative,0.7557945314796483,0.3615066832779125,32,1.0,0.0,0.2833333333333333,0.9192311286331312,1,0.7341867862747172,128,0.28125,0.275985320539776,0.8101151686668104,3
211,1006,Experience 1006,Action,0.8770181756508404,0.5275353377269014,0.8047332447846338,0.7517807092307816,28,Sports,Creative,0.7557945314796483,0.3615066832779125,32,0.0,0.0,0.0666666666666666,0.9510612866950144,0,0.805893526272536,103,0.27184466019417475,0.26703924747875485,0.5062252802235265,4
211,1108,Experience 1108,Puzzle,0.8425576923542274,0.4822507608830354,0.666849920378606,0.8027206052883656,21,Sports,Creative,0.7557945314796483,0.3615066832779125,32,0.0,0.0,0.1833333333333333,0.9110553888989578,0,0.9340333007532238,92,0.2717391304347826,0.2664806021418468,0.4748692800471225,5
212,1119,Experience 1119,Action,0.8086136050725224,0.7572883677081093,0.5086964614589882,0.1619415702496311,9,Creative,Simulation,0.3720129864559743,0.2656793782718515,48,0.0,0.0,0.65,0.8633165249969861,0,0.9490889904312058,115,0.30434782608695654,0.29515427733249516,0.4102600486972822,1
212,1090,Experience 1090,Puzzle,0.5586098880458512,0.4251872277402517,0.5338484342208252,0.861814417816014,19,Creative,Simulation,0.3720129864559743,0.2656793782718515,48,0.0,0.0,0.4833333333333333,0.8381645522351491,0,0.7852816851454159,121,0.2727272727272727,0.26841012368714073,0.3415483766396252,2
212,1099,Experience 1099,Adventure,0.8332801744008336,0.4077151465805127,0.8307594812615263,0.7545731382181347,49,Creative,Simulation,0.3720129864559743,0.2656793782718515,48,0.0,0.0,0.0166666666666666,0.541253505194448,0,0.8992595702173632,119,0.2605042016806723,0.25788365064666796,0.39848235428126866,3
212,1017,Experience 1017,Adventure,0.8986224157650411,0.4138920991005588,0.5580723954683906,0.6429984233408326,53,Creative,Simulation,0.3720129864559743,0.2656793782718515,48,0.0,0.0,0.0833333333333333,0.8139405909875836,0,0.9485468241722618,125,0.256,0.25410915475784035,0.44686949938674553,4
212,1027,Experience 1027,Sports,0.8258355726034926,0.7779980359761599,0.5071112833110228,0.4772006332829246,49,Creative,Simulation,0.3720129864559743,0.2656793782718515,48,0.0,0.0,0.0166666666666666,0.8649017031449515,0,0.9269056713890723,111,0.23423423423423423,0.23546433160218966,0.5053932058441435,5
213,1025,Experience 1025,Social,0.838744739121835,0.7279884901895025,0.5876677647056102,0.0811540004238993,14,Adventure,Action,0.4552106260211411,0.6365131167787211,35,0.0,0.0,0.35,0.8675428613155309,0,0.8951596735430055,120,0.31666666666666665,0.30604162457062034,0.5339097612196139,1
213,1033,Experience 1033,Simulation,0.8859147305780027,0.259942782541492,0.2648265360525452,0.1086571032622624,31,Adventure,Action,0.4552106260211411,0.6365131167787211,35,0.0,0.0,0.0666666666666666,0.8096159100314042,0,0.947348508309829,120,0.275,0.27032733885633464,0.4411163766395952,2
213,1060,Experience 1060,Strategy,0.8620933017122632,0.1051567799118504,0.3772606570904063,0.1400554046894906,58,Adventure,Action,0.4552106260211411,0.6365131167787211,35,0.0,0.0,0.3833333333333333,0.9220500310692652,0,0.7698237065893533,102,0.27450980392156865,0.2692280937695643,0.4079907756214564,3
213,1008,Experience 1008,Adventure,0.8415828324170402,0.3364498304651394,0.599089106012921,0.2728043301458357,40,Adventure,Action,0.4552106260211411,0.6365131167787211,35,1.0,0.0,0.0833333333333333,0.8561215200082202,1,0.7855669204762501,117,0.27350427350427353,0.2689476455466193,0.8002427721439836,4
213,1039,Experience 1039,Social,0.8194814495513689,0.2752805682140255,0.2419454802582048,0.889899007072331,47,Adventure,Action,0.4552106260211411,0.6365131167787211,35,0.0,0.0,0.2,0.7867348542370637,0,0.7185659704362011,110,0.2636363636363636,0.2603525187683603,0.48003926533612035,5
214,1084,Experience 1084,Social,0.6722561348379004,0.2863456816441453,0.5362524927433157,0.7470758006298863,26,Simulation,Adventure,0.5842738135482076,0.4655991866340394,50,0.0,0.0,0.4,0.951978679195108,0,0.8115226448891641,111,0.35135135135135137,0.3347009728235637,0.43925074408508563,1
214,1050,Experience 1050,Sports,0.6444432625143321,0.2032573812502654,0.7840857883345029,0.0579453445381299,24,Simulation,Adventure,0.5842738135482076,0.4655991866340394,50,0.0,0.0,0.4333333333333333,0.8001880252137047,1,0.9044965250608092,107,0.27102803738317754,0.2665025782668255,0.3665481685407579,2
214,1001,Experience 1001,Sports,0.6452560499996463,0.8044840559110404,0.5776422262968883,0.3608105614175153,41,Simulation,Adventure,0.5842738135482076,0.4655991866340394,50,0.0,0.0,0.15,0.9933684127486808,0,0.7779168361468249,110,0.2545454545454545,0.25266021107605263,0.465409662365253,3
214,1007,Experience 1007,Social,0.6113602755027672,0.3693255620200327,0.760432490906593,0.3138467721116466,56,Simulation,Adventure,0.5842738135482076,0.4655991866340394,50,0.0,0.0,0.1,0.8238413226416146,0,0.7845163292846725,112,0.24107142857142858,0.24125626848399126,0.45844185249217473,4
214,1075,Experience 1075,Puzzle,0.7701763699744956,0.5714931074517187,0.7080993700732455,0.0043057756676786,58,Simulation,Adventure,0.5842738135482076,0.4655991866340394,50,0.0,0.0,0.1333333333333333,0.8761744434749621,0,0.7754304961087191,114,0.22807017543859648,0.23019274208870782,0.46188867266892314,5
215,1000,Experience 1000,Action,0.9096695293967186,0.6516437731703687,0.6290364009047581,0.2407530712142694,49,Simulation,Adventure,0.6173686885055913,0.6909678268925457,12,0.0,0.0,0.6166666666666667,0.9883322876008332,0,0.7124408209515101,124,0.3225806451612903,0.31142935722143644,0.4480512530849034,1
215,1100,Experience 1100,Sports,0.8539423752816214,0.5771516782683807,0.6603015579098336,0.097787997445443,39,Simulation,Adventure,0.6173686885055913,0.6909678268925457,12,0.0,0.0,0.45,0.9570671305957578,0,0.9687727543061718,107,0.3177570093457944,0.3058726570069831,0.45961327121556755,2
215,1023,Experience 1023,Strategy,0.934275144868182,0.4241492862896971,0.2179097364670654,0.7914514878076223,48,Simulation,Adventure,0.6173686885055913,0.6909678268925457,12,0.0,0.0,0.6,0.6005410479614741,1,0.7608409709795915,110,0.2818181818181818,0.2757371341529757,0.33100008922089813,3
215,1064,Experience 1064,Puzzle,0.6204758892789963,0.4435351922580418,0.6632419642315316,0.276207363456566,49,Simulation,Adventure,0.6173686885055913,0.6909678268925457,12,0.0,0.0,0.6166666666666667,0.9541267242740598,1,0.7151067426165282,94,0.2765957446808511,0.27057743368321796,0.3640986067107354,4
215,1060,Experience 1060,Strategy,0.8620933017122632,0.1051567799118504,0.3772606570904063,0.1400554046894906,58,Simulation,Adventure,0.6173686885055913,0.6909678268925457,12,0.0,0.0,0.7666666666666667,0.7598919685848149,0,0.7504400404929291,102,0.27450980392156865,0.2692280937695643,0.31625420221566025,5
216,1058,Experience 1058,Social,0.5666390936836835,0.5294440043668863,0.4156619036213059,0.2647117106195373,52,Action,Simulation,0.6186066920786717,0.5406744659770846,29,0.0,0.0,0.3833333333333333,0.7970552115426341,0,0.8029415828183132,100,0.32,0.30704856199905706,0.43261831972460213,1
216,1115,Experience 1115,Simulation,0.626658707429628,0.7075065986188209,0.5404405149990236,0.2246894745458737,42,Action,Simulation,0.6186066920786717,0.5406744659770846,29,0.0,1.0,0.2166666666666666,0.921833822920352,0,0.9363510272976805,112,0.2767857142857143,0.27155929878702156,0.5953724150364766,2
216,1006,Experience 1006,Action,0.8770181756508404,0.5275353377269014,0.8047332447846338,0.7517807092307816,28,Action,Simulation,0.6186066920786717,0.5406744659770846,29,1.0,0.0,0.0166666666666666,0.8138734472940379,1,0.7656681121192097,103,0.27184466019417475,0.26703924747875485,0.8241165556274974,3
216,1050,Experience 1050,Sports,0.6444432625143321,0.2032573812502654,0.7840857883345029,0.0579453445381299,24,Action,Simulation,0.6186066920786717,0.5406744659770846,29,0.0,0.0,0.0833333333333333,0.8345209037441688,0,0.7046094864047611,107,0.27102803738317754,0.2665025782668255,0.4279711382443411,4
216,1005,Experience 1005,Sports,0.725440926488475,0.5102685875213342,0.2459903544501388,0.2409271164143122,19,Action,Simulation,0.6186066920786717,0.5406744659770846,29,0.0,0.0,0.1666666666666666,0.6273836623714671,0,0.7764510564003091,114,0.2543859649122807,0.25258080179020037,0.40356939662431496,5
217,1052,Experience 1052,Creative,0.6879474895864814,0.8150878066775633,0.5427584275418881,0.4028796085076296,43,Simulation,Sports,0.3691679637939114,0.4785859480058245,29,0.0,0.0,0.2333333333333333,0.8264095362520234,0,0.7203306520900031,129,0.3178294573643411,0.30769011704622046,0.4480494913622536,1
217,1100,Experience 1100,Sports,0.8539423752816214,0.5771516782683807,0.6603015579098336,0.097787997445443,39,Simulation,Sports,0.3691679637939114,0.4785859480058245,29,0.0,1.0,0.1666666666666666,0.7088664058840779,1,0.8835511419504786,107,0.3177570093457944,0.3058726570069831,0.6519126540501083,2
217,1037,Experience 1037,Sports,0.7994490651436071,0.7023148063737304,0.3263399911584964,0.9948242136208678,35,Simulation,Sports,0.3691679637939114,0.4785859480058245,29,0.0,1.0,0.1,0.957172027364585,0,0.7675575358123209,120,0.30833333333333335,0.29889876742776317,0.6721735149770388,3
217,1060,Experience 1060,Strategy,0.8620933017122632,0.1051567799118504,0.3772606570904063,0.1400554046894906,58,Simulation,Sports,0.3691679637939114,0.4785859480058245,29,0.0,0.0,0.4833333333333333,0.9919073067035052,1,0.7352090068988445,102,0.27450980392156865,0.2692280937695643,0.417968681161851,4
217,1050,Experience 1050,Sports,0.6444432625143321,0.2032573812502654,0.7840857883345029,0.0579453445381299,24,Simulation,Sports,0.3691679637939114,0.4785859480058245,29,0.0,1.0,0.0833333333333333,0.5850821754594084,0,0.9984241653249762,107,0.27102803738317754,0.2665025782668255,0.5636642551459761,5
218,1002,Experience 1002,Social,0.5654662227449457,0.1419781043952984,0.4876512775379703,0.1763555764178013,30,Sports,Simulation,0.5046743186921044,0.6588484643831866,33,0.0,0.0,0.05,0.982976958845866,0,0.9480462615312948,125,0.312,0.30238501682680585,0.4615954984828035,1
218,1070,Experience 1070,Sports,0.9021629239090754,0.4240213755135868,0.7602726894428304,0.7757910864370905,50,Sports,Simulation,0.5046743186921044,0.6588484643831866,33,1.0,0.0,0.2833333333333333,0.744401629249274,1,0.9944954806343155,111,0.2882882882882883,0.28126585831974693,0.8067779269994034,2
218,1060,Experience 1060,Strategy,0.8620933017122632,0.1051567799118504,0.3772606570904063,0.1400554046894906,58,Sports,Simulation,0.5046743186921044,0.6588484643831866,33,0.0,0.0,0.4166666666666667,0.8725863383983019,1,0.9761243831476105,102,0.27450980392156865,0.2692280937695643,0.3885651574189712,3
218,1051,Experience 1051,Adventure,0.7608650542535511,0.4945204429565272,0.5049786641965721,0.9492935230092574,34,Sports,Simulation,0.5046743186921044,0.6588484643831866,33,0.0,0.0,0.0166666666666666,0.9996956544955324,0,0.9445251997185999,122,0.2459016393442623,0.24539315098511863,0.45451692840855423,4
218,1083,Experience 1083,Sports,0.5638116113845065,0.5523903507798276,0.3674940432740611,0.3952346537588943,26,Sports,Simulation,0.5046743186921044,0.6588484643831866,33,1.0,0.0,0.1166666666666666,0.8628197245819567,0,0.7537102149447248,122,0.22950819672131148,0.23130864394286513,0.770928187617588,5
219,1025,Experience 1025,Social,0.838744739121835,0.7279884901895025,0.5876677647056102,0.0811540004238993,14,Creative,Strategy,0.3954457144541962,0.7321230096079026,26,0.0,0.0,0.2,0.807777949748586,0,0.829337999439226,120,0.31666666666666665,0.30604162457062034,0.5465815873298319,1
219,1033,Experience 1033,Simulation,0.8859147305780027,0.259942782541492,0.2648265360525452,0.1086571032622624,31,Creative,Strategy,0.3954457144541962,0.7321230096079026,26,0.0,0.0,0.0833333333333333,0.8693808215983491,0,0.8490445912779147,120,0.275,0.27032733885633464,0.4572032245113646,2
219,1005,Experience 1005,Sports,0.725440926488475,0.5102685875213342,0.2459903544501388,0.2409271164143122,19,Creative,Strategy,0.3954457144541962,0.7321230096079026,26,0.0,0.0,0.1166666666666666,0.8505446399959427,0,0.8534209638631034,114,0.2543859649122807,0.25258080179020037,0.4545476374717089,3
219,1051,Experience 1051,Adventure,0.7608650542535511,0.4945204429565272,0.5049786641965721,0.9492935230092574,34,Creative,Strategy,0.3954457144541962,0.7321230096079026,26,0.0,0.0,0.1333333333333333,0.8904670502576241,0,0.9356085942619925,122,0.2459016393442623,0.24539315098511863,0.4386598140695126,4
219,1078,Experience 1078,Simulation,0.9139745006021852,0.4875947260651535,0.1081242288365573,0.0386443098268846,51,Creative,Strategy,0.3954457144541962,0.7321230096079026,26,0.0,0.0,0.4166666666666667,0.7126785143823611,0,0.8307533185221848,97,0.23711340206185566,0.23799852512723801,0.4183276760068945,5
220,1061,Experience 1061,Social,0.9515114053456256,0.4883887845440612,0.3838014404080356,0.6777086144544695,56,Sports,Action,0.8088268686637847,0.9120147674203876,16,0.0,0.0,0.6666666666666666,0.5749745717442509,1,0.8188538813369755,113,0.3274336283185841,0.3146302815029086,0.4553121152680028,1
220,1014,Experience 1014,Social,0.7084360738896248,0.6919622480914536,0.5066406143622445,0.7631554898199004,35,Sports,Action,0.8088268686637847,0.9120147674203876,16,0.0,0.0,0.3166666666666666,0.6978137456984598,1,0.8572641566489663,117,0.29914529914529914,0.29084545576559745,0.4669790805866377,2
220,1060,Experience 1060,Strategy,0.8620933017122632,0.1051567799118504,0.3772606570904063,0.1400554046894906,58,Sports,Action,0.8088268686637847,0.9120147674203876,16,0.0,0.0,0.7,0.5684337884266215,0,0.9976312005697567,102,0.27450980392156865,0.2692280937695643,0.32143067878875103,3
220,1091,Experience 1091,Sports,0.6742348817628386,0.2717222536331008,0.7498162980972818,0.6422524185679935,12,Sports,Action,0.8088268686637847,0.9120147674203876,16,1.0,0.0,0.0666666666666666,0.9409894294334972,1,0.8941485149135084,105,0.2571428571428571,0.25476661951909474,0.8012285123147065,4
220,1076,Experience 1076,Creative,0.7805257487778566,0.3562342599893083,0.7812983230640933,0.571167362055741,8,Sports,Action,0.8088268686637847,0.9120147674203876,16,0.0,0.0,0.1333333333333333,0.9724714544003086,1,0.944792302634477,124,0.23387096774193547,0.23504046833254755,0.46660744546320376,5
221,1043,Experience 1043,Creative,0.8838983032607785,0.7641225701636372,0.5942808569171103,0.6062993981927156,47,Creative,Sports,0.899673674331293,0.6085405359116781,19,1.0,0.0,0.4666666666666667,0.6946071825858173,0,0.7945967474862683,110,0.35454545454545455,0.3372755956914373,0.807286788036789,1
221,1002,Experience 1002,Social,0.5654662227449457,0.1419781043952984,0.4876512775379703,0.1763555764178013,30,Creative,Sports,0.899673674331293,0.6085405359116781,19,0.0,0.0,0.1833333333333333,0.5879776032066774,0,0.9325405993316161,125,0.312,0.30238501682680585,0.4108523877948386,2
221,1102,Experience 1102,Sports,0.9402838286695968,0.4125021221616953,0.1907643304361418,0.200562471321554,40,Creative,Sports,0.899673674331293,0.6085405359116781,19,0.0,1.0,0.35,0.2910906561048488,0,0.7792891340858439,117,0.3076923076923077,0.29814472583859014,0.5691481504738473,3
221,1014,Experience 1014,Social,0.7084360738896248,0.6919622480914536,0.5066406143622445,0.7631554898199004,35,Creative,Sports,0.899673674331293,0.6085405359116781,19,0.0,0.0,0.2666666666666666,0.6069669400309515,0,0.760870377258168,117,0.29914529914529914,0.29084545576559745,0.47823686836684115,4
221,1050,Experience 1050,Sports,0.6444432625143321,0.2032573812502654,0.7840857883345029,0.0579453445381299,24,Creative,Sports,0.899673674331293,0.6085405359116781,19,0.0,1.0,0.0833333333333333,0.88441211400321,0,0.9741910257452593,107,0.27102803738317754,0.2665025782668255,0.6292801170793466,5
222,1002,Experience 1002,Social,0.5654662227449457,0.1419781043952984,0.4876512775379703,0.1763555764178013,30,Creative,Sports,0.3895411872046781,0.2858624457342292,48,0.0,0.0,0.3,0.9018899096667078,1,0.7565759974932131,125,0.312,0.30238501682680585,0.4602651686206991,1
222,1102,Experience 1102,Sports,0.9402838286695968,0.4125021221616953,0.1907643304361418,0.200562471321554,40,Creative,Sports,0.3895411872046781,0.2858624457342292,48,0.0,1.0,0.1333333333333333,0.8012231432314637,0,0.8823604923004651,117,0.3076923076923077,0.29814472583859014,0.6810192636583903,2
222,1044,Experience 1044,Action,0.8578996664042653,0.7405382156713768,0.540545681694017,0.9388053542070384,40,Creative,Sports,0.3895411872046781,0.2858624457342292,48,0.0,0.0,0.1333333333333333,0.8489955055106612,0,0.7285629057976434,112,0.2857142857142857,0.27913505636277913,0.516767849145894,3
222,1115,Experience 1115,Simulation,0.626658707429628,0.7075065986188209,0.5404405149990236,0.2246894745458737,42,Creative,Sports,0.3895411872046781,0.2858624457342292,48,0.0,0.0,0.1,0.8491006722056545,0,0.9103482501512324,112,0.2767857142857143,0.27155929878702156,0.4554031738536063,4
222,1050,Experience 1050,Sports,0.6444432625143321,0.2032573812502654,0.7840857883345029,0.0579453445381299,24,Creative,Sports,0.3895411872046781,0.2858624457342292,48,0.0,1.0,0.4,0.6054553988701752,0,0.9114816430127736,107,0.27102803738317754,0.2665025782668255,0.5567341565299029,5
223,1100,Experience 1100,Sports,0.8539423752816214,0.5771516782683807,0.6603015579098336,0.097787997445443,39,Social,Puzzle,0.979328246394342,0.4559992542657642,33,0.0,0.0,0.1,0.6809733115154916,0,0.9568105290982242,107,0.3177570093457944,0.3058726570069831,0.4814687384591218,1
223,1107,Experience 1107,Social,0.7428970964662264,0.8045676070342606,0.8160785123357384,0.9076048913904824,23,Social,Puzzle,0.979328246394342,0.4559992542657642,33,1.0,0.0,0.1666666666666666,0.8367502659413963,0,0.7577665571610832,139,0.30935251798561153,0.3009171537099802,0.8479574690789848,2
223,1037,Experience 1037,Sports,0.7994490651436071,0.7023148063737304,0.3263399911584964,0.9948242136208678,35,Social,Puzzle,0.979328246394342,0.4559992542657642,33,0.0,0.0,0.0333333333333333,0.3470117447641544,0,0.7024913555509167,120,0.30833333333333335,0.29889876742776317,0.4027177739645453,3
223,1102,Experience 1102,Sports,0.9402838286695968,0.4125021221616953,0.1907643304361418,0.200562471321554,40,Social,Puzzle,0.979328246394342,0.4559992542657642,33,0.0,0.0,0.1166666666666666,0.2114360840417998,0,0.702897544638971,117,0.3076923076923077,0.29814472583859014,0.3890093445878669,4
223,1115,Experience 1115,Simulation,0.626658707429628,0.7075065986188209,0.5404405149990236,0.2246894745458737,42,Social,Puzzle,0.979328246394342,0.4559992542657642,33,0.0,0.0,0.15,0.5611122686046816,0,0.8945143498588076,112,0.2767857142857143,0.27155929878702156,0.3737736730673957,5
224,1100,Experience 1100,Sports,0.8539423752816214,0.5771516782683807,0.6603015579098336,0.097787997445443,39,Social,Sports,0.2894563501287995,0.2564252040875889,11,0.0,1.0,0.4666666666666667,0.629154792218966,1,0.9171564682447653,107,0.3177570093457944,0.3058726570069831,0.6093057280241646,1
224,1102,Experience 1102,Sports,0.9402838286695968,0.4125021221616953,0.1907643304361418,0.200562471321554,40,Social,Sports,0.2894563501287995,0.2564252040875889,11,0.0,1.0,0.4833333333333333,0.9013079803073424,0,0.9476177432172675,117,0.3076923076923077,0.29814472583859014,0.6433784658300453,2
224,1106,Experience 1106,Sports,0.8146785788760947,0.3647619692710552,0.6750256601127794,0.7960604476258709,49,Social,Sports,0.2894563501287995,0.2564252040875889,11,0.0,1.0,0.6333333333333333,0.6144306900160201,1,0.9513488471898396,128,0.28125,0.275985320539776,0.5591364496418589,3
224,1064,Experience 1064,Puzzle,0.6204758892789963,0.4435351922580418,0.6632419642315316,0.276207363456566,49,Social,Sports,0.2894563501287995,0.2564252040875889,11,0.0,0.0,0.6333333333333333,0.626214385897268,0,0.7525965171610938,94,0.2765957446808511,0.27057743368321796,0.34538894699024186,4
224,1060,Experience 1060,Strategy,0.8620933017122632,0.1051567799118504,0.3772606570904063,0.1400554046894906,58,Social,Sports,0.2894563501287995,0.2564252040875889,11,0.0,0.0,0.7833333333333333,0.9121956930383932,0,0.9708872331773764,102,0.27450980392156865,0.2692280937695643,0.374214129189457,5
225,1061,Experience 1061,Social,0.9515114053456256,0.4883887845440612,0.3838014404080356,0.6777086144544695,56,Puzzle,Sports,0.6189521007482497,0.6037238640971894,49,0.0,0.0,0.1166666666666666,0.764849339659786,0,0.8832125177144156,113,0.3274336283185841,0.3146302815029086,0.5777063636502788,1
225,1110,Experience 1110,Creative,0.8487034770737338,0.6513439158584452,0.7080979103356375,0.2741343936886083,18,Puzzle,Sports,0.6189521007482497,0.6037238640971894,49,0.0,0.0,0.5166666666666667,0.9108541904126122,0,0.7119008679376326,109,0.28440366972477066,0.2778746313169523,0.4894394339553427,2
225,1039,Experience 1039,Social,0.8194814495513689,0.2752805682140255,0.2419454802582048,0.889899007072331,47,Puzzle,Sports,0.6189521007482497,0.6037238640971894,49,0.0,0.0,0.0333333333333333,0.6229933795099551,0,0.7564763012588019,110,0.2636363636363636,0.2603525187683603,0.5024176852446169,3
225,1051,Experience 1051,Adventure,0.7608650542535511,0.4945204429565272,0.5049786641965721,0.9492935230092574,34,Puzzle,Sports,0.6189521007482497,0.6037238640971894,49,0.0,0.0,0.25,0.8860265634483224,0,0.8446099897751211,122,0.2459016393442623,0.24539315098511863,0.4516255677146335,4
225,1055,Experience 1055,Action,0.9121309206982589,0.3826203354113438,0.2499073592941251,0.1919211614110854,38,Puzzle,Sports,0.6189521007482497,0.6037238640971894,49,0.0,0.0,0.1833333333333333,0.6309552585458755,0,0.9846611752148572,114,0.23684210526315788,0.237655428655872,0.45864194983101,5
226,1107,Experience 1107,Social,0.7428970964662264,0.8045676070342606,0.8160785123357384,0.9076048913904824,23,Sports,Strategy,0.8927368906905975,0.5792254882620643,39,0.0,0.0,0.2666666666666666,0.9233416216451408,1,0.8119055068133818,139,0.30935251798561153,0.3009171537099802,0.5305149794448792,1
226,1106,Experience 1106,Sports,0.8146785788760947,0.3647619692710552,0.6750256601127794,0.7960604476258709,49,Sports,Strategy,0.8927368906905975,0.5792254882620643,39,1.0,0.0,0.1666666666666666,0.782288769422182,0,0.9988111850169713,128,0.28125,0.275985320539776,0.8014351132405556,2
226,1008,Experience 1008,Adventure,0.8415828324170402,0.3364498304651394,0.599089106012921,0.2728043301458357,40,Sports,Strategy,0.8927368906905975,0.5792254882620643,39,0.0,0.0,0.0166666666666666,0.7063522153223235,0,0.9179770588362535,117,0.27350427350427353,0.2689476455466193,0.42727553306200317,3
226,1068,Experience 1068,Action,0.698456042052288,0.2594560290757449,0.3550613668330224,0.4325155932423661,21,Sports,Strategy,0.8927368906905975,0.5792254882620643,39,0.0,0.0,0.3,0.462324476142425,0,0.8317362243292622,111,0.24324324324324326,0.2430979193884492,0.32039548254689,4
226,1082,Experience 1082,Adventure,0.940069744877272,0.6645999956719907,0.1368397110942475,0.0890420050750532,28,Sports,Strategy,0.8927368906905975,0.5792254882620643,39,0.0,0.0,0.1833333333333333,0.24410282040365,0,0.7583256741855567,138,0.2391304347826087,0.23953055341700535,0.3631957685917649,5
227,1000,Experience 1000,Action,0.9096695293967186,0.6516437731703687,0.6290364009047581,0.2407530712142694,49,Simulation,Sports,0.2749579276193406,0.0124456699557271,36,0.0,0.0,0.2166666666666666,0.6459215267145826,0,0.7926887045665448,124,0.3225806451612903,0.31142935722143644,0.45059256412759136,1
227,1088,Experience 1088,Sports,0.931739259022481,0.4207879774878386,0.5549692853271866,0.4100487869149942,11,Simulation,Sports,0.2749579276193406,0.0124456699557271,36,0.0,1.0,0.4166666666666667,0.719988642292154,0,0.913027376366552,113,0.3008849557522124,0.292073890525465,0.607052271955008,2
227,1064,Experience 1064,Puzzle,0.6204758892789963,0.4435351922580418,0.6632419642315316,0.276207363456566,49,Simulation,Sports,0.2749579276193406,0.0124456699557271,36,0.0,0.0,0.2166666666666666,0.6117159633878091,0,0.8219986059129879,94,0.2765957446808511,0.27057743368321796,0.36647991159035453,3
227,1090,Experience 1090,Puzzle,0.5586098880458512,0.4251872277402517,0.5338484342208252,0.861814417816014,19,Simulation,Sports,0.2749579276193406,0.0124456699557271,36,0.0,0.0,0.2833333333333333,0.7411094933985154,0,0.8404968441460442,121,0.2727272727272727,0.26841012368714073,0.34904349689474734,4
227,1011,Experience 1011,Strategy,0.8438936347604792,0.3089791482471649,0.5527453913687409,0.302964628837302,52,Simulation,Sports,0.2749579276193406,0.0124456699557271,36,0.0,0.0,0.2666666666666666,0.7222125362505998,1,0.8733612116523429,123,0.2682926829268293,0.26465613594326465,0.3906394937898756,5
228,1000,Experience 1000,Action,0.9096695293967186,0.6516437731703687,0.6290364009047581,0.2407530712142694,49,Creative,Action,0.8731968863917172,0.7551066612373083,49,0.0,1.0,0.0,0.7558395145130409,0,0.9723181842010646,124,0.3225806451612903,0.31142935722143644,0.6803832697406524,1
228,1102,Experience 1102,Sports,0.9402838286695968,0.4125021221616953,0.1907643304361418,0.200562471321554,40,Creative,Action,0.8731968863917172,0.7551066612373083,49,0.0,0.0,0.15,0.3175674440444246,0,0.7416986334093884,117,0.3076923076923077,0.29814472583859014,0.4144515669653523,2
228,1039,Experience 1039,Social,0.8194814495513689,0.2752805682140255,0.2419454802582048,0.889899007072331,47,Creative,Action,0.8731968863917172,0.7551066612373083,49,0.0,0.0,0.0333333333333333,0.3687485938664876,0,0.7754370891028775,110,0.2636363636363636,0.2603525187683603,0.43851827433309265,3
228,1068,Experience 1068,Action,0.698456042052288,0.2594560290757449,0.3550613668330224,0.4325155932423661,21,Creative,Action,0.8731968863917172,0.7551066612373083,49,0.0,1.0,0.4666666666666667,0.4818644804413052,1,0.8981213453958532,111,0.24324324324324326,0.2430979193884492,0.4890700680561824,4
228,1082,Experience 1082,Adventure,0.940069744877272,0.6645999956719907,0.1368397110942475,0.0890420050750532,28,Creative,Action,0.8731968863917172,0.7551066612373083,49,0.0,0.0,0.35,0.2636428247025303,0,0.9710857601032002,138,0.2391304347826087,0.23953055341700535,0.36787643064600656,5
229,1043,Experience 1043,Creative,0.8838983032607785,0.7641225701636372,0.5942808569171103,0.6062993981927156,47,Creative,Action,0.5966793887608725,0.5180968585604246,29,1.0,0.0,0.3,0.9976014681562378,1,0.8571040831434624,110,0.35454545454545455,0.3372755956914373,0.8325804789186135,1
229,1084,Experience 1084,Social,0.6722561348379004,0.2863456816441453,0.5362524927433157,0.7470758006298863,26,Creative,Action,0.5966793887608725,0.5180968585604246,29,0.0,0.0,0.05,0.9395731039824432,0,0.8513619002627,111,0.35135135135135137,0.3347009728235637,0.490856967380125,2
229,1037,Experience 1037,Sports,0.7994490651436071,0.7023148063737304,0.3263399911584964,0.9948242136208678,35,Creative,Action,0.5966793887608725,0.5180968585604246,29,0.0,0.0,0.1,0.729660602397624,0,0.8972075753931196,120,0.30833333333333335,0.29889876742776317,0.4549243553338468,3
229,1014,Experience 1014,Social,0.7084360738896248,0.6919622480914536,0.5066406143622445,0.7631554898199004,35,Creative,Action,0.5966793887608725,0.5180968585604246,29,0.0,0.0,0.1,0.909961225601372,0,0.8498583998432885,117,0.29914529914529914,0.29084545576559745,0.5210983929403065,4
229,1106,Experience 1106,Sports,0.8146785788760947,0.3647619692710552,0.6750256601127794,0.7960604476258709,49,Creative,Action,0.5966793887608725,0.5180968585604246,29,0.0,0.0,0.3333333333333333,0.921653728648093,0,0.7093739073886739,128,0.28125,0.275985320539776,0.46076626291302797,5
230,1100,Experience 1100,Sports,0.8539423752816214,0.5771516782683807,0.6603015579098336,0.097787997445443,39,Simulation,Action,0.6444336939651063,0.5145573958674259,36,0.0,0.0,0.05,0.9841321360552728,0,0.9141032519050678,107,0.3177570093457944,0.3058726570069831,0.5131895011738518,1
230,1014,Experience 1014,Social,0.7084360738896248,0.6919622480914536,0.5066406143622445,0.7631554898199004,35,Simulation,Action,0.6444336939651063,0.5145573958674259,36,0.0,0.0,0.0166666666666666,0.8622069203971382,0,0.8854572950659445,117,0.29914529914529914,0.29084545576559745,0.5015836402218878,2
230,1090,Experience 1090,Puzzle,0.5586098880458512,0.4251872277402517,0.5338484342208252,0.861814417816014,19,Simulation,Action,0.6444336939651063,0.5145573958674259,36,0.0,0.0,0.2833333333333333,0.8894147402557189,1,0.7439530604418259,121,0.2727272727272727,0.26841012368714073,0.3601301114722483,3
230,1091,Experience 1091,Sports,0.6742348817628386,0.2717222536331008,0.7498162980972818,0.6422524185679935,12,Simulation,Action,0.6444336939651063,0.5145573958674259,36,0.0,0.0,0.4,0.8946173958678245,0,0.9545506222464205,105,0.2571428571428571,0.25476661951909474,0.3853636239815042,4
230,1065,Experience 1065,Creative,0.7619316682455927,0.3645751585148475,0.2630179910479239,0.9645188861392016,47,Simulation,Action,0.6444336939651063,0.5145573958674259,36,0.0,0.0,0.1833333333333333,0.6185842970828177,0,0.9069433197479032,114,0.22807017543859648,0.23019274208870782,0.35620733797540016,5
231,1059,Experience 1059,Social,0.7489549716721217,0.4911530499138364,0.6826986067555766,0.9132851837019758,49,Adventure,Strategy,0.5649143342120196,0.5943517834781853,34,0.0,0.0,0.25,0.882215727456443,0,0.7691578553583789,105,0.34285714285714286,0.32676661951909475,0.5020587896206536,1
231,1061,Experience 1061,Social,0.9515114053456256,0.4883887845440612,0.3838014404080356,0.6777086144544695,56,Adventure,Strategy,0.5649143342120196,0.5943517834781853,34,0.0,0.0,0.3666666666666666,0.8188871061960159,0,0.7206052434404736,113,0.3274336283185841,0.3146302815029086,0.5224561577105029,2
231,1069,Experience 1069,Puzzle,0.8068156107352968,0.6551858372056814,0.8842124935251735,0.2530347499296835,35,Adventure,Strategy,0.5649143342120196,0.5943517834781853,34,0.0,0.0,0.0166666666666666,0.6807018406868461,0,0.9779859579137541,121,0.2892561983471074,0.2825945208502613,0.4708550158919456,3
231,1033,Experience 1033,Simulation,0.8859147305780027,0.259942782541492,0.2648265360525452,0.1086571032622624,31,Adventure,Strategy,0.5649143342120196,0.5943517834781853,34,0.0,0.0,0.05,0.6999122018405256,0,0.8082509070306787,120,0.275,0.27032733885633464,0.4186326383301644,4
231,1091,Experience 1091,Sports,0.6742348817628386,0.2717222536331008,0.7498162980972818,0.6422524185679935,12,Adventure,Strategy,0.5649143342120196,0.5943517834781853,34,0.0,0.0,0.3666666666666666,0.8150980361147379,0,0.9907987322075759,105,0.2571428571428571,0.25476661951909474,0.39307006557014595,5
232,1067,Experience 1067,Creative,0.788764048918011,0.4580972487220676,0.5921026845821029,0.4299570499000478,43,Simulation,Puzzle,0.8885964651356233,0.7289070785127498,43,0.0,0.0,0.0,0.7035062194464796,0,0.8701675544939561,119,0.31092436974789917,0.30104911827256725,0.44661392683527157,1
232,1009,Experience 1009,Action,0.7987178764315418,0.3460501829476273,0.2238314684756084,0.130890330850495,53,Simulation,Puzzle,0.8885964651356233,0.7289070785127498,43,0.0,0.0,0.1666666666666666,0.3352350033399851,0,0.8656162582160275,104,0.28846153846153844,0.28101473741844224,0.3538963029130896,2
232,1106,Experience 1106,Sports,0.8146785788760947,0.3647619692710552,0.6750256601127794,0.7960604476258709,49,Simulation,Puzzle,0.8885964651356233,0.7289070785127498,43,0.0,0.0,0.1,0.7864291949771561,1,0.8759138343972259,128,0.28125,0.275985320539776,0.46966615516181404,3
232,1115,Experience 1115,Simulation,0.626658707429628,0.7075065986188209,0.5404405149990236,0.2246894745458737,42,Simulation,Puzzle,0.8885964651356233,0.7289070785127498,43,1.0,0.0,0.0166666666666666,0.6518440498634003,1,0.9194600023502457,112,0.2767857142857143,0.27155929878702156,0.7671524020709183,4
232,1032,Experience 1032,Action,0.9183909657409184,0.1782087510115781,0.2798409650960937,0.836613041032693,59,Simulation,Puzzle,0.8885964651356233,0.7289070785127498,43,0.0,0.0,0.2666666666666666,0.3912444999604704,0,0.7811087463902635,120,0.275,0.27032733885633464,0.36542606499171165,5
233,1084,Experience 1084,Social,0.6722561348379004,0.2863456816441453,0.5362524927433157,0.7470758006298863,26,Action,Sports,0.6495727331986367,0.3422420543991321,24,0.0,0.0,0.0333333333333333,0.8866797595446789,0,0.9500285063409261,111,0.35135135135135137,0.3347009728235637,0.518879592129891,1
233,1052,Experience 1052,Creative,0.6879474895864814,0.8150878066775633,0.5427584275418881,0.4028796085076296,43,Action,Sports,0.6495727331986367,0.3422420543991321,24,0.0,0.0,0.3166666666666666,0.8931856943432513,0,0.7600513281207599,129,0.3178294573643411,0.30769011704622046,0.4738823297550084,2
233,1002,Experience 1002,Social,0.5654662227449457,0.1419781043952984,0.4876512775379703,0.1763555764178013,30,Action,Sports,0.6495727331986367,0.3422420543991321,24,0.0,0.0,0.1,0.8380785443393336,0,0.9247293334167224,125,0.312,0.30238501682680585,0.47030300209831843,3
233,1102,Experience 1102,Sports,0.9402838286695968,0.4125021221616953,0.1907643304361418,0.200562471321554,40,Action,Sports,0.6495727331986367,0.3422420543991321,24,0.0,1.0,0.2666666666666666,0.5411915972375051,1,0.9338605632964744,117,0.3076923076923077,0.29814472583859014,0.6271223431296817,4
233,1073,Experience 1073,Adventure,0.687693407311507,0.5642695337399875,0.7523432280065728,0.8351257910807337,50,Action,Sports,0.6495727331986367,0.3422420543991321,24,0.0,0.0,0.4333333333333333,0.8972295051920639,0,0.9247061975380703,132,0.26515151515151514,0.26214360157820293,0.43313009827089105,5
234,1067,Experience 1067,Creative,0.788764048918011,0.4580972487220676,0.5921026845821029,0.4299570499000478,43,Strategy,Social,0.9440202300024326,0.5883266510053996,55,0.0,0.0,0.2,0.6480824545796703,1,0.9148502851858007,119,0.31092436974789917,0.30104911827256725,0.451750046393627,1
234,1064,Experience 1064,Puzzle,0.6204758892789963,0.4435351922580418,0.6632419642315316,0.276207363456566,49,Strategy,Social,0.9440202300024326,0.5883266510053996,55,0.0,0.0,0.1,0.719221734229099,0,0.7210902955056676,94,0.2765957446808511,0.27057743368321796,0.4447288284359607,2
234,1050,Experience 1050,Sports,0.6444432625143321,0.2032573812502654,0.7840857883345029,0.0579453445381299,24,Strategy,Social,0.9440202300024326,0.5883266510053996,55,0.0,0.0,0.5166666666666667,0.8400655583320703,0,0.7933488287928958,107,0.27102803738317754,0.2665025782668255,0.4235109770193919,3
234,1027,Experience 1027,Sports,0.8258355726034926,0.7779980359761599,0.5071112833110228,0.4772006332829246,49,Strategy,Social,0.9440202300024326,0.5883266510053996,55,0.0,0.0,0.1,0.5630910533085902,0,0.7593335116802786,111,0.23423423423423423,0.23546433160218966,0.4978087306364111,4
234,1030,Experience 1030,Puzzle,0.5255875329645523,0.2576702884243441,0.6969604774228595,0.5681673512913645,13,Strategy,Social,0.9440202300024326,0.5883266510053996,55,0.0,0.0,0.7,0.7529402474204269,0,0.9768541744030702,122,0.20491803278688525,0.21018188337948485,0.3449081139811575,5
235,1060,Experience 1060,Strategy,0.8620933017122632,0.1051567799118504,0.3772606570904063,0.1400554046894906,58,Adventure,Creative,0.3925993675728778,0.8799364845474906,52,0.0,0.0,0.1,0.9846612895175284,0,0.7478515506739033,102,0.27450980392156865,0.2692280937695643,0.48405856565744576,1
235,1006,Experience 1006,Action,0.8770181756508404,0.5275353377269014,0.8047332447846338,0.7517807092307816,28,Adventure,Creative,0.3925993675728778,0.8799364845474906,52,0.0,0.0,0.4,0.587866122788244,0,0.7849734522783374,103,0.27184466019417475,0.26703924747875485,0.4463411696063283,2
235,1091,Experience 1091,Sports,0.6742348817628386,0.2717222536331008,0.7498162980972818,0.6422524185679935,12,Adventure,Creative,0.3925993675728778,0.8799364845474906,52,0.0,0.0,0.6666666666666666,0.642783069475596,0,0.9952866653420542,105,0.2571428571428571,0.25476661951909474,0.37375735432609386,3
235,1017,Experience 1017,Adventure,0.8986224157650411,0.4138920991005588,0.5580723954683906,0.6429984233408326,53,Adventure,Creative,0.3925993675728778,0.8799364845474906,52,1.0,0.0,0.0166666666666666,0.8345269721044872,1,0.7618613575685774,125,0.256,0.25410915475784035,0.8340952809792537,4
235,1103,Experience 1103,Action,0.6677544964493587,0.4461723957193605,0.794276194278496,0.1853752728024856,59,Adventure,Creative,0.3925993675728778,0.8799364845474906,52,0.0,0.0,0.1166666666666666,0.5983231732943817,0,0.8247013616165959,121,0.23140495867768596,0.23294913077933935,0.43075323472194715,5
236,1025,Experience 1025,Social,0.838744739121835,0.7279884901895025,0.5876677647056102,0.0811540004238993,14,Strategy,Adventure,0.3061334140622354,0.3735169776906947,27,0.0,0.0,0.2166666666666666,0.7184656493566253,0,0.8685958583186092,120,0.31666666666666665,0.30604162457062034,0.4993285349061986,1
236,1002,Experience 1002,Social,0.5654662227449457,0.1419781043952984,0.4876512775379703,0.1763555764178013,30,Strategy,Adventure,0.3061334140622354,0.3735169776906947,27,0.0,0.0,0.05,0.8184821365242652,0,0.913547582339543,125,0.312,0.30238501682680585,0.4188703856173495,2
236,1009,Experience 1009,Action,0.7987178764315418,0.3460501829476273,0.2238314684756084,0.130890330850495,53,Strategy,Adventure,0.3061334140622354,0.3735169776906947,27,0.0,0.0,0.4333333333333333,0.917698054413373,1,0.9846646567557653,104,0.28846153846153844,0.28101473741844224,0.3989652358016013,3
236,1106,Experience 1106,Sports,0.8146785788760947,0.3647619692710552,0.6750256601127794,0.7960604476258709,49,Strategy,Adventure,0.3061334140622354,0.3735169776906947,27,0.0,0.0,0.3666666666666666,0.6311077539494561,0,0.866002892486406,128,0.28125,0.275985320539776,0.38947124455270604,4
236,1073,Experience 1073,Adventure,0.687693407311507,0.5642695337399875,0.7523432280065728,0.8351257910807337,50,Strategy,Adventure,0.3061334140622354,0.3735169776906947,27,0.0,1.0,0.3833333333333333,0.5537901860556627,0,0.8443240009680528,132,0.26515151515151514,0.26214360157820293,0.4955303310354166,5
237,1058,Experience 1058,Social,0.5666390936836835,0.5294440043668863,0.4156619036213059,0.2647117106195373,52,Simulation,Adventure,0.744766883559961,0.4896720555079826,26,0.0,0.0,0.4333333333333333,0.6708950200613448,1,0.8949814713465138,100,0.32,0.30704856199905706,0.37212652389017287,1
237,1023,Experience 1023,Strategy,0.934275144868182,0.4241492862896971,0.2179097364670654,0.7914514878076223,48,Simulation,Adventure,0.744766883559961,0.4896720555079826,26,0.0,0.0,0.3666666666666666,0.4731428529071044,0,0.9027217318299671,110,0.2818181818181818,0.2757371341529757,0.32867956720718294,2
237,1051,Experience 1051,Adventure,0.7608650542535511,0.4945204429565272,0.5049786641965721,0.9492935230092574,34,Simulation,Adventure,0.744766883559961,0.4896720555079826,26,0.0,1.0,0.1333333333333333,0.7602117806366111,1,0.9708902462702235,122,0.2459016393442623,0.24539315098511863,0.5443451775984403,3
237,1042,Experience 1042,Social,0.3938579788705362,0.1390150525777733,0.8546241607610466,0.268085104820551,16,Simulation,Adventure,0.744766883559961,0.4896720555079826,26,0.0,0.0,0.1666666666666666,0.8901427227989144,0,0.8639899918621108,124,0.24193548387096775,0.241984912776992,0.3746131861693873,4
237,1027,Experience 1027,Sports,0.8258355726034926,0.7779980359761599,0.5071112833110228,0.4772006332829246,49,Simulation,Adventure,0.744766883559961,0.4896720555079826,26,0.0,0.0,0.3833333333333333,0.7623443997510618,0,0.9816801932055673,111,0.23423423423423423,0.23546433160218966,0.42795552466754894,5
238,1043,Experience 1043,Creative,0.8838983032607785,0.7641225701636372,0.5942808569171103,0.6062993981927156,47,Simulation,Sports,0.2307729458349651,0.2659033523570756,30,0.0,0.0,0.2833333333333333,0.6364920889178549,1,0.8879074374767169,110,0.35454545454545455,0.3372755956914373,0.44786901894579084,1
238,1000,Experience 1000,Action,0.9096695293967186,0.6516437731703687,0.6290364009047581,0.2407530712142694,49,Simulation,Sports,0.2307729458349651,0.2659033523570756,30,0.0,0.0,0.3166666666666666,0.601736544930207,0,0.8599822905765845,124,0.3225806451612903,0.31142935722143644,0.4427295027043364,2
238,1025,Experience 1025,Social,0.838744739121835,0.7279884901895025,0.5876677647056102,0.0811540004238993,14,Simulation,Sports,0.2307729458349651,0.2659033523570756,30,0.0,0.0,0.2666666666666666,0.6431051811293549,1,0.8057834781245949,120,0.31666666666666665,0.30604162457062034,0.5036254334187432,3
238,1107,Experience 1107,Social,0.7428970964662264,0.8045676070342606,0.8160785123357384,0.9076048913904824,23,Simulation,Sports,0.2307729458349651,0.2659033523570756,30,0.0,0.0,0.1166666666666666,0.4146944334992268,0,0.7696030220744883,139,0.30935251798561153,0.3009171537099802,0.4620970744517399,4
238,1023,Experience 1023,Strategy,0.934275144868182,0.4241492862896971,0.2179097364670654,0.7914514878076223,48,Simulation,Sports,0.2307729458349651,0.2659033523570756,30,0.0,0.0,0.3,0.9871367906321002,0,0.7133532953682048,110,0.2818181818181818,0.2757371341529757,0.4551174219990886,5
239,1119,Experience 1119,Action,0.8086136050725224,0.7572883677081093,0.5086964614589882,0.1619415702496311,9,Strategy,Adventure,0.2549509252526653,0.6381562190199903,40,0.0,0.0,0.5166666666666667,0.7462544637936771,0,0.7524696224851604,115,0.30434782608695654,0.29515427733249516,0.4165598899568877,1
239,1110,Experience 1110,Creative,0.8487034770737338,0.6513439158584452,0.7080979103356375,0.2741343936886083,18,Strategy,Adventure,0.2549509252526653,0.6381562190199903,40,0.0,0.0,0.3666666666666666,0.5468530149170278,0,0.8975540166286541,109,0.28440366972477066,0.2778746313169523,0.4073108217778644,2
239,1115,Experience 1115,Simulation,0.626658707429628,0.7075065986188209,0.5404405149990236,0.2246894745458737,42,Strategy,Adventure,0.2549509252526653,0.6381562190199903,40,0.0,0.0,0.0333333333333333,0.7145104102536417,1,0.9723566395507149,112,0.2767857142857143,0.27155929878702156,0.40722435028229004,3
239,1073,Experience 1073,Adventure,0.687693407311507,0.5642695337399875,0.7523432280065728,0.8351257910807337,50,Strategy,Adventure,0.2549509252526653,0.6381562190199903,40,0.0,1.0,0.1666666666666666,0.5026076972460924,1,0.9068541702051348,132,0.26515151515151514,0.26214360157820293,0.5305460974999017,4
239,1007,Experience 1007,Social,0.6113602755027672,0.3693255620200327,0.760432490906593,0.3138467721116466,56,Strategy,Adventure,0.2549509252526653,0.6381562190199903,40,0.0,0.0,0.2666666666666666,0.4945184343460722,0,0.8123270373415913,112,0.24107142857142858,0.24125626848399126,0.4040242897885731,5
240,1002,Experience 1002,Social,0.5654662227449457,0.1419781043952984,0.4876512775379703,0.1763555764178013,30,Puzzle,Strategy,0.5951466584505001,0.2835675197672453,50,0.0,0.0,0.3333333333333333,0.8925046190874703,0,0.7719764260281019,125,0.312,0.30238501682680585,0.4084906619926762,1
240,1107,Experience 1107,Social,0.7428970964662264,0.8045676070342606,0.8160785123357384,0.9076048913904824,23,Puzzle,Strategy,0.5951466584505001,0.2835675197672453,50,0.0,0.0,0.45,0.7790681461147617,0,0.7040392004077365,139,0.30935251798561153,0.3009171537099802,0.47440756782422827,2
240,1088,Experience 1088,Sports,0.931739259022481,0.4207879774878386,0.5549692853271866,0.4100487869149942,11,Puzzle,Strategy,0.5951466584505001,0.2835675197672453,50,0.0,0.0,0.65,0.9598226268766864,0,0.7233196660415661,113,0.3008849557522124,0.292073890525465,0.4482350051420584,3
240,1069,Experience 1069,Puzzle,0.8068156107352968,0.6551858372056814,0.8842124935251735,0.2530347499296835,35,Puzzle,Strategy,0.5951466584505001,0.2835675197672453,50,1.0,0.0,0.25,0.7109341649253266,0,0.989427876303185,121,0.2892561983471074,0.2825945208502613,0.7935176684356052,4
240,1092,Experience 1092,Sports,0.8280410369904486,0.5343815491606264,0.7426691928850321,0.6904019545155015,39,Puzzle,Strategy,0.5951466584505001,0.2835675197672453,50,0.0,0.0,0.1833333333333333,0.852477465565468,0,0.7675364987402549,128,0.2421875,0.2422015367559922,0.4703395844193402,5
241,1088,Experience 1088,Sports,0.931739259022481,0.4207879774878386,0.5549692853271866,0.4100487869149942,11,Adventure,Sports,0.3863663020124731,0.7506494240367746,28,0.0,1.0,0.2833333333333333,0.8313970166852864,1,0.8382660167325237,113,0.3008849557522124,0.292073890525465,0.6806511206440156,1
241,1074,Experience 1074,Social,0.7411737446379107,0.1336446501121093,0.5667526591354218,0.2130749343990023,32,Adventure,Sports,0.3863663020124731,0.7506494240367746,28,0.0,0.0,0.0666666666666666,0.8196136428770513,1,0.9871109657532053,149,0.2953020134228188,0.28902856473305827,0.5230876678815785,2
241,1078,Experience 1078,Simulation,0.9139745006021852,0.4875947260651535,0.1081242288365573,0.0386443098268846,51,Adventure,Sports,0.3863663020124731,0.7506494240367746,28,0.0,0.0,0.3833333333333333,0.7217579268240842,0,0.885944406485013,97,0.23711340206185566,0.23799852512723801,0.45220028726308104,3
241,1031,Experience 1031,Adventure,0.6267069522672452,0.6020379288394027,0.9395582128996094,0.5521627033044271,46,Adventure,Sports,0.3863663020124731,0.7506494240367746,28,1.0,0.0,0.3,0.4468080891128636,1,0.7054319067771425,113,0.23008849557522124,0.2319235145856154,0.743154475135205,4
241,1086,Experience 1086,Action,0.6307900998772656,0.1325899003231649,0.3014212434741936,0.1888364204756389,42,Adventure,Sports,0.3863663020124731,0.7506494240367746,28,0.0,0.0,0.2333333333333333,0.9150549414617206,0,0.8017035084563204,127,0.2283464566929134,0.2302437240808629,0.4191080458547785,5
242,1043,Experience 1043,Creative,0.8838983032607785,0.7641225701636372,0.5942808569171103,0.6062993981927156,47,Strategy,Puzzle,0.1936333828344657,0.6125155834180763,17,0.0,0.0,0.5,0.5993525259173554,0,0.8131480124288596,110,0.35454545454545455,0.3372755956914373,0.42518152929483294,1
242,1061,Experience 1061,Social,0.9515114053456256,0.4883887845440612,0.3838014404080356,0.6777086144544695,56,Strategy,Puzzle,0.1936333828344657,0.6125155834180763,17,0.0,0.0,0.65,0.8098319424264301,0,0.8491996318049692,113,0.3274336283185841,0.3146302815029086,0.5031310217185425,2
242,1058,Experience 1058,Social,0.5666390936836835,0.5294440043668863,0.4156619036213059,0.2647117106195373,52,Strategy,Puzzle,0.1936333828344657,0.6125155834180763,17,0.0,0.0,0.5833333333333334,0.7779714792131598,0,0.9298018395816979,100,0.32,0.30704856199905706,0.41533620171966634,3
242,1115,Experience 1115,Simulation,0.626658707429628,0.7075065986188209,0.5404405149990236,0.2246894745458737,42,Strategy,Puzzle,0.1936333828344657,0.6125155834180763,17,0.0,0.0,0.4166666666666667,0.6531928678354422,0,0.8769031914771646,112,0.2767857142857143,0.27155929878702156,0.3661970784757592,4
242,1098,Experience 1098,Social,0.534058177188557,0.4459803600128759,0.2707495249900757,0.7298152463028666,35,Strategy,Puzzle,0.1936333828344657,0.6125155834180763,17,0.0,0.0,0.3,0.92288385784439,0,0.7246616877954226,130,0.26153846153846155,0.25897218293257895,0.4412647407220284,5
243,1013,Experience 1013,Sports,0.8486275995976889,0.743877614526904,0.1274827038621261,0.2359972626205526,20,Action,Social,0.8072104377166007,0.4963524120837911,18,0.0,0.0,0.0333333333333333,0.3202722661455254,0,0.759368135467104,116,0.3017241379310345,0.29298402529328565,0.45086400722475567,1
243,1014,Experience 1014,Social,0.7084360738896248,0.6919622480914536,0.5066406143622445,0.7631554898199004,35,Action,Social,0.8072104377166007,0.4963524120837911,18,0.0,1.0,0.2833333333333333,0.6994301766456438,0,0.719683304813979,117,0.29914529914529914,0.29084545576559745,0.6763343299606177,2
243,1069,Experience 1069,Puzzle,0.8068156107352968,0.6551858372056814,0.8842124935251735,0.2530347499296835,35,Action,Social,0.8072104377166007,0.4963524120837911,18,0.0,0.0,0.2833333333333333,0.9229979441914272,0,0.9939152168820641,121,0.2892561983471074,0.2825945208502613,0.5342155846819423,3
243,1070,Experience 1070,Sports,0.9021629239090754,0.4240213755135868,0.7602726894428304,0.7757910864370905,50,Action,Social,0.8072104377166007,0.4963524120837911,18,0.0,0.0,0.5333333333333333,0.9530622517262296,1,0.9582989853817387,111,0.2882882882882883,0.28126585831974693,0.5232937272399513,4
243,1090,Experience 1090,Puzzle,0.5586098880458512,0.4251872277402517,0.5338484342208252,0.861814417816014,19,Action,Social,0.8072104377166007,0.4963524120837911,18,0.0,0.0,0.0166666666666666,0.7266379965042244,0,0.7337636062965713,121,0.2727272727272727,0.26841012368714073,0.4237707774832188,5
244,1058,Experience 1058,Social,0.5666390936836835,0.5294440043668863,0.4156619036213059,0.2647117106195373,52,Creative,Social,0.4261465443423204,0.6450515392506954,12,0.0,1.0,0.6666666666666666,0.9895153592789854,0,0.7008485070370183,100,0.32,0.30704856199905706,0.6436256094975076,1
244,1009,Experience 1009,Action,0.7987178764315418,0.3460501829476273,0.2238314684756084,0.130890330850495,53,Creative,Social,0.4261465443423204,0.6450515392506954,12,0.0,0.0,0.6833333333333333,0.797684924133288,0,0.7611533741006029,104,0.28846153846153844,0.28101473741844224,0.4128730349492268,2
244,1064,Experience 1064,Puzzle,0.6204758892789963,0.4435351922580418,0.6632419642315316,0.276207363456566,49,Creative,Social,0.4261465443423204,0.6450515392506954,12,0.0,0.0,0.6166666666666667,0.7629045801107889,0,0.7065747586737929,94,0.2765957446808511,0.27057743368321796,0.39853035511449064,3
244,1046,Experience 1046,Puzzle,0.9358581895296346,0.2937905951089806,0.3646871905132503,0.5570017818814502,30,Creative,Social,0.4261465443423204,0.6450515392506954,12,0.0,0.0,0.3,0.9385406461709298,0,0.9632312868134135,124,0.2661290322580645,0.26281824611032534,0.5119247900660082,4
244,1099,Experience 1099,Adventure,0.8332801744008336,0.4077151465805127,0.8307594812615263,0.7545731382181347,49,Creative,Social,0.4261465443423204,0.6450515392506954,12,0.0,0.0,0.6166666666666667,0.5953870630807941,0,0.752738618286314,119,0.2605042016806723,0.25788365064666796,0.39854063871620793,5
245,1039,Experience 1039,Social,0.8194814495513689,0.2752805682140255,0.2419454802582048,0.889899007072331,47,Social,Simulation,0.3812062932961045,0.4344013978016682,52,1.0,0.0,0.0833333333333333,0.8607391869621003,1,0.8705734696833278,110,0.2636363636363636,0.2603525187683603,0.8289328762767523,1
245,1092,Experience 1092,Sports,0.8280410369904486,0.5343815491606264,0.7426691928850321,0.6904019545155015,39,Social,Simulation,0.3812062932961045,0.4344013978016682,52,0.0,0.0,0.2166666666666666,0.6385371004110725,1,0.734898000816322,128,0.2421875,0.2422015367559922,0.43887852129146815,2
245,1007,Experience 1007,Social,0.6113602755027672,0.3693255620200327,0.760432490906593,0.3138467721116466,56,Social,Simulation,0.3812062932961045,0.4344013978016682,52,1.0,0.0,0.0666666666666666,0.6207738023895115,0,0.9895726531051462,112,0.24107142857142858,0.24125626848399126,0.7934618836213642,3
245,1020,Experience 1020,Simulation,0.8220634578382588,0.5054615596538111,0.3982077558970217,0.6135164847298321,13,Social,Simulation,0.3812062932961045,0.4344013978016682,52,0.0,1.0,0.65,0.9829985373990828,0,0.923787545877575,129,0.21705426356589147,0.22044179489856944,0.5730657439012232,4
245,1118,Experience 1118,Adventure,0.6594774101626886,0.3565880675711896,0.5086937555214479,0.0351168111096665,58,Social,Simulation,0.3812062932961045,0.4344013978016682,52,0.0,0.0,0.1,0.8725125377746565,0,0.71077771490889,109,0.21100917431192662,0.21585912744098332,0.40432625407914047,5
246,1109,Experience 1109,Social,0.5415451963988065,0.6320276759129257,0.4602651355822746,0.2660308726216652,48,Creative,Strategy,0.5336397957199989,0.7322561617607396,11,0.0,0.0,0.6166666666666667,0.9266253398622756,1,0.8699407474729421,125,0.312,0.30238501682680585,0.43051079062946557,1
246,1074,Experience 1074,Social,0.7411737446379107,0.1336446501121093,0.5667526591354218,0.2130749343990023,32,Creative,Strategy,0.5336397957199989,0.7322561617607396,11,0.0,0.0,0.35,0.966887136584577,0,0.7080392223492308,149,0.2953020134228188,0.28902856473305827,0.47962825332370734,2
246,1090,Experience 1090,Puzzle,0.5586098880458512,0.4251872277402517,0.5338484342208252,0.861814417816014,19,Creative,Strategy,0.5336397957199989,0.7322561617607396,11,0.0,0.0,0.1333333333333333,0.9997913614991736,0,0.9669886205433005,121,0.2727272727272727,0.26841012368714073,0.4136573243420329,3
246,1046,Experience 1046,Puzzle,0.9358581895296346,0.2937905951089806,0.3646871905132503,0.5570017818814502,30,Creative,Strategy,0.5336397957199989,0.7322561617607396,11,0.0,0.0,0.3166666666666666,0.8310473947932515,0,0.7829088316168873,124,0.2661290322580645,0.26281824611032534,0.44912527273934355,4
246,1039,Experience 1039,Social,0.8194814495513689,0.2752805682140255,0.2419454802582048,0.889899007072331,47,Creative,Strategy,0.5336397957199989,0.7322561617607396,11,0.0,0.0,0.6,0.708305684538206,0,0.8836064789014976,110,0.2636363636363636,0.2603525187683603,0.42192769556566256,5
247,1058,Experience 1058,Social,0.5666390936836835,0.5294440043668863,0.4156619036213059,0.2647117106195373,52,Simulation,Sports,0.1646235120512135,0.3402484010966263,32,0.0,0.0,0.3333333333333333,0.7489616084299077,0,0.9040083161010983,100,0.32,0.30704856199905706,0.4356927190203936,1
247,1044,Experience 1044,Action,0.8578996664042653,0.7405382156713768,0.540545681694017,0.9388053542070384,40,Simulation,Sports,0.1646235120512135,0.3402484010966263,32,0.0,0.0,0.1333333333333333,0.6240778303571966,0,0.7760206435977217,112,0.2857142857142857,0.27913505636277913,0.4523428743076991,2
247,1023,Experience 1023,Strategy,0.934275144868182,0.4241492862896971,0.2179097364670654,0.7914514878076223,48,Simulation,Sports,0.1646235120512135,0.3402484010966263,32,0.0,0.0,0.2666666666666666,0.9467137755841482,0,0.9691139861074306,110,0.2818181818181818,0.2757371341529757,0.4573932705151442,3
247,1032,Experience 1032,Action,0.9183909657409184,0.1782087510115781,0.2798409650960937,0.836613041032693,59,Simulation,Sports,0.1646235120512135,0.3402484010966263,32,0.0,0.0,0.45,0.8847825469551198,0,0.9059000080839072,120,0.275,0.27032733885633464,0.43235596443293567,4
247,1085,Experience 1085,Social,0.715133524882573,0.3923165755464828,0.681782684374937,0.3715432084063615,41,Simulation,Sports,0.1646235120512135,0.3402484010966263,32,0.0,0.0,0.15,0.4828408276762765,1,0.7310631102943965,117,0.24786324786324787,0.24704983532764122,0.44238767547616353,5
248,1052,Experience 1052,Creative,0.6879474895864814,0.8150878066775633,0.5427584275418881,0.4028796085076296,43,Action,Simulation,0.3084980073261699,0.3726111119805251,29,0.0,0.0,0.2333333333333333,0.7657395797842819,1,0.83770332666415,129,0.3178294573643411,0.30769011704622046,0.4256112565751822,1
248,1069,Experience 1069,Puzzle,0.8068156107352968,0.6551858372056814,0.8842124935251735,0.2530347499296835,35,Action,Simulation,0.3084980073261699,0.3726111119805251,29,0.0,0.0,0.1,0.4242855138009964,0,0.8450217753710725,121,0.2892561983471074,0.2825945208502613,0.4193108360437122,2
248,1032,Experience 1032,Action,0.9183909657409184,0.1782087510115781,0.2798409650960937,0.836613041032693,59,Action,Simulation,0.3084980073261699,0.3726111119805251,29,1.0,0.0,0.5,0.9713429577699236,0,0.7836608242056045,120,0.275,0.27032733885633464,0.787799097945385,3
248,1108,Experience 1108,Puzzle,0.8425576923542274,0.4822507608830354,0.666849920378606,0.8027206052883656,21,Action,Simulation,0.3084980073261699,0.3726111119805251,29,0.0,0.0,0.1333333333333333,0.6416480869475638,0,0.8540664115447532,92,0.2717391304347826,0.2664806021418468,0.43230611672456193,4
248,1091,Experience 1091,Sports,0.6742348817628386,0.2717222536331008,0.7498162980972818,0.6422524185679935,12,Action,Simulation,0.3084980073261699,0.3726111119805251,29,0.0,0.0,0.2833333333333333,0.558681709228888,1,0.8598028116836199,105,0.2571428571428571,0.25476661951909474,0.3605361044524279,5
249,1061,Experience 1061,Social,0.9515114053456256,0.4883887845440612,0.3838014404080356,0.6777086144544695,56,Creative,Action,0.3994034605968367,0.3050437232681275,11,0.0,0.0,0.75,0.9843979798111988,0,0.7393430850776479,113,0.3274336283185841,0.3146302815029086,0.4951888534071397,1
249,1058,Experience 1058,Social,0.5666390936836835,0.5294440043668863,0.4156619036213059,0.2647117106195373,52,Creative,Action,0.3994034605968367,0.3050437232681275,11,0.0,0.0,0.6833333333333333,0.9837415569755308,0,0.9482868181377958,100,0.32,0.30704856199905706,0.41296649698906557,2
249,1100,Experience 1100,Sports,0.8539423752816214,0.5771516782683807,0.6603015579098336,0.097787997445443,39,Creative,Action,0.3994034605968367,0.3050437232681275,11,0.0,0.0,0.4666666666666667,0.7391019026870032,0,0.7639183789406757,107,0.3177570093457944,0.3058726570069831,0.4291146661186317,3
249,1039,Experience 1039,Social,0.8194814495513689,0.2752805682140255,0.2419454802582048,0.889899007072331,47,Creative,Action,0.3994034605968367,0.3050437232681275,11,0.0,0.0,0.6,0.8425420196613681,0,0.7570409146660539,110,0.2636363636363636,0.2603525187683603,0.4268223366208169,4
249,1085,Experience 1085,Social,0.715133524882573,0.3923165755464828,0.681782684374937,0.3715432084063615,41,Creative,Action,0.3994034605968367,0.3050437232681275,11,0.0,0.0,0.5,0.7176207762218996,0,0.896240178846652,117,0.24786324786324787,0.24704983532764122,0.4195718852546945,5
250,1043,Experience 1043,Creative,0.8838983032607785,0.7641225701636372,0.5942808569171103,0.6062993981927156,47,Action,Adventure,0.7265922530524958,0.7016357240989228,17,0.0,0.0,0.5,0.8676886038646145,0,0.8439788161954438,110,0.35454545454545455,0.3372755956914373,0.4730515909016698,1
250,1000,Experience 1000,Action,0.9096695293967186,0.6516437731703687,0.6290364009047581,0.2407530712142694,49,Action,Adventure,0.7265922530524958,0.7016357240989228,17,1.0,0.0,0.5333333333333333,0.9024441478522623,1,0.8194718014697839,124,0.3225806451612903,0.31142935722143644,0.8181822291576114,2
250,1102,Experience 1102,Sports,0.9402838286695968,0.4125021221616953,0.1907643304361418,0.200562471321554,40,Action,Adventure,0.7265922530524958,0.7016357240989228,17,0.0,0.0,0.3833333333333333,0.4641720773836461,0,0.9996810513818499,117,0.3076923076923077,0.29814472583859014,0.40944226797663597,3
250,1014,Experience 1014,Social,0.7084360738896248,0.6919622480914536,0.5066406143622445,0.7631554898199004,35,Action,Adventure,0.7265922530524958,0.7016357240989228,17,0.0,0.0,0.3,0.7800483613097488,0,0.9144773194054173,117,0.29914529914529914,0.29084545576559745,0.4890742940813909,4
250,1069,Experience 1069,Puzzle,0.8068156107352968,0.6551858372056814,0.8842124935251735,0.2530347499296835,35,Action,Adventure,0.7265922530524958,0.7016357240989228,17,0.0,0.0,0.3,0.8423797595273222,0,0.7052358767542332,121,0.2892561983471074,0.2825945208502613,0.4826931018106602,5
251,1067,Experience 1067,Creative,0.788764048918011,0.4580972487220676,0.5921026845821029,0.4299570499000478,43,Social,Action,0.5587640095187036,0.9034877177110798,21,0.0,0.0,0.3666666666666666,0.9666613249366008,0,0.7282993837546695,119,0.31092436974789917,0.30104911827256725,0.45884740505779287,1
251,1014,Experience 1014,Social,0.7084360738896248,0.6919622480914536,0.5066406143622445,0.7631554898199004,35,Social,Action,0.5587640095187036,0.9034877177110798,21,1.0,0.0,0.2333333333333333,0.9478766048435407,1,0.8024452663865991,117,0.29914529914529914,0.29084545576559745,0.8442103842910423,2
251,1070,Experience 1070,Sports,0.9021629239090754,0.4240213755135868,0.7602726894428304,0.7757910864370905,50,Social,Action,0.5587640095187036,0.9034877177110798,21,0.0,0.0,0.4833333333333333,0.7984913200758732,0,0.701633616874226,111,0.2882882882882883,0.28126585831974693,0.4666143968374251,3
251,1044,Experience 1044,Action,0.8578996664042653,0.7405382156713768,0.540545681694017,0.9388053542070384,40,Social,Action,0.5587640095187036,0.9034877177110798,21,0.0,1.0,0.3166666666666666,0.9817816721753132,0,0.9139000882017568,112,0.2857142857142857,0.27913505636277913,0.6640161095076587,4
251,1108,Experience 1108,Puzzle,0.8425576923542274,0.4822507608830354,0.666849920378606,0.8027206052883656,21,Social,Action,0.5587640095187036,0.9034877177110798,21,0.0,0.0,0.0,0.8919140891400976,0,0.8689436872322361,92,0.2717391304347826,0.2664806021418468,0.5023747398070658,5
252,1061,Experience 1061,Social,0.9515114053456256,0.4883887845440612,0.3838014404080356,0.6777086144544695,56,Social,Sports,0.330090995875086,0.428882528853896,25,1.0,0.0,0.5166666666666667,0.9462895554670504,0,0.9154529646034681,113,0.3274336283185841,0.3146302815029086,0.8603107436775919,1
252,1078,Experience 1078,Simulation,0.9139745006021852,0.4875947260651535,0.1081242288365573,0.0386443098268846,51,Social,Sports,0.330090995875086,0.428882528853896,25,0.0,0.0,0.4333333333333333,0.7780332329614713,0,0.7803916331862142,97,0.23711340206185566,0.23799852512723801,0.4441598879374586,2
252,1027,Experience 1027,Sports,0.8258355726034926,0.7779980359761599,0.5071112833110228,0.4772006332829246,49,Social,Sports,0.330090995875086,0.428882528853896,25,0.0,1.0,0.4,0.8229797125640632,0,0.9080723929822003,111,0.23423423423423423,0.23546433160218966,0.6618648224768415,3
252,1040,Experience 1040,Adventure,0.8007594991172722,0.3266907558049443,0.1528993913771743,0.3143479426299048,10,Social,Sports,0.330090995875086,0.428882528853896,25,0.0,0.0,0.25,0.8228083955020883,0,0.9131911959722662,109,0.2018348623853211,0.20810718945648718,0.41739807220154374,4
252,1010,Experience 1010,Simulation,0.8201589080775701,0.1741976609077686,0.1927429310808082,0.4388217018019487,21,Social,Sports,0.330090995875086,0.428882528853896,25,0.0,0.0,0.0666666666666666,0.8626519352057223,0,0.8753531336047602,122,0.19672131147540983,0.20313962985835807,0.4426582319391333,5
253,1043,Experience 1043,Creative,0.8838983032607785,0.7641225701636372,0.5942808569171103,0.6062993981927156,47,Puzzle,Simulation,0.6655924625073338,0.6745135540781678,52,0.0,0.0,0.0833333333333333,0.9286883944097764,0,0.7428172171637496,110,0.35454545454545455,0.3372755956914373,0.5131955931357505,1
253,1052,Experience 1052,Creative,0.6879474895864814,0.8150878066775633,0.5427584275418881,0.4028796085076296,43,Puzzle,Simulation,0.6655924625073338,0.6745135540781678,52,0.0,0.0,0.15,0.8771659650345542,0,0.7079594061380016,129,0.3178294573643411,0.30769011704622046,0.4506084334622951,2
253,1067,Experience 1067,Creative,0.788764048918011,0.4580972487220676,0.5921026845821029,0.4299570499000478,43,Puzzle,Simulation,0.6655924625073338,0.6745135540781678,52,0.0,0.0,0.15,0.9265102220747692,0,0.9322845429265223,119,0.31092436974789917,0.30104911827256725,0.4592578023649188,3
253,1014,Experience 1014,Social,0.7084360738896248,0.6919622480914536,0.5066406143622445,0.7631554898199004,35,Puzzle,Simulation,0.6655924625073338,0.6745135540781678,52,0.0,0.0,0.2833333333333333,0.8410481518549107,0,0.9921842681819777,117,0.29914529914529914,0.29084545576559745,0.48708166325007024,4
253,1074,Experience 1074,Social,0.7411737446379107,0.1336446501121093,0.5667526591354218,0.2130749343990023,32,Puzzle,Simulation,0.6655924625073338,0.6745135540781678,52,0.0,0.0,0.3333333333333333,0.901160196628088,0,0.9887232596791643,149,0.2953020134228188,0.28902856473305827,0.4659632266511746,5
254,1000,Experience 1000,Action,0.9096695293967186,0.6516437731703687,0.6290364009047581,0.2407530712142694,49,Simulation,Sports,0.5340794784546238,0.4043754920883517,48,0.0,0.0,0.0166666666666666,0.9050430775498656,1,0.9319290412956419,124,0.3225806451612903,0.31142935722143644,0.5393413839148942,1
254,1008,Experience 1008,Adventure,0.8415828324170402,0.3364498304651394,0.599089106012921,0.2728043301458357,40,Simulation,Sports,0.5340794784546238,0.4043754920883517,48,0.0,0.0,0.1333333333333333,0.9349903724417028,0,0.7434821826556172,117,0.27350427350427353,0.2689476455466193,0.4719680964619694,2
254,1090,Experience 1090,Puzzle,0.5586098880458512,0.4251872277402517,0.5338484342208252,0.861814417816014,19,Simulation,Sports,0.5340794784546238,0.4043754920883517,48,0.0,0.0,0.4833333333333333,0.9997689557662014,1,0.7146508890910465,121,0.2727272727272727,0.26841012368714073,0.392629701081997,3
254,1005,Experience 1005,Sports,0.725440926488475,0.5102685875213342,0.2459903544501388,0.2409271164143122,19,Simulation,Sports,0.5340794784546238,0.4043754920883517,48,0.0,1.0,0.4833333333333333,0.7119108759955151,0,0.7760486770849657,114,0.2543859649122807,0.25258080179020037,0.5677410599267986,4
254,1096,Experience 1096,Adventure,0.7903170826018652,0.4751627362769494,0.5362341337297925,0.9233469677258124,13,Simulation,Sports,0.5340794784546238,0.4043754920883517,48,0.0,0.0,0.5833333333333334,0.9978453447248312,1,0.997689215976384,123,0.25203252032520324,0.25067012195725064,0.4187438601915399,5
255,1000,Experience 1000,Action,0.9096695293967186,0.6516437731703687,0.6290364009047581,0.2407530712142694,49,Action,Adventure,0.6724903213124096,0.5394485195491708,38,1.0,0.0,0.1833333333333333,0.9565460795923484,0,0.8721569379686622,124,0.3225806451612903,0.31142935722143644,0.8462223887535167,1
255,1067,Experience 1067,Creative,0.788764048918011,0.4580972487220676,0.5921026845821029,0.4299570499000478,43,Action,Adventure,0.6724903213124096,0.5394485195491708,38,0.0,0.0,0.0833333333333333,0.9196123632696932,0,0.9150727930568777,119,0.31092436974789917,0.30104911827256725,0.483354514255431,2
255,1006,Experience 1006,Action,0.8770181756508404,0.5275353377269014,0.8047332447846338,0.7517807092307816,28,Action,Adventure,0.6724903213124096,0.5394485195491708,38,1.0,0.0,0.1666666666666666,0.8677570765277758,0,0.7382014177489115,103,0.27184466019417475,0.26703924747875485,0.8272332590741156,3
255,1108,Experience 1108,Puzzle,0.8425576923542274,0.4822507608830354,0.666849920378606,0.8027206052883656,21,Action,Adventure,0.6724903213124096,0.5394485195491708,38,0.0,0.0,0.2833333333333333,0.9943595990661964,1,0.9353667051741142,92,0.2717391304347826,0.2664806021418468,0.49358579855792584,4
255,1011,Experience 1011,Strategy,0.8438936347604792,0.3089791482471649,0.5527453913687409,0.302964628837302,52,Action,Adventure,0.6724903213124096,0.5394485195491708,38,0.0,0.0,0.2333333333333333,0.8802550700563313,1,0.7041447725186952,123,0.2682926829268293,0.26465613594326465,0.4421516444855422,5
256,1000,Experience 1000,Action,0.9096695293967186,0.6516437731703687,0.6290364009047581,0.2407530712142694,49,Action,Simulation,0.8161760737757214,0.5635158578831865,24,1.0,0.0,0.4166666666666667,0.8128603271290367,0,0.8809316340288955,124,0.3225806451612903,0.31142935722143644,0.808455193486665,1
256,1088,Experience 1088,Sports,0.931739259022481,0.4207879774878386,0.5549692853271866,0.4100487869149942,11,Action,Simulation,0.8161760737757214,0.5635158578831865,24,0.0,0.0,0.2166666666666666,0.7387932115514652,0,0.8272324801605909,113,0.3008849557522124,0.292073890525465,0.46645450628588603,2
256,1044,Experience 1044,Action,0.8578996664042653,0.7405382156713768,0.540545681694017,0.9388053542070384,40,Action,Simulation,0.8161760737757214,0.5635158578831865,24,1.0,0.0,0.2666666666666666,0.7243696079182955,0,0.8729883491818927,112,0.2857142857142857,0.27913505636277913,0.7962564804468806,3
256,1064,Experience 1064,Puzzle,0.6204758892789963,0.4435351922580418,0.6632419642315316,0.276207363456566,49,Action,Simulation,0.8161760737757214,0.5635158578831865,24,0.0,0.0,0.4166666666666667,0.8470658904558102,0,0.8710839853113791,94,0.2765957446808511,0.27057743368321796,0.3906451140099985,4
256,1060,Experience 1060,Strategy,0.8620933017122632,0.1051567799118504,0.3772606570904063,0.1400554046894906,58,Action,Simulation,0.8161760737757214,0.5635158578831865,24,0.0,0.0,0.5666666666666667,0.5610845833146849,0,0.8150471405586855,102,0.27450980392156865,0.2692280937695643,0.3267954084047228,5
257,1043,Experience 1043,Creative,0.8838983032607785,0.7641225701636372,0.5942808569171103,0.6062993981927156,47,Action,Sports,0.7151467898412124,0.3530030365997178,25,0.0,0.0,0.3666666666666666,0.8791340670758979,0,0.7940567843253855,110,0.35454545454545455,0.3372755956914373,0.512787956599759,1
257,1107,Experience 1107,Social,0.7428970964662264,0.8045676070342606,0.8160785123357384,0.9076048913904824,23,Action,Sports,0.7151467898412124,0.3530030365997178,25,0.0,0.0,0.0333333333333333,0.899068277505474,0,0.9055781636218941,139,0.30935251798561153,0.3009171537099802,0.5864413172199742,2
257,1044,Experience 1044,Action,0.8578996664042653,0.7405382156713768,0.540545681694017,0.9388053542070384,40,Action,Sports,0.7151467898412124,0.3530030365997178,25,1.0,0.0,0.25,0.8253988918528046,1,0.9636430918791817,112,0.2857142857142857,0.27913505636277913,0.8300804081083332,3
257,1050,Experience 1050,Sports,0.6444432625143321,0.2032573812502654,0.7840857883345029,0.0579453445381299,24,Action,Sports,0.7151467898412124,0.3530030365997178,25,0.0,1.0,0.0166666666666666,0.9310610015067096,0,0.9490940739651332,107,0.27102803738317754,0.2665025782668255,0.6502895477736413,4
257,1024,Experience 1024,Sports,0.7120515552427965,0.5535760301547662,0.4935230317114728,0.4609313910731102,39,Action,Sports,0.7151467898412124,0.3530030365997178,25,0.0,1.0,0.2333333333333333,0.7783762418702604,0,0.7261282492067545,138,0.2608695652173913,0.25851789518915724,0.633267430494528,5
258,1109,Experience 1109,Social,0.5415451963988065,0.6320276759129257,0.4602651355822746,0.2660308726216652,48,Social,Action,0.879241143656798,0.5131923085675016,39,1.0,0.0,0.15,0.5810239919254767,1,0.9183102489895071,125,0.312,0.30238501682680585,0.775869573104496,1
258,1067,Experience 1067,Creative,0.788764048918011,0.4580972487220676,0.5921026845821029,0.4299570499000478,43,Social,Action,0.879241143656798,0.5131923085675016,39,0.0,0.0,0.0666666666666666,0.712861540925305,0,0.9758293504689161,119,0.31092436974789917,0.30104911827256725,0.4307803280161138,2
258,1106,Experience 1106,Sports,0.8146785788760947,0.3647619692710552,0.6750256601127794,0.7960604476258709,49,Social,Action,0.879241143656798,0.5131923085675016,39,0.0,0.0,0.1666666666666666,0.7957845164559815,0,0.7976674812596497,128,0.28125,0.275985320539776,0.45368531474385304,3
258,1006,Experience 1006,Action,0.8770181756508404,0.5275353377269014,0.8047332447846338,0.7517807092307816,28,Social,Action,0.879241143656798,0.5131923085675016,39,0.0,1.0,0.1833333333333333,0.925492101127836,1,0.7843565491540392,103,0.27184466019417475,0.26703924747875485,0.6526699113131751,4
258,1046,Experience 1046,Puzzle,0.9358581895296346,0.2937905951089806,0.3646871905132503,0.5570017818814502,30,Social,Action,0.879241143656798,0.5131923085675016,39,0.0,0.0,0.15,0.4854460468564523,0,0.8305122001060516,124,0.2661290322580645,0.26281824611032534,0.40300624696535614,5
259,1069,Experience 1069,Puzzle,0.8068156107352968,0.6551858372056814,0.8842124935251735,0.2530347499296835,35,Sports,Strategy,0.0690062268536944,0.0608436248312828,48,0.0,0.0,0.2166666666666666,0.184793733328521,0,0.8433826592419964,121,0.2892561983471074,0.2825945208502613,0.3583614499863777,1
259,1110,Experience 1110,Creative,0.8487034770737338,0.6513439158584452,0.7080979103356375,0.2741343936886083,18,Sports,Strategy,0.0690062268536944,0.0608436248312828,48,0.0,0.0,0.5,0.360908316518057,0,0.8414623557596582,109,0.28440366972477066,0.2778746313169523,0.3518479194948207,2
259,1108,Experience 1108,Puzzle,0.8425576923542274,0.4822507608830354,0.666849920378606,0.8027206052883656,21,Sports,Strategy,0.0690062268536944,0.0608436248312828,48,0.0,0.0,0.45,0.4021563064750885,0,0.7800721432070755,92,0.2717391304347826,0.2664806021418468,0.3512242420642122,3
259,1073,Experience 1073,Adventure,0.687693407311507,0.5642695337399875,0.7523432280065728,0.8351257910807337,50,Sports,Strategy,0.0690062268536944,0.0608436248312828,48,0.0,0.0,0.0333333333333333,0.3166629988471217,0,0.860077602567654,132,0.26515151515151514,0.26214360157820293,0.33423408192321225,4
259,1017,Experience 1017,Adventure,0.8986224157650411,0.4138920991005588,0.5580723954683906,0.6429984233408326,53,Sports,Strategy,0.0690062268536944,0.0608436248312828,48,0.0,0.0,0.0833333333333333,0.5109338313853039,0,0.8768181475554473,125,0.256,0.25410915475784035,0.3957557531492019,5
260,1058,Experience 1058,Social,0.5666390936836835,0.5294440043668863,0.4156619036213059,0.2647117106195373,52,Creative,Puzzle,0.3749557178870924,0.8792288207020822,52,0.0,0.0,0.0,0.9592938142657864,0,0.9825502390286164,100,0.32,0.30704856199905706,0.5485110096176948,1
260,1107,Experience 1107,Social,0.7428970964662264,0.8045676070342606,0.8160785123357384,0.9076048913904824,23,Creative,Puzzle,0.3749557178870924,0.8792288207020822,52,0.0,0.0,0.4833333333333333,0.558877205551354,0,0.8612005977446153,139,0.30935251798561153,0.3009171537099802,0.49580605600304556,2
260,1098,Experience 1098,Social,0.534058177188557,0.4459803600128759,0.2707495249900757,0.7298152463028666,35,Creative,Puzzle,0.3749557178870924,0.8792288207020822,52,0.0,0.0,0.2833333333333333,0.8957938071029834,0,0.8865951487036489,130,0.26153846153846155,0.25897218293257895,0.47868089654591,3
260,1017,Experience 1017,Adventure,0.8986224157650411,0.4138920991005588,0.5580723954683906,0.6429984233408326,53,Creative,Puzzle,0.3749557178870924,0.8792288207020822,52,0.0,0.0,0.0166666666666666,0.8168833224187018,0,0.8864166480846127,125,0.256,0.25410915475784035,0.5159187757421568,4
260,1028,Experience 1028,Simulation,0.7474374024719366,0.7598079156453001,0.9057260947827066,0.4943145335346177,16,Creative,Puzzle,0.3749557178870924,0.8792288207020822,52,0.0,0.0,0.6,0.4692296231043857,0,0.8532918650760539,122,0.22950819672131148,0.23130864394286513,0.39427880084331945,5
261,1069,Experience 1069,Puzzle,0.8068156107352968,0.6551858372056814,0.8842124935251735,0.2530347499296835,35,Creative,Social,0.7592044925266476,0.3099214834916943,54,0.0,0.0,0.3166666666666666,0.8749919990014741,0,0.9841898745716461,121,0.2892561983471074,0.2825945208502613,0.5184714770100732,1
261,1009,Experience 1009,Action,0.7987178764315418,0.3460501829476273,0.2238314684756084,0.130890330850495,53,Creative,Social,0.7592044925266476,0.3099214834916943,54,0.0,0.0,0.0166666666666666,0.4646269759489609,0,0.9158179704921996,104,0.28846153846153844,0.28101473741844224,0.4242842536894525,2
261,1006,Experience 1006,Action,0.8770181756508404,0.5275353377269014,0.8047332447846338,0.7517807092307816,28,Creative,Social,0.7592044925266476,0.3099214834916943,54,0.0,0.0,0.4333333333333333,0.9544712477420138,1,0.9273435784787974,103,0.27184466019417475,0.26703924747875485,0.5107025426242731,3
261,1024,Experience 1024,Sports,0.7120515552427965,0.5535760301547662,0.4935230317114728,0.4609313910731102,39,Creative,Social,0.7592044925266476,0.3099214834916943,54,0.0,0.0,0.25,0.7343185391848253,0,0.772932118879658,138,0.2608695652173913,0.25851789518915724,0.4632064299672525,4
261,1091,Experience 1091,Sports,0.6742348817628386,0.2717222536331008,0.7498162980972818,0.6422524185679935,12,Creative,Social,0.7592044925266476,0.3099214834916943,54,0.0,0.0,0.7,0.9906118055706342,0,0.9482473360130449,105,0.2571428571428571,0.25476661951909474,0.43263976779664154,5
262,1084,Experience 1084,Social,0.6722561348379004,0.2863456816441453,0.5362524927433157,0.7470758006298863,26,Action,Sports,0.5328110266947298,0.7171180935545427,54,0.0,0.0,0.4666666666666667,0.996558533951414,0,0.9413046088379486,111,0.35135135135135137,0.3347009728235637,0.5295360645873242,1
262,1052,Experience 1052,Creative,0.6879474895864814,0.8150878066775633,0.5427584275418881,0.4028796085076296,43,Action,Sports,0.5328110266947298,0.7171180935545427,54,0.0,0.0,0.1833333333333333,0.9900525991528416,0,0.9750514278323339,129,0.3178294573643411,0.30769011704622046,0.5418848734955086,2
262,1037,Experience 1037,Sports,0.7994490651436071,0.7023148063737304,0.3263399911584964,0.9948242136208678,35,Action,Sports,0.5328110266947298,0.7171180935545427,54,0.0,1.0,0.3166666666666666,0.7935289644637666,0,0.89505872730703,120,0.30833333333333335,0.29889876742776317,0.679461406401695,3
262,1044,Experience 1044,Action,0.8578996664042653,0.7405382156713768,0.540545681694017,0.9388053542070384,40,Action,Sports,0.5328110266947298,0.7171180935545427,54,1.0,0.0,0.2333333333333333,0.9922653450007128,0,0.7185963450585936,112,0.2857142857142857,0.27913505636277913,0.865145994577354,4
262,1110,Experience 1110,Creative,0.8487034770737338,0.6513439158584452,0.7080979103356375,0.2741343936886083,18,Action,Sports,0.5328110266947298,0.7171180935545427,54,0.0,0.0,0.6,0.8247131163590923,1,0.9230454637941807,109,0.28440366972477066,0.2778746313169523,0.5003053509247111,5
263,1059,Experience 1059,Social,0.7489549716721217,0.4911530499138364,0.6826986067555766,0.9132851837019758,49,Action,Strategy,0.7792252848720757,0.1666298735463137,26,0.0,0.0,0.3833333333333333,0.9034733218835008,0,0.8741324701919033,105,0.34285714285714286,0.32676661951909475,0.48410945653844734,1
263,1088,Experience 1088,Sports,0.931739259022481,0.4207879774878386,0.5549692853271866,0.4100487869149942,11,Action,Strategy,0.7792252848720757,0.1666298735463137,26,0.0,0.0,0.25,0.7757440004551109,0,0.8873643992655307,113,0.3008849557522124,0.292073890525465,0.46113021485287853,2
263,1044,Experience 1044,Action,0.8578996664042653,0.7405382156713768,0.540545681694017,0.9388053542070384,40,Action,Strategy,0.7792252848720757,0.1666298735463137,26,1.0,0.0,0.2333333333333333,0.7613203968219413,1,0.821493500023049,112,0.2857142857142857,0.27913505636277913,0.7973415483476506,3
263,1064,Experience 1064,Puzzle,0.6204758892789963,0.4435351922580418,0.6632419642315316,0.276207363456566,49,Action,Strategy,0.7792252848720757,0.1666298735463137,26,0.0,0.0,0.3833333333333333,0.8840166793594559,0,0.7587517707438681,94,0.2765957446808511,0.27057743368321796,0.39224155406410466,4
263,1099,Experience 1099,Adventure,0.8332801744008336,0.4077151465805127,0.8307594812615263,0.7545731382181347,49,Action,Strategy,0.7792252848720757,0.1666298735463137,26,0.0,0.0,0.3833333333333333,0.9484658036105492,0,0.7999892338546717,119,0.2605042016806723,0.25788365064666796,0.43185375064513776,5
264,1059,Experience 1059,Social,0.7489549716721217,0.4911530499138364,0.6826986067555766,0.9132851837019758,49,Adventure,Action,0.4440207741113665,0.9211027744080204,23,0.0,0.0,0.4333333333333333,0.76132216735579,1,0.8552174202739424,105,0.34285714285714286,0.32676661951909475,0.475019336745025,1
264,1002,Experience 1002,Social,0.5654662227449457,0.1419781043952984,0.4876512775379703,0.1763555764178013,30,Adventure,Action,0.4440207741113665,0.9211027744080204,23,0.0,0.0,0.1166666666666666,0.9563694965733962,0,0.9522040602686098,125,0.312,0.30238501682680585,0.4661075961613633,2
264,1119,Experience 1119,Action,0.8086136050725224,0.7572883677081093,0.5086964614589882,0.1619415702496311,9,Adventure,Action,0.4440207741113665,0.9211027744080204,23,0.0,1.0,0.2333333333333333,0.9353243126523784,0,0.8533875411604229,115,0.30434782608695654,0.29515427733249516,0.655092218947574,3
264,1013,Experience 1013,Sports,0.8486275995976889,0.743877614526904,0.1274827038621261,0.2359972626205526,20,Adventure,Action,0.4440207741113665,0.9211027744080204,23,0.0,0.0,0.05,0.6834619297507597,1,0.9782056004915208,116,0.3017241379310345,0.29298402529328565,0.4777170335414824,4
264,1068,Experience 1068,Action,0.698456042052288,0.2594560290757449,0.3550613668330224,0.4325155932423661,21,Adventure,Action,0.4440207741113665,0.9211027744080204,23,0.0,1.0,0.0333333333333333,0.911040592721656,1,0.9837612476329893,111,0.24324324324324326,0.2430979193884492,0.6028459937268489,5
265,1074,Experience 1074,Social,0.7411737446379107,0.1336446501121093,0.5667526591354218,0.2130749343990023,32,Social,Sports,0.4228872306687573,0.3194153124645484,31,1.0,0.0,0.0166666666666666,0.8561345715333355,1,0.9188765524741391,149,0.2953020134228188,0.28902856473305827,0.8397805051029944,1
265,1032,Experience 1032,Action,0.9183909657409184,0.1782087510115781,0.2798409650960937,0.836613041032693,59,Social,Sports,0.4228872306687573,0.3194153124645484,31,0.0,0.0,0.4666666666666667,0.8569537344273364,0,0.999185776693699,120,0.275,0.27032733885633464,0.43944762420078964,2
265,1008,Experience 1008,Adventure,0.8415828324170402,0.3364498304651394,0.599089106012921,0.2728043301458357,40,Social,Sports,0.4228872306687573,0.3194153124645484,31,0.0,0.0,0.15,0.8237981246558364,0,0.8340316885750918,117,0.27350427350427353,0.2689476455466193,0.45860035495914264,3
265,1036,Experience 1036,Sports,0.9655169972756756,0.2298411882545339,0.2550485289661252,0.8478368672236546,17,Social,Sports,0.4228872306687573,0.3194153124645484,31,0.0,1.0,0.2333333333333333,0.8321612982973678,0,0.7661449058930433,129,0.26356589147286824,0.2607102512744084,0.6516871982376313,4
265,1001,Experience 1001,Sports,0.6452560499996463,0.8044840559110404,0.5776422262968883,0.3608105614175153,41,Social,Sports,0.4228872306687573,0.3194153124645484,31,0.0,1.0,0.1666666666666666,0.845245004371869,1,0.7281500327716387,110,0.2545454545454545,0.25266021107605263,0.6465599070892227,5
266,1058,Experience 1058,Social,0.5666390936836835,0.5294440043668863,0.4156619036213059,0.2647117106195373,52,Action,Social,0.6375702211557664,0.3151664345285936,10,0.0,1.0,0.7,0.7780916824655395,1,0.7973284592608365,100,0.32,0.30704856199905706,0.5988529083478527,1
266,1108,Experience 1108,Puzzle,0.8425576923542274,0.4822507608830354,0.666849920378606,0.8027206052883656,21,Action,Social,0.6375702211557664,0.3151664345285936,10,0.0,0.0,0.1833333333333333,0.9707203007771604,0,0.8802492107024358,92,0.2717391304347826,0.2664806021418468,0.5209001085321415,2
266,1096,Experience 1096,Adventure,0.7903170826018652,0.4751627362769494,0.5362341337297925,0.9233469677258124,13,Action,Social,0.6375702211557664,0.3151664345285936,10,0.0,0.0,0.05,0.898663912574026,0,0.9199593874844655,123,0.25203252032520324,0.25067012195725064,0.47716743149798496,3
266,1021,Experience 1021,Creative,0.6317033375365485,0.227795161908673,0.5969784094803497,0.8897794665398687,40,Action,Social,0.6375702211557664,0.3151664345285936,10,0.0,0.0,0.5,0.9594081883245832,0,0.7653621939067191,117,0.23931623931623933,0.23975056525464852,0.40528524203741784,4
266,1103,Experience 1103,Action,0.6677544964493587,0.4461723957193605,0.794276194278496,0.1853752728024856,59,Action,Social,0.6375702211557664,0.3151664345285936,10,1.0,0.0,0.8166666666666667,0.8432940268772704,0,0.7381504338631137,121,0.23140495867768596,0.23294913077933935,0.7628662529849362,5
267,1053,Experience 1053,Puzzle,0.7426572934279929,0.7514869168546299,0.2904976508730454,0.8341208920021081,34,Sports,Social,0.3462957346228282,0.2929870806339115,28,0.0,0.0,0.1,0.9442019162502172,0,0.9992255421434277,102,0.3431372549019608,0.3266051429498922,0.5028595431337274,1
267,1111,Experience 1111,Sports,0.9428982678236224,0.8155250577848677,0.575778764164542,0.2547283501174674,25,Sports,Social,0.3462957346228282,0.2929870806339115,28,1.0,0.0,0.05,0.7705169704582862,1,0.8924534138217483,139,0.3237410071942446,0.31349577006218143,0.8612351307077595,2
267,1000,Experience 1000,Action,0.9096695293967186,0.6516437731703687,0.6290364009047581,0.2407530712142694,49,Sports,Social,0.3462957346228282,0.2929870806339115,28,0.0,0.0,0.35,0.7172593337180702,0,0.7901834586202348,124,0.3225806451612903,0.31142935722143644,0.4867217733420498,3
267,1100,Experience 1100,Sports,0.8539423752816214,0.5771516782683807,0.6603015579098336,0.097787997445443,39,Sports,Social,0.3462957346228282,0.2929870806339115,28,1.0,0.0,0.1833333333333333,0.6859941767129947,0,0.9155561830598357,107,0.3177570093457944,0.3058726570069831,0.828820991921615,4
267,1002,Experience 1002,Social,0.5654662227449457,0.1419781043952984,0.4876512775379703,0.1763555764178013,30,Sports,Social,0.3462957346228282,0.2929870806339115,28,0.0,1.0,0.0333333333333333,0.8586444570848579,0,0.9784040548458877,125,0.312,0.30238501682680585,0.6449592705617977,5
268,1067,Experience 1067,Creative,0.788764048918011,0.4580972487220676,0.5921026845821029,0.4299570499000478,43,Puzzle,Sports,0.5793591793566846,0.6220625182131355,53,0.0,0.0,0.1666666666666666,0.9872564947745816,1,0.8650343161382302,119,0.31092436974789917,0.30104911827256725,0.5121356905839064,1
268,1107,Experience 1107,Social,0.7428970964662264,0.8045676070342606,0.8160785123357384,0.9076048913904824,23,Puzzle,Sports,0.5793591793566846,0.6220625182131355,53,0.0,0.0,0.5,0.7632806670209462,0,0.8370080305975588,139,0.30935251798561153,0.3009171537099802,0.5199996419613431,2
268,1088,Experience 1088,Sports,0.931739259022481,0.4207879774878386,0.5549692853271866,0.4100487869149942,11,Puzzle,Sports,0.5793591793566846,0.6220625182131355,53,0.0,1.0,0.7,0.975610105970502,1,0.9453096353939375,113,0.3008849557522124,0.292073890525465,0.6648550529959444,3
268,1064,Experience 1064,Puzzle,0.6204758892789963,0.4435351922580418,0.6632419642315316,0.276207363456566,49,Puzzle,Sports,0.5793591793566846,0.6220625182131355,53,1.0,0.0,0.0666666666666666,0.916117215125153,1,0.9366742101722215,94,0.2765957446808511,0.27057743368321796,0.8181123851595146,4
268,1032,Experience 1032,Action,0.9183909657409184,0.1782087510115781,0.2798409650960937,0.836613041032693,59,Puzzle,Sports,0.5793591793566846,0.6220625182131355,53,0.0,0.0,0.1,0.7004817857394091,0,0.9895681777956887,120,0.275,0.27032733885633464,0.467434138493513,5
269,1043,Experience 1043,Creative,0.8838983032607785,0.7641225701636372,0.5942808569171103,0.6062993981927156,47,Action,Sports,0.8038832112434618,0.3482562584236965,33,0.0,0.0,0.2333333333333333,0.7903976456736485,0,0.753925960768658,110,0.35454545454545455,0.3372755956914373,0.5138316258678324,1
269,1084,Experience 1084,Social,0.6722561348379004,0.2863456816441453,0.5362524927433157,0.7470758006298863,26,Action,Sports,0.8038832112434618,0.3482562584236965,33,0.0,0.0,0.1166666666666666,0.7323692814998538,1,0.77191875938107,111,0.35135135135135137,0.3347009728235637,0.4855756239924844,2
269,1059,Experience 1059,Social,0.7489549716721217,0.4911530499138364,0.6826986067555766,0.9132851837019758,49,Action,Sports,0.8038832112434618,0.3482562584236965,33,0.0,0.0,0.2666666666666666,0.8788153955121147,0,0.8322441663995601,105,0.34285714285714286,0.32676661951909475,0.5391770834548713,3
269,1102,Experience 1102,Sports,0.9402838286695968,0.4125021221616953,0.1907643304361418,0.200562471321554,40,Action,Sports,0.8038832112434618,0.3482562584236965,33,0.0,1.0,0.1166666666666666,0.38688111919268,0,0.9168547058660914,117,0.3076923076923077,0.29814472583859014,0.6189309386316187,4
269,1032,Experience 1032,Action,0.9183909657409184,0.1782087510115781,0.2798409650960937,0.836613041032693,59,Action,Sports,0.8038832112434618,0.3482562584236965,33,1.0,0.0,0.4333333333333333,0.4759577538526318,1,0.8487956647363845,120,0.275,0.27032733885633464,0.7579881514724636,5
270,1058,Experience 1058,Social,0.5666390936836835,0.5294440043668863,0.4156619036213059,0.2647117106195373,52,Puzzle,Sports,0.5043957338997924,0.7382814210076418,42,0.0,0.0,0.1666666666666666,0.9112661697215134,0,0.9924363685528748,100,0.32,0.30704856199905706,0.5137638758959865,1
270,1100,Experience 1100,Sports,0.8539423752816214,0.5771516782683807,0.6603015579098336,0.097787997445443,39,Puzzle,Sports,0.5043957338997924,0.7382814210076418,42,0.0,1.0,0.05,0.8440941759899588,1,0.9201683128191038,107,0.3177570093457944,0.3058726570069831,0.7093719709498809,2
270,1014,Experience 1014,Social,0.7084360738896248,0.6919622480914536,0.5066406143622445,0.7631554898199004,35,Puzzle,Sports,0.5043957338997924,0.7382814210076418,42,0.0,0.0,0.1166666666666666,0.997755119537548,0,0.928603425669742,117,0.29914529914529914,0.29084545576559745,0.576887560580439,3
270,1009,Experience 1009,Action,0.7987178764315418,0.3460501829476273,0.2238314684756084,0.130890330850495,53,Puzzle,Sports,0.5043957338997924,0.7382814210076418,42,0.0,0.0,0.1833333333333333,0.719435734575816,0,0.8241040316688849,104,0.28846153846153844,0.28101473741844224,0.45013601041787693,4
270,1032,Experience 1032,Action,0.9183909657409184,0.1782087510115781,0.2798409650960937,0.836613041032693,59,Puzzle,Sports,0.5043957338997924,0.7382814210076418,42,0.0,0.0,0.2833333333333333,0.7754452311963013,0,0.8983871610718572,120,0.275,0.27032733885633464,0.4625564985355969,5
271,1025,Experience 1025,Social,0.838744739121835,0.7279884901895025,0.5876677647056102,0.0811540004238993,14,Puzzle,Social,0.7165432500352743,0.5462709607784835,44,0.0,1.0,0.5,0.8711245146703359,1,0.9781396882150377,120,0.31666666666666665,0.30604162457062034,0.7127314047640806,1
271,1100,Experience 1100,Sports,0.8539423752816214,0.5771516782683807,0.6603015579098336,0.097787997445443,39,Puzzle,Social,0.7165432500352743,0.5462709607784835,44,0.0,0.0,0.0833333333333333,0.9437583078745592,0,0.8574347743350217,107,0.3177570093457944,0.3058726570069831,0.5625771086982327,2
271,1023,Experience 1023,Strategy,0.934275144868182,0.4241492862896971,0.2179097364670654,0.7914514878076223,48,Puzzle,Social,0.7165432500352743,0.5462709607784835,44,0.0,0.0,0.0666666666666666,0.5013664864317912,0,0.8390997562919745,110,0.2818181818181818,0.2757371341529757,0.4303543757926718,3
271,1046,Experience 1046,Puzzle,0.9358581895296346,0.2937905951089806,0.3646871905132503,0.5570017818814502,30,Puzzle,Social,0.7165432500352743,0.5462709607784835,44,1.0,0.0,0.2333333333333333,0.6481439404779761,1,0.9666555224093626,124,0.2661290322580645,0.26281824611032534,0.8088050356880595,4
271,1114,Experience 1114,Simulation,0.9094073794904848,0.2867325336723821,0.0751050358773748,0.4020477981570693,23,Puzzle,Social,0.7165432500352743,0.5462709607784835,44,0.0,0.0,0.35,0.3585617858421005,0,0.7167938860956227,138,0.2318840579710145,0.23320143949295472,0.36691045344547996,5
272,1084,Experience 1084,Social,0.6722561348379004,0.2863456816441453,0.5362524927433157,0.7470758006298863,26,Social,Puzzle,0.6530950591953089,0.10414794787365,43,1.0,0.0,0.2833333333333333,0.8831574335480068,0,0.9156803794857248,111,0.35135135135135137,0.3347009728235637,0.8034532941077693,1
272,1025,Experience 1025,Social,0.838744739121835,0.7279884901895025,0.5876677647056102,0.0811540004238993,14,Social,Puzzle,0.6530950591953089,0.10414794787365,43,1.0,0.0,0.4833333333333333,0.9345727055103014,0,0.7180107621864278,120,0.31666666666666665,0.30604162457062034,0.8446663773203908,2
272,1088,Experience 1088,Sports,0.931739259022481,0.4207879774878386,0.5549692853271866,0.4100487869149942,11,Social,Puzzle,0.6530950591953089,0.10414794787365,43,0.0,0.0,0.5333333333333333,0.9018742261318776,0,0.7273041306993676,113,0.3008849557522124,0.292073890525465,0.4621702746474733,3
272,1014,Experience 1014,Social,0.7084360738896248,0.6919622480914536,0.5066406143622445,0.7631554898199004,35,Social,Puzzle,0.6530950591953089,0.10414794787365,43,1.0,0.0,0.1333333333333333,0.8535455551669356,1,0.9848508282163715,117,0.29914529914529914,0.29084545576559745,0.833879133458554,4
272,1074,Experience 1074,Social,0.7411737446379107,0.1336446501121093,0.5667526591354218,0.2130749343990023,32,Social,Puzzle,0.6530950591953089,0.10414794787365,43,1.0,0.0,0.1833333333333333,0.913657599940113,1,0.7229291287433742,149,0.2953020134228188,0.28902856473305827,0.8218159851494264,5
273,1061,Experience 1061,Social,0.9515114053456256,0.4883887845440612,0.3838014404080356,0.6777086144544695,56,Strategy,Adventure,0.7207196075492638,0.1869144827638652,11,0.0,0.0,0.75,0.6630818328587718,0,0.8091084361406582,113,0.3274336283185841,0.3146302815029086,0.4137515640723415,1
273,1000,Experience 1000,Action,0.9096695293967186,0.6516437731703687,0.6290364009047581,0.2407530712142694,49,Strategy,Adventure,0.7207196075492638,0.1869144827638652,11,0.0,0.0,0.6333333333333333,0.9083167933554944,0,0.8058293045023701,124,0.3225806451612903,0.31142935722143644,0.4164153667440264,2
273,1058,Experience 1058,Social,0.5666390936836835,0.5294440043668863,0.4156619036213059,0.2647117106195373,52,Strategy,Adventure,0.7207196075492638,0.1869144827638652,11,0.0,0.0,0.6833333333333333,0.6949422960720422,0,0.8194697607505522,100,0.32,0.30704856199905706,0.34118457515967543,3
273,1067,Experience 1067,Creative,0.788764048918011,0.4580972487220676,0.5921026845821029,0.4299570499000478,43,Strategy,Adventure,0.7207196075492638,0.1869144827638652,11,0.0,0.0,0.5333333333333333,0.8713830770328391,0,0.8139788530240017,119,0.31092436974789917,0.30104911827256725,0.37154003547097647,4
273,1107,Experience 1107,Social,0.7428970964662264,0.8045676070342606,0.8160785123357384,0.9076048913904824,23,Strategy,Adventure,0.7207196075492638,0.1869144827638652,11,0.0,0.0,0.2,0.9046410952135254,0,0.9353391293206144,139,0.30935251798561153,0.3009171537099802,0.49209260357230356,5
274,1059,Experience 1059,Social,0.7489549716721217,0.4911530499138364,0.6826986067555766,0.9132851837019758,49,Simulation,Adventure,0.6308472095239188,0.3065428518678583,48,0.0,0.0,0.0166666666666666,0.9481486027683422,1,0.7880448166146559,105,0.34285714285714286,0.32676661951909475,0.512463502090222,1
274,1013,Experience 1013,Sports,0.8486275995976889,0.743877614526904,0.1274827038621261,0.2359972626205526,20,Simulation,Adventure,0.6308472095239188,0.3065428518678583,48,0.0,0.0,0.4666666666666667,0.4966354943382073,1,0.9043814101017631,116,0.3017241379310345,0.29298402529328565,0.3648944336617554,2
274,1009,Experience 1009,Action,0.7987178764315418,0.3460501829476273,0.2238314684756084,0.130890330850495,53,Simulation,Adventure,0.6308472095239188,0.3065428518678583,48,0.0,0.0,0.0833333333333333,0.5929842589516896,0,0.8612988375974844,104,0.28846153846153844,0.28101473741844224,0.37140368038460086,3
274,1044,Experience 1044,Action,0.8578996664042653,0.7405382156713768,0.540545681694017,0.9388053542070384,40,Simulation,Adventure,0.6308472095239188,0.3065428518678583,48,0.0,0.0,0.1333333333333333,0.909698472170098,0,0.848000036202186,112,0.2857142857142857,0.27913505636277913,0.46508568315895454,4
274,1064,Experience 1064,Puzzle,0.6204758892789963,0.4435351922580418,0.6632419642315316,0.276207363456566,49,Simulation,Adventure,0.6308472095239188,0.3065428518678583,48,0.0,0.0,0.0166666666666666,0.9676052452923872,0,0.9098576168441145,94,0.2765957446808511,0.27057743368321796,0.4262878182364283,5
275,1053,Experience 1053,Puzzle,0.7426572934279929,0.7514869168546299,0.2904976508730454,0.8341208920021081,34,Sports,Simulation,0.8310543868641102,0.3481454171224177,46,0.0,0.0,0.2,0.4594432640089353,0,0.8744676720219096,102,0.3431372549019608,0.3266051429498922,0.3607425067269302,1
275,1002,Experience 1002,Social,0.5654662227449457,0.1419781043952984,0.4876512775379703,0.1763555764178013,30,Sports,Simulation,0.8310543868641102,0.3481454171224177,46,0.0,0.0,0.2666666666666666,0.6565968906738602,0,0.9186915985478655,125,0.312,0.30238501682680585,0.37015567824706136,2
275,1109,Experience 1109,Social,0.5415451963988065,0.6320276759129257,0.4602651355822746,0.2660308726216652,48,Sports,Simulation,0.8310543868641102,0.3481454171224177,46,0.0,0.0,0.0333333333333333,0.6292107487181644,1,0.923191131180727,125,0.312,0.30238501682680585,0.4204900525114356,3
275,1070,Experience 1070,Sports,0.9021629239090754,0.4240213755135868,0.7602726894428304,0.7757910864370905,50,Sports,Simulation,0.8310543868641102,0.3481454171224177,46,1.0,0.0,0.0666666666666666,0.9292183025787204,1,0.8238799675884957,111,0.2882882882882883,0.28126585831974693,0.8312847859647546,4
275,1006,Experience 1006,Action,0.8770181756508404,0.5275353377269014,0.8047332447846338,0.7517807092307816,28,Sports,Simulation,0.8310543868641102,0.3481454171224177,46,0.0,0.0,0.3,0.9736788579205236,0,0.9646547505339798,103,0.27184466019417475,0.26703924747875485,0.46645399408973903,5
276,1084,Experience 1084,Social,0.6722561348379004,0.2863456816441453,0.5362524927433157,0.7470758006298863,26,Sports,Adventure,0.9863661217086545,0.4390801672885033,23,0.0,0.0,0.05,0.5498863710346613,0,0.8587374688362484,111,0.35135135135135137,0.3347009728235637,0.4030645681551535,1
276,1053,Experience 1053,Puzzle,0.7426572934279929,0.7514869168546299,0.2904976508730454,0.8341208920021081,34,Sports,Adventure,0.9863661217086545,0.4390801672885033,23,0.0,0.0,0.1833333333333333,0.3041315291643911,0,0.947068986138442,102,0.3431372549019608,0.3266051429498922,0.3353666836074697,2
276,1014,Experience 1014,Social,0.7084360738896248,0.6919622480914536,0.5066406143622445,0.7631554898199004,35,Sports,Adventure,0.9863661217086545,0.4390801672885033,23,0.0,0.0,0.2,0.5202744926535902,1,0.9282108499041013,117,0.29914529914529914,0.29084545576559745,0.42217302364974146,3
276,1033,Experience 1033,Simulation,0.8859147305780027,0.259942782541492,0.2648265360525452,0.1086571032622624,31,Sports,Adventure,0.9863661217086545,0.4390801672885033,23,0.0,0.0,0.1333333333333333,0.2784604143438909,0,0.8029138586121638,120,0.275,0.27032733885633464,0.3236780186164452,4
276,1008,Experience 1008,Adventure,0.8415828324170402,0.3364498304651394,0.599089106012921,0.2728043301458357,40,Sports,Adventure,0.9863661217086545,0.4390801672885033,23,0.0,1.0,0.2833333333333333,0.6127229843042666,0,0.9631040304189686,117,0.27350427350427353,0.2689476455466193,0.5345647969982938,5
277,1106,Experience 1106,Sports,0.8146785788760947,0.3647619692710552,0.6750256601127794,0.7960604476258709,49,Action,Social,0.816715068008436,0.7007896542281495,33,0.0,0.0,0.2666666666666666,0.8583105921043435,0,0.8650251259727185,128,0.28125,0.275985320539776,0.5223727816337055,1
277,1064,Experience 1064,Puzzle,0.6204758892789963,0.4435351922580418,0.6632419642315316,0.276207363456566,49,Action,Social,0.816715068008436,0.7007896542281495,33,0.0,0.0,0.2666666666666666,0.8465268962230956,0,0.7359882856233806,94,0.2765957446808511,0.27057743368321796,0.4710201588421374,2
277,1039,Experience 1039,Social,0.8194814495513689,0.2752805682140255,0.2419454802582048,0.889899007072331,47,Action,Social,0.816715068008436,0.7007896542281495,33,0.0,1.0,0.2333333333333333,0.4252304122497689,0,0.8128607287600311,110,0.2636363636363636,0.2603525187683603,0.6425099844139495,3
277,1099,Experience 1099,Adventure,0.8332801744008336,0.4077151465805127,0.8307594812615263,0.7545731382181347,49,Action,Social,0.816715068008436,0.7007896542281495,33,0.0,0.0,0.2666666666666666,0.9859555867469096,0,0.9277757799026465,119,0.2605042016806723,0.25788365064666796,0.5250859480987844,4
277,1085,Experience 1085,Social,0.715133524882573,0.3923165755464828,0.681782684374937,0.3715432084063615,41,Action,Social,0.816715068008436,0.7007896542281495,33,0.0,1.0,0.1333333333333333,0.8650676163665011,1,0.8329985297183179,117,0.24786324786324787,0.24704983532764122,0.7220785757643047,5
278,1084,Experience 1084,Social,0.6722561348379004,0.2863456816441453,0.5362524927433157,0.7470758006298863,26,Adventure,Creative,0.401460732312596,0.3251218617863144,27,0.0,0.0,0.0166666666666666,0.8652082395692804,0,0.8648850188794804,111,0.35135135135135137,0.3347009728235637,0.4798152545730569,1
278,1013,Experience 1013,Sports,0.8486275995976889,0.743877614526904,0.1274827038621261,0.2359972626205526,20,Adventure,Creative,0.401460732312596,0.3251218617863144,27,0.0,0.0,0.1166666666666666,0.7260219715495302,0,0.9977098893886265,116,0.3017241379310345,0.29298402529328565,0.46448850451759466,2
278,1098,Experience 1098,Social,0.534058177188557,0.4459803600128759,0.2707495249900757,0.7298152463028666,35,Adventure,Creative,0.401460732312596,0.3251218617863144,27,0.0,0.0,0.1333333333333333,0.8692887926774797,0,0.8377476568542109,130,0.26153846153846155,0.25897218293257895,0.4371530564885355,3
278,1076,Experience 1076,Creative,0.7805257487778566,0.3562342599893083,0.7812983230640933,0.571167362055741,8,Adventure,Creative,0.401460732312596,0.3251218617863144,27,0.0,1.0,0.3166666666666666,0.6201624092485027,1,0.8271391916980138,124,0.23387096774193547,0.23504046833254755,0.5494605904462821,4
278,1103,Experience 1103,Action,0.6677544964493587,0.4461723957193605,0.794276194278496,0.1853752728024856,59,Adventure,Creative,0.401460732312596,0.3251218617863144,27,0.0,0.0,0.5333333333333333,0.6071845380340999,0,0.9174465037117314,121,0.23140495867768596,0.23294913077933935,0.3508720962011112,5
279,1059,Experience 1059,Social,0.7489549716721217,0.4911530499138364,0.6826986067555766,0.9132851837019758,49,Adventure,Puzzle,0.5014272641843919,0.27624328291849,23,0.0,0.0,0.4333333333333333,0.8187286574288153,1,0.9411785756331155,105,0.34285714285714286,0.32676661951909475,0.46877199112356366,1
279,1053,Experience 1053,Puzzle,0.7426572934279929,0.7514869168546299,0.2904976508730454,0.8341208920021081,34,Adventure,Puzzle,0.5014272641843919,0.27624328291849,23,0.0,1.0,0.1833333333333333,0.7890703866886536,0,0.8583604723039205,102,0.3431372549019608,0.3266051429498922,0.6013168379568116,2
279,1115,Experience 1115,Simulation,0.626658707429628,0.7075065986188209,0.5404405149990236,0.2246894745458737,42,Adventure,Puzzle,0.5014272641843919,0.27624328291849,23,0.0,0.0,0.3166666666666666,0.9609867491853684,1,0.9899592314332135,112,0.2767857142857143,0.27155929878702156,0.41360018189245923,3
279,1036,Experience 1036,Sports,0.9655169972756756,0.2298411882545339,0.2550485289661252,0.8478368672236546,17,Adventure,Puzzle,0.5014272641843919,0.27624328291849,23,0.0,0.0,0.1,0.7536212647817333,0,0.9725870095199065,129,0.26356589147286824,0.2607102512744084,0.456537114142762,4
279,1005,Experience 1005,Sports,0.725440926488475,0.5102685875213342,0.2459903544501388,0.2409271164143122,19,Adventure,Puzzle,0.5014272641843919,0.27624328291849,23,0.0,0.0,0.0666666666666666,0.744563090265747,0,0.705507833484339,114,0.2543859649122807,0.25258080179020037,0.42591477252393933,5
280,1109,Experience 1109,Social,0.5415451963988065,0.6320276759129257,0.4602651355822746,0.2660308726216652,48,Puzzle,Simulation,0.6552889477052802,0.6126879227274646,41,0.0,0.0,0.1166666666666666,0.8049761878769943,0,0.90550732177713,125,0.312,0.30238501682680585,0.4487533120618845,1
280,1088,Experience 1088,Sports,0.931739259022481,0.4207879774878386,0.5549692853271866,0.4100487869149942,11,Puzzle,Simulation,0.6552889477052802,0.6126879227274646,41,0.0,0.0,0.5,0.8996803376219064,0,0.7478258562370752,113,0.3008849557522124,0.292073890525465,0.454175462140464,2
280,1033,Experience 1033,Simulation,0.8859147305780027,0.259942782541492,0.2648265360525452,0.1086571032622624,31,Puzzle,Simulation,0.6552889477052802,0.6126879227274646,41,0.0,1.0,0.1666666666666666,0.609537588347265,0,0.7045231327920887,120,0.275,0.27032733885633464,0.551357736264269,3
280,1031,Experience 1031,Adventure,0.6267069522672452,0.6020379288394027,0.9395582128996094,0.5521627033044271,46,Puzzle,Simulation,0.6552889477052802,0.6126879227274646,41,0.0,0.0,0.0833333333333333,0.7157307348056708,0,0.7875533960096274,113,0.23008849557522124,0.2319235145856154,0.389437373046455,4
280,1094,Experience 1094,Strategy,0.777065958629862,0.5840090382012306,0.3016147592800985,0.4118434403009737,40,Puzzle,Simulation,0.6552889477052802,0.6126879227274646,41,0.0,0.0,0.0166666666666666,0.6463258115748183,0,0.745878168707143,114,0.21929824561403508,0.22273005552154362,0.388754771636009,5
281,1025,Experience 1025,Social,0.838744739121835,0.7279884901895025,0.5876677647056102,0.0811540004238993,14,Adventure,Social,0.2453891050264243,0.347517906393472,36,0.0,1.0,0.3666666666666666,0.6577213403208141,0,0.7873405311888837,120,0.31666666666666665,0.30604162457062034,0.6899231306398932,1
281,1109,Experience 1109,Social,0.5415451963988065,0.6320276759129257,0.4602651355822746,0.2660308726216652,48,Adventure,Social,0.2453891050264243,0.347517906393472,36,0.0,1.0,0.2,0.7851239694441496,0,0.9835082841946705,125,0.312,0.30238501682680585,0.6515937476510344,2
281,1002,Experience 1002,Social,0.5654662227449457,0.1419781043952984,0.4876512775379703,0.1763555764178013,30,Adventure,Social,0.2453891050264243,0.347517906393472,36,0.0,1.0,0.1,0.757737827488454,1,0.9531876691971606,125,0.312,0.30238501682680585,0.6264929166920193,3
281,1102,Experience 1102,Sports,0.9402838286695968,0.4125021221616953,0.1907643304361418,0.200562471321554,40,Adventure,Social,0.2453891050264243,0.347517906393472,36,0.0,0.0,0.0666666666666666,0.9453752254097176,1,0.8534906655321873,117,0.3076923076923077,0.29814472583859014,0.5512966743794521,4
281,1046,Experience 1046,Puzzle,0.9358581895296346,0.2937905951089806,0.3646871905132503,0.5570017818814502,30,Adventure,Social,0.2453891050264243,0.347517906393472,36,0.0,0.0,0.1,0.880701914513174,0,0.7753948758049398,124,0.2661290322580645,0.26281824611032534,0.516000177178202,5
282,1059,Experience 1059,Social,0.7489549716721217,0.4911530499138364,0.6826986067555766,0.9132851837019758,49,Simulation,Adventure,0.3009813401724052,0.3398114678495063,15,0.0,0.0,0.5666666666666667,0.6182827334168286,1,0.8659428090031759,105,0.34285714285714286,0.32676661951909475,0.3875586392189895,1
282,1102,Experience 1102,Sports,0.9402838286695968,0.4125021221616953,0.1907643304361418,0.200562471321554,40,Simulation,Adventure,0.3009813401724052,0.3398114678495063,15,0.0,0.0,0.4166666666666667,0.8897829902637366,1,0.8366397773279445,117,0.3076923076923077,0.29814472583859014,0.43061702871711366,2
282,1119,Experience 1119,Action,0.8086136050725224,0.7572883677081093,0.5086964614589882,0.1619415702496311,9,Simulation,Adventure,0.3009813401724052,0.3398114678495063,15,0.0,0.0,0.1,0.792284878713417,0,0.9250370738609031,115,0.30434782608695654,0.29515427733249516,0.42759221811691833,3
282,1013,Experience 1013,Sports,0.8486275995976889,0.743877614526904,0.1274827038621261,0.2359972626205526,20,Simulation,Adventure,0.3009813401724052,0.3398114678495063,15,0.0,0.0,0.0833333333333333,0.8265013636897209,0,0.8489857124747144,116,0.3017241379310345,0.29298402529328565,0.4494523982844594,4
282,1011,Experience 1011,Strategy,0.8438936347604792,0.3089791482471649,0.5527453913687409,0.302964628837302,52,Simulation,Adventure,0.3009813401724052,0.3398114678495063,15,0.0,0.0,0.6166666666666667,0.7482359488036643,0,0.9999153895970245,123,0.2682926829268293,0.26465613594326465,0.3314264711161791,5
283,1025,Experience 1025,Social,0.838744739121835,0.7279884901895025,0.5876677647056102,0.0811540004238993,14,Social,Creative,0.9780622564393596,0.7597180563415548,34,1.0,0.0,0.3333333333333333,0.6096055082662507,1,0.8877507426503987,120,0.31666666666666665,0.30604162457062034,0.8329240908218459,1
283,1102,Experience 1102,Sports,0.9402838286695968,0.4125021221616953,0.1907643304361418,0.200562471321554,40,Social,Creative,0.9780622564393596,0.7597180563415548,34,0.0,0.0,0.1,0.2127020739967823,0,0.990419984436806,117,0.3076923076923077,0.29814472583859014,0.40278154649869985,2
283,1013,Experience 1013,Sports,0.8486275995976889,0.743877614526904,0.1274827038621261,0.2359972626205526,20,Social,Creative,0.9780622564393596,0.7597180563415548,34,0.0,0.0,0.2333333333333333,0.1494204474227666,0,0.881102433089072,116,0.3017241379310345,0.29298402529328565,0.37420544532754574,3
283,1064,Experience 1064,Puzzle,0.6204758892789963,0.4435351922580418,0.6632419642315316,0.276207363456566,49,Social,Creative,0.9780622564393596,0.7597180563415548,34,0.0,0.0,0.25,0.6851797077921721,1,0.8976619724067771,94,0.2765957446808511,0.27057743368321796,0.3993577675119477,4
283,1032,Experience 1032,Action,0.9183909657409184,0.1782087510115781,0.2798409650960937,0.836613041032693,59,Social,Creative,0.9780622564393596,0.7597180563415548,34,0.0,0.0,0.4166666666666667,0.3017787086567342,0,0.8680950754716071,120,0.275,0.27032733885633464,0.34684268277129265,5
284,1025,Experience 1025,Social,0.838744739121835,0.7279884901895025,0.5876677647056102,0.0811540004238993,14,Simulation,Adventure,0.5139333490449528,0.8036704933785355,10,0.0,0.0,0.0666666666666666,0.9262655843393426,1,0.9329001481818823,120,0.31666666666666665,0.30604162457062034,0.5496292266968731,1
284,1100,Experience 1100,Sports,0.8539423752816214,0.5771516782683807,0.6603015579098336,0.097787997445443,39,Simulation,Adventure,0.5139333490449528,0.8036704933785355,10,0.0,0.0,0.4833333333333333,0.8536317911351192,0,0.980511996142917,107,0.3177570093457944,0.3058726570069831,0.44431603650539275,2
284,1037,Experience 1037,Sports,0.7994490651436071,0.7023148063737304,0.3263399911584964,0.9948242136208678,35,Simulation,Adventure,0.5139333490449528,0.8036704933785355,10,0.0,0.0,0.4166666666666667,0.8124066421135436,1,0.8120580538030863,120,0.30833333333333335,0.29889876742776317,0.4164792581223306,3
284,1069,Experience 1069,Puzzle,0.8068156107352968,0.6551858372056814,0.8842124935251735,0.2530347499296835,35,Simulation,Adventure,0.5139333490449528,0.8036704933785355,10,0.0,0.0,0.4166666666666667,0.6297208555197793,0,0.8794750486406177,121,0.2892561983471074,0.2825945208502613,0.40192448939081055,4
284,1060,Experience 1060,Strategy,0.8620933017122632,0.1051567799118504,0.3772606570904063,0.1400554046894906,58,Simulation,Adventure,0.5139333490449528,0.8036704933785355,10,0.0,0.0,0.8,0.8633273080454535,0,0.7094317578661946,102,0.27450980392156865,0.2692280937695643,0.33471530575870573,5
285,1084,Experience 1084,Social,0.6722561348379004,0.2863456816441453,0.5362524927433157,0.7470758006298863,26,Creative,Action,0.6213069699337507,0.7234079420162327,26,0.0,0.0,0.0,0.914945522809565,0,0.7024139099359482,111,0.35135135135135137,0.3347009728235637,0.5002255257035527,1
285,1053,Experience 1053,Puzzle,0.7426572934279929,0.7514869168546299,0.2904976508730454,0.8341208920021081,34,Creative,Action,0.6213069699337507,0.7234079420162327,26,0.0,0.0,0.1333333333333333,0.6691906809392948,0,0.8136469931450194,102,0.3431372549019608,0.3266051429498922,0.42790675470985673,2
285,1067,Experience 1067,Creative,0.788764048918011,0.4580972487220676,0.5921026845821029,0.4299570499000478,43,Creative,Action,0.6213069699337507,0.7234079420162327,26,1.0,0.0,0.2833333333333333,0.9707957146483522,0,0.8237351705698616,119,0.31092436974789917,0.30104911827256725,0.8083672260042671,3
285,1013,Experience 1013,Sports,0.8486275995976889,0.743877614526904,0.1274827038621261,0.2359972626205526,20,Creative,Action,0.6213069699337507,0.7234079420162327,26,0.0,0.0,0.1,0.5061757339283754,0,0.877128804765213,116,0.3017241379310345,0.29298402529328565,0.4376536894082623,4
285,1088,Experience 1088,Sports,0.931739259022481,0.4207879774878386,0.5549692853271866,0.4100487869149942,11,Creative,Action,0.6213069699337507,0.7234079420162327,26,0.0,0.0,0.25,0.933662315393436,0,0.7928705348200236,113,0.3008849557522124,0.292073890525465,0.5062612551297044,5
286,1037,Experience 1037,Sports,0.7994490651436071,0.7023148063737304,0.3263399911584964,0.9948242136208678,35,Action,Adventure,0.2534794983421334,0.6608304834347939,54,0.0,0.0,0.3166666666666666,0.927139507183637,0,0.9197732879226237,120,0.30833333333333335,0.29889876742776317,0.5040017952786422,1
286,1119,Experience 1119,Action,0.8086136050725224,0.7572883677081093,0.5086964614589882,0.1619415702496311,9,Action,Adventure,0.2534794983421334,0.6608304834347939,54,1.0,0.0,0.75,0.7447830368831453,1,0.9508705784297814,115,0.30434782608695654,0.29515427733249516,0.7832582663444415,2
286,1099,Experience 1099,Adventure,0.8332801744008336,0.4077151465805127,0.8307594812615263,0.7545731382181347,49,Action,Adventure,0.2534794983421334,0.6608304834347939,54,0.0,1.0,0.0833333333333333,0.4227200170806071,1,0.9308423189144224,119,0.2605042016806723,0.25788365064666796,0.5876316709502213,3
286,1076,Experience 1076,Creative,0.7805257487778566,0.3562342599893083,0.7812983230640933,0.571167362055741,8,Action,Adventure,0.2534794983421334,0.6608304834347939,54,0.0,0.0,0.7666666666666667,0.4721811752780401,0,0.9385665965479973,124,0.23387096774193547,0.23504046833254755,0.34775805626422585,4
286,1114,Experience 1114,Simulation,0.9094073794904848,0.2867325336723821,0.0751050358773748,0.4020477981570693,23,Action,Adventure,0.2534794983421334,0.6608304834347939,54,0.0,0.0,0.5166666666666667,0.8216255375352415,1,0.9070389910012399,138,0.2318840579710145,0.23320143949295472,0.42503300605298866,5
287,1088,Experience 1088,Sports,0.931739259022481,0.4207879774878386,0.5549692853271866,0.4100487869149942,11,Action,Social,0.6935501728086988,0.2704929219327261,15,0.0,0.0,0.0666666666666666,0.8614191125184878,0,0.9284428487597545,113,0.3008849557522124,0.292073890525465,0.5406028435217186,1
287,1085,Experience 1085,Social,0.715133524882573,0.3923165755464828,0.681782684374937,0.3715432084063615,41,Action,Social,0.6935501728086988,0.2704929219327261,15,0.0,1.0,0.4333333333333333,0.9882325115662384,1,0.7305636541356277,117,0.24786324786324787,0.24704983532764122,0.6893101921868401,2
287,1083,Experience 1083,Sports,0.5638116113845065,0.5523903507798276,0.3674940432740611,0.3952346537588943,26,Action,Social,0.6935501728086988,0.2704929219327261,15,0.0,0.0,0.1833333333333333,0.6739438704653623,1,0.760238666319795,122,0.22950819672131148,0.23130864394286513,0.4084112068475454,3
287,1072,Experience 1072,Puzzle,0.7449779069249327,0.3414623639761886,0.973475515285742,0.3783180142237856,25,Action,Social,0.6935501728086988,0.2704929219327261,15,0.0,0.0,0.1666666666666666,0.7200746575229567,0,0.8875641389824238,119,0.21008403361344538,0.21471818302076867,0.45988552285972834,4
287,1079,Experience 1079,Social,0.6252808613431486,0.1651788036494796,0.2355254260756802,0.2079980737084605,56,Action,Social,0.6935501728086988,0.2704929219327261,15,0.0,1.0,0.6833333333333333,0.5419752532669815,1,0.9542128205549105,123,0.2032520325203252,0.2087120799992087,0.5412250803475017,5
288,1043,Experience 1043,Creative,0.8838983032607785,0.7641225701636372,0.5942808569171103,0.6062993981927156,47,Strategy,Social,0.9115249017256418,0.2631922661196382,38,0.0,0.0,0.15,0.6827559551914685,0,0.9418612721673052,110,0.35454545454545455,0.3372755956914373,0.4844848827779069,1
288,1025,Experience 1025,Social,0.838744739121835,0.7279884901895025,0.5876677647056102,0.0811540004238993,14,Strategy,Social,0.9115249017256418,0.2631922661196382,38,0.0,1.0,0.4,0.6761428629799684,0,0.9901358502285361,120,0.31666666666666665,0.30604162457062034,0.6743619451118915,2
288,1013,Experience 1013,Sports,0.8486275995976889,0.743877614526904,0.1274827038621261,0.2359972626205526,20,Strategy,Social,0.9115249017256418,0.2631922661196382,38,0.0,0.0,0.3,0.2159578021364843,0,0.742035755557734,116,0.3017241379310345,0.29298402529328565,0.37824479333267014,3
288,1088,Experience 1088,Sports,0.931739259022481,0.4207879774878386,0.5549692853271866,0.4100487869149942,11,Strategy,Social,0.9115249017256418,0.2631922661196382,38,0.0,0.0,0.45,0.6434443836015448,0,0.7313723928042769,113,0.3008849557522124,0.292073890525465,0.44490744280691047,4
288,1033,Experience 1033,Simulation,0.8859147305780027,0.259942782541492,0.2648265360525452,0.1086571032622624,31,Strategy,Social,0.9115249017256418,0.2631922661196382,38,0.0,0.0,0.1166666666666666,0.3533016343269034,0,0.9102464115651558,120,0.275,0.27032733885633464,0.3730060225170862,5
289,1053,Experience 1053,Puzzle,0.7426572934279929,0.7514869168546299,0.2904976508730454,0.8341208920021081,34,Social,Strategy,0.4605967999812054,0.387668270709502,32,0.0,0.0,0.0333333333333333,0.82990085089184,0,0.7835256889594097,102,0.3431372549019608,0.3266051429498922,0.4510793199780854,1
289,1061,Experience 1061,Social,0.9515114053456256,0.4883887845440612,0.3838014404080356,0.6777086144544695,56,Social,Strategy,0.4605967999812054,0.387668270709502,32,1.0,0.0,0.4,0.92320464042683,0,0.9238999698886589,113,0.3274336283185841,0.3146302815029086,0.8469217696187071,2
289,1000,Experience 1000,Action,0.9096695293967186,0.6516437731703687,0.6290364009047581,0.2407530712142694,49,Social,Strategy,0.4605967999812054,0.387668270709502,32,0.0,0.0,0.2833333333333333,0.8315603990764473,0,0.8893580960646836,124,0.3225806451612903,0.31142935722143644,0.4751001238169836,3
289,1119,Experience 1119,Action,0.8086136050725224,0.7572883677081093,0.5086964614589882,0.1619415702496311,9,Social,Strategy,0.4605967999812054,0.387668270709502,32,0.0,0.0,0.3833333333333333,0.9519003385222172,0,0.9581523529686017,115,0.30434782608695654,0.29515427733249516,0.456381766568554,4
289,1001,Experience 1001,Sports,0.6452560499996463,0.8044840559110404,0.5776422262968883,0.3608105614175153,41,Social,Strategy,0.4605967999812054,0.387668270709502,32,0.0,0.0,0.15,0.8829545736843172,0,0.8182449343691359,110,0.2545454545454545,0.25266021107605263,0.45628965758211126,5
290,1052,Experience 1052,Creative,0.6879474895864814,0.8150878066775633,0.5427584275418881,0.4028796085076296,43,Puzzle,Strategy,0.2447503189171952,0.4734283194355015,31,0.0,0.0,0.2,0.7019918913753072,0,0.8188775545401313,129,0.3178294573643411,0.30769011704622046,0.41066146532382924,1
290,1110,Experience 1110,Creative,0.8487034770737338,0.6513439158584452,0.7080979103356375,0.2741343936886083,18,Puzzle,Strategy,0.2447503189171952,0.4734283194355015,31,0.0,0.0,0.2166666666666666,0.5366524085815577,1,0.7480890486807998,109,0.28440366972477066,0.2778746313169523,0.4111349968539233,2
290,1032,Experience 1032,Action,0.9183909657409184,0.1782087510115781,0.2798409650960937,0.836613041032693,59,Puzzle,Strategy,0.2447503189171952,0.4734283194355015,31,0.0,0.0,0.4666666666666667,0.9649093538211015,0,0.8771103219386931,120,0.275,0.27032733885633464,0.4272450309840767,3
290,1007,Experience 1007,Social,0.6113602755027672,0.3693255620200327,0.760432490906593,0.3138467721116466,56,Puzzle,Strategy,0.2447503189171952,0.4734283194355015,31,0.0,0.0,0.4166666666666667,0.4843178280106022,0,0.7135208854190199,112,0.24107142857142858,0.24125626848399126,0.37767988405808395,4
290,1021,Experience 1021,Creative,0.6317033375365485,0.227795161908673,0.5969784094803497,0.8897794665398687,40,Puzzle,Strategy,0.2447503189171952,0.4734283194355015,31,0.0,0.0,0.15,0.6477719094368455,0,0.7608584792243964,117,0.23931623931623933,0.23975056525464852,0.34720443690700487,5
291,1052,Experience 1052,Creative,0.6879474895864814,0.8150878066775633,0.5427584275418881,0.4028796085076296,43,Social,Adventure,0.8522526421160231,0.1539201228314673,10,0.0,0.0,0.55,0.6905057854258649,0,0.722921236838982,129,0.3178294573643411,0.30769011704622046,0.34413600777578923,1
291,1109,Experience 1109,Social,0.5415451963988065,0.6320276759129257,0.4602651355822746,0.2660308726216652,48,Social,Adventure,0.8522526421160231,0.1539201228314673,10,1.0,0.0,0.6333333333333333,0.6080124934662514,1,0.8102515009949276,125,0.312,0.30238501682680585,0.7130799007380261,2
291,1107,Experience 1107,Social,0.7428970964662264,0.8045676070342606,0.8160785123357384,0.9076048913904824,23,Social,Adventure,0.8522526421160231,0.1539201228314673,10,1.0,0.0,0.2166666666666666,0.9638258702197152,1,0.7032927602751329,139,0.30935251798561153,0.3009171537099802,0.8323256362650826,3
291,1021,Experience 1021,Creative,0.6317033375365485,0.227795161908673,0.5969784094803497,0.8897794665398687,40,Social,Adventure,0.8522526421160231,0.1539201228314673,10,0.0,0.0,0.5,0.7447257673643266,0,0.7164690637569301,117,0.23931623931623933,0.23975056525464852,0.3018356867136179,4
291,1079,Experience 1079,Social,0.6252808613431486,0.1651788036494796,0.2355254260756802,0.2079980737084605,56,Social,Adventure,0.8522526421160231,0.1539201228314673,10,1.0,0.0,0.7666666666666667,0.3832727839596571,0,0.9980431125886627,123,0.2032520325203252,0.2087120799992087,0.6484406465005079,5
292,1025,Experience 1025,Social,0.838744739121835,0.7279884901895025,0.5876677647056102,0.0811540004238993,14,Strategy,Adventure,0.4786935056963743,0.6174979906423858,33,0.0,0.0,0.3166666666666666,0.891025740990764,0,0.9186117429192049,120,0.31666666666666665,0.30604162457062034,0.5320337378767267,1
292,1067,Experience 1067,Creative,0.788764048918011,0.4580972487220676,0.5921026845821029,0.4299570499000478,43,Strategy,Adventure,0.4786935056963743,0.6174979906423858,33,0.0,0.0,0.1666666666666666,0.8865908211142715,1,0.7545281222334075,119,0.31092436974789917,0.30104911827256725,0.44765748308937525,2
292,1069,Experience 1069,Puzzle,0.8068156107352968,0.6551858372056814,0.8842124935251735,0.2530347499296835,35,Strategy,Adventure,0.4786935056963743,0.6174979906423858,33,0.0,0.0,0.0333333333333333,0.5944810121712008,0,0.759051520176191,121,0.2892561983471074,0.2825945208502613,0.4498548151083891,3
292,1006,Experience 1006,Action,0.8770181756508404,0.5275353377269014,0.8047332447846338,0.7517807092307816,28,Strategy,Adventure,0.4786935056963743,0.6174979906423858,33,0.0,0.0,0.0833333333333333,0.6739602609117405,0,0.808351232458562,103,0.27184466019417475,0.26703924747875485,0.4491145684749536,4
292,1092,Experience 1092,Sports,0.8280410369904486,0.5343815491606264,0.7426691928850321,0.6904019545155015,39,Strategy,Adventure,0.4786935056963743,0.6174979906423858,33,0.0,0.0,0.1,0.7360243128113422,0,0.9187257669227955,128,0.2421875,0.2422015367559922,0.4653679901561073,5
293,1100,Experience 1100,Sports,0.8539423752816214,0.5771516782683807,0.6603015579098336,0.097787997445443,39,Creative,Action,0.6794343487100252,0.2202058363761716,50,0.0,0.0,0.1833333333333333,0.9808672091998084,1,0.7818535157478377,107,0.3177570093457944,0.3058726570069831,0.5132377059804306,1
293,1067,Experience 1067,Creative,0.788764048918011,0.4580972487220676,0.5921026845821029,0.4299570499000478,43,Creative,Action,0.6794343487100252,0.2202058363761716,50,1.0,0.0,0.1166666666666666,0.9126683358720776,0,0.8670584760530008,119,0.31092436974789917,0.30104911827256725,0.8044131908416633,2
293,1014,Experience 1014,Social,0.7084360738896248,0.6919622480914536,0.5066406143622445,0.7631554898199004,35,Creative,Action,0.6794343487100252,0.2202058363761716,50,0.0,0.0,0.25,0.8272062656522193,0,0.9861656921519093,117,0.29914529914529914,0.29084545576559745,0.485499814567283,3
293,1023,Experience 1023,Strategy,0.934275144868182,0.4241492862896971,0.2179097364670654,0.7914514878076223,48,Creative,Action,0.6794343487100252,0.2202058363761716,50,0.0,0.0,0.0333333333333333,0.5384753877570403,0,0.957734845040638,110,0.2818181818181818,0.2757371341529757,0.3958355960835017,4
293,1060,Experience 1060,Strategy,0.8620933017122632,0.1051567799118504,0.3772606570904063,0.1400554046894906,58,Creative,Action,0.6794343487100252,0.2202058363761716,50,0.0,0.0,0.1333333333333333,0.6978263083803811,1,0.9231159649788814,102,0.27450980392156865,0.2692280937695643,0.3864852334001811,5
294,1050,Experience 1050,Sports,0.6444432625143321,0.2032573812502654,0.7840857883345029,0.0579453445381299,24,Social,Simulation,0.4740676511517148,0.4615776999713349,18,0.0,0.0,0.1,0.6899818628172119,0,0.726083203355488,107,0.27102803738317754,0.2665025782668255,0.3776445444421214,1
294,1005,Experience 1005,Sports,0.725440926488475,0.5102685875213342,0.2459903544501388,0.2409271164143122,19,Social,Simulation,0.4740676511517148,0.4615776999713349,18,0.0,0.0,0.0166666666666666,0.771922703298424,0,0.749577744012822,114,0.2543859649122807,0.25258080179020037,0.41923245389157765,2
294,1105,Experience 1105,Sports,0.6106599794863272,0.6391373818905719,0.6213931070244737,0.2894297075080649,54,Social,Simulation,0.4740676511517148,0.4615776999713349,18,0.0,0.0,0.6,0.8526745441272412,0,0.8729244864035409,130,0.23076923076923078,0.2323055162659123,0.37555066652082547,3
294,1031,Experience 1031,Adventure,0.6267069522672452,0.6020379288394027,0.9395582128996094,0.5521627033044271,46,Social,Simulation,0.4740676511517148,0.4615776999713349,18,0.0,0.0,0.4666666666666667,0.5345094382521054,0,0.7939314063230976,113,0.23008849557522124,0.2319235145856154,0.3148542108708286,4
294,1022,Experience 1022,Adventure,0.5006486309375991,0.407575941114626,0.4697425498140824,0.908608246555642,36,Social,Simulation,0.4740676511517148,0.4615776999713349,18,0.0,0.0,0.3,0.9956748986623676,0,0.8862747249779196,124,0.20967741935483872,0.2142071349992142,0.3390789316575888,5
295,1100,Experience 1100,Sports,0.8539423752816214,0.5771516782683807,0.6603015579098336,0.097787997445443,39,Strategy,Social,0.7154794527761755,0.8526058583698367,20,0.0,0.0,0.3166666666666666,0.944822105133658,0,0.8134994826947921,107,0.3177570093457944,0.3058726570069831,0.5405104020196917,1
295,1037,Experience 1037,Sports,0.7994490651436071,0.7023148063737304,0.3263399911584964,0.9948242136208678,35,Strategy,Social,0.7154794527761755,0.8526058583698367,20,0.0,0.0,0.25,0.6108605383823209,1,0.9676839578462464,120,0.30833333333333335,0.29889876742776317,0.4606820577598379,2
295,1119,Experience 1119,Action,0.8086136050725224,0.7572883677081093,0.5086964614589882,0.1619415702496311,9,Strategy,Social,0.7154794527761755,0.8526058583698367,20,0.0,0.0,0.1833333333333333,0.7932170086828126,1,0.9991311818988431,115,0.30434782608695654,0.29515427733249516,0.49884541349360834,3
295,1013,Experience 1013,Sports,0.8486275995976889,0.743877614526904,0.1274827038621261,0.2359972626205526,20,Strategy,Social,0.7154794527761755,0.8526058583698367,20,0.0,0.0,0.0,0.4120032510859506,1,0.834920467721788,116,0.3017241379310345,0.29298402529328565,0.4654374474223425,4
295,1014,Experience 1014,Social,0.7084360738896248,0.6919622480914536,0.5066406143622445,0.7631554898199004,35,Strategy,Social,0.7154794527761755,0.8526058583698367,20,0.0,1.0,0.25,0.791161161586069,0,0.7689474039795956,117,0.29914529914529914,0.29084545576559745,0.6890508643656227,5
296,1059,Experience 1059,Social,0.7489549716721217,0.4911530499138364,0.6826986067555766,0.9132851837019758,49,Action,Puzzle,0.8290815387190762,0.2393649700820181,43,0.0,0.0,0.1,0.8536170680365004,0,0.9480973260545502,105,0.34285714285714286,0.32676661951909475,0.5353838791045824,1
296,1058,Experience 1058,Social,0.5666390936836835,0.5294440043668863,0.4156619036213059,0.2647117106195373,52,Action,Puzzle,0.8290815387190762,0.2393649700820181,43,0.0,0.0,0.15,0.5865803649022296,0,0.7796457291666398,100,0.32,0.30704856199905706,0.4372761434658247,2
296,1067,Experience 1067,Creative,0.788764048918011,0.4580972487220676,0.5921026845821029,0.4299570499000478,43,Action,Puzzle,0.8290815387190762,0.2393649700820181,43,0.0,0.0,0.0,0.7630211458630267,0,0.7019093449681141,119,0.31092436974789917,0.30104911827256725,0.4700807830659958,3
296,1023,Experience 1023,Strategy,0.934275144868182,0.4241492862896971,0.2179097364670654,0.7914514878076223,48,Action,Puzzle,0.8290815387190762,0.2393649700820181,43,0.0,0.0,0.0833333333333333,0.3888281977479892,0,0.8843514470090198,110,0.2818181818181818,0.2757371341529757,0.3909590674352761,4
296,1033,Experience 1033,Simulation,0.8859147305780027,0.259942782541492,0.2648265360525452,0.1086571032622624,31,Action,Puzzle,0.8290815387190762,0.2393649700820181,43,0.0,0.0,0.2,0.435744997333469,0,0.7283927955047418,120,0.275,0.27032733885633464,0.3804927332917362,5
297,1043,Experience 1043,Creative,0.8838983032607785,0.7641225701636372,0.5942808569171103,0.6062993981927156,47,Action,Adventure,0.8904330393827692,0.6387449913053125,54,0.0,0.0,0.1166666666666666,0.7038478175343411,1,0.800724003766763,110,0.35454545454545455,0.3372755956914373,0.49856858848077185,1
297,1061,Experience 1061,Social,0.9515114053456256,0.4883887845440612,0.3838014404080356,0.6777086144544695,56,Action,Adventure,0.8904330393827692,0.6387449913053125,54,0.0,0.0,0.0333333333333333,0.4933684010252663,0,0.706920241300274,113,0.3274336283185841,0.3146302815029086,0.5274470745612756,2
297,1111,Experience 1111,Sports,0.9428982678236224,0.8155250577848677,0.575778764164542,0.2547283501174674,25,Action,Adventure,0.8904330393827692,0.6387449913053125,54,0.0,0.0,0.4833333333333333,0.6853457247817728,1,0.8154790896493366,139,0.3237410071942446,0.31349577006218143,0.49381463734544273,3
297,1039,Experience 1039,Social,0.8194814495513689,0.2752805682140255,0.2419454802582048,0.889899007072331,47,Action,Adventure,0.8904330393827692,0.6387449913053125,54,0.0,0.0,0.1166666666666666,0.3515124408754356,0,0.8222791998137232,110,0.2636363636363636,0.2603525187683603,0.434362611065655,4
297,1005,Experience 1005,Sports,0.725440926488475,0.5102685875213342,0.2459903544501388,0.2409271164143122,19,Action,Adventure,0.8904330393827692,0.6387449913053125,54,0.0,0.0,0.5833333333333334,0.3555573150673696,0,0.9808196032606937,114,0.2543859649122807,0.25258080179020037,0.3383910277757274,5
298,1059,Experience 1059,Social,0.7489549716721217,0.4911530499138364,0.6826986067555766,0.9132851837019758,49,Simulation,Puzzle,0.4389531654580382,0.6732154918821903,18,0.0,0.0,0.5166666666666667,0.7562545587024616,0,0.9735893453049439,105,0.34285714285714286,0.32676661951909475,0.45229377671825977,1
298,1074,Experience 1074,Social,0.7411737446379107,0.1336446501121093,0.5667526591354218,0.2130749343990023,32,Simulation,Puzzle,0.4389531654580382,0.6732154918821903,18,0.0,0.0,0.2333333333333333,0.8722005063226164,1,0.737936692545697,149,0.2953020134228188,0.28902856473305827,0.4730505649672361,2
298,1070,Experience 1070,Sports,0.9021629239090754,0.4240213755135868,0.7602726894428304,0.7757910864370905,50,Simulation,Puzzle,0.4389531654580382,0.6732154918821903,18,0.0,0.0,0.5333333333333333,0.6786804760152078,0,0.787803638489692,111,0.2882882882882883,0.28126585831974693,0.42702609806707015,3
298,1115,Experience 1115,Simulation,0.626658707429628,0.7075065986188209,0.5404405149990236,0.2246894745458737,42,Simulation,Puzzle,0.4389531654580382,0.6732154918821903,18,1.0,0.0,0.4,0.8985126504590146,1,0.7284954498079733,112,0.2767857142857143,0.27155929878702156,0.7628443688907581,4
298,1082,Experience 1082,Adventure,0.940069744877272,0.6645999956719907,0.1368397110942475,0.0890420050750532,28,Simulation,Puzzle,0.4389531654580382,0.6732154918821903,18,0.0,0.0,0.1666666666666666,0.6978865456362093,0,0.9453336022790194,138,0.2391304347826087,0.23953055341700535,0.4415666226992464,5
299,1053,Experience 1053,Puzzle,0.7426572934279929,0.7514869168546299,0.2904976508730454,0.8341208920021081,34,Creative,Puzzle,0.7474719426315511,0.2254426568910995,22,0.0,1.0,0.2,0.5430257082414943,0,0.8418703078224459,102,0.3431372549019608,0.3266051429498922,0.5577296371337168,1
299,1058,Experience 1058,Social,0.5666390936836835,0.5294440043668863,0.4156619036213059,0.2647117106195373,52,Creative,Puzzle,0.7474719426315511,0.2254426568910995,22,0.0,0.0,0.5,0.6681899609897548,1,0.8234670810411588,100,0.32,0.30704856199905706,0.39116055344164596,2
299,1102,Experience 1102,Sports,0.9402838286695968,0.4125021221616953,0.1907643304361418,0.200562471321554,40,Creative,Puzzle,0.7474719426315511,0.2254426568910995,22,0.0,0.0,0.3,0.4432923878045907,0,0.8877301474620632,117,0.3076923076923077,0.29814472583859014,0.3992711840455896,3
299,1013,Experience 1013,Sports,0.8486275995976889,0.743877614526904,0.1274827038621261,0.2359972626205526,20,Creative,Puzzle,0.7474719426315511,0.2254426568910995,22,0.0,0.0,0.0333333333333333,0.380010761230575,0,0.8243153049580219,116,0.3017241379310345,0.29298402529328565,0.4109200076974103,4
299,1014,Experience 1014,Social,0.7084360738896248,0.6919622480914536,0.5066406143622445,0.7631554898199004,35,Creative,Puzzle,0.7474719426315511,0.2254426568910995,22,0.0,0.0,0.2166666666666666,0.7591686717306934,0,0.9721541483319117,117,0.29914529914529914,0.29084545576559745,0.47852794912225727,5
300,1043,Experience 1043,Creative,0.8838983032607785,0.7641225701636372,0.5942808569171103,0.6062993981927156,47,Strategy,Adventure,0.2222263323573183,0.4334253980963043,44,0.0,0.0,0.05,0.6279454754402081,0,0.7015029689436555,110,0.35454545454545455,0.3372755956914373,0.46148385595221264,1
300,1025,Experience 1025,Social,0.838744739121835,0.7279884901895025,0.5876677647056102,0.0811540004238993,14,Strategy,Adventure,0.2222263323573183,0.4334253980963043,44,0.0,0.0,0.5,0.634558567651708,0,0.9380202804458626,120,0.31666666666666665,0.30604162457062034,0.4682021859113053,2
300,1064,Experience 1064,Puzzle,0.6204758892789963,0.4435351922580418,0.6632419642315316,0.276207363456566,49,Strategy,Adventure,0.2222263323573183,0.4334253980963043,44,0.0,0.0,0.0833333333333333,0.5589843681257867,0,0.984872554405219,94,0.2765957446808511,0.27057743368321796,0.3718592330102456,3
300,1090,Experience 1090,Puzzle,0.5586098880458512,0.4251872277402517,0.5338484342208252,0.861814417816014,19,Strategy,Adventure,0.2222263323573183,0.4334253980963043,44,0.0,0.0,0.4166666666666667,0.6883778981364932,0,0.7765663653546176,121,0.2727272727272727,0.26841012368714073,0.32902625578254263,4
300,1108,Experience 1108,Puzzle,0.8425576923542274,0.4822507608830354,0.666849920378606,0.8027206052883656,21,Strategy,Adventure,0.2222263323573183,0.4334253980963043,44,0.0,0.0,0.3833333333333333,0.5553764119787123,0,0.9086820630940861,92,0.2717391304347826,0.2664806021418468,0.3869860433831043,5
301,1061,Experience 1061,Social,0.9515114053456256,0.4883887845440612,0.3838014404080356,0.6777086144544695,56,Creative,Sports,0.3786447711778564,0.4136007987866604,31,0.0,0.0,0.4166666666666667,0.9948433307698208,0,0.7861293707937751,113,0.3274336283185841,0.3146302815029086,0.5816742364577098,1
301,1058,Experience 1058,Social,0.5666390936836835,0.5294440043668863,0.4156619036213059,0.2647117106195373,52,Creative,Sports,0.3786447711778564,0.4136007987866604,31,0.0,0.0,0.35,0.9629828675565506,0,0.7008205354613086,100,0.32,0.30704856199905706,0.49379461370515826,2
301,1107,Experience 1107,Social,0.7428970964662264,0.8045676070342606,0.8160785123357384,0.9076048913904824,23,Creative,Sports,0.3786447711778564,0.4136007987866604,31,0.0,0.0,0.1333333333333333,0.5625662588421181,0,0.8059445310002462,139,0.30935251798561153,0.3009171537099802,0.5147241069618854,3
301,1088,Experience 1088,Sports,0.931739259022481,0.4207879774878386,0.5549692853271866,0.4100487869149942,11,Creative,Sports,0.3786447711778564,0.4136007987866604,31,0.0,1.0,0.3333333333333333,0.8236754858506699,0,0.8502746811488435,113,0.3008849557522124,0.292073890525465,0.6678049503413358,4
301,1069,Experience 1069,Puzzle,0.8068156107352968,0.6551858372056814,0.8842124935251735,0.2530347499296835,35,Creative,Sports,0.3786447711778564,0.4136007987866604,31,0.0,0.0,0.0666666666666666,0.4944322776526829,1,0.7833747552535358,121,0.2892561983471074,0.2825945208502613,0.4669580345046901,5
302,1053,Experience 1053,Puzzle,0.7426572934279929,0.7514869168546299,0.2904976508730454,0.8341208920021081,34,Strategy,Simulation,0.3768805001632741,0.6708325319749654,53,0.0,0.0,0.3166666666666666,0.9136171507097712,0,0.9013870200451669,102,0.3431372549019608,0.3266051429498922,0.4447050575514321,1
302,1061,Experience 1061,Social,0.9515114053456256,0.4883887845440612,0.3838014404080356,0.6777086144544695,56,Strategy,Simulation,0.3768805001632741,0.6708325319749654,53,0.0,0.0,0.05,0.9930790597552386,1,0.9307174411324501,113,0.3274336283185841,0.3146302815029086,0.5886548331290676,2
302,1109,Experience 1109,Social,0.5415451963988065,0.6320276759129257,0.4602651355822746,0.2660308726216652,48,Strategy,Simulation,0.3768805001632741,0.6708325319749654,53,0.0,0.0,0.0833333333333333,0.9166153645809996,0,0.8598086985588841,125,0.312,0.30238501682680585,0.4849573765716597,3
302,1044,Experience 1044,Action,0.8578996664042653,0.7405382156713768,0.540545681694017,0.9388053542070384,40,Strategy,Simulation,0.3768805001632741,0.6708325319749654,53,0.0,0.0,0.2166666666666666,0.8363348184692572,0,0.8517962456093986,112,0.2857142857142857,0.27913505636277913,0.47219461739292656,4
302,1060,Experience 1060,Strategy,0.8620933017122632,0.1051567799118504,0.3772606570904063,0.1400554046894906,58,Strategy,Simulation,0.3768805001632741,0.6708325319749654,53,1.0,0.0,0.0833333333333333,0.9996198430728678,1,0.739565547871127,102,0.27450980392156865,0.2692280937695643,0.7995410333090893,5
303,1013,Experience 1013,Sports,0.8486275995976889,0.743877614526904,0.1274827038621261,0.2359972626205526,20,Creative,Puzzle,0.6630358384558991,0.4324904808250934,50,0.0,0.0,0.5,0.464446865406227,0,0.9550650980363942,116,0.3017241379310345,0.29298402529328565,0.40373862972438074,1
303,1014,Experience 1014,Social,0.7084360738896248,0.6919622480914536,0.5066406143622445,0.7631554898199004,35,Creative,Puzzle,0.6630358384558991,0.4324904808250934,50,0.0,0.0,0.25,0.8436047759063454,0,0.733348042591091,117,0.29914529914529914,0.29084545576559745,0.5167523547637299,2
303,1032,Experience 1032,Action,0.9183909657409184,0.1782087510115781,0.2798409650960937,0.836613041032693,59,Creative,Puzzle,0.6630358384558991,0.4324904808250934,50,0.0,0.0,0.15,0.6168051266401946,0,0.8776631511452567,120,0.275,0.27032733885633464,0.4295345536286146,3
303,1055,Experience 1055,Action,0.9121309206982589,0.3826203354113438,0.2499073592941251,0.1919211614110854,38,Creative,Puzzle,0.6630358384558991,0.4324904808250934,50,0.0,0.0,0.2,0.586871520838226,0,0.9823383967080825,114,0.23684210526315788,0.237655428655872,0.4347945344252952,4
303,1026,Experience 1026,Puzzle,0.7847705334160814,0.4236675665053301,0.2918167090217533,0.0158055554401338,14,Creative,Puzzle,0.6630358384558991,0.4324904808250934,50,0.0,1.0,0.6,0.6287808705658542,0,0.7968219034080012,111,0.1981981981981982,0.2049299804571515,0.5485239526201345,5
304,1059,Experience 1059,Social,0.7489549716721217,0.4911530499138364,0.6826986067555766,0.9132851837019758,49,Puzzle,Action,0.8117352356591269,0.4225003533976286,29,0.0,0.0,0.3333333333333333,0.8709633710964497,0,0.9736230991460211,105,0.34285714285714286,0.32676661951909475,0.4736781075835996,1
304,1111,Experience 1111,Sports,0.9428982678236224,0.8155250577848677,0.575778764164542,0.2547283501174674,25,Puzzle,Action,0.8117352356591269,0.4225003533976286,29,0.0,0.0,0.0666666666666666,0.7640435285054151,0,0.7259488143199998,139,0.3237410071942446,0.31349577006218143,0.5067271440700497,2
304,1052,Experience 1052,Creative,0.6879474895864814,0.8150878066775633,0.5427584275418881,0.4028796085076296,43,Puzzle,Action,0.8117352356591269,0.4225003533976286,29,0.0,0.0,0.2333333333333333,0.7310231918827612,0,0.9633667430878646,129,0.3178294573643411,0.30769011704622046,0.4008657124503707,3
304,1058,Experience 1058,Social,0.5666390936836835,0.5294440043668863,0.4156619036213059,0.2647117106195373,52,Puzzle,Action,0.8117352356591269,0.4225003533976286,29,0.0,0.0,0.3833333333333333,0.6039266679621791,0,0.7993421879322798,100,0.32,0.30704856199905706,0.37768600209446535,4
304,1067,Experience 1067,Creative,0.788764048918011,0.4580972487220676,0.5921026845821029,0.4299570499000478,43,Puzzle,Action,0.8117352356591269,0.4225003533976286,29,0.0,0.0,0.2333333333333333,0.780367448922976,0,0.9098264628770657,119,0.31092436974789917,0.30104911827256725,0.4092715623841081,5
305,1109,Experience 1109,Social,0.5415451963988065,0.6320276759129257,0.4602651355822746,0.2660308726216652,48,Sports,Social,0.4936766912514721,0.4013517388855139,43,0.0,1.0,0.0833333333333333,0.9665884443308024,0,0.7484070343423869,125,0.312,0.30238501682680585,0.696035175742379,1
305,1069,Experience 1069,Puzzle,0.8068156107352968,0.6551858372056814,0.8842124935251735,0.2530347499296835,35,Sports,Social,0.4936766912514721,0.4013517388855139,43,0.0,0.0,0.1333333333333333,0.6094641977262987,0,0.7152050060461591,121,0.2892561983471074,0.2825945208502613,0.49035681998407327,2
305,1032,Experience 1032,Action,0.9183909657409184,0.1782087510115781,0.2798409650960937,0.836613041032693,59,Sports,Social,0.4936766912514721,0.4013517388855139,43,0.0,0.0,0.2666666666666666,0.7861642738446215,1,0.8278879478446471,120,0.275,0.27032733885633464,0.4666150969992855,3
305,1108,Experience 1108,Puzzle,0.8425576923542274,0.4822507608830354,0.666849920378606,0.8027206052883656,21,Sports,Social,0.4936766912514721,0.4013517388855139,43,0.0,0.0,0.3666666666666666,0.826826770872866,0,0.7664595886187653,92,0.2717391304347826,0.2664806021418468,0.4825678855203403,4
305,1011,Experience 1011,Strategy,0.8438936347604792,0.3089791482471649,0.5527453913687409,0.302964628837302,52,Sports,Social,0.4936766912514721,0.4013517388855139,43,0.0,0.0,0.15,0.9409312998827312,1,0.7716785650440535,123,0.2682926829268293,0.26465613594326465,0.48866715095674934,5
306,1059,Experience 1059,Social,0.7489549716721217,0.4911530499138364,0.6826986067555766,0.9132851837019758,49,Adventure,Simulation,0.3968415799655809,0.2001258164347115,30,0.0,0.0,0.3166666666666666,0.7141429732100043,0,0.7275764107731805,105,0.34285714285714286,0.32676661951909475,0.43607490383659114,1
306,1053,Experience 1053,Puzzle,0.7426572934279929,0.7514869168546299,0.2904976508730454,0.8341208920021081,34,Adventure,Simulation,0.3968415799655809,0.2001258164347115,30,0.0,0.0,0.0666666666666666,0.8936560709074646,0,0.8871418829179898,102,0.3431372549019608,0.3266051429498922,0.43496258248629394,2
306,1111,Experience 1111,Sports,0.9428982678236224,0.8155250577848677,0.575778764164542,0.2547283501174674,25,Adventure,Simulation,0.3968415799655809,0.2001258164347115,30,0.0,0.0,0.0833333333333333,0.8210628158010389,0,0.8350938895014238,139,0.3237410071942446,0.31349577006218143,0.5029787848537786,3
306,1033,Experience 1033,Simulation,0.8859147305780027,0.259942782541492,0.2648265360525452,0.1086571032622624,31,Adventure,Simulation,0.3968415799655809,0.2001258164347115,30,0.0,1.0,0.0166666666666666,0.8679849560869644,0,0.9880456599557392,120,0.275,0.27032733885633464,0.5923055797323445,4
306,1108,Experience 1108,Puzzle,0.8425576923542274,0.4822507608830354,0.666849920378606,0.8027206052883656,21,Adventure,Simulation,0.3968415799655809,0.2001258164347115,30,0.0,0.0,0.15,0.7299916595869749,0,0.9264344174702351,92,0.2717391304347826,0.2664806021418468,0.41509165890932764,5
307,1043,Experience 1043,Creative,0.8838983032607785,0.7641225701636372,0.5942808569171103,0.6062993981927156,47,Adventure,Action,0.4731780255873225,0.2794882143899236,25,0.0,0.0,0.3666666666666666,0.8788971686702123,0,0.9877341201272278,110,0.35454545454545455,0.3372755956914373,0.4574881228059917,1
307,1052,Experience 1052,Creative,0.6879474895864814,0.8150878066775633,0.5427584275418881,0.4028796085076296,43,Adventure,Action,0.4731780255873225,0.2794882143899236,25,0.0,0.0,0.3,0.9304195980454344,0,0.9770946145037764,129,0.3178294573643411,0.30769011704622046,0.42737125732396203,2
307,1119,Experience 1119,Action,0.8086136050725224,0.7572883677081093,0.5086964614589882,0.1619415702496311,9,Adventure,Action,0.4731780255873225,0.2794882143899236,25,0.0,1.0,0.2666666666666666,0.9644815641283344,0,0.7301267951645342,115,0.30434782608695654,0.29515427733249516,0.6271321948361612,3
307,1088,Experience 1088,Sports,0.931739259022481,0.4207879774878386,0.5549692853271866,0.4100487869149942,11,Adventure,Action,0.4731780255873225,0.2794882143899236,25,0.0,0.0,0.2333333333333333,0.918208740260136,0,0.773189199748892,113,0.3008849557522124,0.292073890525465,0.4771447463038497,4
307,1074,Experience 1074,Social,0.7411737446379107,0.1336446501121093,0.5667526591354218,0.2130749343990023,32,Adventure,Action,0.4731780255873225,0.2794882143899236,25,0.0,0.0,0.1166666666666666,0.9064253664519006,0,0.8367051955938971,149,0.2953020134228188,0.28902856473305827,0.47253883581084066,5
308,1100,Experience 1100,Sports,0.8539423752816214,0.5771516782683807,0.6603015579098336,0.097787997445443,39,Action,Simulation,0.5784382915548223,0.5222408747065599,21,0.0,0.0,0.3,0.9181367336449888,0,0.8182683476581067,107,0.3177570093457944,0.3058726570069831,0.4945993516171703,1
308,1067,Experience 1067,Creative,0.788764048918011,0.4580972487220676,0.5921026845821029,0.4299570499000478,43,Action,Simulation,0.5784382915548223,0.5222408747065599,21,0.0,0.0,0.3666666666666666,0.9863356069727194,0,0.8222913327063216,119,0.31092436974789917,0.30104911827256725,0.44910803612708744,2
308,1088,Experience 1088,Sports,0.931739259022481,0.4207879774878386,0.5549692853271866,0.4100487869149942,11,Action,Simulation,0.5784382915548223,0.5222408747065599,21,0.0,0.0,0.1666666666666666,0.9765309937723644,0,0.737158893475303,113,0.3008849557522124,0.292073890525465,0.5136605491931157,3
308,1007,Experience 1007,Social,0.6113602755027672,0.3693255620200327,0.760432490906593,0.3138467721116466,56,Action,Simulation,0.5784382915548223,0.5222408747065599,21,0.0,0.0,0.5833333333333334,0.8180058006482293,0,0.7222909950718377,112,0.24107142857142858,0.24125626848399126,0.423665113597678,4
308,1021,Experience 1021,Creative,0.6317033375365485,0.227795161908673,0.5969784094803497,0.8897794665398687,40,Action,Simulation,0.5784382915548223,0.5222408747065599,21,0.0,0.0,0.3166666666666666,0.9814598820744724,0,0.7698130447264366,117,0.23931623931623933,0.23975056525464852,0.3918152738582791,5
309,1059,Experience 1059,Social,0.7489549716721217,0.4911530499138364,0.6826986067555766,0.9132851837019758,49,Creative,Action,0.603661117458002,0.931493513861694,37,0.0,0.0,0.2,0.9209625107024254,1,0.9190297768082066,105,0.34285714285714286,0.32676661951909475,0.5405511835772387,1
309,1061,Experience 1061,Social,0.9515114053456256,0.4883887845440612,0.3838014404080356,0.6777086144544695,56,Creative,Action,0.603661117458002,0.931493513861694,37,0.0,0.0,0.3166666666666666,0.7801403229500337,0,0.7105627260270635,113,0.3274336283185841,0.3146302815029086,0.5472508892872158,2
309,1000,Experience 1000,Action,0.9096695293967186,0.6516437731703687,0.6290364009047581,0.2407530712142694,49,Creative,Action,0.603661117458002,0.931493513861694,37,0.0,1.0,0.2,0.974624716553244,1,0.9385345543523632,124,0.3225806451612903,0.31142935722143644,0.7011544513027853,3
309,1023,Experience 1023,Strategy,0.934275144868182,0.4241492862896971,0.2179097364670654,0.7914514878076223,48,Creative,Action,0.603661117458002,0.931493513861694,37,0.0,0.0,0.1833333333333333,0.6142486190090635,0,0.8702402122396836,110,0.2818181818181818,0.2757371341529757,0.42286307363509457,4
309,1108,Experience 1108,Puzzle,0.8425576923542274,0.4822507608830354,0.666849920378606,0.8027206052883656,21,Creative,Action,0.603661117458002,0.931493513861694,37,0.0,0.0,0.2666666666666666,0.936811197079396,1,0.9249590488995961,92,0.2717391304347826,0.2664806021418468,0.49458116075011216,5
310,1084,Experience 1084,Social,0.6722561348379004,0.2863456816441453,0.5362524927433157,0.7470758006298863,26,Creative,Social,0.6228038697848408,0.815484952759553,28,0.0,1.0,0.0333333333333333,0.9134486229584748,1,0.9496166835699285,111,0.35135135135135137,0.3347009728235637,0.704926169937086,1
310,1002,Experience 1002,Social,0.5654662227449457,0.1419781043952984,0.4876512775379703,0.1763555764178013,30,Creative,Social,0.6228038697848408,0.815484952759553,28,0.0,1.0,0.0333333333333333,0.8648474077531295,1,0.8898168784991491,125,0.312,0.30238501682680585,0.6691839567800018,2
310,1044,Experience 1044,Action,0.8578996664042653,0.7405382156713768,0.540545681694017,0.9388053542070384,40,Creative,Social,0.6228038697848408,0.815484952759553,28,0.0,0.0,0.2,0.917741811909176,0,0.70816005728767,112,0.2857142857142857,0.27913505636277913,0.5441001114220252,3
310,1032,Experience 1032,Action,0.9183909657409184,0.1782087510115781,0.2798409650960937,0.836613041032693,59,Creative,Social,0.6228038697848408,0.815484952759553,28,0.0,0.0,0.5166666666666667,0.6570370953112529,0,0.9523855865651905,120,0.275,0.27032733885633464,0.432456957262212,4
310,1098,Experience 1098,Social,0.534058177188557,0.4459803600128759,0.2707495249900757,0.7298152463028666,35,Creative,Social,0.6228038697848408,0.815484952759553,28,0.0,1.0,0.1166666666666666,0.647945655205235,0,0.976495646477251,130,0.26153846153846155,0.25897218293257895,0.6278238306734264,5
311,1084,Experience 1084,Social,0.6722561348379004,0.2863456816441453,0.5362524927433157,0.7470758006298863,26,Sports,Strategy,0.6090956780082067,0.3935865999449646,15,0.0,0.0,0.1833333333333333,0.9271568147351088,0,0.9710221306425897,111,0.35135135135135137,0.3347009728235637,0.4561364934648445,1
311,1100,Experience 1100,Sports,0.8539423752816214,0.5771516782683807,0.6603015579098336,0.097787997445443,39,Sports,Strategy,0.6090956780082067,0.3935865999449646,15,1.0,0.0,0.4,0.9487941200983732,1,0.9648637622460711,107,0.3177570093457944,0.3058726570069831,0.8129453868277035,2
311,1069,Experience 1069,Puzzle,0.8068156107352968,0.6551858372056814,0.8842124935251735,0.2530347499296835,35,Sports,Strategy,0.6090956780082067,0.3935865999449646,15,0.0,0.0,0.3333333333333333,0.7248831844830332,0,0.8751628342930172,121,0.2892561983471074,0.2825945208502613,0.42842067459739663,3
311,1023,Experience 1023,Strategy,0.934275144868182,0.4241492862896971,0.2179097364670654,0.7914514878076223,48,Sports,Strategy,0.6090956780082067,0.3935865999449646,15,0.0,1.0,0.55,0.6088140584588587,0,0.8820520675296294,110,0.2818181818181818,0.2757371341529757,0.5108579295931955,4
311,1006,Experience 1006,Action,0.8770181756508404,0.5275353377269014,0.8047332447846338,0.7517807092307816,28,Sports,Strategy,0.6090956780082067,0.3935865999449646,15,0.0,0.0,0.2166666666666666,0.8043624332235729,0,0.9353466496230052,103,0.27184466019417475,0.26703924747875485,0.44497108444127087,5
312,1043,Experience 1043,Creative,0.8838983032607785,0.7641225701636372,0.5942808569171103,0.6062993981927156,47,Puzzle,Action,0.6986763645829261,0.4564175622385303,13,0.0,0.0,0.5666666666666667,0.8956044923341842,1,0.7794854336049629,110,0.35454545454545455,0.3372755956914373,0.43536721228823644,1
312,1111,Experience 1111,Sports,0.9428982678236224,0.8155250577848677,0.575778764164542,0.2547283501174674,25,Puzzle,Action,0.6986763645829261,0.4564175622385303,13,0.0,0.0,0.2,0.8771023995816158,1,0.9999484923963242,139,0.3237410071942446,0.31349577006218143,0.5075548439366512,2
312,1102,Experience 1102,Sports,0.9402838286695968,0.4125021221616953,0.1907643304361418,0.200562471321554,40,Puzzle,Action,0.6986763645829261,0.4564175622385303,13,0.0,0.0,0.45,0.4920879658532157,0,0.8232269530185736,117,0.3076923076923077,0.29814472583859014,0.37323602532768757,3
312,1074,Experience 1074,Social,0.7411737446379107,0.1336446501121093,0.5667526591354218,0.2130749343990023,32,Puzzle,Action,0.6986763645829261,0.4564175622385303,13,0.0,0.0,0.3166666666666666,0.8680762945524957,0,0.939086585807392,149,0.2953020134228188,0.28902856473305827,0.4407044706912984,4
312,1033,Experience 1033,Simulation,0.8859147305780027,0.259942782541492,0.2648265360525452,0.1086571032622624,31,Puzzle,Action,0.6986763645829261,0.4564175622385303,13,0.0,0.0,0.3,0.5661501714696191,0,0.7823038675438574,120,0.275,0.27032733885633464,0.3500412007818962,5
313,1102,Experience 1102,Sports,0.9402838286695968,0.4125021221616953,0.1907643304361418,0.200562471321554,40,Simulation,Sports,0.6055248845564541,0.4411342744259532,19,0.0,1.0,0.35,0.5852394458796877,0,0.9967306511785997,117,0.3076923076923077,0.29814472583859014,0.5937920720113324,1
313,1110,Experience 1110,Creative,0.8487034770737338,0.6513439158584452,0.7080979103356375,0.2741343936886083,18,Simulation,Sports,0.6055248845564541,0.4411342744259532,19,0.0,0.0,0.0166666666666666,0.8974269742208166,0,0.7461642270058175,109,0.28440366972477066,0.2778746313169523,0.5035867198367406,2
313,1108,Experience 1108,Puzzle,0.8425576923542274,0.4822507608830354,0.666849920378606,0.8027206052883656,21,Simulation,Sports,0.6055248845564541,0.4411342744259532,19,0.0,0.0,0.0333333333333333,0.938674964177848,1,0.9200517755547277,92,0.2717391304347826,0.2664806021418468,0.4958750644602009,3
313,1046,Experience 1046,Puzzle,0.9358581895296346,0.2937905951089806,0.3646871905132503,0.5570017818814502,30,Simulation,Sports,0.6055248845564541,0.4411342744259532,19,0.0,0.0,0.1833333333333333,0.7591623059567962,1,0.7964708645775993,124,0.2661290322580645,0.26281824611032534,0.4507361354898241,4
313,1091,Experience 1091,Sports,0.6742348817628386,0.2717222536331008,0.7498162980972818,0.6422524185679935,12,Simulation,Sports,0.6055248845564541,0.4411342744259532,19,0.0,1.0,0.1166666666666666,0.8557085864591724,0,0.9516324766034732,105,0.2571428571428571,0.25476661951909474,0.5984635434650857,5
314,1000,Experience 1000,Action,0.9096695293967186,0.6516437731703687,0.6290364009047581,0.2407530712142694,49,Puzzle,Action,0.6459511791228955,0.5143876288591537,17,0.0,1.0,0.5333333333333333,0.9830852217818626,1,0.8432062694484074,124,0.3225806451612903,0.31142935722143644,0.6330391014084938,1
314,1058,Experience 1058,Social,0.5666390936836835,0.5294440043668863,0.4156619036213059,0.2647117106195373,52,Puzzle,Action,0.6459511791228955,0.5143876288591537,17,0.0,0.0,0.5833333333333334,0.7697107244984105,0,0.7970679878569188,100,0.32,0.30704856199905706,0.3862074340242808,2
314,1100,Experience 1100,Sports,0.8539423752816214,0.5771516782683807,0.6603015579098336,0.097787997445443,39,Puzzle,Action,0.6459511791228955,0.5143876288591537,17,0.0,0.0,0.3666666666666666,0.985649621213062,0,0.7979350097633396,107,0.3177570093457944,0.3058726570069831,0.48194112392337907,3
314,1119,Experience 1119,Action,0.8086136050725224,0.7572883677081093,0.5086964614589882,0.1619415702496311,9,Puzzle,Action,0.6459511791228955,0.5143876288591537,17,0.0,1.0,0.1333333333333333,0.8627452823360927,0,0.8126183821291351,115,0.30434782608695654,0.29515427733249516,0.6250800990157216,4
314,1014,Experience 1014,Social,0.7084360738896248,0.6919622480914536,0.5066406143622445,0.7631554898199004,35,Puzzle,Action,0.6459511791228955,0.5143876288591537,17,0.0,0.0,0.3,0.860689435239349,0,0.8730562782144091,117,0.29914529914529914,0.29084545576559745,0.4733285977460536,5
315,1084,Experience 1084,Social,0.6722561348379004,0.2863456816441453,0.5362524927433157,0.7470758006298863,26,Creative,Social,0.4472193245512152,0.4809830483818709,44,0.0,1.0,0.3,0.9109668318078996,1,0.7027024818594418,111,0.35135135135135137,0.3347009728235637,0.6757068594684372,1
315,1111,Experience 1111,Sports,0.9428982678236224,0.8155250577848677,0.575778764164542,0.2547283501174674,25,Creative,Social,0.4472193245512152,0.4809830483818709,44,0.0,0.0,0.3166666666666666,0.8714405603866733,0,0.7656987672838199,139,0.3237410071942446,0.31349577006218143,0.5698257655876623,2
315,1074,Experience 1074,Social,0.7411737446379107,0.1336446501121093,0.5667526591354218,0.2130749343990023,32,Creative,Social,0.4472193245512152,0.4809830483818709,44,0.0,1.0,0.2,0.8804666654157934,0,0.9802384700112018,149,0.2953020134228188,0.28902856473305827,0.6924885788203554,3
315,1106,Experience 1106,Sports,0.8146785788760947,0.3647619692710552,0.6750256601127794,0.7960604476258709,49,Creative,Social,0.4472193245512152,0.4809830483818709,44,0.0,0.0,0.0833333333333333,0.7721936644384358,0,0.7136471887535436,128,0.28125,0.275985320539776,0.5127477021812525,4
315,1115,Experience 1115,Simulation,0.626658707429628,0.7075065986188209,0.5404405149990236,0.2246894745458737,42,Creative,Social,0.4472193245512152,0.4809830483818709,44,0.0,0.0,0.0333333333333333,0.9067788095521916,0,0.7651680552429493,112,0.2767857142857143,0.27155929878702156,0.4891912538320226,5
316,1000,Experience 1000,Action,0.9096695293967186,0.6516437731703687,0.6290364009047581,0.2407530712142694,49,Strategy,Adventure,0.3384788125799188,0.5204628265284188,54,0.0,0.0,0.0833333333333333,0.7094424116751608,0,0.932450601155087,124,0.3225806451612903,0.31142935722143644,0.48463495407007284,1
316,1013,Experience 1013,Sports,0.8486275995976889,0.743877614526904,0.1274827038621261,0.2359972626205526,20,Strategy,Adventure,0.3384788125799188,0.5204628265284188,54,0.0,0.0,0.5666666666666667,0.7890038912822074,0,0.9182842922197983,116,0.3017241379310345,0.29298402529328565,0.43303832993493735,2
316,1069,Experience 1069,Puzzle,0.8068156107352968,0.6551858372056814,0.8842124935251735,0.2530347499296835,35,Strategy,Adventure,0.3384788125799188,0.5204628265284188,54,0.0,0.0,0.3166666666666666,0.4542663190547453,0,0.8902250924478954,121,0.2892561983471074,0.2825945208502613,0.404825150359855,3
316,1008,Experience 1008,Adventure,0.8415828324170402,0.3364498304651394,0.599089106012921,0.2728043301458357,40,Strategy,Adventure,0.3384788125799188,0.5204628265284188,54,0.0,1.0,0.2333333333333333,0.7393897065669979,0,0.9330359507887295,117,0.27350427350427353,0.2689476455466193,0.584815578406882,4
316,1090,Experience 1090,Puzzle,0.5586098880458512,0.4251872277402517,0.5338484342208252,0.861814417816014,19,Strategy,Adventure,0.3384788125799188,0.5204628265284188,54,0.0,0.0,0.5833333333333334,0.8046303783590936,0,0.8050775826751934,121,0.2727272727272727,0.26841012368714073,0.3386821370199544,5
317,1061,Experience 1061,Social,0.9515114053456256,0.4883887845440612,0.3838014404080356,0.6777086144544695,56,Social,Action,0.4039523570792578,0.28772419089315,28,1.0,0.0,0.4666666666666667,0.9798490833287776,1,0.8900623110027032,113,0.3274336283185841,0.3146302815029086,0.8456550078517789,1
317,1102,Experience 1102,Sports,0.9402838286695968,0.4125021221616953,0.1907643304361418,0.200562471321554,40,Social,Action,0.4039523570792578,0.28772419089315,28,0.0,0.0,0.2,0.7868119733568839,0,0.8059095762800107,117,0.3076923076923077,0.29814472583859014,0.46046799127416893,2
317,1009,Experience 1009,Action,0.7987178764315418,0.3460501829476273,0.2238314684756084,0.130890330850495,53,Social,Action,0.4039523570792578,0.28772419089315,28,0.0,1.0,0.4166666666666667,0.8198791113963506,1,0.7190691207040112,104,0.28846153846153844,0.28101473741844224,0.559827659585159,3
317,1110,Experience 1110,Creative,0.8487034770737338,0.6513439158584452,0.7080979103356375,0.2741343936886083,18,Social,Action,0.4039523570792578,0.28772419089315,28,0.0,0.0,0.1666666666666666,0.6958544467436203,1,0.7511893376474396,109,0.28440366972477066,0.2778746313169523,0.438685778135329,4
317,1106,Experience 1106,Sports,0.8146785788760947,0.3647619692710552,0.6750256601127794,0.7960604476258709,49,Social,Action,0.4039523570792578,0.28772419089315,28,0.0,0.0,0.35,0.7289266969664785,0,0.7873450226559309,128,0.28125,0.275985320539776,0.4135300360897559,5
318,1078,Experience 1078,Simulation,0.9139745006021852,0.4875947260651535,0.1081242288365573,0.0386443098268846,51,Action,Adventure,0.5889286927220243,0.0825365333055364,55,0.0,0.0,0.0666666666666666,0.5191955361145331,0,0.9306107734026665,97,0.23711340206185566,0.23799852512723801,0.41274797658112594,1
318,1118,Experience 1118,Adventure,0.6594774101626886,0.3565880675711896,0.5086937555214479,0.0351168111096665,58,Action,Adventure,0.5889286927220243,0.0825365333055364,55,0.0,1.0,0.05,0.9197650627994236,0,0.7795492514271459,109,0.21100917431192662,0.21585912744098332,0.5933759473858714,2
318,1097,Experience 1097,Social,0.6621084266035628,0.3766200397542547,0.5070806368539267,0.2458755870050586,23,Action,Adventure,0.5889286927220243,0.0825365333055364,55,0.0,0.0,0.5333333333333333,0.9181519441319024,0,0.7743659299298933,128,0.203125,0.20841775297220844,0.44752794348097436,3
318,1101,Experience 1101,Adventure,0.7760911633714107,0.1624374115097873,0.2510263664566988,0.468231405693584,28,Action,Adventure,0.5889286927220243,0.0825365333055364,55,0.0,1.0,0.45,0.6620976737346744,0,0.7896943865434517,106,0.19811320754716982,0.20512561460227657,0.5009442413895382,4
319,1088,Experience 1088,Sports,0.931739259022481,0.4207879774878386,0.5549692853271866,0.4100487869149942,11,Puzzle,Creative,0.3415878257726254,0.7765319647671018,28,0.0,0.0,0.2833333333333333,0.7866185404454389,0,0.7392532842732344,113,0.3008849557522124,0.292073890525465,0.48815530964825404,1
319,1074,Experience 1074,Social,0.7411737446379107,0.1336446501121093,0.5667526591354218,0.2130749343990023,32,Puzzle,Creative,0.3415878257726254,0.7765319647671018,28,0.0,0.0,0.0666666666666666,0.7748351666372035,0,0.8659586624480162,149,0.2953020134228188,0.28902856473305827,0.494077479456138,2
319,1106,Experience 1106,Sports,0.8146785788760947,0.3647619692710552,0.6750256601127794,0.7960604476258709,49,Puzzle,Creative,0.3415878257726254,0.7765319647671018,28,0.0,0.0,0.35,0.6665621656598459,0,0.7424816078285957,128,0.28125,0.275985320539776,0.43411264343840766,3
319,1092,Experience 1092,Sports,0.8280410369904486,0.5343815491606264,0.7426691928850321,0.6904019545155015,39,Puzzle,Creative,0.3415878257726254,0.7765319647671018,28,0.0,0.0,0.1833333333333333,0.5989186328875933,0,0.7512082279112896,128,0.2421875,0.2422015367559922,0.4576923182513486,4
319,1076,Experience 1076,Creative,0.7805257487778566,0.3562342599893083,0.7812983230640933,0.571167362055741,8,Puzzle,Creative,0.3415878257726254,0.7765319647671018,28,0.0,1.0,0.3333333333333333,0.5602895027085322,0,0.745876615700934,124,0.23387096774193547,0.23504046833254755,0.558268497856784,5
320,1069,Experience 1069,Puzzle,0.8068156107352968,0.6551858372056814,0.8842124935251735,0.2530347499296835,35,Adventure,Puzzle,0.4728144699626622,0.3751627475101245,41,0.0,1.0,0.1,0.5886019764374887,1,0.8981420334647717,121,0.2892561983471074,0.2825945208502613,0.6272717409132919,1
320,1006,Experience 1006,Action,0.8770181756508404,0.5275353377269014,0.8047332447846338,0.7517807092307816,28,Adventure,Puzzle,0.4728144699626622,0.3751627475101245,41,0.0,0.0,0.2166666666666666,0.6680812251780284,1,0.8360559916807658,103,0.27184466019417475,0.26703924747875485,0.4505080039819062,2
320,1108,Experience 1108,Puzzle,0.8425576923542274,0.4822507608830354,0.666849920378606,0.8027206052883656,21,Adventure,Puzzle,0.4728144699626622,0.3751627475101245,41,0.0,1.0,0.3333333333333333,0.8059645495840562,0,0.7662896029431306,92,0.2717391304347826,0.2664806021418468,0.6199535307930326,3
320,1046,Experience 1046,Puzzle,0.9358581895296346,0.2937905951089806,0.3646871905132503,0.5570017818814502,30,Adventure,Puzzle,0.4728144699626622,0.3751627475101245,41,0.0,1.0,0.1833333333333333,0.8918727205505881,0,0.7658442557365011,124,0.2661290322580645,0.26281824611032534,0.6506299448901013,4
320,1091,Experience 1091,Sports,0.6742348817628386,0.2717222536331008,0.7498162980972818,0.6422524185679935,12,Adventure,Puzzle,0.4728144699626622,0.3751627475101245,41,0.0,0.0,0.4833333333333333,0.7229981718653804,0,0.9630767816953668,105,0.2571428571428571,0.25476661951909474,0.37770884802145455,5
321,1074,Experience 1074,Social,0.7411737446379107,0.1336446501121093,0.5667526591354218,0.2130749343990023,32,Puzzle,Adventure,0.4268514020797153,0.4422305015559268,28,0.0,0.0,0.0666666666666666,0.8600987429442934,0,0.8644177895600476,149,0.2953020134228188,0.28902856473305827,0.4737675832945232,1
321,1064,Experience 1064,Puzzle,0.6204758892789963,0.4435351922580418,0.6632419642315316,0.276207363456566,49,Puzzle,Adventure,0.4268514020797153,0.4422305015559268,28,1.0,0.0,0.35,0.7636094378481837,0,0.7806577582171024,94,0.2765957446808511,0.27057743368321796,0.740460514390732,2
321,1033,Experience 1033,Simulation,0.8859147305780027,0.259942782541492,0.2648265360525452,0.1086571032622624,31,Puzzle,Adventure,0.4268514020797153,0.4422305015559268,28,0.0,0.0,0.05,0.83797513397283,1,0.9262383981854276,120,0.275,0.27032733885633464,0.42842360750143327,3
321,1005,Experience 1005,Sports,0.725440926488475,0.5102685875213342,0.2459903544501388,0.2409271164143122,19,Puzzle,Adventure,0.4268514020797153,0.4422305015559268,28,0.0,0.0,0.15,0.8191389523704236,0,0.7699379739096018,114,0.2543859649122807,0.25258080179020037,0.4189457312535795,4
321,1083,Experience 1083,Sports,0.5638116113845065,0.5523903507798276,0.3674940432740611,0.3952346537588943,26,Puzzle,Adventure,0.4268514020797153,0.4422305015559268,28,0.0,0.0,0.0333333333333333,0.9406426411943458,0,0.9017722644557203,122,0.22950819672131148,0.23130864394286513,0.4190340960966009,5
322,1067,Experience 1067,Creative,0.788764048918011,0.4580972487220676,0.5921026845821029,0.4299570499000478,43,Adventure,Strategy,0.728461668181391,0.5167414689838953,49,0.0,0.0,0.1,0.8636410164007119,0,0.741245433630399,119,0.31092436974789917,0.30104911827256725,0.4562248634207412,1
322,1013,Experience 1013,Sports,0.8486275995976889,0.743877614526904,0.1274827038621261,0.2359972626205526,20,Adventure,Strategy,0.728461668181391,0.5167414689838953,49,0.0,0.0,0.4833333333333333,0.3990210356807351,0,0.7605644508020748,116,0.3017241379310345,0.29298402529328565,0.3726535350409048,2
322,1014,Experience 1014,Social,0.7084360738896248,0.6919622480914536,0.5066406143622445,0.7631554898199004,35,Adventure,Strategy,0.728461668181391,0.5167414689838953,49,0.0,0.0,0.2333333333333333,0.7781789461808535,0,0.7914648342064373,117,0.29914529914529914,0.29084545576559745,0.4840294528323633,3
322,1115,Experience 1115,Simulation,0.626658707429628,0.7075065986188209,0.5404405149990236,0.2246894745458737,42,Adventure,Strategy,0.728461668181391,0.5167414689838953,49,0.0,0.0,0.1166666666666666,0.8119788468176325,0,0.9681406305902338,112,0.2767857142857143,0.27155929878702156,0.41273774112090944,4
322,1033,Experience 1033,Simulation,0.8859147305780027,0.259942782541492,0.2648265360525452,0.1086571032622624,31,Adventure,Strategy,0.728461668181391,0.5167414689838953,49,0.0,0.0,0.3,0.5363648678711542,0,0.8127959868859502,120,0.275,0.27032733885633464,0.36744643858903925,5
323,1013,Experience 1013,Sports,0.8486275995976889,0.743877614526904,0.1274827038621261,0.2359972626205526,20,Social,Strategy,0.2389536520215662,0.3166463048277639,15,0.0,0.0,0.0833333333333333,0.88852905184056,0,0.8483214401933881,116,0.3017241379310345,0.29298402529328565,0.48195467102956774,1
323,1009,Experience 1009,Action,0.7987178764315418,0.3460501829476273,0.2238314684756084,0.130890330850495,53,Social,Strategy,0.2389536520215662,0.3166463048277639,15,0.0,0.0,0.6333333333333333,0.9848778164540424,1,0.7128148940748943,104,0.28846153846153844,0.28101473741844224,0.3922682497468523,2
323,1075,Experience 1075,Puzzle,0.7701763699744956,0.5714931074517187,0.7080993700732455,0.0043057756676786,58,Social,Strategy,0.2389536520215662,0.3166463048277639,15,0.0,0.0,0.7166666666666667,0.5308542819483207,0,0.843745937127834,114,0.22807017543859648,0.23019274208870782,0.34574074580423664,3
323,1072,Experience 1072,Puzzle,0.7449779069249327,0.3414623639761886,0.973475515285742,0.3783180142237856,25,Social,Strategy,0.2389536520215662,0.3166463048277639,15,0.0,0.0,0.1666666666666666,0.2654781367358242,0,0.7309276624787481,119,0.21008403361344538,0.21471818302076867,0.3338409422415108,4
324,1084,Experience 1084,Social,0.6722561348379004,0.2863456816441453,0.5362524927433157,0.7470758006298863,26,Social,Puzzle,0.777153445791389,0.6495296671988612,26,1.0,0.0,0.0,0.7590990469519266,1,0.9500019697404012,111,0.35135135135135137,0.3347009728235637,0.8185578006877539,1
324,1000,Experience 1000,Action,0.9096695293967186,0.6516437731703687,0.6290364009047581,0.2407530712142694,49,Social,Puzzle,0.777153445791389,0.6495296671988612,26,0.0,0.0,0.3833333333333333,0.8518829551133691,1,0.7946730875005216,124,0.3225806451612903,0.31142935722143644,0.4914273693595783,2
324,1025,Experience 1025,Social,0.838744739121835,0.7279884901895025,0.5876677647056102,0.0811540004238993,14,Social,Puzzle,0.777153445791389,0.6495296671988612,26,1.0,0.0,0.2,0.8105143189142212,0,0.9754503942046224,120,0.31666666666666665,0.30604162457062034,0.8571667280265289,3
324,1002,Experience 1002,Social,0.5654662227449457,0.1419781043952984,0.4876512775379703,0.1763555764178013,30,Social,Puzzle,0.777153445791389,0.6495296671988612,26,1.0,0.0,0.0666666666666666,0.7104978317465813,1,0.8911129488537188,125,0.312,0.30238501682680585,0.787868463177606,4
324,1088,Experience 1088,Sports,0.931739259022481,0.4207879774878386,0.5549692853271866,0.4100487869149942,11,Social,Puzzle,0.777153445791389,0.6495296671988612,26,0.0,0.0,0.25,0.7778158395357976,0,0.7475245854960455,113,0.3008849557522124,0.292073890525465,0.48674792324142746,5
325,1084,Experience 1084,Social,0.6722561348379004,0.2863456816441453,0.5362524927433157,0.7470758006298863,26,Creative,Social,0.4674936218264769,0.0193257586104697,49,0.0,1.0,0.3833333333333333,0.9312411290831611,0,0.9733164966039144,111,0.35135135135135137,0.3347009728235637,0.6522162064734528,1
325,1107,Experience 1107,Social,0.7428970964662264,0.8045676070342606,0.8160785123357384,0.9076048913904824,23,Creative,Social,0.4674936218264769,0.0193257586104697,49,0.0,1.0,0.4333333333333333,0.6514151094907386,1,0.8671190133402659,139,0.30935251798561153,0.3009171537099802,0.6626731270495488,2
325,1037,Experience 1037,Sports,0.7994490651436071,0.7023148063737304,0.3263399911584964,0.9948242136208678,35,Creative,Social,0.4674936218264769,0.0193257586104697,49,0.0,0.0,0.2333333333333333,0.8588463693320195,0,0.735599314871281,120,0.30833333333333335,0.29889876742776317,0.49445845879668365,3
325,1013,Experience 1013,Sports,0.8486275995976889,0.743877614526904,0.1274827038621261,0.2359972626205526,20,Creative,Social,0.4674936218264769,0.0193257586104697,49,0.0,0.0,0.4833333333333333,0.6599890820356492,1,0.7252577867185871,116,0.3017241379310345,0.29298402529328565,0.4467339312623647,4
325,1070,Experience 1070,Sports,0.9021629239090754,0.4240213755135868,0.7602726894428304,0.7757910864370905,50,Creative,Social,0.4674936218264769,0.0193257586104697,49,0.0,0.0,0.0166666666666666,0.7072209323836465,1,0.9416888551243839,111,0.2882882882882883,0.28126585831974693,0.5178101750525422,5
326,1025,Experience 1025,Social,0.838744739121835,0.7279884901895025,0.5876677647056102,0.0811540004238993,14,Social,Simulation,0.4198993416894621,0.6131975831985421,50,1.0,0.0,0.6,0.8322315769838519,0,0.7633840369973751,120,0.31666666666666665,0.30604162457062034,0.8308603922085999,1
326,1011,Experience 1011,Strategy,0.8438936347604792,0.3089791482471649,0.5527453913687409,0.302964628837302,52,Social,Simulation,0.4198993416894621,0.6131975831985421,50,0.0,0.0,0.0333333333333333,0.8671539503207212,0,0.8918223141727559,123,0.2682926829268293,0.26465613594326465,0.44970485984503517,2
326,1005,Experience 1005,Sports,0.725440926488475,0.5102685875213342,0.2459903544501388,0.2409271164143122,19,Social,Simulation,0.4198993416894621,0.6131975831985421,50,0.0,0.0,0.5166666666666667,0.8260910127606768,0,0.9917350553953862,114,0.2543859649122807,0.25258080179020037,0.40234563634233,3
326,1007,Experience 1007,Social,0.6113602755027672,0.3693255620200327,0.760432490906593,0.3138467721116466,56,Social,Simulation,0.4198993416894621,0.6131975831985421,50,1.0,0.0,0.1,0.659466850782869,0,0.9987154996901789,112,0.24107142857142858,0.24125626848399126,0.8003946121078505,4
326,1076,Experience 1076,Creative,0.7805257487778566,0.3562342599893083,0.7812983230640933,0.571167362055741,8,Social,Simulation,0.4198993416894621,0.6131975831985421,50,0.0,0.0,0.7,0.6386010186253688,0,0.7587633490093488,124,0.23387096774193547,0.23504046833254755,0.3512281057244786,5
327,1084,Experience 1084,Social,0.6722561348379004,0.2863456816441453,0.5362524927433157,0.7470758006298863,26,Strategy,Action,0.1149145876548805,0.0920044979435785,42,0.0,0.0,0.2666666666666666,0.578662094911565,0,0.8145808440749622,111,0.35135135135135137,0.3347009728235637,0.38802669452459726,1
327,1088,Experience 1088,Sports,0.931739259022481,0.4207879774878386,0.5549692853271866,0.4100487869149942,11,Strategy,Action,0.1149145876548805,0.0920044979435785,42,0.0,0.0,0.5166666666666667,0.559945302327694,0,0.923264361106747,113,0.3008849557522124,0.292073890525465,0.38749229485820197,2
327,1115,Experience 1115,Simulation,0.626658707429628,0.7075065986188209,0.5404405149990236,0.2246894745458737,42,Strategy,Action,0.1149145876548805,0.0920044979435785,42,0.0,0.0,0.0,0.574474072655857,1,0.8972541961409938,112,0.2767857142857143,0.27155929878702156,0.36704334842977215,3
327,1011,Experience 1011,Strategy,0.8438936347604792,0.3089791482471649,0.5527453913687409,0.302964628837302,52,Strategy,Action,0.1149145876548805,0.0920044979435785,42,1.0,0.0,0.1666666666666666,0.5621691962861397,1,0.9028323964219775,123,0.2682926829268293,0.26465613594326465,0.7347237254103091,4
327,1021,Experience 1021,Creative,0.6317033375365485,0.227795161908673,0.5969784094803497,0.8897794665398687,40,Strategy,Action,0.1149145876548805,0.0920044979435785,42,0.0,0.0,0.0333333333333333,0.5179361781745309,0,0.904783982228633,117,0.23931623931623933,0.23975056525464852,0.327778665130565,5
328,1053,Experience 1053,Puzzle,0.7426572934279929,0.7514869168546299,0.2904976508730454,0.8341208920021081,34,Strategy,Sports,0.2693752217368652,0.3428522912368572,36,0.0,0.0,0.0333333333333333,0.9788775708638198,0,0.7241051453242859,102,0.3431372549019608,0.3266051429498922,0.5065549251382333,1
328,1102,Experience 1102,Sports,0.9402838286695968,0.4125021221616953,0.1907643304361418,0.200562471321554,40,Strategy,Sports,0.2693752217368652,0.3428522912368572,36,0.0,1.0,0.0666666666666666,0.9213891086992766,0,0.7302783043280251,117,0.3076923076923077,0.29814472583859014,0.6941845625100911,2
328,1119,Experience 1119,Action,0.8086136050725224,0.7572883677081093,0.5086964614589882,0.1619415702496311,9,Strategy,Sports,0.2693752217368652,0.3428522912368572,36,0.0,0.0,0.45,0.7606787602778771,0,0.9931554208784508,115,0.30434782608695654,0.29515427733249516,0.445127312624808,3
328,1090,Experience 1090,Puzzle,0.5586098880458512,0.4251872277402517,0.5338484342208252,0.861814417816014,19,Strategy,Sports,0.2693752217368652,0.3428522912368572,36,0.0,0.0,0.2833333333333333,0.7355267875160401,0,0.8050053650664087,121,0.2727272727272727,0.26841012368714073,0.3742821494745618,4
328,1085,Experience 1085,Social,0.715133524882573,0.3923165755464828,0.681782684374937,0.3715432084063615,41,Strategy,Sports,0.2693752217368652,0.3428522912368572,36,0.0,0.0,0.0833333333333333,0.5875925373619282,1,0.838528269845164,117,0.24786324786324787,0.24704983532764122,0.4796764327978377,5
329,1043,Experience 1043,Creative,0.8838983032607785,0.7641225701636372,0.5942808569171103,0.6062993981927156,47,Strategy,Simulation,0.2130992155218816,0.3710361233878825,31,0.0,0.0,0.2666666666666666,0.6188183586047713,0,0.7325798259498396,110,0.35454545454545455,0.3372755956914373,0.41983773067447744,1
329,1111,Experience 1111,Sports,0.9428982678236224,0.8155250577848677,0.575778764164542,0.2547283501174674,25,Strategy,Simulation,0.2130992155218816,0.3710361233878825,31,0.0,0.0,0.1,0.6373204513573396,0,0.8335688545217453,139,0.3237410071942446,0.31349577006218143,0.4771475314863719,2
329,1025,Experience 1025,Social,0.838744739121835,0.7279884901895025,0.5876677647056102,0.0811540004238993,14,Strategy,Simulation,0.2130992155218816,0.3710361233878825,31,0.0,0.0,0.2833333333333333,0.6254314508162715,0,0.9844027371644839,120,0.31666666666666665,0.30604162457062034,0.47160340332568673,3
329,1088,Experience 1088,Sports,0.931739259022481,0.4207879774878386,0.5549692853271866,0.4100487869149942,11,Strategy,Simulation,0.2130992155218816,0.3710361233878825,31,0.0,0.0,0.3333333333333333,0.658129930194695,0,0.8334569620879781,113,0.3008849557522124,0.292073890525465,0.41853282065016406,4
329,1069,Experience 1069,Puzzle,0.8068156107352968,0.6551858372056814,0.8842124935251735,0.2530347499296835,35,Strategy,Simulation,0.2130992155218816,0.3710361233878825,31,0.0,0.0,0.0666666666666666,0.3288867219967082,0,0.8125207159056688,121,0.2892561983471074,0.2825945208502613,0.38428775607970944,5
330,1090,Experience 1090,Puzzle,0.5586098880458512,0.4251872277402517,0.5338484342208252,0.861814417816014,19,Creative,Adventure,0.5869919047505022,0.3213981632775549,52,0.0,0.0,0.55,0.946856529470323,0,0.9276006016123669,121,0.2727272727272727,0.26841012368714073,0.36115424211396924,1
330,1006,Experience 1006,Action,0.8770181756508404,0.5275353377269014,0.8047332447846338,0.7517807092307816,28,Creative,Adventure,0.5869919047505022,0.3213981632775549,52,0.0,0.0,0.4,0.7822586599658684,0,0.7497721839430981,103,0.27184466019417475,0.26703924747875485,0.4396105313297066,2
330,1073,Experience 1073,Adventure,0.687693407311507,0.5642695337399875,0.7523432280065728,0.8351257910807337,50,Creative,Adventure,0.5869919047505022,0.3213981632775549,52,0.0,1.0,0.0333333333333333,0.8346486767439294,1,0.880330094382177,132,0.26515151515151514,0.26214360157820293,0.598183858568155,3
330,1078,Experience 1078,Simulation,0.9139745006021852,0.4875947260651535,0.1081242288365573,0.0386443098268846,51,Creative,Adventure,0.5869919047505022,0.3213981632775549,52,0.0,0.0,0.0166666666666666,0.521132324086055,0,0.7363751527732582,97,0.23711340206185566,0.23799852512723801,0.4144912299972809,4
330,1054,Experience 1054,Puzzle,0.6795756146978778,0.2537314254122666,0.2509959349159629,0.6813294726896911,34,Creative,Adventure,0.5869919047505022,0.3213981632775549,52,0.0,0.0,0.3,0.6640040301654607,0,0.8143331487370874,113,0.20353982300884957,0.20936712360817178,0.35036637762127226,5
331,1043,Experience 1043,Creative,0.8838983032607785,0.7641225701636372,0.5942808569171103,0.6062993981927156,47,Simulation,Puzzle,0.4952131690038654,0.2137327474674393,46,0.0,0.0,0.0166666666666666,0.9009323120867552,0,0.7371487329408765,110,0.35454545454545455,0.3372755956914373,0.5077513862229998,1
331,1053,Experience 1053,Puzzle,0.7426572934279929,0.7514869168546299,0.2904976508730454,0.8341208920021081,34,Simulation,Puzzle,0.4952131690038654,0.2137327474674393,46,0.0,1.0,0.2,0.79528448186918,0,0.7355530506514613,102,0.3431372549019608,0.3266051429498922,0.5948693627070162,2
331,1100,Experience 1100,Sports,0.8539423752816214,0.5771516782683807,0.6603015579098336,0.097787997445443,39,Simulation,Puzzle,0.4952131690038654,0.2137327474674393,46,0.0,0.0,0.1166666666666666,0.8349116110940319,1,0.738023916547133,107,0.3177570093457944,0.3058726570069831,0.4896162599214538,3
331,1074,Experience 1074,Social,0.7411737446379107,0.1336446501121093,0.5667526591354218,0.2130749343990023,32,Simulation,Puzzle,0.4952131690038654,0.2137327474674393,46,0.0,0.0,0.2333333333333333,0.9284605098684436,0,0.9726779733833701,149,0.2953020134228188,0.28902856473305827,0.4737074176134309,4
331,1036,Experience 1036,Sports,0.9655169972756756,0.2298411882545339,0.2550485289661252,0.8478368672236546,17,Simulation,Puzzle,0.4952131690038654,0.2137327474674393,46,0.0,0.0,0.4833333333333333,0.7598353599622597,0,0.9432091069949133,129,0.26356589147286824,0.2607102512744084,0.4119944841931041,5
332,1043,Experience 1043,Creative,0.8838983032607785,0.7641225701636372,0.5942808569171103,0.6062993981927156,47,Puzzle,Strategy,0.0850714360966424,0.8398898105977717,25,0.0,0.0,0.3666666666666666,0.4907905791795321,0,0.7648393813066944,110,0.35454545454545455,0.3372755956914373,0.4201843056897966,1
332,1061,Experience 1061,Social,0.9515114053456256,0.4883887845440612,0.3838014404080356,0.6777086144544695,56,Puzzle,Strategy,0.0850714360966424,0.8398898105977717,25,0.0,0.0,0.5166666666666667,0.7012699956886068,0,0.7690446422927015,113,0.3274336283185841,0.3146302815029086,0.4980113820885449,2
332,1100,Experience 1100,Sports,0.8539423752816214,0.5771516782683807,0.6603015579098336,0.097787997445443,39,Puzzle,Strategy,0.0850714360966424,0.8398898105977717,25,0.0,0.0,0.2333333333333333,0.4247698781868088,0,0.8191853208268561,107,0.3177570093457944,0.3058726570069831,0.4264925069478598,3
332,1067,Experience 1067,Creative,0.788764048918011,0.4580972487220676,0.5921026845821029,0.4299570499000478,43,Puzzle,Strategy,0.0850714360966424,0.8398898105977717,25,0.0,0.0,0.3,0.4929687515145395,0,0.8968499165523618,119,0.31092436974789917,0.30104911827256725,0.38252418693872603,4
332,1088,Experience 1088,Sports,0.931739259022481,0.4207879774878386,0.5549692853271866,0.4100487869149942,11,Puzzle,Strategy,0.0850714360966424,0.8398898105977717,25,0.0,0.0,0.2333333333333333,0.5301021507694559,0,0.7532399892584011,113,0.3008849557522124,0.292073890525465,0.4395366966355552,5
333,1043,Experience 1043,Creative,0.8838983032607785,0.7641225701636372,0.5942808569171103,0.6062993981927156,47,Action,Adventure,0.8106062048830321,0.1783209478195007,27,0.0,0.0,0.3333333333333333,0.7836746520340782,1,0.9385331411419164,110,0.35454545454545455,0.3372755956914373,0.45333136034941884,1
333,1084,Experience 1084,Social,0.6722561348379004,0.2863456816441453,0.5362524927433157,0.7470758006298863,26,Action,Adventure,0.8106062048830321,0.1783209478195007,27,0.0,0.0,0.0166666666666666,0.7256462878602835,0,0.757747734471529,111,0.35135135135135137,0.3347009728235637,0.4462238782182146,2
333,1032,Experience 1032,Action,0.9183909657409184,0.1782087510115781,0.2798409650960937,0.836613041032693,59,Action,Adventure,0.8106062048830321,0.1783209478195007,27,1.0,0.0,0.5333333333333333,0.4692347602130615,0,0.9654456548888349,120,0.275,0.27032733885633464,0.7107688224628596,3
333,1050,Experience 1050,Sports,0.6444432625143321,0.2032573812502654,0.7840857883345029,0.0579453445381299,24,Action,Adventure,0.8106062048830321,0.1783209478195007,27,0.0,0.0,0.05,0.9734795834514708,0,0.9735524901862885,107,0.27102803738317754,0.2665025782668255,0.44102418409239186,4
333,1085,Experience 1085,Social,0.715133524882573,0.3923165755464828,0.681782684374937,0.3715432084063615,41,Action,Adventure,0.8106062048830321,0.1783209478195007,27,0.0,0.0,0.2333333333333333,0.8711764794919049,0,0.8275778544036945,117,0.24786324786324787,0.24704983532764122,0.4807478350231817,5
334,1043,Experience 1043,Creative,0.8838983032607785,0.7641225701636372,0.5942808569171103,0.6062993981927156,47,Puzzle,Creative,0.8227579943986534,0.3527269803465357,21,0.0,1.0,0.4333333333333333,0.7715228625184569,1,0.9887651055378318,110,0.35454545454545455,0.3372755956914373,0.6082301429101313,1
334,1053,Experience 1053,Puzzle,0.7426572934279929,0.7514869168546299,0.2904976508730454,0.8341208920021081,34,Puzzle,Creative,0.8227579943986534,0.3527269803465357,21,1.0,0.0,0.2166666666666666,0.4677396564743921,0,0.9272876300721892,102,0.3431372549019608,0.3266051429498922,0.7368463908141654,2
334,1061,Experience 1061,Social,0.9515114053456256,0.4883887845440612,0.3838014404080356,0.6777086144544695,56,Puzzle,Creative,0.8227579943986534,0.3527269803465357,21,0.0,0.0,0.5833333333333334,0.5610434460093823,0,0.9532783635187576,113,0.3274336283185841,0.3146302815029086,0.44252217609079875,3
334,1044,Experience 1044,Action,0.8578996664042653,0.7405382156713768,0.540545681694017,0.9388053542070384,40,Puzzle,Creative,0.8227579943986534,0.3527269803465357,21,0.0,0.0,0.3166666666666666,0.7177876872953636,0,0.8305963917112144,112,0.2857142857142857,0.27913505636277913,0.4263143661480888,4
334,1017,Experience 1017,Adventure,0.8986224157650411,0.4138920991005588,0.5580723954683906,0.6429984233408326,53,Puzzle,Creative,0.8227579943986534,0.3527269803465357,21,0.0,0.0,0.5333333333333333,0.7353144010697372,0,0.9332233518938851,125,0.256,0.25410915475784035,0.38447422136754067,5
335,1084,Experience 1084,Social,0.6722561348379004,0.2863456816441453,0.5362524927433157,0.7470758006298863,26,Creative,Adventure,0.6433504428454876,0.4841782213204317,25,0.0,0.0,0.0166666666666666,0.8929020498978281,0,0.8964412240997686,111,0.35135135135135137,0.3347009728235637,0.47827262042135693,1
335,1109,Experience 1109,Social,0.5415451963988065,0.6320276759129257,0.4602651355822746,0.2660308726216652,48,Creative,Adventure,0.6433504428454876,0.4841782213204317,25,0.0,0.0,0.3833333333333333,0.816914692736787,0,0.9928604632405377,125,0.312,0.30238501682680585,0.42664566614009175,2
335,1098,Experience 1098,Social,0.534058177188557,0.4459803600128759,0.2707495249900757,0.7298152463028666,35,Creative,Adventure,0.6433504428454876,0.4841782213204317,25,0.0,0.0,0.1666666666666666,0.6273990821445882,0,0.7773313509083845,130,0.26153846153846155,0.25897218293257895,0.38626234153844696,3
335,1068,Experience 1068,Action,0.698456042052288,0.2594560290757449,0.3550613668330224,0.4325155932423661,21,Creative,Adventure,0.6433504428454876,0.4841782213204317,25,0.0,0.0,0.0666666666666666,0.7117109239875348,0,0.9590725887009689,111,0.24324324324324326,0.2430979193884492,0.37612750130880945,4
335,1055,Experience 1055,Action,0.9121309206982589,0.3826203354113438,0.2499073592941251,0.1919211614110854,38,Creative,Adventure,0.6433504428454876,0.4841782213204317,25,0.0,0.0,0.2166666666666666,0.6065569164486375,1,0.951535131304283,114,0.23684210526315788,0.237655428655872,0.4062164881364743,5
336,1052,Experience 1052,Creative,0.6879474895864814,0.8150878066775633,0.5427584275418881,0.4028796085076296,43,Social,Simulation,0.232495507504168,0.6967037905084932,39,0.0,0.0,0.0666666666666666,0.68973707996228,0,0.970895944060668,129,0.3178294573643411,0.30769011704622046,0.43513480592584464,1
336,1033,Experience 1033,Simulation,0.8859147305780027,0.259942782541492,0.2648265360525452,0.1086571032622624,31,Social,Simulation,0.232495507504168,0.6967037905084932,39,0.0,1.0,0.1333333333333333,0.9676689714516228,0,0.8806332845538015,120,0.275,0.27032733885633464,0.6324015942032237,2
336,1050,Experience 1050,Sports,0.6444432625143321,0.2032573812502654,0.7840857883345029,0.0579453445381299,24,Social,Simulation,0.232495507504168,0.6967037905084932,39,0.0,0.0,0.25,0.4484097191696651,0,0.8493801401970676,107,0.27102803738317754,0.2665025782668255,0.3486605581503702,3
336,1039,Experience 1039,Social,0.8194814495513689,0.2752805682140255,0.2419454802582048,0.889899007072331,47,Social,Simulation,0.232495507504168,0.6967037905084932,39,1.0,0.0,0.1333333333333333,0.9905500272459632,1,0.8041471978598487,110,0.2636363636363636,0.2603525187683603,0.843367076874277,4
336,1055,Experience 1055,Action,0.9121309206982589,0.3826203354113438,0.2499073592941251,0.1919211614110854,38,Social,Simulation,0.232495507504168,0.6967037905084932,39,0.0,0.0,0.0166666666666666,0.9825881482100428,0,0.9249404615307395,114,0.23684210526315788,0.237655428655872,0.5063648266187402,5
337,1000,Experience 1000,Action,0.9096695293967186,0.6516437731703687,0.6290364009047581,0.2407530712142694,49,Adventure,Strategy,0.5933828931550288,0.3679824427083856,12,0.0,0.0,0.6166666666666667,0.9643464922502708,0,0.7070199084441054,124,0.3225806451612903,0.31142935722143644,0.445440765415337,1
337,1102,Experience 1102,Sports,0.9402838286695968,0.4125021221616953,0.1907643304361418,0.200562471321554,40,Adventure,Strategy,0.5933828931550288,0.3679824427083856,12,0.0,0.0,0.4666666666666667,0.597381437281113,0,0.7927323025422073,117,0.3076923076923077,0.29814472583859014,0.3880754997090645,2
337,1013,Experience 1013,Sports,0.8486275995976889,0.743877614526904,0.1274827038621261,0.2359972626205526,20,Adventure,Strategy,0.5933828931550288,0.3679824427083856,12,0.0,0.0,0.1333333333333333,0.5340998107070973,0,0.7882051280210247,116,0.3017241379310345,0.29298402529328565,0.40637815787055476,3
337,1014,Experience 1014,Social,0.7084360738896248,0.6919622480914536,0.5066406143622445,0.7631554898199004,35,Adventure,Strategy,0.5933828931550288,0.3679824427083856,12,0.0,0.0,0.3833333333333333,0.9132577212072156,0,0.926476346571026,117,0.29914529914529914,0.29084545576559745,0.466836934595628,4
337,1110,Experience 1110,Creative,0.8487034770737338,0.6513439158584452,0.7080979103356375,0.2741343936886083,18,Adventure,Strategy,0.5933828931550288,0.3679824427083856,12,0.0,0.0,0.1,0.8852849828193913,0,0.8527418112697867,109,0.28440366972477066,0.2778746313169523,0.46611509389847333,5
338,1084,Experience 1084,Social,0.6722561348379004,0.2863456816441453,0.5362524927433157,0.7470758006298863,26,Strategy,Social,0.4269052523504748,0.7701057525967734,34,0.0,1.0,0.1333333333333333,0.8906527596071592,1,0.9797889823084323,111,0.35135135135135137,0.3347009728235637,0.6864677524092329,1
338,1107,Experience 1107,Social,0.7428970964662264,0.8045676070342606,0.8160785123357384,0.9076048913904824,23,Strategy,Social,0.4269052523504748,0.7701057525967734,34,0.0,1.0,0.1833333333333333,0.6108267400147365,0,0.793730385138093,139,0.30935251798561153,0.3009171537099802,0.6963742474785356,2
338,1013,Experience 1013,Sports,0.8486275995976889,0.743877614526904,0.1274827038621261,0.2359972626205526,20,Strategy,Social,0.4269052523504748,0.7701057525967734,34,0.0,0.0,0.2333333333333333,0.7005774515116514,0,0.8983367070780004,116,0.3017241379310345,0.29298402529328565,0.49955640590538086,3
338,1074,Experience 1074,Social,0.7411737446379107,0.1336446501121093,0.5667526591354218,0.2130749343990023,32,Strategy,Social,0.4269052523504748,0.7701057525967734,34,0.0,1.0,0.0333333333333333,0.8601525932150529,0,0.8989290217483886,149,0.2953020134228188,0.28902856473305827,0.7029374247122996,4
338,1069,Experience 1069,Puzzle,0.8068156107352968,0.6551858372056814,0.8842124935251735,0.2530347499296835,35,Strategy,Social,0.4269052523504748,0.7701057525967734,34,0.0,0.0,0.0166666666666666,0.5426927588253012,1,0.9511771461139155,121,0.2892561983471074,0.2825945208502613,0.4982345984911318,5
339,1002,Experience 1002,Social,0.5654662227449457,0.1419781043952984,0.4876512775379703,0.1763555764178013,30,Strategy,Puzzle,0.3894822405099846,0.3138241513578917,38,0.0,0.0,0.1333333333333333,0.9018309629720144,0,0.9053573969316051,125,0.312,0.30238501682680585,0.4463819255234775,1
339,1067,Experience 1067,Creative,0.788764048918011,0.4580972487220676,0.5921026845821029,0.4299570499000478,43,Strategy,Puzzle,0.3894822405099846,0.3138241513578917,38,0.0,0.0,0.0833333333333333,0.7973795559278818,0,0.7459718778525399,119,0.31092436974789917,0.30104911827256725,0.44994001787371585,2
339,1107,Experience 1107,Social,0.7428970964662264,0.8045676070342606,0.8160785123357384,0.9076048913904824,23,Strategy,Puzzle,0.3894822405099846,0.3138241513578917,38,0.0,0.0,0.25,0.5734037281742463,0,0.9183846744947228,139,0.30935251798561153,0.3009171537099802,0.4752338375781084,3
339,1102,Experience 1102,Sports,0.9402838286695968,0.4125021221616953,0.1907643304361418,0.200562471321554,40,Strategy,Puzzle,0.3894822405099846,0.3138241513578917,38,0.0,0.0,0.0333333333333333,0.8012820899261571,0,0.9243347085712409,117,0.3076923076923077,0.29814472583859014,0.49659030413339617,4
339,1009,Experience 1009,Action,0.7987178764315418,0.3460501829476273,0.2238314684756084,0.130890330850495,53,Strategy,Puzzle,0.3894822405099846,0.3138241513578917,38,0.0,0.0,0.25,0.8343492279656238,0,0.7165610271852015,104,0.28846153846153844,0.28101473741844224,0.4248821062633796,5
340,1000,Experience 1000,Action,0.9096695293967186,0.6516437731703687,0.6290364009047581,0.2407530712142694,49,Action,Adventure,0.4225549949557426,0.1208446930272781,20,1.0,0.0,0.4833333333333333,0.7935185940509846,1,0.725954154451162,124,0.3225806451612903,0.31142935722143644,0.7951136042261511,1
340,1037,Experience 1037,Sports,0.7994490651436071,0.7023148063737304,0.3263399911584964,0.9948242136208678,35,Action,Adventure,0.4225549949557426,0.1208446930272781,20,0.0,0.0,0.25,0.9037849962027538,1,0.904751582257116,120,0.30833333333333335,0.29889876742776317,0.4586426043739692,2
340,1050,Experience 1050,Sports,0.6444432625143321,0.2032573812502654,0.7840857883345029,0.0579453445381299,24,Action,Adventure,0.4225549949557426,0.1208446930272781,20,0.0,0.0,0.0666666666666666,0.6384692066212397,1,0.8205341819496655,107,0.27102803738317754,0.2665025782668255,0.38172647958704825,3
340,1108,Experience 1108,Puzzle,0.8425576923542274,0.4822507608830354,0.666849920378606,0.8027206052883656,21,Action,Adventure,0.4225549949557426,0.1208446930272781,20,0.0,0.0,0.0166666666666666,0.7557050745771366,0,0.8475706080659009,92,0.2717391304347826,0.2664806021418468,0.4528198502612578,4
340,1096,Experience 1096,Adventure,0.7903170826018652,0.4751627362769494,0.5362341337297925,0.9233469677258124,13,Action,Adventure,0.4225549949557426,0.1208446930272781,20,0.0,1.0,0.1166666666666666,0.8863208612259502,1,0.9416438862925413,123,0.25203252032520324,0.25067012195725064,0.5910331708253869,5
341,1037,Experience 1037,Sports,0.7994490651436071,0.7023148063737304,0.3263399911584964,0.9948242136208678,35,Adventure,Creative,0.8520961690353287,0.4570212311520882,24,0.0,0.0,0.1833333333333333,0.4742438221231677,0,0.8765098426084175,120,0.30833333333333335,0.29889876742776317,0.398871480027123,1
341,1088,Experience 1088,Sports,0.931739259022481,0.4207879774878386,0.5549692853271866,0.4100487869149942,11,Adventure,Creative,0.8520961690353287,0.4570212311520882,24,0.0,0.0,0.2166666666666666,0.7028731162918579,0,0.8836471277511043,113,0.3008849557522124,0.292073890525465,0.45722239441583656,2
341,1017,Experience 1017,Adventure,0.8986224157650411,0.4138920991005588,0.5580723954683906,0.6429984233408326,53,Adventure,Creative,0.8520961690353287,0.4570212311520882,24,1.0,0.0,0.4833333333333333,0.7059762264330619,1,0.8388520425607162,125,0.256,0.25410915475784035,0.7599158016429592,3
341,1028,Experience 1028,Simulation,0.7474374024719366,0.7598079156453001,0.9057260947827066,0.4943145335346177,16,Adventure,Creative,0.8520961690353287,0.4570212311520882,24,0.0,0.0,0.1333333333333333,0.946370074252622,0,0.925357079367604,122,0.22950819672131148,0.23130864394286513,0.4709307876741707,4
341,1075,Experience 1075,Puzzle,0.7701763699744956,0.5714931074517187,0.7080993700732455,0.0043057756676786,58,Adventure,Creative,0.8520961690353287,0.4570212311520882,24,0.0,0.0,0.5666666666666667,0.8560032010379168,0,0.8643396867686168,114,0.22807017543859648,0.23019274208870782,0.42677169193223374,5
342,1059,Experience 1059,Social,0.7489549716721217,0.4911530499138364,0.6826986067555766,0.9132851837019758,49,Strategy,Creative,0.305738819038768,0.7550764735091808,35,0.0,0.0,0.2333333333333333,0.6230402122831914,1,0.9468959365673634,105,0.34285714285714286,0.32676661951909475,0.4817852753291956,1
342,1058,Experience 1058,Social,0.5666390936836835,0.5294440043668863,0.4156619036213059,0.2647117106195373,52,Strategy,Creative,0.305738819038768,0.7550764735091808,35,0.0,0.0,0.2833333333333333,0.8900769154174621,0,0.7982077877273951,100,0.32,0.30704856199905706,0.47744016338490186,2
342,1102,Experience 1102,Sports,0.9402838286695968,0.4125021221616953,0.1907643304361418,0.200562471321554,40,Strategy,Creative,0.305738819038768,0.7550764735091808,35,0.0,0.0,0.0833333333333333,0.8850255113973738,0,0.9740654688669088,117,0.3076923076923077,0.29814472583859014,0.5246429010950208,3
342,1069,Experience 1069,Puzzle,0.8068156107352968,0.6551858372056814,0.8842124935251735,0.2530347499296835,35,Strategy,Creative,0.305738819038768,0.7550764735091808,35,0.0,0.0,0.0,0.4215263255135945,0,0.8667654379475185,121,0.2892561983471074,0.2825945208502613,0.4507010420675766,4
342,1008,Experience 1008,Adventure,0.8415828324170402,0.3364498304651394,0.599089106012921,0.2728043301458357,40,Strategy,Creative,0.305738819038768,0.7550764735091808,35,0.0,0.0,0.0833333333333333,0.706649713025847,0,0.8276604502314457,117,0.27350427350427353,0.2689476455466193,0.4431990263786217,5
343,1061,Experience 1061,Social,0.9515114053456256,0.4883887845440612,0.3838014404080356,0.6777086144544695,56,Adventure,Sports,0.6312557656729918,0.716920502683792,17,0.0,0.0,0.65,0.7525456747350439,0,0.9449051605761936,113,0.3274336283185841,0.3146302815029086,0.5115831141315421,1
343,1025,Experience 1025,Social,0.838744739121835,0.7279884901895025,0.5876677647056102,0.0811540004238993,14,Adventure,Sports,0.6312557656729918,0.716920502683792,17,0.0,0.0,0.05,0.9564119990326184,0,0.7958217512618709,120,0.31666666666666665,0.30604162457062034,0.604987373525212,2
343,1013,Experience 1013,Sports,0.8486275995976889,0.743877614526904,0.1274827038621261,0.2359972626205526,20,Adventure,Sports,0.6312557656729918,0.716920502683792,17,0.0,1.0,0.05,0.4962269381891343,0,0.7376097190638286,116,0.3017241379310345,0.29298402529328565,0.6307018725525559,3
343,1044,Experience 1044,Action,0.8578996664042653,0.7405382156713768,0.540545681694017,0.9388053542070384,40,Adventure,Sports,0.6312557656729918,0.716920502683792,17,0.0,0.0,0.3833333333333333,0.9092899160210252,0,0.951953897151814,112,0.2857142857142857,0.27913505636277913,0.4950922442636687,4
343,1110,Experience 1110,Creative,0.8487034770737338,0.6513439158584452,0.7080979103356375,0.2741343936886083,18,Adventure,Sports,0.6312557656729918,0.716920502683792,17,0.0,0.0,0.0166666666666666,0.9231578553373544,0,0.8998683245862673,109,0.28440366972477066,0.2778746313169523,0.535889160371213,5
344,1043,Experience 1043,Creative,0.8838983032607785,0.7641225701636372,0.5942808569171103,0.6062993981927156,47,Puzzle,Creative,0.7323315766355128,0.6687395332542919,52,0.0,1.0,0.0833333333333333,0.8619492802815975,0,0.9035336994440692,110,0.35454545454545455,0.3372755956914373,0.6873353495924991,1
344,1061,Experience 1061,Social,0.9515114053456256,0.4883887845440612,0.3838014404080356,0.6777086144544695,56,Puzzle,Creative,0.7323315766355128,0.6687395332542919,52,0.0,0.0,0.0666666666666666,0.6514698637725227,0,0.8864364417361994,113,0.3274336283185841,0.3146302815029086,0.5466535151573442,2
344,1013,Experience 1013,Sports,0.8486275995976889,0.743877614526904,0.1274827038621261,0.2359972626205526,20,Puzzle,Creative,0.7323315766355128,0.6687395332542919,52,0.0,0.0,0.5333333333333333,0.3951511272266133,0,0.7834205767570466,116,0.3017241379310345,0.29298402529328565,0.3865636343143955,3
344,1050,Experience 1050,Sports,0.6444432625143321,0.2032573812502654,0.7840857883345029,0.0579453445381299,24,Puzzle,Creative,0.7323315766355128,0.6687395332542919,52,0.0,0.0,0.4666666666666667,0.94824578830101,0,0.8922827762623494,107,0.27102803738317754,0.2665025782668255,0.4245210876233428,4
344,1099,Experience 1099,Adventure,0.8332801744008336,0.4077151465805127,0.8307594812615263,0.7545731382181347,49,Puzzle,Creative,0.7323315766355128,0.6687395332542919,52,0.0,0.0,0.05,0.9015720953739864,1,0.8757597123026104,119,0.2605042016806723,0.25788365064666796,0.4881538086756238,5
345,1100,Experience 1100,Sports,0.8539423752816214,0.5771516782683807,0.6603015579098336,0.097787997445443,39,Social,Sports,0.3972507862334924,0.4463164806783735,18,0.0,1.0,0.35,0.7369492283236588,0,0.8845253771880003,107,0.3177570093457944,0.3058726570069831,0.6493886823251858,1
345,1002,Experience 1002,Social,0.5654662227449457,0.1419781043952984,0.4876512775379703,0.1763555764178013,30,Social,Sports,0.3972507862334924,0.4463164806783735,18,1.0,0.0,0.2,0.909599508695522,1,0.8457031504864779,125,0.312,0.30238501682680585,0.806506123874684,2
345,1013,Experience 1013,Sports,0.8486275995976889,0.743877614526904,0.1274827038621261,0.2359972626205526,20,Social,Sports,0.3972507862334924,0.4463164806783735,18,0.0,1.0,0.0333333333333333,0.7302319176286337,0,0.750810445108929,116,0.3017241379310345,0.29298402529328565,0.6651768665691264,3
345,1014,Experience 1014,Social,0.7084360738896248,0.6919622480914536,0.5066406143622445,0.7631554898199004,35,Social,Sports,0.3972507862334924,0.4463164806783735,18,1.0,0.0,0.2833333333333333,0.8906101718712479,0,0.7092653161341677,117,0.29914529914529914,0.29084545576559745,0.8421112181179085,4
345,1085,Experience 1085,Social,0.715133524882573,0.3923165755464828,0.681782684374937,0.3715432084063615,41,Social,Sports,0.3972507862334924,0.4463164806783735,18,1.0,0.0,0.3833333333333333,0.7154681018585554,1,0.8310342791116868,117,0.24786324786324787,0.24704983532764122,0.8135148194811758,5
346,1059,Experience 1059,Social,0.7489549716721217,0.4911530499138364,0.6826986067555766,0.9132851837019758,49,Sports,Creative,0.8637583587235652,0.2829636182287967,20,0.0,0.0,0.4833333333333333,0.8189402480320114,0,0.810528964911898,105,0.34285714285714286,0.32676661951909475,0.4567762701265476,1
346,1061,Experience 1061,Social,0.9515114053456256,0.4883887845440612,0.3838014404080356,0.6777086144544695,56,Sports,Creative,0.8637583587235652,0.2829636182287967,20,0.0,0.0,0.6,0.5200430816844703,0,0.9992099813638436,113,0.3274336283185841,0.3146302815029086,0.43590894252475526,2
346,1000,Experience 1000,Action,0.9096695293967186,0.6516437731703687,0.6290364009047581,0.2407530712142694,49,Sports,Creative,0.8637583587235652,0.2829636182287967,20,0.0,0.0,0.4833333333333333,0.7652780421811929,0,0.8928548383669901,124,0.3225806451612903,0.31142935722143644,0.4386086706637645,3
346,1037,Experience 1037,Sports,0.7994490651436071,0.7023148063737304,0.3263399911584964,0.9948242136208678,35,Sports,Creative,0.8637583587235652,0.2829636182287967,20,1.0,0.0,0.25,0.4625816324349312,1,0.7115881634565016,120,0.30833333333333335,0.29889876742776317,0.7517011811114926,4
346,1070,Experience 1070,Sports,0.9021629239090754,0.4240213755135868,0.7602726894428304,0.7757910864370905,50,Sports,Creative,0.8637583587235652,0.2829636182287967,20,1.0,0.0,0.5,0.8965143307192652,1,0.8005490211085792,111,0.2882882882882883,0.28126585831974693,0.8049076971882017,5
347,1043,Experience 1043,Creative,0.8838983032607785,0.7641225701636372,0.5942808569171103,0.6062993981927156,47,Simulation,Sports,0.3089055460005646,0.525544504754568,23,0.0,0.0,0.4,0.7146246890834542,0,0.8373972225325017,110,0.35454545454545455,0.3372755956914373,0.45746398726964516,1
347,1037,Experience 1037,Sports,0.7994490651436071,0.7023148063737304,0.3263399911584964,0.9948242136208678,35,Simulation,Sports,0.3089055460005646,0.525544504754568,23,0.0,1.0,0.2,0.9825655548420682,0,0.8247911000695856,120,0.30833333333333335,0.29889876742776317,0.6669234487552004,2
347,1060,Experience 1060,Strategy,0.8620933017122632,0.1051567799118504,0.3772606570904063,0.1400554046894906,58,Simulation,Sports,0.3089055460005646,0.525544504754568,23,0.0,0.0,0.5833333333333334,0.9316448889101584,1,0.9749885976391556,102,0.27450980392156865,0.2692280937695643,0.3976551829829614,3
347,1090,Experience 1090,Puzzle,0.5586098880458512,0.4251872277402517,0.5338484342208252,0.861814417816014,19,Simulation,Sports,0.3089055460005646,0.525544504754568,23,0.0,0.0,0.0666666666666666,0.7750571117797393,0,0.8663333987292072,121,0.2727272727272727,0.26841012368714073,0.3932647377370072,4
347,1073,Experience 1073,Adventure,0.687693407311507,0.5642695337399875,0.7523432280065728,0.8351257910807337,50,Simulation,Sports,0.3089055460005646,0.525544504754568,23,0.0,0.0,0.45,0.5565623179939918,0,0.9089593027766952,132,0.26515151515151514,0.26214360157820293,0.3525516481995176,5
348,1084,Experience 1084,Social,0.6722561348379004,0.2863456816441453,0.5362524927433157,0.7470758006298863,26,Creative,Adventure,0.36043785281113,0.6441427059372501,28,0.0,0.0,0.0333333333333333,0.8241853600678144,0,0.8240405848871887,111,0.35135135135135137,0.3347009728235637,0.478648459919237,1
348,1059,Experience 1059,Social,0.7489549716721217,0.4911530499138364,0.6826986067555766,0.9132851837019758,49,Creative,Adventure,0.36043785281113,0.6441427059372501,28,0.0,0.0,0.35,0.6777392460555535,0,0.8108024135660001,105,0.34285714285714286,0.32676661951909475,0.46318734526876026,2
348,1011,Experience 1011,Strategy,0.8438936347604792,0.3089791482471649,0.5527453913687409,0.302964628837302,52,Creative,Adventure,0.36043785281113,0.6441427059372501,28,0.0,0.0,0.4,0.8076924614423892,0,0.8517613408859361,123,0.2682926829268293,0.26465613594326465,0.4033148846216999,3
348,1001,Experience 1001,Sports,0.6452560499996463,0.8044840559110404,0.5776422262968883,0.3608105614175153,41,Creative,Adventure,0.36043785281113,0.6441427059372501,28,0.0,0.0,0.2166666666666666,0.7827956265142417,0,0.9333263309625153,110,0.2545454545454545,0.25266021107605263,0.44499091138093844,4
348,1068,Experience 1068,Action,0.698456042052288,0.2594560290757449,0.3550613668330224,0.4325155932423661,21,Creative,Adventure,0.36043785281113,0.6441427059372501,28,0.0,0.0,0.1166666666666666,0.9946235140218924,0,0.9139617882224366,111,0.24324324324324326,0.2430979193884492,0.4327535033427346,5
349,1070,Experience 1070,Sports,0.9021629239090754,0.4240213755135868,0.7602726894428304,0.7757910864370905,50,Simulation,Social,0.6630007927269038,0.8634267523996264,38,0.0,0.0,0.2,0.9027281032840734,0,0.8514389891064861,111,0.2882882882882883,0.28126585831974693,0.5440506249115137,1
349,1033,Experience 1033,Simulation,0.8859147305780027,0.259942782541492,0.2648265360525452,0.1086571032622624,31,Simulation,Social,0.6630007927269038,0.8634267523996264,38,1.0,0.0,0.1166666666666666,0.6018257433256414,0,0.9644189642658095,120,0.275,0.27032733885633464,0.7911460550004846,2
349,1008,Experience 1008,Adventure,0.8415828324170402,0.3364498304651394,0.599089106012921,0.2728043301458357,40,Simulation,Social,0.6630007927269038,0.8634267523996264,38,0.0,0.0,0.0333333333333333,0.9360883132860172,0,0.7819265437478984,117,0.27350427350427353,0.2689476455466193,0.5084540775102787,3
349,1099,Experience 1099,Adventure,0.8332801744008336,0.4077151465805127,0.8307594812615263,0.7545731382181347,49,Simulation,Social,0.6630007927269038,0.8634267523996264,38,0.0,0.0,0.1833333333333333,0.8322413114653775,0,0.9691524647629121,119,0.2605042016806723,0.25788365064666796,0.4831099004401714,4
349,1042,Experience 1042,Social,0.3938579788705362,0.1390150525777733,0.8546241607610466,0.268085104820551,16,Simulation,Social,0.6630007927269038,0.8634267523996264,38,0.0,1.0,0.3666666666666666,0.8083766319658572,0,0.8153575251269514,124,0.24193548387096775,0.241984912776992,0.5812061152329421,5
350,1067,Experience 1067,Creative,0.788764048918011,0.4580972487220676,0.5921026845821029,0.4299570499000478,43,Simulation,Strategy,0.8394372150627668,0.8055923706691214,25,0.0,0.0,0.3,0.7526654695193361,0,0.8233002460145895,119,0.31092436974789917,0.30104911827256725,0.40154455227785557,1
350,1023,Experience 1023,Strategy,0.934275144868182,0.4241492862896971,0.2179097364670654,0.7914514878076223,48,Simulation,Strategy,0.8394372150627668,0.8055923706691214,25,0.0,1.0,0.3833333333333333,0.3784725214042986,0,0.948272027034835,110,0.2818181818181818,0.2757371341529757,0.49138824158689753,2
350,1064,Experience 1064,Puzzle,0.6204758892789963,0.4435351922580418,0.6632419642315316,0.276207363456566,49,Simulation,Strategy,0.8394372150627668,0.8055923706691214,25,0.0,0.0,0.4,0.8238047491687648,0,0.961746125686754,94,0.2765957446808511,0.27057743368321796,0.3747817020834023,3
350,1108,Experience 1108,Puzzle,0.8425576923542274,0.4822507608830354,0.666849920378606,0.8027206052883656,21,Simulation,Strategy,0.8394372150627668,0.8055923706691214,25,0.0,0.0,0.0666666666666666,0.8274127053158392,1,0.9574261600995532,92,0.2717391304347826,0.2664806021418468,0.4562715791349086,4
350,1091,Experience 1091,Sports,0.6742348817628386,0.2717222536331008,0.7498162980972818,0.6422524185679935,12,Simulation,Strategy,0.8394372150627668,0.8055923706691214,25,0.0,0.0,0.2166666666666666,0.910379083034515,0,0.9568185566634168,105,0.2571428571428571,0.25476661951909474,0.41121413840130316,5
351,1043,Experience 1043,Creative,0.8838983032607785,0.7641225701636372,0.5942808569171103,0.6062993981927156,47,Sports,Simulation,0.5158399373662297,0.3085560430507696,38,0.0,0.0,0.15,0.9215590804491194,1,0.9963673304363976,110,0.35454545454545455,0.3372755956914373,0.4882010313510913,1
351,1023,Experience 1023,Strategy,0.934275144868182,0.4241492862896971,0.2179097364670654,0.7914514878076223,48,Sports,Simulation,0.5158399373662297,0.3085560430507696,38,0.0,0.0,0.1666666666666666,0.7020697991008358,1,0.855404659485196,110,0.2818181818181818,0.2757371341529757,0.39652889220552645,2
351,1033,Experience 1033,Simulation,0.8859147305780027,0.259942782541492,0.2648265360525452,0.1086571032622624,31,Sports,Simulation,0.5158399373662297,0.3085560430507696,38,0.0,1.0,0.1166666666666666,0.7489865986863156,0,0.9957384160710854,120,0.275,0.27032733885633464,0.5730240586953893,3
351,1007,Experience 1007,Social,0.6113602755027672,0.3693255620200327,0.760432490906593,0.3138467721116466,56,Sports,Simulation,0.5158399373662297,0.3085560430507696,38,0.0,0.0,0.3,0.7554074464596366,0,0.8621136497193549,112,0.24107142857142858,0.24125626848399126,0.42372357902184793,4
351,1028,Experience 1028,Simulation,0.7474374024719366,0.7598079156453001,0.9057260947827066,0.4943145335346177,16,Sports,Simulation,0.5158399373662297,0.3085560430507696,38,0.0,1.0,0.3666666666666666,0.6101138425835231,0,0.8563254810441836,122,0.22950819672131148,0.23130864394286513,0.5431900545147141,5
352,1002,Experience 1002,Social,0.5654662227449457,0.1419781043952984,0.4876512775379703,0.1763555764178013,30,Adventure,Action,0.5306528175317812,0.5475106100693061,54,0.0,0.0,0.4,0.9569984600061892,0,0.8292498691881988,125,0.312,0.30238501682680585,0.4329366685200084,1
352,1050,Experience 1050,Sports,0.6444432625143321,0.2032573812502654,0.7840857883345029,0.0579453445381299,24,Adventure,Action,0.5306528175317812,0.5475106100693061,54,0.0,0.0,0.5,0.7465670291972782,0,0.8890519852096124,107,0.27102803738317754,0.2665025782668255,0.3751726067404785,2
352,1051,Experience 1051,Adventure,0.7608650542535511,0.4945204429565272,0.5049786641965721,0.9492935230092574,34,Adventure,Action,0.5306528175317812,0.5475106100693061,54,1.0,0.0,0.3333333333333333,0.9743258466647908,0,0.8711759346182256,122,0.2459016393442623,0.24539315098511863,0.7858117075359006,3
352,1076,Experience 1076,Creative,0.7805257487778566,0.3562342599893083,0.7812983230640933,0.571167362055741,8,Adventure,Action,0.5306528175317812,0.5475106100693061,54,0.0,0.0,0.7666666666666667,0.7493544944676879,1,0.8559512528821107,124,0.23387096774193547,0.23504046833254755,0.36626165424728085,4
352,1031,Experience 1031,Adventure,0.6267069522672452,0.6020379288394027,0.9395582128996094,0.5521627033044271,46,Adventure,Action,0.5306528175317812,0.5475106100693061,54,1.0,0.0,0.1333333333333333,0.5910946046321718,1,0.9569729926926925,113,0.23008849557522124,0.2319235145856154,0.7511851525471596,5
353,1107,Experience 1107,Social,0.7428970964662264,0.8045676070342606,0.8160785123357384,0.9076048913904824,23,Strategy,Puzzle,0.4970259705232384,0.046551948948759,53,0.0,0.0,0.5,0.6809474581875001,0,0.8861911241831416,139,0.30935251798561153,0.3009171537099802,0.4606318923703307,1
353,1014,Experience 1014,Social,0.7084360738896248,0.6919622480914536,0.5066406143622445,0.7631554898199004,35,Strategy,Puzzle,0.4970259705232384,0.046551948948759,53,0.0,0.0,0.3,0.990385356160994,0,0.8146401695836089,117,0.29914529914529914,0.29084545576559745,0.5107184775881692,2
353,1044,Experience 1044,Action,0.8578996664042653,0.7405382156713768,0.540545681694017,0.9388053542070384,40,Strategy,Puzzle,0.4970259705232384,0.046551948948759,53,0.0,0.0,0.2166666666666666,0.9564802888292214,1,0.8034521671196353,112,0.2857142857142857,0.27913505636277913,0.48810682951963275,3
353,1033,Experience 1033,Simulation,0.8859147305780027,0.259942782541492,0.2648265360525452,0.1086571032622624,31,Strategy,Puzzle,0.4970259705232384,0.046551948948759,53,0.0,0.0,0.3666666666666666,0.7678005655293068,0,0.7235151345803348,120,0.275,0.27032733885633464,0.3958364237047058,4
353,1017,Experience 1017,Adventure,0.8986224157650411,0.4138920991005588,0.5580723954683906,0.6429984233408326,53,Strategy,Puzzle,0.4970259705232384,0.046551948948759,53,0.0,0.0,0.0,0.938953575054848,0,0.7928809653394153,125,0.256,0.25410915475784035,0.4841876246784235,5
354,1111,Experience 1111,Sports,0.9428982678236224,0.8155250577848677,0.575778764164542,0.2547283501174674,25,Sports,Simulation,0.6841401964454974,0.3512884206828245,30,1.0,0.0,0.0833333333333333,0.8916385677190446,0,0.8883884650025315,139,0.3237410071942446,0.31349577006218143,0.8419817677631806,1
354,1110,Experience 1110,Creative,0.8487034770737338,0.6513439158584452,0.7080979103356375,0.2741343936886083,18,Sports,Simulation,0.6841401964454974,0.3512884206828245,30,0.0,0.0,0.2,0.97604228610986,0,0.9868840243333613,109,0.28440366972477066,0.2778746313169523,0.4725170073796795,2
354,1032,Experience 1032,Action,0.9183909657409184,0.1782087510115781,0.2798409650960937,0.836613041032693,59,Sports,Simulation,0.6841401964454974,0.3512884206828245,30,0.0,0.0,0.4833333333333333,0.5957007686505963,0,0.8489826009295903,120,0.275,0.27032733885633464,0.3479450234230547,3
354,1033,Experience 1033,Simulation,0.8859147305780027,0.259942782541492,0.2648265360525452,0.1086571032622624,31,Sports,Simulation,0.6841401964454974,0.3512884206828245,30,0.0,1.0,0.0166666666666666,0.5806863396070479,0,0.786168208618993,120,0.275,0.27032733885633464,0.5494677365164234,4
354,1090,Experience 1090,Puzzle,0.5586098880458512,0.4251872277402517,0.5338484342208252,0.861814417816014,19,Sports,Simulation,0.6841401964454974,0.3512884206828245,30,0.0,0.0,0.1833333333333333,0.8497082377753278,1,0.7302952971583292,121,0.2727272727272727,0.26841012368714073,0.35954941081516667,5
355,1084,Experience 1084,Social,0.6722561348379004,0.2863456816441453,0.5362524927433157,0.7470758006298863,26,Social,Puzzle,0.4307427071576286,0.391909260332754,27,1.0,0.0,0.0166666666666666,0.894490214414313,0,0.8952506372218093,111,0.35135135135135137,0.3347009728235637,0.8273356650151911,1
355,1052,Experience 1052,Creative,0.6879474895864814,0.8150878066775633,0.5427584275418881,0.4028796085076296,43,Social,Puzzle,0.4307427071576286,0.391909260332754,27,0.0,0.0,0.2666666666666666,0.8879842796157404,1,0.8099452028987948,129,0.3178294573643411,0.30769011704622046,0.4521097031691216,2
355,1070,Experience 1070,Sports,0.9021629239090754,0.4240213755135868,0.7602726894428304,0.7757910864370905,50,Social,Puzzle,0.4307427071576286,0.391909260332754,27,0.0,0.0,0.3833333333333333,0.6704700177147982,0,0.8066229752703628,111,0.2882882882882883,0.28126585831974693,0.45125190599520865,3
355,1033,Experience 1033,Simulation,0.8859147305780027,0.259942782541492,0.2648265360525452,0.1086571032622624,31,Social,Puzzle,0.4307427071576286,0.391909260332754,27,0.0,0.0,0.0666666666666666,0.8340838288949166,0,0.7527516736843002,120,0.275,0.27032733885633464,0.45059465863460113,4
355,1017,Experience 1017,Adventure,0.8986224157650411,0.4138920991005588,0.5580723954683906,0.6429984233408326,53,Social,Puzzle,0.4307427071576286,0.391909260332754,27,0.0,0.0,0.4333333333333333,0.872670311689238,0,0.9620289676007262,125,0.256,0.25410915475784035,0.4399425808930583,5
356,1111,Experience 1111,Sports,0.9428982678236224,0.8155250577848677,0.575778764164542,0.2547283501174674,25,Social,Simulation,0.5395257155392911,0.5919538111194621,19,0.0,0.0,0.1,0.9637469513747492,0,0.7638067547475004,139,0.3237410071942446,0.31349577006218143,0.5423252226057553,1
356,1037,Experience 1037,Sports,0.7994490651436071,0.7023148063737304,0.3263399911584964,0.9948242136208678,35,Social,Simulation,0.5395257155392911,0.5919538111194621,19,0.0,0.0,0.2666666666666666,0.7868142756192054,1,0.9514095041017295,120,0.30833333333333335,0.29889876742776317,0.4328031402433693,2
356,1119,Experience 1119,Action,0.8086136050725224,0.7572883677081093,0.5086964614589882,0.1619415702496311,9,Social,Simulation,0.5395257155392911,0.5919538111194621,19,0.0,0.0,0.1666666666666666,0.9691707459196972,0,0.9604023035110311,115,0.30434782608695654,0.29515427733249516,0.47417574788526223,3
356,1009,Experience 1009,Action,0.7987178764315418,0.3460501829476273,0.2238314684756084,0.130890330850495,53,Social,Simulation,0.5395257155392911,0.5919538111194621,19,0.0,0.0,0.5666666666666667,0.6843057529363175,0,0.7093218455783741,104,0.28846153846153844,0.28101473741844224,0.3504931223773305,4
356,1110,Experience 1110,Creative,0.8487034770737338,0.6513439158584452,0.7080979103356375,0.2741343936886083,18,Social,Simulation,0.5395257155392911,0.5919538111194621,19,0.0,0.0,0.0166666666666666,0.8314278052036536,0,0.9904843755859921,109,0.28440366972477066,0.2778746313169523,0.47549610206060644,5
357,1100,Experience 1100,Sports,0.8539423752816214,0.5771516782683807,0.6603015579098336,0.097787997445443,39,Simulation,Strategy,0.8413991058614791,0.3943896792101694,21,0.0,0.0,0.3,0.8189024520483544,1,0.9984439502651774,107,0.3177570093457944,0.3058726570069831,0.43979095177412725,1
357,1013,Experience 1013,Sports,0.8486275995976889,0.743877614526904,0.1274827038621261,0.2359972626205526,20,Simulation,Strategy,0.8413991058614791,0.3943896792101694,21,0.0,0.0,0.0166666666666666,0.286083598000647,1,0.9417715647094264,116,0.3017241379310345,0.29298402529328565,0.3642569865332732,2
357,1009,Experience 1009,Action,0.7987178764315418,0.3460501829476273,0.2238314684756084,0.130890330850495,53,Simulation,Strategy,0.8413991058614791,0.3943896792101694,21,0.0,0.0,0.5333333333333333,0.3824323626141293,0,0.9178745309913392,104,0.28846153846153844,0.28101473741844224,0.28731627633672685,3
357,1064,Experience 1064,Puzzle,0.6204758892789963,0.4435351922580418,0.6632419642315316,0.276207363456566,49,Simulation,Strategy,0.8413991058614791,0.3943896792101694,21,0.0,0.0,0.4666666666666667,0.8218428583700524,0,0.7251753445249657,94,0.2765957446808511,0.27057743368321796,0.34669855436764774,4
357,1036,Experience 1036,Sports,0.9655169972756756,0.2298411882545339,0.2550485289661252,0.8478368672236546,17,Simulation,Strategy,0.8413991058614791,0.3943896792101694,21,0.0,0.0,0.0666666666666666,0.413649423104646,0,0.7257393697491293,129,0.26356589147286824,0.2607102512744084,0.3691164446054108,5
358,1000,Experience 1000,Action,0.9096695293967186,0.6516437731703687,0.6290364009047581,0.2407530712142694,49,Social,Action,0.1754573666362209,0.5869277409745547,25,0.0,1.0,0.4,0.5464209657314628,0,0.7170820715836432,124,0.3225806451612903,0.31142935722143644,0.5952051250751278,1
358,1025,Experience 1025,Social,0.838744739121835,0.7279884901895025,0.5876677647056102,0.0811540004238993,14,Social,Action,0.1754573666362209,0.5869277409745547,25,1.0,0.0,0.1833333333333333,0.5877896019306107,1,0.9734631806718999,120,0.31666666666666665,0.30604162457062034,0.8314759303392623,2
358,1102,Experience 1102,Sports,0.9402838286695968,0.4125021221616953,0.1907643304361418,0.200562471321554,40,Social,Action,0.1754573666362209,0.5869277409745547,25,0.0,0.0,0.25,0.9846930362000792,0,0.7672426638318312,117,0.3076923076923077,0.29814472583859014,0.5072422360850205,3
358,1068,Experience 1068,Action,0.698456042052288,0.2594560290757449,0.3550613668330224,0.4325155932423661,21,Social,Action,0.1754573666362209,0.5869277409745547,25,0.0,1.0,0.0666666666666666,0.8203959998031986,0,0.9153882946778935,111,0.24324324324324326,0.2430979193884492,0.5768786424967766,4
358,1028,Experience 1028,Simulation,0.7474374024719366,0.7598079156453001,0.9057260947827066,0.4943145335346177,16,Social,Action,0.1754573666362209,0.5869277409745547,25,0.0,0.0,0.15,0.2697312718535143,0,0.7207889026893513,122,0.22950819672131148,0.23130864394286513,0.3620128268253053,5
359,1043,Experience 1043,Creative,0.8838983032607785,0.7641225701636372,0.5942808569171103,0.6062993981927156,47,Creative,Action,0.9201673450587274,0.7590818966572539,15,1.0,0.0,0.5333333333333333,0.6741135118583829,1,0.8316563270062363,110,0.35454545454545455,0.3372755956914373,0.7817583395562874,1
359,1100,Experience 1100,Sports,0.8539423752816214,0.5771516782683807,0.6603015579098336,0.097787997445443,39,Creative,Action,0.9201673450587274,0.7590818966572539,15,0.0,0.0,0.4,0.7401342128511061,0,0.7444418671915564,107,0.3177570093457944,0.3058726570069831,0.4529191045717547,2
359,1109,Experience 1109,Social,0.5415451963988065,0.6320276759129257,0.4602651355822746,0.2660308726216652,48,Creative,Action,0.9201673450587274,0.7590818966572539,15,0.0,0.0,0.55,0.5400977905235471,0,0.7404058274572756,125,0.312,0.30238501682680585,0.37026515760092377,3
359,1107,Experience 1107,Social,0.7428970964662264,0.8045676070342606,0.8160785123357384,0.9076048913904824,23,Creative,Action,0.9201673450587274,0.7590818966572539,15,0.0,0.0,0.1333333333333333,0.8959111672770109,0,0.8265924035516239,139,0.30935251798561153,0.3009171537099802,0.5400964180250525,4
359,1069,Experience 1069,Puzzle,0.8068156107352968,0.6551858372056814,0.8842124935251735,0.2530347499296835,35,Creative,Action,0.9201673450587274,0.7590818966572539,15,0.0,0.0,0.3333333333333333,0.964045148466446,0,0.8874849289758571,121,0.2892561983471074,0.2825945208502613,0.4882763782142788,5
360,1111,Experience 1111,Sports,0.9428982678236224,0.8155250577848677,0.575778764164542,0.2547283501174674,25,Creative,Adventure,0.7353118613480741,0.4607177429489869,28,0.0,0.0,0.05,0.8404669028164679,0,0.8768573734981204,139,0.3237410071942446,0.31349577006218143,0.5319012944083169,1
360,1088,Experience 1088,Sports,0.931739259022481,0.4207879774878386,0.5549692853271866,0.4100487869149942,11,Creative,Adventure,0.7353118613480741,0.4607177429489869,28,0.0,0.0,0.2833333333333333,0.8196574239791125,0,0.722361108683637,113,0.3008849557522124,0.292073890525465,0.4653323840381621,2
360,1060,Experience 1060,Strategy,0.8620933017122632,0.1051567799118504,0.3772606570904063,0.1400554046894906,58,Creative,Adventure,0.7353118613480741,0.4607177429489869,28,0.0,0.0,0.5,0.6419487957423322,0,0.7632403020002099,102,0.27450980392156865,0.2692280937695643,0.3382725545434291,3
360,1005,Experience 1005,Sports,0.725440926488475,0.5102685875213342,0.2459903544501388,0.2409271164143122,19,Creative,Adventure,0.7353118613480741,0.4607177429489869,28,0.0,0.0,0.15,0.5106784931020647,0,0.8601467614606638,114,0.2543859649122807,0.25258080179020037,0.3733314535732369,4
360,1092,Experience 1092,Sports,0.8280410369904486,0.5343815491606264,0.7426691928850321,0.6904019545155015,39,Creative,Adventure,0.7353118613480741,0.4607177429489869,28,0.0,0.0,0.1833333333333333,0.992642668463042,0,0.9417407104350191,128,0.2421875,0.2422015367559922,0.49829628909926127,5
361,1053,Experience 1053,Puzzle,0.7426572934279929,0.7514869168546299,0.2904976508730454,0.8341208920021081,34,Action,Social,0.797252846343212,0.5975645816629432,30,0.0,0.0,0.0666666666666666,0.4932448045298334,0,0.9660050555303479,102,0.3431372549019608,0.3266051429498922,0.45439450350922217,1
361,1061,Experience 1061,Social,0.9515114053456256,0.4883887845440612,0.3838014404080356,0.6777086144544695,56,Action,Social,0.797252846343212,0.5975645816629432,30,0.0,1.0,0.4333333333333333,0.5865485940648236,0,0.8243136168552773,113,0.3274336283185841,0.3146302815029086,0.6959982087103287,2
361,1109,Experience 1109,Social,0.5415451963988065,0.6320276759129257,0.4602651355822746,0.2660308726216652,48,Action,Social,0.797252846343212,0.5975645816629432,30,0.0,1.0,0.3,0.6630122892390626,0,0.9681482911722498,125,0.312,0.30238501682680585,0.6428667125259029,3
361,1119,Experience 1119,Action,0.8086136050725224,0.7572883677081093,0.5086964614589882,0.1619415702496311,9,Action,Social,0.797252846343212,0.5975645816629432,30,1.0,0.0,0.35,0.7114436151157761,0,0.761784321998866,115,0.30434782608695654,0.29515427733249516,0.8202700572838407,4
361,1106,Experience 1106,Sports,0.8146785788760947,0.3647619692710552,0.6750256601127794,0.7960604476258709,49,Action,Social,0.797252846343212,0.5975645816629432,30,0.0,0.0,0.3166666666666666,0.8777728137695674,0,0.9037392909354715,128,0.28125,0.275985320539776,0.5139980411227595,5
362,1059,Experience 1059,Social,0.7489549716721217,0.4911530499138364,0.6826986067555766,0.9132851837019758,49,Puzzle,Adventure,0.5547728965251262,0.5132876482019503,55,0.0,0.0,0.1,0.8720742897695496,0,0.8221403445411434,105,0.34285714285714286,0.32676661951909475,0.5178048248745227,1
362,1100,Experience 1100,Sports,0.8539423752816214,0.5771516782683807,0.6603015579098336,0.097787997445443,39,Puzzle,Adventure,0.5547728965251262,0.5132876482019503,55,0.0,0.0,0.2666666666666666,0.8944713386152926,0,0.7270865666012971,107,0.3177570093457944,0.3058726570069831,0.4948838201588489,2
362,1102,Experience 1102,Sports,0.9402838286695968,0.4125021221616953,0.1907643304361418,0.200562471321554,40,Puzzle,Adventure,0.5547728965251262,0.5132876482019503,55,0.0,0.0,0.25,0.6359914339110156,0,0.8616100557136426,117,0.3076923076923077,0.29814472583859014,0.44154161832985694,3
362,1060,Experience 1060,Strategy,0.8620933017122632,0.1051567799118504,0.3772606570904063,0.1400554046894906,58,Puzzle,Adventure,0.5547728965251262,0.5132876482019503,55,0.0,0.0,0.05,0.8224877605652801,0,0.7240878713838979,102,0.27450980392156865,0.2692280937695643,0.42154364674536304,4
362,1006,Experience 1006,Action,0.8770181756508404,0.5275353377269014,0.8047332447846338,0.7517807092307816,28,Puzzle,Adventure,0.5547728965251262,0.5132876482019503,55,0.0,0.0,0.45,0.7500396517404924,0,0.7205566404422237,103,0.27184466019417475,0.26703924747875485,0.4300664438566559,5
363,1069,Experience 1069,Puzzle,0.8068156107352968,0.6551858372056814,0.8842124935251735,0.2530347499296835,35,Simulation,Creative,0.4247397679024594,0.9878094719606008,29,0.0,0.0,0.1,0.540527274377286,1,0.8795845585579025,121,0.2892561983471074,0.2825945208502613,0.4563774048411038,1
363,1042,Experience 1042,Social,0.3938579788705362,0.1390150525777733,0.8546241607610466,0.268085104820551,16,Simulation,Creative,0.4247397679024594,0.9878094719606008,29,0.0,0.0,0.2166666666666666,0.5701156071414129,0,0.9361529283067752,124,0.24193548387096775,0.241984912776992,0.3628410346744403,2
363,1075,Experience 1075,Puzzle,0.7701763699744956,0.5714931074517187,0.7080993700732455,0.0043057756676786,58,Simulation,Creative,0.4247397679024594,0.9878094719606008,29,0.0,0.0,0.4833333333333333,0.716640397829214,0,0.8968632335322549,114,0.22807017543859648,0.23019274208870782,0.4320694732994405,3
363,1022,Experience 1022,Adventure,0.5006486309375991,0.407575941114626,0.4697425498140824,0.908608246555642,36,Simulation,Creative,0.4247397679024594,0.9878094719606008,29,0.0,0.0,0.1166666666666666,0.954997218088377,0,0.9301210318237023,124,0.20967741935483872,0.2142071349992142,0.3860321061653298,4
363,1048,Experience 1048,Social,0.2304789954244207,0.8328371585656826,0.2699649703256335,0.1697999737727075,60,Simulation,Creative,0.4247397679024594,0.9878094719606008,29,0.0,0.0,0.5166666666666667,0.8452252024231741,0,0.9794668541113019,119,0.20168067226890757,0.20752393841645214,0.37718169814556557,5
364,1084,Experience 1084,Social,0.6722561348379004,0.2863456816441453,0.5362524927433157,0.7470758006298863,26,Social,Creative,0.0992858698481255,0.2591057242237811,55,1.0,0.0,0.4833333333333333,0.5630333771048099,0,0.8813958295935164,111,0.35135135135135137,0.3347009728235637,0.7642539321122651,1
364,1052,Experience 1052,Creative,0.6879474895864814,0.8150878066775633,0.5427584275418881,0.4028796085076296,43,Social,Creative,0.0992858698481255,0.2591057242237811,55,0.0,1.0,0.2,0.5565274423062375,0,0.7657762309598307,129,0.3178294573643411,0.30769011704622046,0.5817763762910713,2
364,1058,Experience 1058,Social,0.5666390936836835,0.5294440043668863,0.4156619036213059,0.2647117106195373,52,Social,Creative,0.0992858698481255,0.2591057242237811,55,1.0,0.0,0.05,0.6836239662268196,0,0.7772651957594845,100,0.32,0.30704856199905706,0.807525619724431,3
364,1009,Experience 1009,Action,0.7987178764315418,0.3460501829476273,0.2238314684756084,0.130890330850495,53,Social,Creative,0.0992858698481255,0.2591057242237811,55,0.0,0.0,0.0333333333333333,0.8754544013725171,0,0.8460473051007712,104,0.28846153846153844,0.28101473741844224,0.46994448995397436,4
364,1051,Experience 1051,Adventure,0.7608650542535511,0.4945204429565272,0.5049786641965721,0.9492935230092574,34,Social,Creative,0.0992858698481255,0.2591057242237811,55,0.0,0.0,0.35,0.5943072056515535,0,0.7980494318877716,122,0.2459016393442623,0.24539315098511863,0.37383171878426213,5
365,1013,Experience 1013,Sports,0.8486275995976889,0.743877614526904,0.1274827038621261,0.2359972626205526,20,Sports,Strategy,0.77377245472322,0.3809225149817947,36,1.0,0.0,0.2666666666666666,0.3537102491389061,1,0.988545000513082,116,0.3017241379310345,0.29298402529328565,0.7463272929897313,1
365,1032,Experience 1032,Action,0.9183909657409184,0.1782087510115781,0.2798409650960937,0.836613041032693,59,Sports,Strategy,0.77377245472322,0.3809225149817947,36,0.0,0.0,0.3833333333333333,0.5060685103728737,0,0.9848616389329644,120,0.275,0.27032733885633464,0.3554264292411704,2
365,1090,Experience 1090,Puzzle,0.5586098880458512,0.4251872277402517,0.5338484342208252,0.861814417816014,19,Sports,Strategy,0.77377245472322,0.3809225149817947,36,0.0,0.0,0.2833333333333333,0.7600759794976052,0,0.8159083910321241,121,0.2727272727272727,0.26841012368714073,0.34777347230736316,3
365,1055,Experience 1055,Action,0.9121309206982589,0.3826203354113438,0.2499073592941251,0.1919211614110854,38,Sports,Strategy,0.77377245472322,0.3809225149817947,36,0.0,0.0,0.0333333333333333,0.4761349045709051,0,0.7291211861989518,114,0.23684210526315788,0.237655428655872,0.4000712790929775,4
365,1103,Experience 1103,Action,0.6677544964493587,0.4461723957193605,0.794276194278496,0.1853752728024856,59,Sports,Strategy,0.77377245472322,0.3809225149817947,36,0.0,0.0,0.3833333333333333,0.979496260444724,0,0.7904825613216763,121,0.23140495867768596,0.23294913077933935,0.41920851649528734,5
366,1052,Experience 1052,Creative,0.6879474895864814,0.8150878066775633,0.5427584275418881,0.4028796085076296,43,Sports,Action,0.7264910323017161,0.0857351305004636,53,0.0,0.0,0.1666666666666666,0.816267395240172,0,0.9379039341461751,129,0.3178294573643411,0.30769011704622046,0.4262320612738783,1
366,1058,Experience 1058,Social,0.5666390936836835,0.5294440043668863,0.4156619036213059,0.2647117106195373,52,Sports,Action,0.7264910323017161,0.0857351305004636,53,0.0,0.0,0.0166666666666666,0.6891708713195899,0,0.938453910075284,100,0.32,0.30704856199905706,0.4333336957295937,2
366,1100,Experience 1100,Sports,0.8539423752816214,0.5771516782683807,0.6603015579098336,0.097787997445443,39,Sports,Action,0.7264910323017161,0.0857351305004636,53,1.0,0.0,0.2333333333333333,0.9338105256081176,0,0.7451112549270231,107,0.3177570093457944,0.3058726570069831,0.8240510779520169,3
366,1067,Experience 1067,Creative,0.788764048918011,0.4580972487220676,0.5921026845821029,0.4299570499000478,43,Sports,Action,0.7264910323017161,0.0857351305004636,53,0.0,0.0,0.1666666666666666,0.8656116522803868,0,0.7809812384622349,119,0.31092436974789917,0.30104911827256725,0.434783822010118,4
366,1090,Experience 1090,Puzzle,0.5586098880458512,0.4251872277402517,0.5338484342208252,0.861814417816014,19,Sports,Action,0.7264910323017161,0.0857351305004636,53,0.0,0.0,0.5666666666666667,0.8073574019191091,0,0.7989677904188746,121,0.2727272727272727,0.26841012368714073,0.32478947986182094,5
367,1059,Experience 1059,Social,0.7489549716721217,0.4911530499138364,0.6826986067555766,0.9132851837019758,49,Sports,Strategy,0.4206517655324749,0.8157873506410609,36,0.0,0.0,0.2166666666666666,0.7379531587768984,1,0.8712290294858632,105,0.34285714285714286,0.32676661951909475,0.49855920834114487,1
367,1058,Experience 1058,Social,0.5666390936836835,0.5294440043668863,0.4156619036213059,0.2647117106195373,52,Sports,Strategy,0.4206517655324749,0.8157873506410609,36,0.0,0.0,0.2666666666666666,0.995010138088831,0,0.8126634260153163,100,0.32,0.30704856199905706,0.4924481713590488,2
367,1025,Experience 1025,Social,0.838744739121835,0.7279884901895025,0.5876677647056102,0.0811540004238993,14,Sports,Strategy,0.4206517655324749,0.8157873506410609,36,0.0,0.0,0.3666666666666666,0.8329840008268647,0,0.7953536666080361,120,0.31666666666666665,0.30604162457062034,0.5390926535475674,3
367,1119,Experience 1119,Action,0.8086136050725224,0.7572883677081093,0.5086964614589882,0.1619415702496311,9,Sports,Strategy,0.4206517655324749,0.8157873506410609,36,0.0,0.0,0.45,0.9119553040734868,1,0.9976844616630817,115,0.30434782608695654,0.29515427733249516,0.4662942899735721,4
367,1114,Experience 1114,Simulation,0.9094073794904848,0.2867325336723821,0.0751050358773748,0.4020477981570693,23,Sports,Strategy,0.4206517655324749,0.8157873506410609,36,0.0,0.0,0.2166666666666666,0.6544532703449,1,0.8787528284674349,138,0.2318840579710145,0.23320143949295472,0.40759621954814673,5
368,1084,Experience 1084,Social,0.6722561348379004,0.2863456816441453,0.5362524927433157,0.7470758006298863,26,Adventure,Action,0.4841505221362015,0.5432745653313108,41,0.0,0.0,0.25,0.9478980293928858,0,0.7791397425197558,111,0.35135135135135137,0.3347009728235637,0.47334969393911525,1
368,1002,Experience 1002,Social,0.5654662227449457,0.1419781043952984,0.4876512775379703,0.1763555764178013,30,Adventure,Action,0.4841505221362015,0.5432745653313108,41,0.0,0.0,0.1833333333333333,0.9964992445982312,0,0.956420048525011,125,0.312,0.30238501682680585,0.4560084526832395,2
368,1037,Experience 1037,Sports,0.7994490651436071,0.7023148063737304,0.3263399911584964,0.9948242136208678,35,Adventure,Action,0.4841505221362015,0.5432745653313108,41,0.0,0.0,0.1,0.8421894690222949,0,0.8038738373976303,120,0.30833333333333335,0.29889876742776317,0.47673952973673883,3
368,1013,Experience 1013,Sports,0.8486275995976889,0.743877614526904,0.1274827038621261,0.2359972626205526,20,Adventure,Action,0.4841505221362015,0.5432745653313108,41,0.0,0.0,0.35,0.6433321817259247,1,0.984522992798653,116,0.3017241379310345,0.29298402529328565,0.42927301295999654,4
368,1106,Experience 1106,Sports,0.8146785788760947,0.3647619692710552,0.6750256601127794,0.7960604476258709,49,Adventure,Action,0.4841505221362015,0.5432745653313108,41,0.0,0.0,0.1333333333333333,0.8091248620234222,0,0.9018457784745326,128,0.28125,0.275985320539776,0.4640786945420108,5
369,1023,Experience 1023,Strategy,0.934275144868182,0.4241492862896971,0.2179097364670654,0.7914514878076223,48,Creative,Action,0.5446470100926569,0.8495331133214674,28,0.0,0.0,0.3333333333333333,0.6732627263744085,0,0.9710115896200994,110,0.2818181818181818,0.2757371341529757,0.4097820874291639,1
369,1032,Experience 1032,Action,0.9183909657409184,0.1782087510115781,0.2798409650960937,0.836613041032693,59,Creative,Action,0.5446470100926569,0.8495331133214674,28,0.0,1.0,0.5166666666666667,0.7351939550034368,0,0.9422551948893417,120,0.275,0.27032733885633464,0.5766688861972916,2
369,1024,Experience 1024,Sports,0.7120515552427965,0.5535760301547662,0.4935230317114728,0.4609313910731102,39,Creative,Action,0.5446470100926569,0.8495331133214674,28,0.0,0.0,0.1833333333333333,0.948876021618816,0,0.702723554349911,138,0.2608695652173913,0.25851789518915724,0.481396198796252,3
369,1099,Experience 1099,Adventure,0.8332801744008336,0.4077151465805127,0.8307594812615263,0.7545731382181347,49,Creative,Action,0.5446470100926569,0.8495331133214674,28,0.0,0.0,0.35,0.7138875288311306,0,0.8468174347588722,119,0.2605042016806723,0.25788365064666796,0.4203511017721321,4
369,1054,Experience 1054,Puzzle,0.6795756146978778,0.2537314254122666,0.2509959349159629,0.6813294726896911,34,Creative,Action,0.5446470100926569,0.8495331133214674,28,0.0,0.0,0.1,0.706348924823306,0,0.7744892465141309,113,0.20353982300884957,0.20936712360817178,0.3937772778221815,5
370,1043,Experience 1043,Creative,0.8838983032607785,0.7641225701636372,0.5942808569171103,0.6062993981927156,47,Creative,Adventure,0.7788080896009123,0.4413733735474889,30,1.0,0.0,0.2833333333333333,0.815472767316198,1,0.955597893127614,110,0.35454545454545455,0.3372755956914373,0.8091468374865437,1
370,1119,Experience 1119,Action,0.8086136050725224,0.7572883677081093,0.5086964614589882,0.1619415702496311,9,Creative,Adventure,0.7788080896009123,0.4413733735474889,30,0.0,0.0,0.35,0.7298883718580759,1,0.7977786591594153,115,0.30434782608695654,0.29515427733249516,0.4187462490672485,2
370,1023,Experience 1023,Strategy,0.934275144868182,0.4241492862896971,0.2179097364670654,0.7914514878076223,48,Creative,Adventure,0.7788080896009123,0.4413733735474889,30,0.0,0.0,0.3,0.4391016468661531,0,0.7438197735967296,110,0.2818181818181818,0.2757371341529757,0.34917642607697097,3
370,1032,Experience 1032,Action,0.9183909657409184,0.1782087510115781,0.2798409650960937,0.836613041032693,59,Creative,Adventure,0.7788080896009123,0.4413733735474889,30,0.0,0.0,0.4833333333333333,0.5010328754951814,0,0.7319537693340477,120,0.275,0.27032733885633464,0.34598674764770027,4
370,1060,Experience 1060,Strategy,0.8620933017122632,0.1051567799118504,0.3772606570904063,0.1400554046894906,58,Creative,Adventure,0.7788080896009123,0.4413733735474889,30,0.0,0.0,0.4666666666666667,0.598452567489494,0,0.9827578739111074,102,0.27450980392156865,0.2692280937695643,0.3340250909845246,5
371,1058,Experience 1058,Social,0.5666390936836835,0.5294440043668863,0.4156619036213059,0.2647117106195373,52,Adventure,Puzzle,0.7248859494973519,0.7440544810732606,26,0.0,0.0,0.4333333333333333,0.690775954123954,0,0.9251909106407342,100,0.32,0.30704856199905706,0.4224861002369854,1
371,1109,Experience 1109,Social,0.5415451963988065,0.6320276759129257,0.4602651355822746,0.2660308726216652,48,Adventure,Puzzle,0.7248859494973519,0.7440544810732606,26,0.0,0.0,0.3666666666666666,0.7353791860849228,0,0.8688486748350116,125,0.312,0.30238501682680585,0.439419269917852,2
371,1119,Experience 1119,Action,0.8086136050725224,0.7572883677081093,0.5086964614589882,0.1619415702496311,9,Adventure,Puzzle,0.7248859494973519,0.7440544810732606,26,0.0,0.0,0.2833333333333333,0.7838105119616363,0,0.8050345256879495,115,0.30434782608695654,0.29515427733249516,0.4619057602394181,3
371,1046,Experience 1046,Puzzle,0.9358581895296346,0.2937905951089806,0.3646871905132503,0.5570017818814502,30,Adventure,Puzzle,0.7248859494973519,0.7440544810732606,26,0.0,1.0,0.0666666666666666,0.6398012410158984,0,0.9784588532188718,124,0.2661290322580645,0.26281824611032534,0.627168428985195,4
371,1098,Experience 1098,Social,0.534058177188557,0.4459803600128759,0.2707495249900757,0.7298152463028666,35,Adventure,Puzzle,0.7248859494973519,0.7440544810732606,26,0.0,0.0,0.15,0.5458635754927239,0,0.8185514187212973,130,0.26153846153846155,0.25897218293257895,0.3986675746322371,5
372,1061,Experience 1061,Social,0.9515114053456256,0.4883887845440612,0.3838014404080356,0.6777086144544695,56,Social,Simulation,0.9420675812135187,0.5008622094308346,34,1.0,0.0,0.3666666666666666,0.4417338591945168,0,0.9155689379982858,113,0.3274336283185841,0.3146302815029086,0.7926839936825917,1
372,1069,Experience 1069,Puzzle,0.8068156107352968,0.6551858372056814,0.8842124935251735,0.2530347499296835,35,Social,Simulation,0.9420675812135187,0.5008622094308346,34,0.0,0.0,0.0166666666666666,0.9421449123116548,0,0.9434361979400158,121,0.2892561983471074,0.2825945208502613,0.5002749550730754,2
372,1110,Experience 1110,Creative,0.8487034770737338,0.6513439158584452,0.7080979103356375,0.2741343936886083,18,Social,Simulation,0.9420675812135187,0.5008622094308346,34,0.0,0.0,0.2666666666666666,0.7660303291221188,0,0.7691515192695378,109,0.28440366972477066,0.2778746313169523,0.4349575316349741,3
372,1115,Experience 1115,Simulation,0.626658707429628,0.7075065986188209,0.5404405149990236,0.2246894745458737,42,Social,Simulation,0.9420675812135187,0.5008622094308346,34,0.0,1.0,0.1333333333333333,0.5983729337855048,1,0.7670639655253882,112,0.2767857142857143,0.27155929878702156,0.5262915097206475,4
372,1108,Experience 1108,Puzzle,0.8425576923542274,0.4822507608830354,0.666849920378606,0.8027206052883656,21,Social,Simulation,0.9420675812135187,0.5008622094308346,34,0.0,0.0,0.2166666666666666,0.7247823391650873,0,0.9776328289246661,92,0.2717391304347826,0.2664806021418468,0.4200524254223757,5
373,1000,Experience 1000,Action,0.9096695293967186,0.6516437731703687,0.6290364009047581,0.2407530712142694,49,Social,Simulation,0.8353046683338565,0.8119374016333243,39,0.0,0.0,0.1666666666666666,0.7937317325709016,0,0.701040994929208,124,0.3225806451612903,0.31142935722143644,0.48989792547172467,1
373,1102,Experience 1102,Sports,0.9402838286695968,0.4125021221616953,0.1907643304361418,0.200562471321554,40,Social,Simulation,0.8353046683338565,0.8119374016333243,39,0.0,0.0,0.0166666666666666,0.3554596621022853,0,0.8065571624815304,117,0.3076923076923077,0.29814472583859014,0.4189723003240842,2
373,1070,Experience 1070,Sports,0.9021629239090754,0.4240213755135868,0.7602726894428304,0.7757910864370905,50,Social,Simulation,0.8353046683338565,0.8119374016333243,39,0.0,0.0,0.1833333333333333,0.924968021108974,1,0.8516460048366291,111,0.2882882882882883,0.28126585831974693,0.5099686312460648,3
373,1060,Experience 1060,Strategy,0.8620933017122632,0.1051567799118504,0.3772606570904063,0.1400554046894906,58,Social,Simulation,0.8353046683338565,0.8119374016333243,39,0.0,0.0,0.3166666666666666,0.5419559887565497,0,0.9269824768716067,102,0.27450980392156865,0.2692280937695643,0.349926921833397,4
373,1001,Experience 1001,Sports,0.6452560499996463,0.8044840559110404,0.5776422262968883,0.3608105614175153,41,Social,Simulation,0.8353046683338565,0.8119374016333243,39,0.0,0.0,0.0333333333333333,0.7423375579630318,0,0.8461688158100475,110,0.2545454545454545,0.25266021107605263,0.4530142855227348,5
374,1053,Experience 1053,Puzzle,0.7426572934279929,0.7514869168546299,0.2904976508730454,0.8341208920021081,34,Sports,Action,0.2933105758218123,0.458423683213463,32,0.0,0.0,0.0333333333333333,0.997187075051233,0,0.7770154762072009,102,0.3431372549019608,0.3266051429498922,0.4871012054775974,1
374,1052,Experience 1052,Creative,0.6879474895864814,0.8150878066775633,0.5427584275418881,0.4028796085076296,43,Sports,Action,0.2933105758218123,0.458423683213463,32,0.0,0.0,0.1833333333333333,0.7505521482799242,0,0.7893311398111076,129,0.3178294573643411,0.30769011704622046,0.4274627822466295,2
374,1100,Experience 1100,Sports,0.8539423752816214,0.5771516782683807,0.6603015579098336,0.097787997445443,39,Sports,Action,0.2933105758218123,0.458423683213463,32,1.0,0.0,0.1166666666666666,0.6330090179119787,1,0.9881205354403382,107,0.3177570093457944,0.3058726570069831,0.808381454343604,3
374,1109,Experience 1109,Social,0.5415451963988065,0.6320276759129257,0.4602651355822746,0.2660308726216652,48,Sports,Action,0.2933105758218123,0.458423683213463,32,0.0,0.0,0.2666666666666666,0.8330454402395377,0,0.7811941270953566,125,0.312,0.30238501682680585,0.4490919118199911,4
374,1067,Experience 1067,Creative,0.788764048918011,0.4580972487220676,0.5921026845821029,0.4299570499000478,43,Sports,Action,0.2933105758218123,0.458423683213463,32,0.0,0.0,0.1833333333333333,0.7012078912397095,0,0.991347996477845,119,0.31092436974789917,0.30104911827256725,0.41899113769273555,5
375,1084,Experience 1084,Social,0.6722561348379004,0.2863456816441453,0.5362524927433157,0.7470758006298863,26,Strategy,Social,0.8421065990648325,0.4926766510663687,11,0.0,1.0,0.25,0.6941458936784831,1,0.819245401913955,111,0.35135135135135137,0.3347009728235637,0.613899876000494,1
375,1037,Experience 1037,Sports,0.7994490651436071,0.7023148063737304,0.3263399911584964,0.9948242136208678,35,Strategy,Social,0.8421065990648325,0.4926766510663687,11,0.0,0.0,0.4,0.4842333920936639,0,0.8340347349900858,120,0.30833333333333335,0.29889876742776317,0.3987455283780706,2
375,1102,Experience 1102,Sports,0.9402838286695968,0.4125021221616953,0.1907643304361418,0.200562471321554,40,Strategy,Social,0.8421065990648325,0.4926766510663687,11,0.0,0.0,0.4833333333333333,0.3486577313713093,1,0.875889345781666,117,0.3076923076923077,0.29814472583859014,0.3850851367697567,3
375,1014,Experience 1014,Social,0.7084360738896248,0.6919622480914536,0.5066406143622445,0.7631554898199004,35,Strategy,Social,0.8421065990648325,0.4926766510663687,11,0.0,1.0,0.4,0.664534015297412,0,0.9899058887366833,117,0.29914529914529914,0.29084545576559745,0.6324142633639623,4
375,1070,Experience 1070,Sports,0.9021629239090754,0.4240213755135868,0.7602726894428304,0.7757910864370905,50,Strategy,Social,0.8421065990648325,0.4926766510663687,11,0.0,0.0,0.65,0.918166090377998,1,0.9823575861313516,111,0.2882882882882883,0.28126585831974693,0.47473504882113793,5
376,1061,Experience 1061,Social,0.9515114053456256,0.4883887845440612,0.3838014404080356,0.6777086144544695,56,Sports,Simulation,0.8839258519014205,0.5044595642635266,19,0.0,0.0,0.6166666666666667,0.499875588506615,1,0.8447816683896235,113,0.3274336283185841,0.3146302815029086,0.4166004572050355,1
376,1052,Experience 1052,Creative,0.6879474895864814,0.8150878066775633,0.5427584275418881,0.4028796085076296,43,Sports,Simulation,0.8839258519014205,0.5044595642635266,19,0.0,0.0,0.4,0.6588325756404676,0,0.7712314949005948,129,0.3178294573643411,0.30769011704622046,0.366151180868678,2
376,1109,Experience 1109,Social,0.5415451963988065,0.6320276759129257,0.4602651355822746,0.2660308726216652,48,Sports,Simulation,0.8839258519014205,0.5044595642635266,19,0.0,0.0,0.4833333333333333,0.5763392836808541,0,0.7001706769565964,125,0.312,0.30238501682680585,0.3595702668325812,3
376,1037,Experience 1037,Sports,0.7994490651436071,0.7023148063737304,0.3263399911584964,0.9948242136208678,35,Sports,Simulation,0.8839258519014205,0.5044595642635266,19,1.0,0.0,0.2666666666666666,0.4424141392570759,1,0.8863504220100332,120,0.30833333333333335,0.29889876742776317,0.7366722459429988,4
376,1110,Experience 1110,Creative,0.8487034770737338,0.6513439158584452,0.7080979103356375,0.2741343936886083,18,Sports,Simulation,0.8839258519014205,0.5044595642635266,19,0.0,0.0,0.0166666666666666,0.824172058434217,0,0.887100330647729,109,0.28440366972477066,0.2778746313169523,0.46382062371160615,5
377,1044,Experience 1044,Action,0.8578996664042653,0.7405382156713768,0.540545681694017,0.9388053542070384,40,Simulation,Puzzle,0.1801930539805434,0.7562505392598083,27,0.0,0.0,0.2166666666666666,0.6396473722865265,0,0.7454471537337642,112,0.2857142857142857,0.27913505636277913,0.4482087078487299,1
377,1110,Experience 1110,Creative,0.8487034770737338,0.6513439158584452,0.7080979103356375,0.2741343936886083,18,Simulation,Puzzle,0.1801930539805434,0.7562505392598083,27,0.0,0.0,0.15,0.4720951436449059,0,0.8500221019705834,109,0.28440366972477066,0.2778746313169523,0.4258264987035197,2
377,1050,Experience 1050,Sports,0.6444432625143321,0.2032573812502654,0.7840857883345029,0.0579453445381299,24,Simulation,Puzzle,0.1801930539805434,0.7562505392598083,27,0.0,0.0,0.05,0.3961072656460405,0,0.7950291451414113,107,0.27102803738317754,0.2665025782668255,0.365305108019461,3
377,1001,Experience 1001,Sports,0.6452560499996463,0.8044840559110404,0.5776422262968883,0.3608105614175153,41,Simulation,Puzzle,0.1801930539805434,0.7562505392598083,27,0.0,0.0,0.2333333333333333,0.6025508276836551,1,0.7793283511771945,110,0.2545454545454545,0.25266021107605263,0.41790799295012315,4
377,1031,Experience 1031,Adventure,0.6267069522672452,0.6020379288394027,0.9395582128996094,0.5521627033044271,46,Simulation,Puzzle,0.1801930539805434,0.7562505392598083,27,0.0,0.0,0.3166666666666666,0.240634841080934,1,0.980564531918377,113,0.23008849557522124,0.2319235145856154,0.31255348178332815,5
378,1061,Experience 1061,Social,0.9515114053456256,0.4883887845440612,0.3838014404080356,0.6777086144544695,56,Simulation,Social,0.2743526903111704,0.7218345660907569,33,0.0,1.0,0.3833333333333333,0.8905512499031348,1,0.7916733244318693,113,0.3274336283185841,0.3146302815029086,0.7271916686435279,1
378,1102,Experience 1102,Sports,0.9402838286695968,0.4125021221616953,0.1907643304361418,0.200562471321554,40,Simulation,Social,0.2743526903111704,0.7218345660907569,33,0.0,0.0,0.1166666666666666,0.9164116401249712,0,0.7014487939689609,117,0.3076923076923077,0.29814472583859014,0.5426749907655388,2
378,1088,Experience 1088,Sports,0.931739259022481,0.4207879774878386,0.5549692853271866,0.4100487869149942,11,Simulation,Social,0.2743526903111704,0.7218345660907569,33,0.0,0.0,0.3666666666666666,0.7193834049839838,0,0.7304064993406532,113,0.3008849557522124,0.292073890525465,0.486213886821855,3
378,1115,Experience 1115,Simulation,0.626658707429628,0.7075065986188209,0.5404405149990236,0.2246894745458737,42,Simulation,Social,0.2743526903111704,0.7218345660907569,33,1.0,0.0,0.15,0.7339121753121469,1,0.792218607325999,112,0.2767857142857143,0.27155929878702156,0.788357985013325,4
378,1076,Experience 1076,Creative,0.7805257487778566,0.3562342599893083,0.7812983230640933,0.571167362055741,8,Simulation,Social,0.2743526903111704,0.7218345660907569,33,0.0,0.0,0.4166666666666667,0.4930543672470771,0,0.8827654928602278,124,0.23387096774193547,0.23504046833254755,0.3865876504753731,5
379,1059,Experience 1059,Social,0.7489549716721217,0.4911530499138364,0.6826986067555766,0.9132851837019758,49,Sports,Strategy,0.763203745705095,0.8721789422418657,22,0.0,0.0,0.45,0.9194948610504816,0,0.7281264434684489,105,0.34285714285714286,0.32676661951909475,0.4958753935109694,1
379,1053,Experience 1053,Puzzle,0.7426572934279929,0.7514869168546299,0.2904976508730454,0.8341208920021081,34,Sports,Strategy,0.763203745705095,0.8721789422418657,22,0.0,0.0,0.2,0.5272939051679505,1,0.7580174681433028,102,0.3431372549019608,0.3266051429498922,0.39552370824025956,2
379,1052,Experience 1052,Creative,0.6879474895864814,0.8150878066775633,0.5427584275418881,0.4028796085076296,43,Sports,Strategy,0.763203745705095,0.8721789422418657,22,0.0,0.0,0.35,0.7795546818367931,1,0.9940405401028592,129,0.3178294573643411,0.30769011704622046,0.42238921145803754,3
379,1119,Experience 1119,Action,0.8086136050725224,0.7572883677081093,0.5086964614589882,0.1619415702496311,9,Sports,Strategy,0.763203745705095,0.8721789422418657,22,0.0,0.0,0.2166666666666666,0.7454927157538932,1,0.8656132801389527,115,0.30434782608695654,0.29515427733249516,0.4515599949107574,4
379,1023,Experience 1023,Strategy,0.934275144868182,0.4241492862896971,0.2179097364670654,0.7914514878076223,48,Sports,Strategy,0.763203745705095,0.8721789422418657,22,0.0,1.0,0.4333333333333333,0.4547059907619705,1,0.7755758668299328,110,0.2818181818181818,0.2757371341529757,0.5216094882869419,5
380,1059,Experience 1059,Social,0.7489549716721217,0.4911530499138364,0.6826986067555766,0.9132851837019758,49,Action,Puzzle,0.724638032160877,0.7515094468172049,39,0.0,0.0,0.1666666666666666,0.9580605745946996,0,0.9544414177697527,105,0.34285714285714286,0.32676661951909475,0.5718868122873959,1
380,1052,Experience 1052,Creative,0.6879474895864814,0.8150878066775633,0.5427584275418881,0.4028796085076296,43,Action,Puzzle,0.724638032160877,0.7515094468172049,39,0.0,0.0,0.0666666666666666,0.8181203953810111,0,0.9566509980094169,129,0.3178294573643411,0.30769011704622046,0.498269806626275,2
380,1014,Experience 1014,Social,0.7084360738896248,0.6919622480914536,0.5066406143622445,0.7631554898199004,35,Action,Puzzle,0.724638032160877,0.7515094468172049,39,0.0,0.0,0.0666666666666666,0.7820025822013675,0,0.9111757207652261,117,0.29914529914529914,0.29084545576559745,0.5488015559884258,3
380,1070,Experience 1070,Sports,0.9021629239090754,0.4240213755135868,0.7602726894428304,0.7757910864370905,50,Action,Puzzle,0.724638032160877,0.7515094468172049,39,0.0,0.0,0.1833333333333333,0.9643653427180464,1,0.8285030141720175,111,0.2882882882882883,0.28126585831974693,0.5612189143225096,4
380,1046,Experience 1046,Puzzle,0.9358581895296346,0.2937905951089806,0.3646871905132503,0.5570017818814502,30,Action,Puzzle,0.724638032160877,0.7515094468172049,39,0.0,1.0,0.15,0.6400491583523733,0,0.851197130099023,124,0.2661290322580645,0.26281824611032534,0.6460497760256708,5
381,1059,Experience 1059,Social,0.7489549716721217,0.4911530499138364,0.6826986067555766,0.9132851837019758,49,Strategy,Adventure,0.7394883439619975,0.8551350851610658,37,0.0,0.0,0.2,0.9432102627935792,0,0.8334679233907015,105,0.34285714285714286,0.32676661951909475,0.523955748592341,1
381,1109,Experience 1109,Social,0.5415451963988065,0.6320276759129257,0.4602651355822746,0.2660308726216652,48,Strategy,Adventure,0.7394883439619975,0.8551350851610658,37,0.0,0.0,0.1833333333333333,0.7207767916202772,1,0.730608942966269,125,0.312,0.30238501682680585,0.4429881505004293,2
381,1014,Experience 1014,Social,0.7084360738896248,0.6919622480914536,0.5066406143622445,0.7631554898199004,35,Strategy,Adventure,0.7394883439619975,0.8551350851610658,37,0.0,0.0,0.0333333333333333,0.767152270400247,0,0.8120964010836352,117,0.29914529914529914,0.29084545576559745,0.5075704011481494,3
381,1023,Experience 1023,Strategy,0.934275144868182,0.4241492862896971,0.2179097364670654,0.7914514878076223,48,Strategy,Adventure,0.7394883439619975,0.8551350851610658,37,1.0,0.0,0.1833333333333333,0.478421392505068,1,0.9606035969409891,110,0.2818181818181818,0.2757371341529757,0.7492494073947182,4
381,1115,Experience 1115,Simulation,0.626658707429628,0.7075065986188209,0.5404405149990236,0.2246894745458737,42,Strategy,Adventure,0.7394883439619975,0.8551350851610658,37,0.0,0.0,0.0833333333333333,0.8009521710370261,0,0.8280139281965448,112,0.2767857142857143,0.27155929878702156,0.41854490556065954,5
382,1111,Experience 1111,Sports,0.9428982678236224,0.8155250577848677,0.575778764164542,0.2547283501174674,25,Action,Strategy,0.3557351691078016,0.6671717711683298,28,0.0,0.0,0.05,0.7799564049432597,0,0.9246268764568899,139,0.3237410071942446,0.31349577006218143,0.5543322187063628,1
382,1100,Experience 1100,Sports,0.8539423752816214,0.5771516782683807,0.6603015579098336,0.097787997445443,39,Action,Strategy,0.3557351691078016,0.6671717711683298,28,0.0,0.0,0.1833333333333333,0.695433611197968,0,0.9012586270296501,107,0.3177570093457944,0.3058726570069831,0.4924750945280245,2
382,1110,Experience 1110,Creative,0.8487034770737338,0.6513439158584452,0.7080979103356375,0.2741343936886083,18,Action,Strategy,0.3557351691078016,0.6671717711683298,28,0.0,0.0,0.1666666666666666,0.6476372587721642,0,0.8534356262593005,109,0.28440366972477066,0.2778746313169523,0.4665637864909112,3
382,1001,Experience 1001,Sports,0.6452560499996463,0.8044840559110404,0.5776422262968883,0.3608105614175153,41,Action,Strategy,0.3557351691078016,0.6671717711683298,28,0.0,0.0,0.2166666666666666,0.7780929428109133,0,0.9006082996126636,110,0.2545454545454545,0.25266021107605263,0.46198433553316753,4
382,1092,Experience 1092,Sports,0.8280410369904486,0.5343815491606264,0.7426691928850321,0.6904019545155015,39,Action,Strategy,0.3557351691078016,0.6671717711683298,28,0.0,0.0,0.1833333333333333,0.6130659762227695,0,0.7112212463773393,128,0.2421875,0.2422015367559922,0.46471277361180097,5
383,1100,Experience 1100,Sports,0.8539423752816214,0.5771516782683807,0.6603015579098336,0.097787997445443,39,Creative,Sports,0.1940890957788676,0.2474164822837347,34,0.0,1.0,0.0833333333333333,0.533787537869034,1,0.8138740803247153,107,0.3177570093457944,0.3058726570069831,0.6467558990374432,1
383,1115,Experience 1115,Simulation,0.626658707429628,0.7075065986188209,0.5404405149990236,0.2246894745458737,42,Creative,Sports,0.1940890957788676,0.2474164822837347,34,0.0,0.0,0.1333333333333333,0.653648580779844,0,0.7435145693361311,112,0.2767857142857143,0.27155929878702156,0.4119027401679398,2
383,1033,Experience 1033,Simulation,0.8859147305780027,0.259942782541492,0.2648265360525452,0.1086571032622624,31,Creative,Sports,0.1940890957788676,0.2474164822837347,34,0.0,0.0,0.05,0.9292625597263224,0,0.7945150598118678,120,0.275,0.27032733885633464,0.48862574575114626,3
383,1046,Experience 1046,Puzzle,0.9358581895296346,0.2937905951089806,0.3646871905132503,0.5570017818814502,30,Creative,Sports,0.1940890957788676,0.2474164822837347,34,0.0,0.0,0.0666666666666666,0.8294019052656173,0,0.7096210873709321,124,0.2661290322580645,0.26281824611032534,0.5026988311276602,4
383,1005,Experience 1005,Sports,0.725440926488475,0.5102685875213342,0.2459903544501388,0.2409271164143122,19,Creative,Sports,0.1940890957788676,0.2474164822837347,34,0.0,1.0,0.25,0.9480987413287288,1,0.7534799006183092,114,0.2543859649122807,0.25258080179020037,0.6429337772137977,5
384,1052,Experience 1052,Creative,0.6879474895864814,0.8150878066775633,0.5427584275418881,0.4028796085076296,43,Action,Social,0.428115807036473,0.5807883083036592,16,0.0,0.0,0.45,0.885357379494585,1,0.7898397319772179,129,0.3178294573643411,0.30769011704622046,0.47965487687879926,1
384,1002,Experience 1002,Social,0.5654662227449457,0.1419781043952984,0.4876512775379703,0.1763555764178013,30,Action,Social,0.428115807036473,0.5807883083036592,16,0.0,1.0,0.2333333333333333,0.9404645294985028,0,0.8032002339444209,125,0.312,0.30238501682680585,0.6614970576408691,2
384,1064,Experience 1064,Puzzle,0.6204758892789963,0.4435351922580418,0.6632419642315316,0.276207363456566,49,Action,Social,0.428115807036473,0.5807883083036592,16,0.0,0.0,0.55,0.7648738428049415,0,0.9915711071192186,94,0.2765957446808511,0.27057743368321796,0.41844051523370257,3
384,1060,Experience 1060,Strategy,0.8620933017122632,0.1051567799118504,0.3772606570904063,0.1400554046894906,58,Action,Social,0.428115807036473,0.5807883083036592,16,0.0,0.0,0.7,0.9491448500539332,0,0.9481736284617011,102,0.27450980392156865,0.2692280937695643,0.4315066412079869,4
384,1039,Experience 1039,Social,0.8194814495513689,0.2752805682140255,0.2419454802582048,0.889899007072331,47,Action,Social,0.428115807036473,0.5807883083036592,16,0.0,1.0,0.5166666666666667,0.8138296732217317,1,0.7908428518636114,110,0.2636363636363636,0.2603525187683603,0.6692359199723883,5
385,1107,Experience 1107,Social,0.7428970964662264,0.8045676070342606,0.8160785123357384,0.9076048913904824,23,Sports,Puzzle,0.6002609136687257,0.1877854712895993,16,0.0,0.0,0.1166666666666666,0.7841824013329873,0,0.8998727837537084,139,0.30935251798561153,0.3009171537099802,0.5125119300910291,1
385,1023,Experience 1023,Strategy,0.934275144868182,0.4241492862896971,0.2179097364670654,0.7914514878076223,48,Sports,Puzzle,0.6002609136687257,0.1877854712895993,16,0.0,0.0,0.5333333333333333,0.6176488227983398,0,0.9765492568501224,110,0.2818181818181818,0.2757371341529757,0.35491319365368496,2
385,1060,Experience 1060,Strategy,0.8620933017122632,0.1051567799118504,0.3772606570904063,0.1400554046894906,58,Sports,Puzzle,0.6002609136687257,0.1877854712895993,16,0.0,0.0,0.7,0.7769997434216807,0,0.7211880067702783,102,0.27450980392156865,0.2692280937695643,0.33964283781439264,3
385,1068,Experience 1068,Action,0.698456042052288,0.2594560290757449,0.3550613668330224,0.4325155932423661,21,Sports,Puzzle,0.6002609136687257,0.1877854712895993,16,0.0,0.0,0.0833333333333333,0.7548004531642967,0,0.7409518476907246,111,0.24324324324324326,0.2430979193884492,0.3795069268830985,4
385,1007,Experience 1007,Social,0.6113602755027672,0.3693255620200327,0.760432490906593,0.3138467721116466,56,Sports,Puzzle,0.6002609136687257,0.1877854712895993,16,0.0,0.0,0.6666666666666666,0.8398284227621327,0,0.7635583106846552,112,0.24107142857142858,0.24125626848399126,0.4095044588469517,5
386,1111,Experience 1111,Sports,0.9428982678236224,0.8155250577848677,0.575778764164542,0.2547283501174674,25,Strategy,Adventure,0.7645307742375849,0.6573773669372732,45,0.0,0.0,0.3333333333333333,0.8112479899269571,0,0.8522679929821074,139,0.3237410071942446,0.31349577006218143,0.5042979370358481,1
386,1055,Experience 1055,Action,0.9121309206982589,0.3826203354113438,0.2499073592941251,0.1919211614110854,38,Strategy,Adventure,0.7645307742375849,0.6573773669372732,45,0.0,0.0,0.1166666666666666,0.4853765850565403,0,0.9683864569716409,114,0.23684210526315788,0.237655428655872,0.4018841731740544,2
386,1004,Experience 1004,Puzzle,0.809305382335664,0.5027055170834634,0.7716046143560276,0.3920600224154432,16,Strategy,Adventure,0.7645307742375849,0.6573773669372732,45,0.0,0.0,0.4833333333333333,0.9929261598815572,0,0.8850455738458369,123,0.21951219512195122,0.2226980939852227,0.45574398793072357,3
386,1079,Experience 1079,Social,0.6252808613431486,0.1651788036494796,0.2355254260756802,0.2079980737084605,56,Strategy,Adventure,0.7645307742375849,0.6573773669372732,45,0.0,0.0,0.1833333333333333,0.4709946518380954,0,0.8769802826032258,123,0.2032520325203252,0.2087120799992087,0.3744084926739105,4
386,1019,Experience 1019,Puzzle,0.5059661119161158,0.8228200647408448,0.2570325653065184,0.9988296373336586,24,Strategy,Adventure,0.7645307742375849,0.6573773669372732,45,0.0,0.0,0.35,0.4925017910689335,0,0.9039270598360898,121,0.19834710743801653,0.2045803364530982,0.31287724055087063,5
387,1043,Experience 1043,Creative,0.8838983032607785,0.7641225701636372,0.5942808569171103,0.6062993981927156,47,Strategy,Social,0.6494131433087701,0.5233598220639041,16,0.0,0.0,0.5166666666666667,0.9448677136083402,0,0.8079057400299314,110,0.35454545454545455,0.3372755956914373,0.4976492665431926,1
387,1025,Experience 1025,Social,0.838744739121835,0.7279884901895025,0.5876677647056102,0.0811540004238993,14,Strategy,Social,0.6494131433087701,0.5233598220639041,16,0.0,1.0,0.0333333333333333,0.93825462139684,0,0.8355266614142806,120,0.31666666666666665,0.30604162457062034,0.7483595652470979,2
387,1014,Experience 1014,Social,0.7084360738896248,0.6919622480914536,0.5066406143622445,0.7631554898199004,35,Strategy,Social,0.6494131433087701,0.5233598220639041,16,0.0,1.0,0.3166666666666666,0.8572274710534744,1,0.9074832867819608,117,0.29914529914529914,0.29084545576559745,0.6776146413647123,3
387,1060,Experience 1060,Strategy,0.8620933017122632,0.1051567799118504,0.3772606570904063,0.1400554046894906,58,Strategy,Social,0.6494131433087701,0.5233598220639041,16,1.0,0.0,0.7,0.7278475137816363,0,0.8060958768103851,102,0.27450980392156865,0.2692280937695643,0.7356788236177126,4
387,1108,Experience 1108,Puzzle,0.8425576923542274,0.4822507608830354,0.666849920378606,0.8027206052883656,21,Strategy,Social,0.6494131433087701,0.5233598220639041,16,0.0,0.0,0.0833333333333333,0.982563222930164,0,0.9528302515844751,92,0.2717391304347826,0.2664806021418468,0.5214863783846553,5
388,1000,Experience 1000,Action,0.9096695293967186,0.6516437731703687,0.6290364009047581,0.2407530712142694,49,Strategy,Sports,0.6866188142420376,0.5170718944267106,34,0.0,0.0,0.25,0.9424175866627204,0,0.9796959352830776,124,0.3225806451612903,0.31142935722143644,0.5286171037110173,1
388,1100,Experience 1100,Sports,0.8539423752816214,0.5771516782683807,0.6603015579098336,0.097787997445443,39,Strategy,Sports,0.6866188142420376,0.5170718944267106,34,0.0,1.0,0.0833333333333333,0.973682743667796,1,0.7509135843789375,107,0.3177570093457944,0.3058726570069831,0.7095869575606921,2
388,1070,Experience 1070,Sports,0.9021629239090754,0.4240213755135868,0.7602726894428304,0.7757910864370905,50,Strategy,Sports,0.6866188142420376,0.5170718944267106,34,0.0,1.0,0.2666666666666666,0.9263461247992072,0,0.9748054586103023,111,0.2882882882882883,0.28126585831974693,0.6854781360476184,3
388,1106,Experience 1106,Sports,0.8146785788760947,0.3647619692710552,0.6750256601127794,0.7960604476258709,49,Strategy,Sports,0.6866188142420376,0.5170718944267106,34,0.0,1.0,0.25,0.9884068458707418,0,0.9892591429008725,128,0.28125,0.275985320539776,0.6698278932516103,4
388,1115,Experience 1115,Simulation,0.626658707429628,0.7075065986188209,0.5404405149990236,0.2246894745458737,42,Strategy,Sports,0.6866188142420376,0.5170718944267106,34,0.0,0.0,0.1333333333333333,0.8538217007569859,1,0.8009315887588946,112,0.2767857142857143,0.27155929878702156,0.44113197446816693,5
389,1025,Experience 1025,Social,0.838744739121835,0.7279884901895025,0.5876677647056102,0.0811540004238993,14,Creative,Action,0.3235307304068742,0.1727998332612388,17,0.0,0.0,0.05,0.735862965701264,0,0.7774750162379268,120,0.31666666666666665,0.30604162457062034,0.5186580798114454,1
389,1044,Experience 1044,Action,0.8578996664042653,0.7405382156713768,0.540545681694017,0.9388053542070384,40,Creative,Action,0.3235307304068742,0.1727998332612388,17,0.0,1.0,0.3833333333333333,0.7829850487128572,1,0.7879255546496197,112,0.2857142857142857,0.27913505636277913,0.5946554934935699,2
389,1090,Experience 1090,Puzzle,0.5586098880458512,0.4251872277402517,0.5338484342208252,0.861814417816014,19,Creative,Action,0.3235307304068742,0.1727998332612388,17,0.0,0.0,0.0333333333333333,0.789682296186049,0,0.9427719026721304,121,0.2727272727272727,0.26841012368714073,0.368496182334757,3
389,1039,Experience 1039,Social,0.8194814495513689,0.2752805682140255,0.2419454802582048,0.889899007072331,47,Creative,Action,0.3235307304068742,0.1727998332612388,17,0.0,0.0,0.5,0.9184147498513306,0,0.7598309265700711,110,0.2636363636363636,0.2603525187683603,0.44809592236958595,4
389,1024,Experience 1024,Sports,0.7120515552427965,0.5535760301547662,0.4935230317114728,0.4609313910731102,39,Creative,Action,0.3235307304068742,0.1727998332612388,17,0.0,0.0,0.3666666666666666,0.8300076986954014,1,0.8628088692384769,138,0.2608695652173913,0.25851789518915724,0.40547618375220507,5
390,1043,Experience 1043,Creative,0.8838983032607785,0.7641225701636372,0.5942808569171103,0.6062993981927156,47,Adventure,Strategy,0.5725077033210729,0.303162685306629,12,0.0,0.0,0.5833333333333334,0.9782268464039626,0,0.7505239060323594,110,0.35454545454545455,0.3372755956914373,0.44401687539819085,1
390,1100,Experience 1100,Sports,0.8539423752816214,0.5771516782683807,0.6603015579098336,0.097787997445443,39,Adventure,Strategy,0.5725077033210729,0.303162685306629,12,0.0,0.0,0.45,0.9122061454112392,0,0.7952309866302204,107,0.3177570093457944,0.3058726570069831,0.4504049343946291,2
390,1013,Experience 1013,Sports,0.8486275995976889,0.743877614526904,0.1274827038621261,0.2359972626205526,20,Adventure,Strategy,0.5725077033210729,0.303162685306629,12,0.0,0.0,0.1333333333333333,0.5549750005410532,0,0.7081617635545134,116,0.3017241379310345,0.29298402529328565,0.40706967695487284,3
390,1106,Experience 1106,Sports,0.8146785788760947,0.3647619692710552,0.6750256601127794,0.7960604476258709,49,Adventure,Strategy,0.5725077033210729,0.303162685306629,12,0.0,0.0,0.6166666666666667,0.8974820432082935,0,0.8021818599967,128,0.28125,0.275985320539776,0.3999264859198814,4
390,1064,Experience 1064,Puzzle,0.6204758892789963,0.4435351922580418,0.6632419642315316,0.276207363456566,49,Adventure,Strategy,0.5725077033210729,0.303162685306629,12,0.0,0.0,0.6166666666666667,0.9092657390895412,0,0.7796076618968609,94,0.2765957446808511,0.27057743368321796,0.35554483736187575,5
391,1100,Experience 1100,Sports,0.8539423752816214,0.5771516782683807,0.6603015579098336,0.097787997445443,39,Creative,Sports,0.5309050657005182,0.1722005091784924,52,0.0,1.0,0.2166666666666666,0.8706035077906846,0,0.7151899227578654,107,0.3177570093457944,0.3058726570069831,0.6873804275897591,1
391,1088,Experience 1088,Sports,0.931739259022481,0.4207879774878386,0.5549692853271866,0.4100487869149942,11,Creative,Sports,0.5309050657005182,0.1722005091784924,52,0.0,1.0,0.6833333333333333,0.9759357803733316,0,0.7313123154693361,113,0.3008849557522124,0.292073890525465,0.6557147421199808,2
391,1044,Experience 1044,Action,0.8578996664042653,0.7405382156713768,0.540545681694017,0.9388053542070384,40,Creative,Sports,0.5309050657005182,0.1722005091784924,52,0.0,0.0,0.2,0.9903593840065013,1,0.8404486601459181,112,0.2857142857142857,0.27913505636277913,0.5287463430539987,3
391,1106,Experience 1106,Sports,0.8146785788760947,0.3647619692710552,0.6750256601127794,0.7960604476258709,49,Creative,Sports,0.5309050657005182,0.1722005091784924,52,0.0,1.0,0.05,0.8558794055877388,0,0.8978547265455179,128,0.28125,0.275985320539776,0.6729858244071045,4
391,1115,Experience 1115,Simulation,0.626658707429628,0.7075065986188209,0.5404405149990236,0.2246894745458737,42,Creative,Sports,0.5309050657005182,0.1722005091784924,52,0.0,0.0,0.1666666666666666,0.9904645507014946,0,0.9315152650840066,112,0.2767857142857143,0.27155929878702156,0.46733487355393083,5
392,1070,Experience 1070,Sports,0.9021629239090754,0.4240213755135868,0.7602726894428304,0.7757910864370905,50,Puzzle,Sports,0.3733902248992331,0.4147647454489345,30,0.0,1.0,0.3333333333333333,0.6131175354564027,0,0.826632274776939,111,0.2882882882882883,0.28126585831974693,0.6278945483964048,1
392,1009,Experience 1009,Action,0.7987178764315418,0.3460501829476273,0.2238314684756084,0.130890330850495,53,Puzzle,Sports,0.3733902248992331,0.4147647454489345,30,0.0,0.0,0.3833333333333333,0.8504412435763753,0,0.9349059932883833,104,0.28846153846153844,0.28101473741844224,0.4316187894043125,2
392,1115,Experience 1115,Simulation,0.626658707429628,0.7075065986188209,0.5404405149990236,0.2246894745458737,42,Puzzle,Sports,0.3733902248992331,0.4147647454489345,30,0.0,0.0,0.2,0.8329497099002096,0,0.7835486597882885,112,0.2767857142857143,0.27155929878702156,0.4289123442913713,3
392,1090,Experience 1090,Puzzle,0.5586098880458512,0.4251872277402517,0.5338484342208252,0.861814417816014,19,Puzzle,Sports,0.3733902248992331,0.4147647454489345,30,1.0,0.0,0.1833333333333333,0.839541790678408,1,0.8490232831114477,121,0.2727272727272727,0.26841012368714073,0.7654988396223659,4
392,1108,Experience 1108,Puzzle,0.8425576923542274,0.4822507608830354,0.666849920378606,0.8027206052883656,21,Puzzle,Sports,0.3733902248992331,0.4147647454489345,30,1.0,0.0,0.15,0.7065403045206271,0,0.978492501157045,92,0.2717391304347826,0.2664806021418468,0.8077817620296225,5
393,1058,Experience 1058,Social,0.5666390936836835,0.5294440043668863,0.4156619036213059,0.2647117106195373,52,Simulation,Action,0.9234794838805558,0.8566816535137465,35,0.0,0.0,0.2833333333333333,0.49218241974075,1,0.923824714958403,100,0.32,0.30704856199905706,0.3798393239680576,1
393,1102,Experience 1102,Sports,0.9402838286695968,0.4125021221616953,0.1907643304361418,0.200562471321554,40,Simulation,Action,0.9234794838805558,0.8566816535137465,35,0.0,0.0,0.0833333333333333,0.267284846555586,0,0.916777323595755,117,0.3076923076923077,0.29814472583859014,0.38786475588231367,2
393,1069,Experience 1069,Puzzle,0.8068156107352968,0.6551858372056814,0.8842124935251735,0.2530347499296835,35,Simulation,Action,0.9234794838805558,0.8566816535137465,35,0.0,0.0,0.0,0.9607330096446176,1,0.8521585236270119,121,0.2892561983471074,0.2825945208502613,0.5157454961328152,3
393,1106,Experience 1106,Sports,0.8146785788760947,0.3647619692710552,0.6750256601127794,0.7960604476258709,49,Simulation,Action,0.9234794838805558,0.8566816535137465,35,0.0,0.0,0.2333333333333333,0.7515461762322236,0,0.7010241082373975,128,0.28125,0.275985320539776,0.43414743853093146,4
393,1008,Experience 1008,Adventure,0.8415828324170402,0.3364498304651394,0.599089106012921,0.2728043301458357,40,Simulation,Action,0.9234794838805558,0.8566816535137465,35,0.0,0.0,0.0833333333333333,0.6756096221323652,0,0.7100560462029906,117,0.27350427350427353,0.2689476455466193,0.40867603662899754,5
394,1043,Experience 1043,Creative,0.8838983032607785,0.7641225701636372,0.5942808569171103,0.6062993981927156,47,Simulation,Adventure,0.4085616346415379,0.2181477255034297,38,0.0,0.0,0.15,0.8142807777244276,0,0.8494058494251309,110,0.35454545454545455,0.3372755956914373,0.45527030769915905,1
394,1025,Experience 1025,Social,0.838744739121835,0.7279884901895025,0.5876677647056102,0.0811540004238993,14,Simulation,Adventure,0.4085616346415379,0.2181477255034297,38,0.0,0.0,0.4,0.8208938699359276,0,0.7842570551657072,120,0.31666666666666665,0.30604162457062034,0.482992273604549,2
394,1009,Experience 1009,Action,0.7987178764315418,0.3460501829476273,0.2238314684756084,0.130890330850495,53,Simulation,Adventure,0.4085616346415379,0.2181477255034297,38,0.0,0.0,0.25,0.8152698338340706,0,0.8047585254777329,104,0.28846153846153844,0.28101473741844224,0.3858035750121634,3
394,1044,Experience 1044,Action,0.8578996664042653,0.7405382156713768,0.540545681694017,0.9388053542070384,40,Simulation,Adventure,0.4085616346415379,0.2181477255034297,38,0.0,0.0,0.0333333333333333,0.8680159529475209,0,0.7913570603166767,112,0.2857142857142857,0.27913505636277913,0.4619844609428858,4
394,1060,Experience 1060,Strategy,0.8620933017122632,0.1051567799118504,0.3772606570904063,0.1400554046894906,58,Simulation,Adventure,0.4085616346415379,0.2181477255034297,38,0.0,0.0,0.3333333333333333,0.9686990224488684,0,0.7504124468137227,102,0.27450980392156865,0.2692280937695643,0.3850355200264199,5
395,1014,Experience 1014,Social,0.7084360738896248,0.6919622480914536,0.5066406143622445,0.7631554898199004,35,Action,Creative,0.5615847859142159,0.3239669365078859,18,0.0,0.0,0.2833333333333333,0.9450558284480286,1,0.9150283319256376,117,0.29914529914529914,0.29084545576559745,0.520873020109918,1
395,1009,Experience 1009,Action,0.7987178764315418,0.3460501829476273,0.2238314684756084,0.130890330850495,53,Action,Creative,0.5615847859142159,0.3239669365078859,18,1.0,0.0,0.5833333333333334,0.6622466825613926,0,0.8845786425727385,104,0.28846153846153844,0.28101473741844224,0.7418538625898895,2
395,1004,Experience 1004,Puzzle,0.809305382335664,0.5027055170834634,0.7716046143560276,0.3920600224154432,16,Action,Creative,0.5615847859142159,0.3239669365078859,18,0.0,0.0,0.0333333333333333,0.7899801715581883,0,0.7790746190952739,123,0.21951219512195122,0.2226980939852227,0.48177433537723785,3
395,1066,Experience 1066,Strategy,0.5933044321129625,0.8148765601157231,0.9082281614290438,0.2645976053461583,23,Action,Creative,0.5615847859142159,0.3239669365078859,18,0.0,0.0,0.0833333333333333,0.6533566244851721,0,0.9174490610941549,125,0.208,0.21272984441301274,0.39946201435215173,4
395,1026,Experience 1026,Puzzle,0.7847705334160814,0.4236675665053301,0.2918167090217533,0.0158055554401338,14,Action,Creative,0.5615847859142159,0.3239669365078859,18,0.0,0.0,0.0666666666666666,0.7302319231075374,1,0.8941441035967308,111,0.1981981981981982,0.2049299804571515,0.44080767126602,5
396,1059,Experience 1059,Social,0.7489549716721217,0.4911530499138364,0.6826986067555766,0.9132851837019758,49,Social,Puzzle,0.3161902131739861,0.3591831099395907,35,1.0,0.0,0.2333333333333333,0.6334916064184095,0,0.8568620764649832,105,0.34285714285714286,0.32676661951909475,0.8151730513915536,1
396,1058,Experience 1058,Social,0.5666390936836835,0.5294440043668863,0.4156619036213059,0.2647117106195373,52,Social,Puzzle,0.3161902131739861,0.3591831099395907,35,1.0,0.0,0.2833333333333333,0.9005283095526803,1,0.9954934634756156,100,0.32,0.30704856199905706,0.8125356272515039,2
396,1023,Experience 1023,Strategy,0.934275144868182,0.4241492862896971,0.2179097364670654,0.7914514878076223,48,Social,Puzzle,0.3161902131739861,0.3591831099395907,35,0.0,0.0,0.2166666666666666,0.9017195232930793,1,0.7003291987094109,110,0.2818181818181818,0.2757371341529757,0.45810348753013963,3
396,1050,Experience 1050,Sports,0.6444432625143321,0.2032573812502654,0.7840857883345029,0.0579453445381299,24,Social,Puzzle,0.3161902131739861,0.3591831099395907,35,0.0,0.0,0.1833333333333333,0.5321044248394833,1,0.8718949327664539,107,0.27102803738317754,0.2665025782668255,0.37596885612890335,4
396,1098,Experience 1098,Social,0.534058177188557,0.4459803600128759,0.2707495249900757,0.7298152463028666,35,Social,Puzzle,0.3161902131739861,0.3591831099395907,35,1.0,0.0,0.0,0.9545593118160896,0,0.9874680511586802,130,0.26153846153846155,0.25897218293257895,0.8188249101073859,5
397,1102,Experience 1102,Sports,0.9402838286695968,0.4125021221616953,0.1907643304361418,0.200562471321554,40,Puzzle,Social,0.6296935751904981,0.3913656715453105,24,0.0,0.0,0.2666666666666666,0.5610707552456438,0,0.7339335824776322,117,0.3076923076923077,0.29814472583859014,0.4492843886277076,1
397,1008,Experience 1008,Adventure,0.8415828324170402,0.3364498304651394,0.599089106012921,0.2728043301458357,40,Puzzle,Social,0.6296935751904981,0.3913656715453105,24,0.0,0.0,0.2666666666666666,0.9693955308224228,0,0.9947115161958838,117,0.27350427350427353,0.2689476455466193,0.47085626856151813,2
397,1050,Experience 1050,Sports,0.6444432625143321,0.2032573812502654,0.7840857883345029,0.0579453445381299,24,Puzzle,Social,0.6296935751904981,0.3913656715453105,24,0.0,0.0,0.0,0.8456077868559951,0,0.713222392965913,107,0.27102803738317754,0.2665025782668255,0.45746802936116304,3
397,1055,Experience 1055,Action,0.9121309206982589,0.3826203354113438,0.2499073592941251,0.1919211614110854,38,Puzzle,Social,0.6296935751904981,0.3913656715453105,24,0.0,0.0,0.2333333333333333,0.620213784103627,0,0.9977526274996293,114,0.23684210526315788,0.237655428655872,0.43720383366782806,4
397,1077,Experience 1077,Adventure,0.8965830938027713,0.1988675594053931,0.098043795325636,0.9940777724523784,46,Puzzle,Social,0.6296935751904981,0.3913656715453105,24,0.0,0.0,0.3666666666666666,0.468350220135138,1,0.9396765226394558,116,0.19827586206896552,0.20474873117563858,0.35350545747753853,5
398,1088,Experience 1088,Sports,0.931739259022481,0.4207879774878386,0.5549692853271866,0.4100487869149942,11,Simulation,Sports,0.8295034862653644,0.1918642649032614,55,0.0,1.0,0.7333333333333333,0.7254657990618222,0,0.8122553993410576,113,0.3008849557522124,0.292073890525465,0.5859265218842097,1
398,1036,Experience 1036,Sports,0.9655169972756756,0.2298411882545339,0.2550485289661252,0.8478368672236546,17,Simulation,Sports,0.8295034862653644,0.1918642649032614,55,0.0,1.0,0.6333333333333333,0.4255450427007607,0,0.7348076113821299,129,0.26356589147286824,0.2607102512744084,0.5230686931465234,2
398,1083,Experience 1083,Sports,0.5638116113845065,0.5523903507798276,0.3674940432740611,0.3952346537588943,26,Simulation,Sports,0.8295034862653644,0.1918642649032614,55,0.0,1.0,0.4833333333333333,0.5379905570086967,0,0.8369110724791287,122,0.22950819672131148,0.23130864394286513,0.49211468717034207,3
398,1075,Experience 1075,Puzzle,0.7701763699744956,0.5714931074517187,0.7080993700732455,0.0043057756676786,58,Simulation,Sports,0.8295034862653644,0.1918642649032614,55,0.0,0.0,0.05,0.8785958838078811,0,0.9329559918234369,114,0.22807017543859648,0.23019274208870782,0.4928318576873488,4
398,1072,Experience 1072,Puzzle,0.7449779069249327,0.3414623639761886,0.973475515285742,0.3783180142237856,25,Simulation,Sports,0.8295034862653644,0.1918642649032614,55,0.0,0.0,0.5,0.8560279709796224,0,0.9342448478174687,119,0.21008403361344538,0.21471818302076867,0.4177092994304307,5
399,1002,Experience 1002,Social,0.5654662227449457,0.1419781043952984,0.4876512775379703,0.1763555764178013,30,Simulation,Creative,0.4273274984830028,0.726408962355452,13,0.0,0.0,0.2833333333333333,0.9396762209450324,0,0.7927814706875391,125,0.312,0.30238501682680585,0.42947375712356045,1
399,1067,Experience 1067,Creative,0.788764048918011,0.4580972487220676,0.5921026845821029,0.4299570499000478,43,Simulation,Creative,0.4273274984830028,0.726408962355452,13,0.0,1.0,0.5,0.8352248139008999,0,0.752317871615745,119,0.31092436974789917,0.30104911827256725,0.5759059293056455,2
399,1032,Experience 1032,Action,0.9183909657409184,0.1782087510115781,0.2798409650960937,0.836613041032693,59,Simulation,Creative,0.4273274984830028,0.726408962355452,13,0.0,0.0,0.7666666666666667,0.8525134666130909,0,0.7843925814013978,120,0.275,0.27032733885633464,0.38055061216920294,3
399,1008,Experience 1008,Adventure,0.8415828324170402,0.3364498304651394,0.599089106012921,0.2728043301458357,40,Simulation,Creative,0.4273274984830028,0.726408962355452,13,0.0,0.0,0.45,0.8282383924700818,0,0.7467266410414235,117,0.27350427350427353,0.2689476455466193,0.40046586398007217,4
399,1090,Experience 1090,Puzzle,0.5586098880458512,0.4251872277402517,0.5338484342208252,0.861814417816014,19,Simulation,Creative,0.4273274984830028,0.726408962355452,13,0.0,0.0,0.1,0.8934790642621776,0,0.9052463414172252,121,0.2727272727272727,0.26841012368714073,0.39363544941608153,5
400,1025,Experience 1025,Social,0.838744739121835,0.7279884901895025,0.5876677647056102,0.0811540004238993,14,Simulation,Action,0.4871428151418747,0.592587408568616,55,0.0,0.0,0.6833333333333333,0.8994750504362645,0,0.8532938220653717,120,0.31666666666666665,0.30604162457062034,0.49713787955525623,1
400,1014,Experience 1014,Social,0.7084360738896248,0.6919622480914536,0.5066406143622445,0.7631554898199004,35,Simulation,Action,0.4871428151418747,0.592587408568616,55,0.0,0.0,0.3333333333333333,0.9805022007796302,0,0.8966471777636364,117,0.29914529914529914,0.29084545576559745,0.5057062075384245,2
400,1074,Experience 1074,Social,0.7411737446379107,0.1336446501121093,0.5667526591354218,0.2130749343990023,32,Simulation,Action,0.4871428151418747,0.592587408568616,55,0.0,0.0,0.3833333333333333,0.9203901560064528,0,0.8046724631493003,149,0.2953020134228188,0.28902856473305827,0.46341052243661907,3
400,1011,Experience 1011,Strategy,0.8438936347604792,0.3089791482471649,0.5527453913687409,0.302964628837302,52,Simulation,Action,0.4871428151418747,0.592587408568616,55,0.0,0.0,0.05,0.9343974237731338,0,0.7630051218758264,123,0.2682926829268293,0.26465613594326465,0.4518580889488344,4
400,1028,Experience 1028,Simulation,0.7474374024719366,0.7598079156453001,0.9057260947827066,0.4943145335346177,16,Simulation,Action,0.4871428151418747,0.592587408568616,55,1.0,0.0,0.65,0.5814167203591681,1,0.9868045649343103,122,0.22950819672131148,0.23130864394286513,0.7297456976564012,5
401,1084,Experience 1084,Social,0.6722561348379004,0.2863456816441453,0.5362524927433157,0.7470758006298863,26,Action,Social,0.926607953674778,0.3283058998065573,30,0.0,1.0,0.0666666666666666,0.6096445390685375,0,0.7717460919335126,111,0.35135135135135137,0.3347009728235637,0.642441094285188,1
401,1009,Experience 1009,Action,0.7987178764315418,0.3460501829476273,0.2238314684756084,0.130890330850495,53,Action,Social,0.926607953674778,0.3283058998065573,30,1.0,0.0,0.3833333333333333,0.2972235148008304,1,0.7458187434506203,104,0.28846153846153844,0.28101473741844224,0.7320582806670484,2
401,1008,Experience 1008,Adventure,0.8415828324170402,0.3364498304651394,0.599089106012921,0.2728043301458357,40,Action,Social,0.926607953674778,0.3283058998065573,30,0.0,0.0,0.1666666666666666,0.6724811523381429,0,0.913191395154936,117,0.27350427350427353,0.2689476455466193,0.44949740250322745,3
401,1006,Experience 1006,Action,0.8770181756508404,0.5275353377269014,0.8047332447846338,0.7517807092307816,28,Action,Social,0.926607953674778,0.3283058998065573,30,1.0,0.0,0.0333333333333333,0.8781252911098557,1,0.7222604002868406,103,0.27184466019417475,0.26703924747875485,0.8507638403675898,4
401,1005,Experience 1005,Sports,0.725440926488475,0.5102685875213342,0.2459903544501388,0.2409271164143122,19,Action,Social,0.926607953674778,0.3283058998065573,30,0.0,0.0,0.1833333333333333,0.3193824007753607,0,0.893202994244643,114,0.2543859649122807,0.25258080179020037,0.38770147192621046,5
402,1110,Experience 1110,Creative,0.8487034770737338,0.6513439158584452,0.7080979103356375,0.2741343936886083,18,Social,Creative,0.755078938856771,0.2593937242508968,32,0.0,1.0,0.2333333333333333,0.9530189714788664,1,0.922474218311183,109,0.28440366972477066,0.2778746313169523,0.6525233444685233,1
402,1108,Experience 1108,Puzzle,0.8425576923542274,0.4822507608830354,0.666849920378606,0.8027206052883656,21,Social,Creative,0.755078938856771,0.2593937242508968,32,0.0,0.0,0.1833333333333333,0.911770981521835,0,0.7525704003528642,92,0.2717391304347826,0.2664806021418468,0.4703343824365483,2
402,1024,Experience 1024,Sports,0.7120515552427965,0.5535760301547662,0.4935230317114728,0.4609313910731102,39,Social,Creative,0.755078938856771,0.2593937242508968,32,0.0,0.0,0.1166666666666666,0.7384440928547018,0,0.7876166791460238,138,0.2608695652173913,0.25851789518915724,0.4311574918535233,3
402,1099,Experience 1099,Adventure,0.8332801744008336,0.4077151465805127,0.8307594812615263,0.7545731382181347,49,Social,Creative,0.755078938856771,0.2593937242508968,32,0.0,0.0,0.2833333333333333,0.9243194575952448,0,0.9661866255598675,119,0.2605042016806723,0.25788365064666796,0.44343016563373033,4
402,1072,Experience 1072,Puzzle,0.7449779069249327,0.3414623639761886,0.973475515285742,0.3783180142237856,25,Social,Creative,0.755078938856771,0.2593937242508968,32,0.0,0.0,0.1166666666666666,0.781603423571029,0,0.8854494226413075,119,0.21008403361344538,0.21471818302076867,0.4365239134691904,5
403,1052,Experience 1052,Creative,0.6879474895864814,0.8150878066775633,0.5427584275418881,0.4028796085076296,43,Action,Creative,0.5199633347922504,0.2334986376810801,35,0.0,1.0,0.1333333333333333,0.9772049072503624,0,0.7746726705853615,129,0.3178294573643411,0.30769011704622046,0.6570035983651475,1
403,1037,Experience 1037,Sports,0.7994490651436071,0.7023148063737304,0.3263399911584964,0.9948242136208678,35,Action,Creative,0.5199633347922504,0.2334986376810801,35,0.0,0.0,0.0,0.806376656366246,0,0.8537926820008781,120,0.30833333333333335,0.29889876742776317,0.4969516384668435,2
403,1110,Experience 1110,Creative,0.8487034770737338,0.6513439158584452,0.7080979103356375,0.2741343936886083,18,Action,Creative,0.5199633347922504,0.2334986376810801,35,0.0,1.0,0.2833333333333333,0.8118654244566129,0,0.8426652094954244,109,0.28440366972477066,0.2778746313169523,0.6446726423194211,3
403,1115,Experience 1115,Simulation,0.626658707429628,0.7075065986188209,0.5404405149990236,0.2246894745458737,42,Action,Creative,0.5199633347922504,0.2334986376810801,35,0.0,0.0,0.1166666666666666,0.9795228197932268,0,0.7469531769560201,112,0.2767857142857143,0.27155929878702156,0.4593451792395491,4
403,1060,Experience 1060,Strategy,0.8620933017122632,0.1051567799118504,0.3772606570904063,0.1400554046894906,58,Action,Creative,0.5199633347922504,0.2334986376810801,35,0.0,0.0,0.3833333333333333,0.8572973222981559,0,0.9317101018446162,102,0.27450980392156865,0.2692280937695643,0.4105033415552241,5
404,1053,Experience 1053,Puzzle,0.7426572934279929,0.7514869168546299,0.2904976508730454,0.8341208920021081,34,Strategy,Sports,0.8791793566613043,0.4661704464893443,46,0.0,0.0,0.2,0.4113182942117411,0,0.9928723103752052,102,0.3431372549019608,0.3266051429498922,0.39255290150227634,1
404,1052,Experience 1052,Creative,0.6879474895864814,0.8150878066775633,0.5427584275418881,0.4028796085076296,43,Strategy,Sports,0.8791793566613043,0.4661704464893443,46,0.0,0.0,0.05,0.6635790708805838,0,0.8339365522176254,129,0.3178294573643411,0.30769011704622046,0.4504347666057544,2
404,1100,Experience 1100,Sports,0.8539423752816214,0.5771516782683807,0.6603015579098336,0.097787997445443,39,Strategy,Sports,0.8791793566613043,0.4661704464893443,46,0.0,1.0,0.1166666666666666,0.7811222012485293,0,0.9658776913562067,107,0.3177570093457944,0.3058726570069831,0.6784460377502244,3
404,1037,Experience 1037,Sports,0.7994490651436071,0.7023148063737304,0.3263399911584964,0.9948242136208678,35,Strategy,Sports,0.8791793566613043,0.4661704464893443,46,0.0,1.0,0.1833333333333333,0.4471606344971921,0,0.9318867350933905,120,0.30833333333333335,0.29889876742776317,0.591560996353551,4
404,1039,Experience 1039,Social,0.8194814495513689,0.2752805682140255,0.2419454802582048,0.889899007072331,47,Strategy,Sports,0.8791793566613043,0.4661704464893443,46,0.0,0.0,0.0166666666666666,0.3627661235969005,0,0.7070228084353941,110,0.2636363636363636,0.2603525187683603,0.44514409167899405,5
405,1088,Experience 1088,Sports,0.931739259022481,0.4207879774878386,0.5549692853271866,0.4100487869149942,11,Social,Sports,0.6071639393681885,0.5775298112314492,29,0.0,1.0,0.3,0.947805345958998,0,0.9703243201537796,113,0.3008849557522124,0.292073890525465,0.6903731625756401,1
405,1070,Experience 1070,Sports,0.9021629239090754,0.4240213755135868,0.7602726894428304,0.7757910864370905,50,Social,Sports,0.6071639393681885,0.5775298112314492,29,0.0,1.0,0.35,0.846891249925358,0,0.9081241914616973,111,0.2882882882882883,0.28126585831974693,0.6741753857275459,2
405,1046,Experience 1046,Puzzle,0.9358581895296346,0.2937905951089806,0.3646871905132503,0.5570017818814502,30,Social,Sports,0.6071639393681885,0.5775298112314492,29,0.0,0.0,0.0166666666666666,0.7575232511450618,0,0.749253330265684,124,0.2661290322580645,0.26281824611032534,0.4997043848087363,3
405,1039,Experience 1039,Social,0.8194814495513689,0.2752805682140255,0.2419454802582048,0.889899007072331,47,Social,Sports,0.6071639393681885,0.5775298112314492,29,1.0,0.0,0.3,0.6347815408900164,1,0.7522046688468795,110,0.2636363636363636,0.2603525187683603,0.8133505506317691,4
405,1001,Experience 1001,Sports,0.6452560499996463,0.8044840559110404,0.5776422262968883,0.3608105614175153,41,Social,Sports,0.6071639393681885,0.5775298112314492,29,0.0,1.0,0.2,0.9704782869287,0,0.8197636736777381,110,0.2545454545454545,0.25266021107605263,0.6714329055279326,5
406,1059,Experience 1059,Social,0.7489549716721217,0.4911530499138364,0.6826986067555766,0.9132851837019758,49,Social,Sports,0.3047321391496208,0.4175839543663441,23,1.0,0.0,0.4333333333333333,0.6220335323940442,1,0.7426812719292772,105,0.34285714285714286,0.32676661951909475,0.8090585965066843,1
406,1000,Experience 1000,Action,0.9096695293967186,0.6516437731703687,0.6290364009047581,0.2407530712142694,49,Social,Sports,0.3047321391496208,0.4175839543663441,23,0.0,0.0,0.4333333333333333,0.6756957382448627,0,0.8157387043511003,124,0.3225806451612903,0.31142935722143644,0.4656359392372096,2
406,1070,Experience 1070,Sports,0.9021629239090754,0.4240213755135868,0.7602726894428304,0.7757910864370905,50,Social,Sports,0.3047321391496208,0.4175839543663441,23,0.0,1.0,0.45,0.5444594497067904,0,0.8458306026478788,111,0.2882882882882883,0.28126585831974693,0.609590391157883,3
406,1110,Experience 1110,Creative,0.8487034770737338,0.6513439158584452,0.7080979103356375,0.2741343936886083,18,Social,Sports,0.3047321391496208,0.4175839543663441,23,0.0,0.0,0.0833333333333333,0.5966342288139833,0,0.8678377839557687,109,0.28440366972477066,0.2778746313169523,0.46889274785275536,4
406,1090,Experience 1090,Puzzle,0.5586098880458512,0.4251872277402517,0.5338484342208252,0.861814417816014,19,Social,Sports,0.3047321391496208,0.4175839543663441,23,0.0,0.0,0.0666666666666666,0.7708837049287957,0,0.9767235983505058,121,0.2727272727272727,0.26841012368714073,0.4061463782598846,5
407,1084,Experience 1084,Social,0.6722561348379004,0.2863456816441453,0.5362524927433157,0.7470758006298863,26,Sports,Creative,0.7302261256935801,0.526254083197062,27,0.0,0.0,0.0166666666666666,0.8060263670497355,0,0.7525962559178934,111,0.35135135135135137,0.3347009728235637,0.47816501990718013,1
407,1088,Experience 1088,Sports,0.931739259022481,0.4207879774878386,0.5549692853271866,0.4100487869149942,11,Sports,Creative,0.7302261256935801,0.526254083197062,27,1.0,0.0,0.2666666666666666,0.8247431596336064,0,0.9291309337401117,113,0.3008849557522124,0.292073890525465,0.820615120492582,2
407,1069,Experience 1069,Puzzle,0.8068156107352968,0.6551858372056814,0.8842124935251735,0.2530347499296835,35,Sports,Creative,0.7302261256935801,0.526254083197062,27,0.0,0.0,0.1333333333333333,0.8460136321684066,0,0.9835564449052044,121,0.2892561983471074,0.2825945208502613,0.4962731372959571,3
407,1106,Experience 1106,Sports,0.8146785788760947,0.3647619692710552,0.6750256601127794,0.7960604476258709,49,Sports,Creative,0.7302261256935801,0.526254083197062,27,1.0,0.0,0.3666666666666666,0.9447995344191992,1,0.8079967455569879,128,0.28125,0.275985320539776,0.8112373694195449,4
407,1060,Experience 1060,Strategy,0.8620933017122632,0.1051567799118504,0.3772606570904063,0.1400554046894906,58,Sports,Creative,0.7302261256935801,0.526254083197062,27,0.0,0.0,0.5166666666666667,0.6470345313968262,0,0.9384401377221553,102,0.27450980392156865,0.2692280937695643,0.3521925582937304,5
408,1052,Experience 1052,Creative,0.6879474895864814,0.8150878066775633,0.5427584275418881,0.4028796085076296,43,Strategy,Social,0.5029765093865148,0.1706611892038512,36,0.0,0.0,0.1166666666666666,0.9602180818446268,0,0.9151751703510327,129,0.3178294573643411,0.30769011704622046,0.49099485007149585,1
408,1025,Experience 1025,Social,0.838744739121835,0.7279884901895025,0.5876677647056102,0.0811540004238993,14,Strategy,Social,0.5029765093865148,0.1706611892038512,36,0.0,1.0,0.3666666666666666,0.9153087446809046,1,0.8999457955292639,120,0.31666666666666665,0.30604162457062034,0.7137361084160055,2
408,1002,Experience 1002,Social,0.5654662227449457,0.1419781043952984,0.4876512775379703,0.1763555764178013,30,Strategy,Social,0.5029765093865148,0.1706611892038512,36,0.0,1.0,0.1,0.9846747681514556,1,0.7221495855216992,125,0.312,0.30238501682680585,0.6478101803591236,3
408,1099,Experience 1099,Adventure,0.8332801744008336,0.4077151465805127,0.8307594812615263,0.7545731382181347,49,Strategy,Social,0.5029765093865148,0.1706611892038512,36,0.0,0.0,0.2166666666666666,0.6722170281249885,0,0.8362735101031762,119,0.2605042016806723,0.25788365064666796,0.4295384123752523,4
408,1085,Experience 1085,Social,0.715133524882573,0.3923165755464828,0.681782684374937,0.3715432084063615,41,Strategy,Social,0.5029765093865148,0.1706611892038512,36,0.0,1.0,0.0833333333333333,0.8211938250115778,0,0.7906426183134625,117,0.24786324786324787,0.24704983532764122,0.6815535397650127,5
409,1013,Experience 1013,Sports,0.8486275995976889,0.743877614526904,0.1274827038621261,0.2359972626205526,20,Strategy,Simulation,0.2302114532073285,0.3312847408673101,49,0.0,0.0,0.4833333333333333,0.8972712506547975,1,0.844514948558471,116,0.3017241379310345,0.29298402529328565,0.44236135504172236,1
409,1060,Experience 1060,Strategy,0.8620933017122632,0.1051567799118504,0.3772606570904063,0.1400554046894906,58,Strategy,Simulation,0.2302114532073285,0.3312847408673101,49,1.0,0.0,0.15,0.8529507961169223,1,0.825843824127344,102,0.27450980392156865,0.2692280937695643,0.765596085224739,2
409,1005,Experience 1005,Sports,0.725440926488475,0.5102685875213342,0.2459903544501388,0.2409271164143122,19,Strategy,Simulation,0.2302114532073285,0.3312847408673101,49,0.0,0.0,0.5,0.9842210987571898,0,0.9465671587519424,114,0.2543859649122807,0.25258080179020037,0.4116477750843728,3
409,1051,Experience 1051,Adventure,0.7608650542535511,0.4945204429565272,0.5049786641965721,0.9492935230092574,34,Strategy,Simulation,0.2302114532073285,0.3312847408673101,49,0.0,0.0,0.25,0.7252327890107565,0,0.7656286427655487,122,0.2459016393442623,0.24539315098511863,0.37290572194968374,4
409,1082,Experience 1082,Adventure,0.940069744877272,0.6645999956719907,0.1368397110942475,0.0890420050750532,28,Strategy,Simulation,0.2302114532073285,0.3312847408673101,49,0.0,0.0,0.35,0.9066282578869188,0,0.7295745982669992,138,0.2391304347826087,0.23953055341700535,0.44456221382578326,5
410,1053,Experience 1053,Puzzle,0.7426572934279929,0.7514869168546299,0.2904976508730454,0.8341208920021081,34,Puzzle,Sports,0.6730226494683224,0.2502370805214505,33,1.0,0.0,0.0166666666666666,0.6174750014047231,1,0.7204641655193401,102,0.3431372549019608,0.3266051429498922,0.7881382049004059,1
410,1111,Experience 1111,Sports,0.9428982678236224,0.8155250577848677,0.575778764164542,0.2547283501174674,25,Puzzle,Sports,0.6730226494683224,0.2502370805214505,33,0.0,1.0,0.1333333333333333,0.9027561146962196,0,0.8272655418600505,139,0.3237410071942446,0.31349577006218143,0.711306678208703,2
410,1000,Experience 1000,Action,0.9096695293967186,0.6516437731703687,0.6290364009047581,0.2407530712142694,49,Puzzle,Sports,0.6730226494683224,0.2502370805214505,33,0.0,0.0,0.2666666666666666,0.9560137514364356,1,0.764582157500819,124,0.3225806451612903,0.31142935722143644,0.5160288416935751,3
410,1052,Experience 1052,Creative,0.6879474895864814,0.8150878066775633,0.5427584275418881,0.4028796085076296,43,Puzzle,Sports,0.6730226494683224,0.2502370805214505,33,0.0,0.0,0.1666666666666666,0.8697357780735657,1,0.7229337610551748,129,0.3178294573643411,0.30769011704622046,0.4603698354872227,4
410,1100,Experience 1100,Sports,0.8539423752816214,0.5771516782683807,0.6603015579098336,0.097787997445443,39,Puzzle,Sports,0.6730226494683224,0.2502370805214505,33,0.0,1.0,0.1,0.9872789084415112,0,0.9592223959719024,107,0.3177570093457944,0.3058726570069831,0.6990803814995523,5
411,1052,Experience 1052,Creative,0.6879474895864814,0.8150878066775633,0.5427584275418881,0.4028796085076296,43,Sports,Adventure,0.3370621449679273,0.8085641440932488,55,0.0,0.0,0.2,0.7943037174260392,0,0.9030483475098469,129,0.3178294573643411,0.30769011704622046,0.45915036032178563,1
411,1067,Experience 1067,Creative,0.788764048918011,0.4580972487220676,0.5921026845821029,0.4299570499000478,43,Sports,Adventure,0.3370621449679273,0.8085641440932488,55,0.0,0.0,0.2,0.7449594603858244,0,0.7926906534724597,119,0.31092436974789917,0.30104911827256725,0.4505449061896978,2
411,1110,Experience 1110,Creative,0.8487034770737338,0.6513439158584452,0.7080979103356375,0.2741343936886083,18,Sports,Adventure,0.3370621449679273,0.8085641440932488,55,0.0,0.0,0.6166666666666667,0.6289642346322898,0,0.9706667574051114,109,0.28440366972477066,0.2778746313169523,0.4181250004969945,3
411,1106,Experience 1106,Sports,0.8146785788760947,0.3647619692710552,0.6750256601127794,0.7960604476258709,49,Sports,Adventure,0.3370621449679273,0.8085641440932488,55,1.0,0.0,0.1,0.6620364848551479,0,0.7836035031252323,128,0.28125,0.275985320539776,0.8093159611011078,4
411,1006,Experience 1006,Action,0.8770181756508404,0.5275353377269014,0.8047332447846338,0.7517807092307816,28,Sports,Adventure,0.3370621449679273,0.8085641440932488,55,0.0,0.0,0.45,0.5323289001832935,0,0.8981158250457629,103,0.27184466019417475,0.26703924747875485,0.4174780856865855,5
412,1067,Experience 1067,Creative,0.788764048918011,0.4580972487220676,0.5921026845821029,0.4299570499000478,43,Sports,Simulation,0.6226615164238164,0.4096912678160422,32,0.0,0.0,0.1833333333333333,0.9694411681582864,0,0.825215521255118,119,0.31092436974789917,0.30104911827256725,0.44693331549779525,1
412,1013,Experience 1013,Sports,0.8486275995976889,0.743877614526904,0.1274827038621261,0.2359972626205526,20,Sports,Simulation,0.6226615164238164,0.4096912678160422,32,1.0,0.0,0.2,0.5048211874383097,1,0.7665211840819373,116,0.3017241379310345,0.29298402529328565,0.7649505082977203,2
412,1009,Experience 1009,Action,0.7987178764315418,0.3460501829476273,0.2238314684756084,0.130890330850495,53,Sports,Simulation,0.6226615164238164,0.4096912678160422,32,0.0,0.0,0.35,0.6011699520517921,0,0.9823158572070017,104,0.28846153846153844,0.28101473741844224,0.3541918245611083,3
412,1050,Experience 1050,Sports,0.6444432625143321,0.2032573812502654,0.7840857883345029,0.0579453445381299,24,Sports,Simulation,0.6226615164238164,0.4096912678160422,32,1.0,0.0,0.1333333333333333,0.8385757280893135,0,0.7189990118179397,107,0.27102803738317754,0.2665025782668255,0.765467492381999,4
412,1036,Experience 1036,Sports,0.9655169972756756,0.2298411882545339,0.2550485289661252,0.8478368672236546,17,Sports,Simulation,0.6226615164238164,0.4096912678160422,32,1.0,0.0,0.25,0.6323870125423088,0,0.9511107240528053,129,0.26356589147286824,0.2607102512744084,0.7686920843259331,5
413,1025,Experience 1025,Social,0.838744739121835,0.7279884901895025,0.5876677647056102,0.0811540004238993,14,Strategy,Sports,0.6754774896899995,0.414602431598926,38,0.0,0.0,0.4,0.9121902750156108,0,0.759680728948748,120,0.31666666666666665,0.30604162457062034,0.5530026107371236,1
413,1044,Experience 1044,Action,0.8578996664042653,0.7405382156713768,0.540545681694017,0.9388053542070384,40,Strategy,Sports,0.6754774896899995,0.414602431598926,38,0.0,0.0,0.0333333333333333,0.8650681920040174,0,0.7374879975027876,112,0.2857142857142857,0.27913505636277913,0.5155093410149094,2
413,1106,Experience 1106,Sports,0.8146785788760947,0.3647619692710552,0.6750256601127794,0.7960604476258709,49,Strategy,Sports,0.6754774896899995,0.414602431598926,38,0.0,1.0,0.1833333333333333,0.99954817042278,0,0.7538132884899184,128,0.28125,0.275985320539776,0.6752033193887796,3
413,1017,Experience 1017,Adventure,0.8986224157650411,0.4138920991005588,0.5580723954683906,0.6429984233408326,53,Strategy,Sports,0.6754774896899995,0.414602431598926,38,0.0,0.0,0.25,0.8825949057783911,0,0.91289208652685,125,0.256,0.25410915475784035,0.472119384159576,4
413,1022,Experience 1022,Adventure,0.5006486309375991,0.407575941114626,0.4697425498140824,0.908608246555642,36,Strategy,Sports,0.6754774896899995,0.414602431598926,38,0.0,0.0,0.0333333333333333,0.7942650601240828,0,0.7471284853566905,124,0.20967741935483872,0.2142071349992142,0.3705212138536194,5
414,1084,Experience 1084,Social,0.6722561348379004,0.2863456816441453,0.5362524927433157,0.7470758006298863,26,Simulation,Action,0.2308368257350089,0.4406718461581989,18,0.0,0.0,0.1333333333333333,0.6945843329916933,0,0.9763686655599987,111,0.35135135135135137,0.3347009728235637,0.4130697260877745,1
414,1088,Experience 1088,Sports,0.931739259022481,0.4207879774878386,0.5549692853271866,0.4100487869149942,11,Simulation,Action,0.2308368257350089,0.4406718461581989,18,0.0,0.0,0.1166666666666666,0.6758675404078224,0,0.7050052930391184,113,0.3008849557522124,0.292073890525465,0.44001642636891986,2
414,1070,Experience 1070,Sports,0.9021629239090754,0.4240213755135868,0.7602726894428304,0.7757910864370905,50,Simulation,Action,0.2308368257350089,0.4406718461581989,18,0.0,0.0,0.5333333333333333,0.4705641362921785,0,0.9047937885878712,111,0.2882882882882883,0.28126585831974693,0.36724635697719815,3
414,1009,Experience 1009,Action,0.7987178764315418,0.3460501829476273,0.2238314684756084,0.130890330850495,53,Simulation,Action,0.2308368257350089,0.4406718461581989,18,0.0,1.0,0.5833333333333334,0.9929946427405996,0,0.7442974140586041,104,0.28846153846153844,0.28101473741844224,0.5583908365000445,4
414,1073,Experience 1073,Adventure,0.687693407311507,0.5642695337399875,0.7523432280065728,0.8351257910807337,50,Simulation,Action,0.2308368257350089,0.4406718461581989,18,0.0,0.0,0.5333333333333333,0.4784935977284361,0,0.8836793038192801,132,0.26515151515151514,0.26214360157820293,0.2982291288479072,5
415,1037,Experience 1037,Sports,0.7994490651436071,0.7023148063737304,0.3263399911584964,0.9948242136208678,35,Action,Puzzle,0.8912666833131231,0.5854948383411928,38,0.0,0.0,0.05,0.4350733078453733,0,0.8608352643836702,120,0.30833333333333335,0.29889876742776317,0.44364118292655963,1
415,1039,Experience 1039,Social,0.8194814495513689,0.2752805682140255,0.2419454802582048,0.889899007072331,47,Action,Puzzle,0.8912666833131231,0.5854948383411928,38,0.0,0.0,0.15,0.3506787969450817,0,0.7439950727248621,110,0.2636363636363636,0.2603525187683603,0.43990946223608973,2
415,1042,Experience 1042,Social,0.3938579788705362,0.1390150525777733,0.8546241607610466,0.268085104820551,16,Action,Puzzle,0.8912666833131231,0.5854948383411928,38,0.0,0.0,0.3666666666666666,0.9633574774479235,0,0.7205101368343202,124,0.24193548387096775,0.241984912776992,0.4307964190609244,3
415,1082,Experience 1082,Adventure,0.940069744877272,0.6645999956719907,0.1368397110942475,0.0890420050750532,28,Action,Puzzle,0.8912666833131231,0.5854948383411928,38,0.0,0.0,0.1666666666666666,0.2455730277811244,0,0.9029614439029364,138,0.2391304347826087,0.23953055341700535,0.39910668484968437,4
415,1103,Experience 1103,Action,0.6677544964493587,0.4461723957193605,0.794276194278496,0.1853752728024856,59,Action,Puzzle,0.8912666833131231,0.5854948383411928,38,1.0,0.0,0.35,0.903009510965373,0,0.813435304943532,121,0.23140495867768596,0.23294913077933935,0.802393495786707,5
416,1037,Experience 1037,Sports,0.7994490651436071,0.7023148063737304,0.3263399911584964,0.9948242136208678,35,Sports,Simulation,0.6221891860469001,0.027106435037114,41,1.0,0.0,0.1,0.7041508051115963,1,0.8657894063629611,120,0.30833333333333335,0.29889876742776317,0.7773534105109395,1
416,1070,Experience 1070,Sports,0.9021629239090754,0.4240213755135868,0.7602726894428304,0.7757910864370905,50,Sports,Simulation,0.6221891860469001,0.027106435037114,41,1.0,0.0,0.15,0.8619164966040697,1,0.8777138933899403,111,0.2882882882882883,0.28126585831974693,0.8099154135566478,2
416,1106,Experience 1106,Sports,0.8146785788760947,0.3647619692710552,0.6750256601127794,0.7960604476258709,49,Sports,Simulation,0.6221891860469001,0.027106435037114,41,1.0,0.0,0.1333333333333333,0.9471635259341208,1,0.7920286607529133,128,0.28125,0.275985320539776,0.8012545097971588,3
416,1090,Experience 1090,Puzzle,0.5586098880458512,0.4251872277402517,0.5338484342208252,0.861814417816014,19,Sports,Simulation,0.6221891860469001,0.027106435037114,41,0.0,0.0,0.3666666666666666,0.9116592481739252,0,0.8707206189072798,121,0.2727272727272727,0.26841012368714073,0.3431339194836454,4
416,1046,Experience 1046,Puzzle,0.9358581895296346,0.2937905951089806,0.3646871905132503,0.5570017818814502,30,Sports,Simulation,0.6221891860469001,0.027106435037114,41,0.0,0.0,0.1833333333333333,0.7424980044663503,1,0.7264819304462397,124,0.2661290322580645,0.26281824611032534,0.41329016615181,5
417,1102,Experience 1102,Sports,0.9402838286695968,0.4125021221616953,0.1907643304361418,0.200562471321554,40,Social,Simulation,0.3451662716099575,0.8048302963129432,35,0.0,0.0,0.0833333333333333,0.8455980588261843,0,0.7542366958038529,117,0.3076923076923077,0.29814472583859014,0.5029276692642383,1
417,1044,Experience 1044,Action,0.8578996664042653,0.7405382156713768,0.540545681694017,0.9388053542070384,40,Social,Simulation,0.3451662716099575,0.8048302963129432,35,0.0,0.0,0.0833333333333333,0.8046205899159405,0,0.782819633607134,112,0.2857142857142857,0.27913505636277913,0.48645674867459815,2
417,1011,Experience 1011,Strategy,0.8438936347604792,0.3089791482471649,0.5527453913687409,0.302964628837302,52,Social,Simulation,0.3451662716099575,0.8048302963129432,35,0.0,0.0,0.2833333333333333,0.7924208802412166,0,0.8496127280760528,123,0.2682926829268293,0.26465613594326465,0.41377437946253753,3
417,1017,Experience 1017,Adventure,0.8986224157650411,0.4138920991005588,0.5580723954683906,0.6429984233408326,53,Social,Simulation,0.3451662716099575,0.8048302963129432,35,0.0,0.0,0.3,0.7870938761415669,0,0.9467611494965692,125,0.256,0.25410915475784035,0.4371839608241058,4
417,1085,Experience 1085,Social,0.715133524882573,0.3923165755464828,0.681782684374937,0.3715432084063615,41,Social,Simulation,0.3451662716099575,0.8048302963129432,35,1.0,0.0,0.1,0.6633835872350204,0,0.8937541567799896,117,0.24786324786324787,0.24704983532764122,0.815975756283807,5
418,1053,Experience 1053,Puzzle,0.7426572934279929,0.7514869168546299,0.2904976508730454,0.8341208920021081,34,Sports,Social,0.877059124838986,0.4318567739927023,36,0.0,0.0,0.0333333333333333,0.4134385260340595,0,0.9956493059172477,102,0.3431372549019608,0.3266051429498922,0.41991340518668535,1
418,1061,Experience 1061,Social,0.9515114053456256,0.4883887845440612,0.3838014404080356,0.6777086144544695,56,Sports,Social,0.877059124838986,0.4318567739927023,36,0.0,1.0,0.3333333333333333,0.5067423155690496,1,0.9705823672666251,113,0.3274336283185841,0.3146302815029086,0.6717754899162827,2
418,1052,Experience 1052,Creative,0.6879474895864814,0.8150878066775633,0.5427584275418881,0.4028796085076296,43,Sports,Social,0.877059124838986,0.4318567739927023,36,0.0,0.0,0.1166666666666666,0.6656993027029021,0,0.9451715842229542,129,0.3178294573643411,0.30769011704622046,0.45416927442522087,3
418,1102,Experience 1102,Sports,0.9402838286695968,0.4125021221616953,0.1907643304361418,0.200562471321554,40,Sports,Social,0.877059124838986,0.4318567739927023,36,1.0,0.0,0.0666666666666666,0.3137052055971558,1,0.9831745293310272,117,0.3076923076923077,0.29814472583859014,0.791888117906209,4
418,1039,Experience 1039,Social,0.8194814495513689,0.2752805682140255,0.2419454802582048,0.889899007072331,47,Sports,Social,0.877059124838986,0.4318567739927023,36,0.0,1.0,0.1833333333333333,0.3648863554192189,0,0.9708661095462525,110,0.2636363636363636,0.2603525187683603,0.608412387230075,5
419,1119,Experience 1119,Action,0.8086136050725224,0.7572883677081093,0.5086964614589882,0.1619415702496311,9,Puzzle,Strategy,0.6546253737840618,0.4790299130142121,29,0.0,0.0,0.3333333333333333,0.8540710876749263,0,0.8561689041443212,115,0.30434782608695654,0.29515427733249516,0.437065578191791,1
419,1088,Experience 1088,Sports,0.931739259022481,0.4207879774878386,0.5549692853271866,0.4100487869149942,11,Puzzle,Strategy,0.6546253737840618,0.4790299130142121,29,0.0,0.0,0.3,0.9003439115431248,0,0.7975145169874944,113,0.3008849557522124,0.292073890525465,0.4722295295498527,2
419,1070,Experience 1070,Sports,0.9021629239090754,0.4240213755135868,0.7602726894428304,0.7757910864370905,50,Puzzle,Strategy,0.6546253737840618,0.4790299130142121,29,0.0,0.0,0.35,0.8943526843412314,0,0.7253716928182293,111,0.2882882882882883,0.28126585831974693,0.47028568819842387,3
419,1110,Experience 1110,Creative,0.8487034770737338,0.6513439158584452,0.7080979103356375,0.2741343936886083,18,Puzzle,Strategy,0.6546253737840618,0.4790299130142121,29,0.0,0.0,0.1833333333333333,0.9465274634484244,0,0.8268765980091034,109,0.28440366972477066,0.2778746313169523,0.478646404394297,4
419,1017,Experience 1017,Adventure,0.8986224157650411,0.4138920991005588,0.5580723954683906,0.6429984233408326,53,Puzzle,Strategy,0.6546253737840618,0.4790299130142121,29,0.0,0.0,0.4,0.9034470216843288,0,0.8376721206405099,125,0.256,0.25410915475784035,0.4253271857003752,5
420,1084,Experience 1084,Social,0.6722561348379004,0.2863456816441453,0.5362524927433157,0.7470758006298863,26,Creative,Sports,0.6154655772278376,0.422575647489965,25,0.0,0.0,0.0166666666666666,0.920786915515478,0,0.8162907147254582,111,0.35135135135135137,0.3347009728235637,0.5174300875802986,1
420,1052,Experience 1052,Creative,0.6879474895864814,0.8150878066775633,0.5427584275418881,0.4028796085076296,43,Creative,Sports,0.6154655772278376,0.422575647489965,25,1.0,0.0,0.3,0.9272928503140504,1,0.7987730485855512,129,0.3178294573643411,0.30769011704622046,0.8135736634763777,2
420,1058,Experience 1058,Social,0.5666390936836835,0.5294440043668863,0.4156619036213059,0.2647117106195373,52,Creative,Sports,0.6154655772278376,0.422575647489965,25,0.0,0.0,0.45,0.8001963263934684,0,0.8896513596068932,100,0.32,0.30704856199905706,0.44821291556304177,3
420,1067,Experience 1067,Creative,0.788764048918011,0.4580972487220676,0.5921026845821029,0.4299570499000478,43,Creative,Sports,0.6154655772278376,0.422575647489965,25,1.0,0.0,0.3,0.9766371073542652,1,0.7148535101750066,119,0.31092436974789917,0.30104911827256725,0.8188064668736087,4
420,1069,Experience 1069,Puzzle,0.8068156107352968,0.6551858372056814,0.8842124935251735,0.2530347499296835,35,Creative,Sports,0.6154655772278376,0.422575647489965,25,0.0,0.0,0.1666666666666666,0.7312530837026641,0,0.7820219787965539,121,0.2892561983471074,0.2825945208502613,0.49158586134177845,5
421,1061,Experience 1061,Social,0.9515114053456256,0.4883887845440612,0.3838014404080356,0.6777086144544695,56,Creative,Puzzle,0.7991114951817861,0.8453571263746104,28,0.0,0.0,0.4666666666666667,0.5846899452262495,1,0.9445030851636368,113,0.3274336283185841,0.3146302815029086,0.5021280281805784,1
421,1058,Experience 1058,Social,0.5666390936836835,0.5294440043668863,0.4156619036213059,0.2647117106195373,52,Creative,Puzzle,0.7991114951817861,0.8453571263746104,28,0.0,0.0,0.4,0.6165504084395197,0,0.8670940415031637,100,0.32,0.30704856199905706,0.4253057848644766,2
421,1002,Experience 1002,Social,0.5654662227449457,0.1419781043952984,0.4876512775379703,0.1763555764178013,30,Creative,Puzzle,0.7991114951817861,0.8453571263746104,28,0.0,0.0,0.0333333333333333,0.6885397823561842,0,0.9853121842508203,125,0.312,0.30238501682680585,0.4457470671517713,3
421,1110,Experience 1110,Creative,0.8487034770737338,0.6513439158584452,0.7080979103356375,0.2741343936886083,18,Creative,Puzzle,0.7991114951817861,0.8453571263746104,28,1.0,0.0,0.1666666666666666,0.9089864151538514,0,0.8331304323440936,109,0.28440366972477066,0.2778746313169523,0.8399097653506863,4
421,1023,Experience 1023,Strategy,0.934275144868182,0.4241492862896971,0.2179097364670654,0.7914514878076223,48,Creative,Puzzle,0.7991114951817861,0.8453571263746104,28,0.0,0.0,0.3333333333333333,0.4187982412852793,0,0.96750461203081,110,0.2818181818181818,0.2757371341529757,0.37940176773124906,5
422,1053,Experience 1053,Puzzle,0.7426572934279929,0.7514869168546299,0.2904976508730454,0.8341208920021081,34,Creative,Simulation,0.4019007389517267,0.6687496441410071,50,0.0,0.0,0.2666666666666666,0.8885969119213187,0,0.7240155196703972,102,0.3431372549019608,0.3266051429498922,0.454621327568071,1
422,1061,Experience 1061,Social,0.9515114053456256,0.4883887845440612,0.3838014404080356,0.6777086144544695,56,Creative,Simulation,0.4019007389517267,0.6687496441410071,50,0.0,0.0,0.1,0.9819007014563088,1,0.9963135871127515,113,0.3274336283185841,0.3146302815029086,0.5905097715319942,2
422,1109,Experience 1109,Social,0.5415451963988065,0.6320276759129257,0.4602651355822746,0.2660308726216652,48,Creative,Simulation,0.4019007389517267,0.6687496441410071,50,0.0,0.0,0.0333333333333333,0.9416356033694522,0,0.8328736923830838,125,0.312,0.30238501682680585,0.5037920758150989,3
422,1110,Experience 1110,Creative,0.8487034770737338,0.6513439158584452,0.7080979103356375,0.2741343936886083,18,Creative,Simulation,0.4019007389517267,0.6687496441410071,50,1.0,0.0,0.5333333333333333,0.6938028286160892,0,0.7786540824782766,109,0.28440366972477066,0.2778746313169523,0.7814404417348655,4
422,1033,Experience 1033,Simulation,0.8859147305780027,0.259942782541492,0.2648265360525452,0.1086571032622624,31,Creative,Simulation,0.4019007389517267,0.6687496441410071,50,0.0,1.0,0.3166666666666666,0.8629257971008185,0,0.7367111683598102,120,0.275,0.27032733885633464,0.6013166538665863,5
423,1053,Experience 1053,Puzzle,0.7426572934279929,0.7514869168546299,0.2904976508730454,0.8341208920021081,34,Simulation,Strategy,0.8226797532708972,0.6388721395133277,31,0.0,0.0,0.05,0.4678178976021483,0,0.8377148575331675,102,0.3431372549019608,0.3266051429498922,0.37493692030882114,1
423,1013,Experience 1013,Sports,0.8486275995976889,0.743877614526904,0.1274827038621261,0.2359972626205526,20,Simulation,Strategy,0.8226797532708972,0.6388721395133277,31,0.0,0.0,0.1833333333333333,0.3048029505912289,0,0.8583616838866304,116,0.3017241379310345,0.29298402529328565,0.36780004045391984,2
423,1088,Experience 1088,Sports,0.931739259022481,0.4207879774878386,0.5549692853271866,0.4100487869149942,11,Simulation,Strategy,0.8226797532708972,0.6388721395133277,31,0.0,0.0,0.3333333333333333,0.7322895320562894,1,0.9620313867263399,113,0.3008849557522124,0.292073890525465,0.4339065341153949,3
423,1090,Experience 1090,Puzzle,0.5586098880458512,0.4251872277402517,0.5338484342208252,0.861814417816014,19,Simulation,Strategy,0.8226797532708972,0.6388721395133277,31,0.0,0.0,0.2,0.711168680949928,0,0.840065657464084,121,0.2727272727272727,0.26841012368714073,0.33942571802355814,4
423,1050,Experience 1050,Sports,0.6444432625143321,0.2032573812502654,0.7840857883345029,0.0579453445381299,24,Simulation,Strategy,0.8226797532708972,0.6388721395133277,31,0.0,0.0,0.1166666666666666,0.9614060350636058,0,0.7624478094996854,107,0.27102803738317754,0.2665025782668255,0.4228362405625302,5
424,1115,Experience 1115,Simulation,0.626658707429628,0.7075065986188209,0.5404405149990236,0.2246894745458737,42,Strategy,Adventure,0.8619519585279587,0.3258780193034644,30,0.0,0.0,0.2,0.6784885564710649,1,0.9537228371671234,112,0.2767857142857143,0.27155929878702156,0.3555470743559956,1
424,1064,Experience 1064,Puzzle,0.6204758892789963,0.4435351922580418,0.6632419642315316,0.276207363456566,49,Strategy,Adventure,0.8619519585279587,0.3258780193034644,30,0.0,0.0,0.3166666666666666,0.8012900057035729,1,0.815215785601694,94,0.2765957446808511,0.27057743368321796,0.3671613234604298,2
424,1042,Experience 1042,Social,0.3938579788705362,0.1390150525777733,0.8546241607610466,0.268085104820551,16,Strategy,Adventure,0.8619519585279587,0.3258780193034644,30,0.0,0.0,0.2333333333333333,0.992672202233088,0,0.7513260503611593,124,0.24193548387096775,0.241984912776992,0.3882288342779309,3
424,1022,Experience 1022,Adventure,0.5006486309375991,0.407575941114626,0.4697425498140824,0.908608246555642,36,Strategy,Adventure,0.8619519585279587,0.3258780193034644,30,0.0,1.0,0.1,0.6077905912861237,0,0.8337144080600645,124,0.20967741935483872,0.2142071349992142,0.45105549480698554,4
424,1066,Experience 1066,Strategy,0.5933044321129625,0.8148765601157231,0.9082281614290438,0.2645976053461583,23,Strategy,Adventure,0.8619519585279587,0.3258780193034644,30,1.0,0.0,0.1166666666666666,0.9537237970989147,0,0.8400456921319039,125,0.208,0.21272984441301274,0.7703212918120359,5
425,1052,Experience 1052,Creative,0.6879474895864814,0.8150878066775633,0.5427584275418881,0.4028796085076296,43,Simulation,Strategy,0.8509323396513027,0.693158385053643,21,0.0,0.0,0.3666666666666666,0.6918260878905854,0,0.7965212564241705,129,0.3178294573643411,0.30769011704622046,0.37699932814374976,1
425,1109,Experience 1109,Social,0.5415451963988065,0.6320276759129257,0.4602651355822746,0.2660308726216652,48,Simulation,Strategy,0.8509323396513027,0.693158385053643,21,0.0,0.0,0.45,0.609332795930972,0,0.8705892350905944,125,0.312,0.30238501682680585,0.3703373562394559,2
425,1002,Experience 1002,Social,0.5654662227449457,0.1419781043952984,0.4876512775379703,0.1763555764178013,30,Simulation,Strategy,0.8509323396513027,0.693158385053643,21,0.0,0.0,0.15,0.6367189378866677,0,0.9034092907526314,125,0.312,0.30238501682680585,0.3736320925458918,3
425,1037,Experience 1037,Sports,0.7994490651436071,0.7023148063737304,0.3263399911584964,0.9948242136208678,35,Simulation,Strategy,0.8509323396513027,0.693158385053643,21,0.0,0.0,0.2333333333333333,0.4754076515071938,0,0.7776688346846662,120,0.30833333333333335,0.29889876742776317,0.3755292225582718,4
425,1006,Experience 1006,Action,0.8770181756508404,0.5275353377269014,0.8047332447846338,0.7517807092307816,28,Simulation,Strategy,0.8509323396513027,0.693158385053643,21,0.0,0.0,0.1166666666666666,0.9538009051333312,0,0.7204932139116786,103,0.27184466019417475,0.26703924747875485,0.47716791867457836,5
426,1084,Experience 1084,Social,0.6722561348379004,0.2863456816441453,0.5362524927433157,0.7470758006298863,26,Action,Adventure,0.7934337037622604,0.898449473688385,30,0.0,0.0,0.0666666666666666,0.7428187889810552,0,0.8098713233441304,111,0.35135135135135137,0.3347009728235637,0.4822761863513093,1
426,1064,Experience 1064,Puzzle,0.6204758892789963,0.4435351922580418,0.6632419642315316,0.276207363456566,49,Action,Adventure,0.7934337037622604,0.898449473688385,30,0.0,0.0,0.3166666666666666,0.8698082604692712,0,0.8258648073767667,94,0.2765957446808511,0.27057743368321796,0.4322531372351232,2
426,1008,Experience 1008,Adventure,0.8415828324170402,0.3364498304651394,0.599089106012921,0.2728043301458357,40,Action,Adventure,0.7934337037622604,0.898449473688385,30,0.0,1.0,0.1666666666666666,0.8056554022506606,0,0.9805994111850692,117,0.27350427350427353,0.2689476455466193,0.6263266241304756,3
426,1099,Experience 1099,Adventure,0.8332801744008336,0.4077151465805127,0.8307594812615263,0.7545731382181347,49,Action,Adventure,0.7934337037622604,0.898449473688385,30,0.0,1.0,0.3166666666666666,0.962674222500734,1,0.9125478954052639,119,0.2605042016806723,0.25788365064666796,0.6454335751657786,4
426,1092,Experience 1092,Sports,0.8280410369904486,0.5343815491606264,0.7426691928850321,0.6904019545155015,39,Action,Adventure,0.7934337037622604,0.898449473688385,30,0.0,0.0,0.15,0.9492354891227716,1,0.8149261028396052,128,0.2421875,0.2422015367559922,0.5309067108449194,5
427,1053,Experience 1053,Puzzle,0.7426572934279929,0.7514869168546299,0.2904976508730454,0.8341208920021081,34,Adventure,Action,0.5637159358558916,0.2192434687863659,42,0.0,0.0,0.1333333333333333,0.7267817150171538,0,0.8279270073393475,102,0.3431372549019608,0.3266051429498922,0.4148282008815956,1
427,1052,Experience 1052,Creative,0.6879474895864814,0.8150878066775633,0.5427584275418881,0.4028796085076296,43,Adventure,Action,0.5637159358558916,0.2192434687863659,42,0.0,0.0,0.0166666666666666,0.9790424916859964,0,0.7770891101290508,129,0.3178294573643411,0.30769011704622046,0.4699320466028932,2
427,1014,Experience 1014,Social,0.7084360738896248,0.6919622480914536,0.5066406143622445,0.7631554898199004,35,Adventure,Action,0.5637159358558916,0.2192434687863659,42,0.0,0.0,0.1166666666666666,0.9429246785063528,1,0.8220637756139807,117,0.29914529914529914,0.29084545576559745,0.5100402446601642,3
427,1044,Experience 1044,Action,0.8578996664042653,0.7405382156713768,0.540545681694017,0.9388053542070384,40,Adventure,Action,0.5637159358558916,0.2192434687863659,42,0.0,1.0,0.0333333333333333,0.9768297458381252,0,0.9784742619911584,112,0.2857142857142857,0.27913505636277913,0.6649794870883645,4
427,1023,Experience 1023,Strategy,0.934275144868182,0.4241492862896971,0.2179097364670654,0.7914514878076223,48,Adventure,Action,0.5637159358558916,0.2192434687863659,42,0.0,0.0,0.1,0.6541938006111738,0,0.9080736739935292,110,0.2818181818181818,0.2757371341529757,0.39915241866355117,5
428,1043,Experience 1043,Creative,0.8838983032607785,0.7641225701636372,0.5942808569171103,0.6062993981927156,47,Puzzle,Adventure,0.4246072276469493,0.5814698677093021,23,0.0,0.0,0.4,0.830326370729839,1,0.8756575076432739,110,0.35454545454545455,0.3372755956914373,0.45400455291377373,1
428,1111,Experience 1111,Sports,0.9428982678236224,0.8155250577848677,0.575778764164542,0.2547283501174674,25,Puzzle,Adventure,0.4246072276469493,0.5814698677093021,23,0.0,0.0,0.0333333333333333,0.8488284634824073,0,0.9351105726241886,139,0.3237410071942446,0.31349577006218143,0.5329015106112647,2
428,1052,Experience 1052,Creative,0.6879474895864814,0.8150878066775633,0.5427584275418881,0.4028796085076296,43,Puzzle,Adventure,0.4246072276469493,0.5814698677093021,23,0.0,0.0,0.3333333333333333,0.8818488001050613,1,0.9401103921561274,129,0.3178294573643411,0.30769011704622046,0.4239378101873834,3
428,1069,Experience 1069,Puzzle,0.8068156107352968,0.6551858372056814,0.8842124935251735,0.2530347499296835,35,Puzzle,Adventure,0.4246072276469493,0.5814698677093021,23,1.0,0.0,0.2,0.5403947341217759,1,0.7970646737576423,121,0.2892561983471074,0.2825945208502613,0.7775282564663076,4
428,1006,Experience 1006,Action,0.8770181756508404,0.5275353377269014,0.8047332447846338,0.7517807092307816,28,Puzzle,Adventure,0.4246072276469493,0.5814698677093021,23,0.0,0.0,0.0833333333333333,0.6198739828623154,0,0.7181696342110611,103,0.27184466019417475,0.26703924747875485,0.4340944223991856,5
429,1061,Experience 1061,Social,0.9515114053456256,0.4883887845440612,0.3838014404080356,0.6777086144544695,56,Action,Adventure,0.3572614467302097,0.2759123969031643,48,0.0,0.0,0.1333333333333333,0.973460006322174,1,0.7810589298220858,113,0.3274336283185841,0.3146302815029086,0.5874825697345714,1
429,1052,Experience 1052,Creative,0.6879474895864814,0.8150878066775633,0.5427584275418881,0.4028796085076296,43,Action,Adventure,0.3572614467302097,0.2759123969031643,48,0.0,0.0,0.0833333333333333,0.8145030191883216,0,0.7312503987823323,129,0.3178294573643411,0.30769011704622046,0.4618498064451936,2
429,1060,Experience 1060,Strategy,0.8620933017122632,0.1051567799118504,0.3772606570904063,0.1400554046894906,58,Action,Adventure,0.3572614467302097,0.2759123969031643,48,0.0,0.0,0.1666666666666666,0.9800007896398034,1,0.8908918833823434,102,0.27450980392156865,0.2692280937695643,0.4488835260108253,3
429,1108,Experience 1108,Puzzle,0.8425576923542274,0.4822507608830354,0.666849920378606,0.8027206052883656,21,Action,Adventure,0.3572614467302097,0.2759123969031643,48,0.0,0.0,0.45,0.6904115263516037,0,0.9099683097880089,92,0.2717391304347826,0.2664806021418468,0.4201042337945474,4
429,1096,Experience 1096,Adventure,0.7903170826018652,0.4751627362769494,0.5362341337297925,0.9233469677258124,13,Action,Adventure,0.3572614467302097,0.2759123969031643,48,0.0,1.0,0.5833333333333334,0.8210273130004173,0,0.7831805695295821,123,0.25203252032520324,0.25067012195725064,0.5550560155810078,5
430,1111,Experience 1111,Sports,0.9428982678236224,0.8155250577848677,0.575778764164542,0.2547283501174674,25,Simulation,Social,0.7365189336763452,0.805821331714007,35,0.0,0.0,0.1666666666666666,0.8392598304881967,1,0.9592837369407948,139,0.3237410071942446,0.31349577006218143,0.5644486595588728,1
430,1100,Experience 1100,Sports,0.8539423752816214,0.5771516782683807,0.6603015579098336,0.097787997445443,39,Simulation,Social,0.7365189336763452,0.805821331714007,35,0.0,0.0,0.0666666666666666,0.9237826242334884,0,0.8920308001338049,107,0.3177570093457944,0.3058726570069831,0.5568856112454523,2
430,1013,Experience 1013,Sports,0.8486275995976889,0.743877614526904,0.1274827038621261,0.2359972626205526,20,Simulation,Social,0.7365189336763452,0.805821331714007,35,0.0,0.0,0.25,0.3909637701857809,0,0.7044995123167219,116,0.3017241379310345,0.29298402529328565,0.42967639149826986,3
430,1098,Experience 1098,Social,0.534058177188557,0.4459803600128759,0.2707495249900757,0.7298152463028666,35,Simulation,Social,0.7365189336763452,0.805821331714007,35,0.0,1.0,0.0,0.5342305913137305,0,0.7720963706320804,130,0.26153846153846155,0.25897218293257895,0.6003396730776652,4
430,1099,Experience 1099,Adventure,0.8332801744008336,0.4077151465805127,0.8307594812615263,0.7545731382181347,49,Simulation,Social,0.7365189336763452,0.805821331714007,35,0.0,0.0,0.2333333333333333,0.9057594524148188,0,0.9673824021576298,119,0.2605042016806723,0.25788365064666796,0.48508962374659265,5
431,1013,Experience 1013,Sports,0.8486275995976889,0.743877614526904,0.1274827038621261,0.2359972626205526,20,Simulation,Social,0.7616054760018597,0.3935302910253647,46,0.0,0.0,0.4333333333333333,0.3658772278602664,1,0.8419600025404137,116,0.3017241379310345,0.29298402529328565,0.3917295035223909,1
431,1088,Experience 1088,Sports,0.931739259022481,0.4207879774878386,0.5549692853271866,0.4100487869149942,11,Simulation,Social,0.7616054760018597,0.3935302910253647,46,0.0,0.0,0.5833333333333334,0.7933638093253269,0,0.9749879565092009,113,0.3008849557522124,0.292073890525465,0.4590142079820754,2
431,1050,Experience 1050,Sports,0.6444432625143321,0.2032573812502654,0.7840857883345029,0.0579453445381299,24,Simulation,Social,0.7616054760018597,0.3935302910253647,46,0.0,0.0,0.3666666666666666,0.9775196876673568,1,0.986058930069305,107,0.27102803738317754,0.2665025782668255,0.4399843378837218,3
431,1046,Experience 1046,Puzzle,0.9358581895296346,0.2937905951089806,0.3646871905132503,0.5570017818814502,30,Simulation,Social,0.7616054760018597,0.3935302910253647,46,0.0,0.0,0.2666666666666666,0.6030817145113907,0,0.8089231867725407,124,0.2661290322580645,0.26281824611032534,0.4340717759872369,4
431,1039,Experience 1039,Social,0.8194814495513689,0.2752805682140255,0.2419454802582048,0.889899007072331,47,Simulation,Social,0.7616054760018597,0.3935302910253647,46,0.0,1.0,0.0166666666666666,0.4803400042563451,0,0.9867555927166309,110,0.2636363636363636,0.2603525187683603,0.6311188050856551,5
432,1037,Experience 1037,Sports,0.7994490651436071,0.7023148063737304,0.3263399911584964,0.9948242136208678,35,Puzzle,Adventure,0.7414923243308459,0.6167383558199303,14,0.0,0.0,0.35,0.5848476668276505,0,0.9907315067761894,120,0.30833333333333335,0.29889876742776317,0.3857374684226077,1
432,1119,Experience 1119,Action,0.8086136050725224,0.7572883677081093,0.5086964614589882,0.1619415702496311,9,Puzzle,Adventure,0.7414923243308459,0.6167383558199303,14,0.0,0.0,0.0833333333333333,0.7672041371281423,0,0.7320093285402,115,0.30434782608695654,0.29515427733249516,0.44325732726033695,2
432,1088,Experience 1088,Sports,0.931739259022481,0.4207879774878386,0.5549692853271866,0.4100487869149942,11,Puzzle,Adventure,0.7414923243308459,0.6167383558199303,14,0.0,0.0,0.05,0.8134769609963407,0,0.9465304247027367,113,0.3008849557522124,0.292073890525465,0.47849600031331646,3
432,1074,Experience 1074,Social,0.7411737446379107,0.1336446501121093,0.5667526591354218,0.2130749343990023,32,Puzzle,Adventure,0.7414923243308459,0.6167383558199303,14,0.0,0.0,0.3,0.825260334804576,0,0.7964977590337476,149,0.2953020134228188,0.28902856473305827,0.4396618768355608,4
432,1009,Experience 1009,Action,0.7987178764315418,0.3460501829476273,0.2238314684756084,0.130890330850495,53,Puzzle,Adventure,0.7414923243308459,0.6167383558199303,14,0.0,0.0,0.65,0.4823391441447626,0,0.9129754891916845,104,0.28846153846153844,0.28101473741844224,0.30752531045643544,5
433,1000,Experience 1000,Action,0.9096695293967186,0.6516437731703687,0.6290364009047581,0.2407530712142694,49,Creative,Adventure,0.5177531338272375,0.6792104810636079,35,0.0,0.0,0.2333333333333333,0.8887167329224794,0,0.997209124203832,124,0.3225806451612903,0.31142935722143644,0.5067267228673547,1
433,1100,Experience 1100,Sports,0.8539423752816214,0.5771516782683807,0.6603015579098336,0.097787997445443,39,Creative,Adventure,0.5177531338272375,0.6792104810636079,35,0.0,0.0,0.0666666666666666,0.857451575917404,0,0.9664097156499605,107,0.3177570093457944,0.3058726570069831,0.5183808258551724,2
433,1044,Experience 1044,Action,0.8578996664042653,0.7405382156713768,0.540545681694017,0.9388053542070384,40,Creative,Adventure,0.5177531338272375,0.6792104810636079,35,0.0,0.0,0.0833333333333333,0.9772074521332206,0,0.7449596222584189,112,0.2857142857142857,0.27913505636277913,0.5186807981488222,3
433,1110,Experience 1110,Creative,0.8487034770737338,0.6513439158584452,0.7080979103356375,0.2741343936886083,18,Creative,Adventure,0.5177531338272375,0.6792104810636079,35,1.0,0.0,0.2833333333333333,0.8096552234916,1,0.9248871589119884,109,0.28440366972477066,0.2778746313169523,0.8107814448509004,4
433,1011,Experience 1011,Strategy,0.8438936347604792,0.3089791482471649,0.5527453913687409,0.302964628837302,52,Creative,Adventure,0.5177531338272375,0.6792104810636079,35,0.0,0.0,0.2833333333333333,0.9650077424584966,1,0.7262088342868563,123,0.2682926829268293,0.26465613594326465,0.4453591787409387,5
434,1059,Experience 1059,Social,0.7489549716721217,0.4911530499138364,0.6826986067555766,0.9132851837019758,49,Strategy,Action,0.7438923765066283,0.4316305729978879,48,0.0,0.0,0.0166666666666666,0.9388062302489484,0,0.8744146173309966,105,0.34285714285714286,0.32676661951909475,0.5300497039792706,1
434,1069,Experience 1069,Puzzle,0.8068156107352968,0.6551858372056814,0.8842124935251735,0.2530347499296835,35,Strategy,Action,0.7438923765066283,0.4316305729978879,48,0.0,0.0,0.2166666666666666,0.8596798829814548,1,0.7288086854150582,121,0.2892561983471074,0.2825945208502613,0.4747642221099866,2
434,1070,Experience 1070,Sports,0.9021629239090754,0.4240213755135868,0.7602726894428304,0.7757910864370905,50,Strategy,Action,0.7438923765066283,0.4316305729978879,48,0.0,0.0,0.0333333333333333,0.983619687063798,0,0.9087187195942125,111,0.2882882882882883,0.28126585831974693,0.5259900893446373,3
434,1009,Experience 1009,Action,0.7987178764315418,0.3460501829476273,0.2238314684756084,0.130890330850495,53,Strategy,Action,0.7438923765066283,0.4316305729978879,48,0.0,1.0,0.0833333333333333,0.4799390919689801,1,0.8090972772174102,104,0.28846153846153844,0.28101473741844224,0.5397167442324123,4
434,1078,Experience 1078,Simulation,0.9139745006021852,0.4875947260651535,0.1081242288365573,0.0386443098268846,51,Strategy,Action,0.7438923765066283,0.4316305729978879,48,0.0,0.0,0.05,0.364231852329929,1,0.9031144591331586,97,0.23711340206185566,0.23799852512723801,0.37795122746534404,5
435,1000,Experience 1000,Action,0.9096695293967186,0.6516437731703687,0.6290364009047581,0.2407530712142694,49,Action,Simulation,0.4551577994349968,0.2499868443899177,29,1.0,0.0,0.3333333333333333,0.8261213985302387,1,0.9986032743877694,124,0.3225806451612903,0.31142935722143644,0.8106806921728112,1
435,1002,Experience 1002,Social,0.5654662227449457,0.1419781043952984,0.4876512775379703,0.1763555764178013,30,Action,Simulation,0.4551577994349968,0.2499868443899177,29,0.0,0.0,0.0166666666666666,0.9675065218970264,0,0.9644113202069612,125,0.312,0.30238501682680585,0.4582727021164253,2
435,1013,Experience 1013,Sports,0.8486275995976889,0.743877614526904,0.1274827038621261,0.2359972626205526,20,Action,Simulation,0.4551577994349968,0.2499868443899177,29,0.0,0.0,0.15,0.6723249044271293,0,0.719403493570835,116,0.3017241379310345,0.29298402529328565,0.4450352007976208,3
435,1074,Experience 1074,Social,0.7411737446379107,0.1336446501121093,0.5667526591354218,0.2130749343990023,32,Action,Simulation,0.4551577994349968,0.2499868443899177,29,0.0,0.0,0.05,0.888405140299575,0,0.8875395499872772,149,0.2953020134228188,0.28902856473305827,0.48799691373796145,4
435,1023,Experience 1023,Strategy,0.934275144868182,0.4241492862896971,0.2179097364670654,0.7914514878076223,48,Action,Simulation,0.4551577994349968,0.2499868443899177,29,0.0,0.0,0.3166666666666666,0.7627519370320686,0,0.8628431401927334,110,0.2818181818181818,0.2757371341529757,0.40234751552833287,5
436,1058,Experience 1058,Social,0.5666390936836835,0.5294440043668863,0.4156619036213059,0.2647117106195373,52,Adventure,Puzzle,0.764034731864005,0.23771054859358,43,0.0,0.0,0.15,0.651627171757301,0,0.8130132678564904,100,0.32,0.30704856199905706,0.42806351133867054,1
436,1013,Experience 1013,Sports,0.8486275995976889,0.743877614526904,0.1274827038621261,0.2359972626205526,20,Adventure,Puzzle,0.764034731864005,0.23771054859358,43,0.0,0.0,0.3833333333333333,0.3634479719981212,0,0.781366223561982,116,0.3017241379310345,0.29298402529328565,0.37691761629473125,2
436,1073,Experience 1073,Adventure,0.687693407311507,0.5642695337399875,0.7523432280065728,0.8351257910807337,50,Adventure,Puzzle,0.764034731864005,0.23771054859358,43,1.0,0.0,0.1166666666666666,0.988308496142568,0,0.851436435617886,132,0.26515151515151514,0.26214360157820293,0.7976939762745313,3
436,1096,Experience 1096,Adventure,0.7903170826018652,0.4751627362769494,0.5362341337297925,0.9233469677258124,13,Adventure,Puzzle,0.764034731864005,0.23771054859358,43,1.0,0.0,0.5,0.7721994018657875,1,0.9715245525518525,123,0.25203252032520324,0.25067012195725064,0.7442753508029684,4
436,1020,Experience 1020,Simulation,0.8220634578382588,0.5054615596538111,0.3982077558970217,0.6135164847298321,13,Adventure,Puzzle,0.764034731864005,0.23771054859358,43,0.0,0.0,0.5,0.6341730240330168,1,0.7609155532039534,129,0.21705426356589147,0.22044179489856944,0.36271835889252974,5
437,1036,Experience 1036,Sports,0.9655169972756756,0.2298411882545339,0.2550485289661252,0.8478368672236546,17,Simulation,Puzzle,0.7027970371024337,0.3822332819141529,55,0.0,0.0,0.6333333333333333,0.5522514918636915,0,0.8727686831569218,129,0.26356589147286824,0.2607102512744084,0.371680156381264,1
437,1098,Experience 1098,Social,0.534058177188557,0.4459803600128759,0.2707495249900757,0.7298152463028666,35,Simulation,Puzzle,0.7027970371024337,0.3822332819141529,55,0.0,0.0,0.3333333333333333,0.5679524878876421,0,0.971487140277217,130,0.26153846153846155,0.25897218293257895,0.36727271301168835,2
437,1027,Experience 1027,Sports,0.8258355726034926,0.7779980359761599,0.5071112833110228,0.4772006332829246,49,Simulation,Puzzle,0.7027970371024337,0.3822332819141529,55,0.0,0.0,0.1,0.8043142462085892,0,0.7572693649286738,111,0.23423423423423423,0.23546433160218966,0.4960490010029358,3
437,1075,Experience 1075,Puzzle,0.7701763699744956,0.5714931074517187,0.7080993700732455,0.0043057756676786,58,Simulation,Puzzle,0.7027970371024337,0.3822332819141529,55,0.0,1.0,0.05,0.9946976670291882,0,0.9547815172584609,114,0.22807017543859648,0.23019274208870782,0.6731756426386394,4
437,1072,Experience 1072,Puzzle,0.7449779069249327,0.3414623639761886,0.973475515285742,0.3783180142237856,25,Simulation,Puzzle,0.7027970371024337,0.3822332819141529,55,0.0,1.0,0.5,0.7293215218166916,1,0.9289672665190372,119,0.21008403361344538,0.21471818302076867,0.5616507687975507,5
438,1069,Experience 1069,Puzzle,0.8068156107352968,0.6551858372056814,0.8842124935251735,0.2530347499296835,35,Creative,Sports,0.4430191327133971,0.3181630409671357,32,0.0,0.0,0.05,0.5588066391882236,0,0.7577912949897767,121,0.2892561983471074,0.2825945208502613,0.47469405390951463,1
438,1098,Experience 1098,Social,0.534058177188557,0.4459803600128759,0.2707495249900757,0.7298152463028666,35,Creative,Sports,0.4430191327133971,0.3181630409671357,32,0.0,0.0,0.05,0.8277303922766787,0,0.7972217901225903,130,0.26153846153846155,0.25897218293257895,0.46734733585934934,2
438,1024,Experience 1024,Sports,0.7120515552427965,0.5535760301547662,0.4935230317114728,0.4609313910731102,39,Creative,Sports,0.4430191327133971,0.3181630409671357,32,0.0,1.0,0.1166666666666666,0.9494961010019244,0,0.7432323125298744,138,0.2608695652173913,0.25851789518915724,0.6645926011726626,3
438,1017,Experience 1017,Adventure,0.8986224157650411,0.4138920991005588,0.5580723954683906,0.6429984233408326,53,Creative,Sports,0.4430191327133971,0.3181630409671357,32,0.0,0.0,0.35,0.8849467372450065,1,0.7124552485011224,125,0.256,0.25410915475784035,0.46885733201928814,4
438,1068,Experience 1068,Action,0.698456042052288,0.2594560290757449,0.3550613668330224,0.4325155932423661,21,Creative,Sports,0.4430191327133971,0.3181630409671357,32,0.0,0.0,0.1833333333333333,0.9120422341196252,0,0.7348855210637978,111,0.24324324324324326,0.2430979193884492,0.4323785012506089,5
439,1053,Experience 1053,Puzzle,0.7426572934279929,0.7514869168546299,0.2904976508730454,0.8341208920021081,34,Social,Simulation,0.5215252259333211,0.5160220244566948,54,0.0,0.0,0.3333333333333333,0.7689724249397244,1,0.8457024014987472,102,0.3431372549019608,0.3266051429498922,0.41651943209757447,1
439,1058,Experience 1058,Social,0.5666390936836835,0.5294440043668863,0.4156619036213059,0.2647117106195373,52,Social,Simulation,0.5215252259333211,0.5160220244566948,54,1.0,0.0,0.0333333333333333,0.8941366776879849,0,0.8312012498575523,100,0.32,0.30704856199905706,0.8195574311893888,2
439,1088,Experience 1088,Sports,0.931739259022481,0.4207879774878386,0.5549692853271866,0.4100487869149942,11,Social,Simulation,0.5215252259333211,0.5160220244566948,54,0.0,0.0,0.7166666666666667,0.9665559406061344,0,0.9137093423416364,113,0.3008849557522124,0.292073890525465,0.45481248405512187,3
439,1115,Experience 1115,Simulation,0.626658707429628,0.7075065986188209,0.5404405149990236,0.2246894745458737,42,Social,Simulation,0.5215252259333211,0.5160220244566948,54,0.0,1.0,0.2,0.9810847109342976,0,0.78380649115786,112,0.2767857142857143,0.27155929878702156,0.6034221645214124,4
439,1032,Experience 1032,Action,0.9183909657409184,0.1782087510115781,0.2798409650960937,0.836613041032693,59,Social,Simulation,0.5215252259333211,0.5160220244566948,54,0.0,0.0,0.0833333333333333,0.7583157391627726,0,0.999554125062123,120,0.275,0.27032733885633464,0.43845544372888023,5
440,1109,Experience 1109,Social,0.5415451963988065,0.6320276759129257,0.4602651355822746,0.2660308726216652,48,Action,Adventure,0.6079457932126583,0.3615648765916063,27,0.0,0.0,0.35,0.8523193423696163,0,0.7706844249837969,125,0.312,0.30238501682680585,0.4458658905410606,1
440,1067,Experience 1067,Creative,0.788764048918011,0.4580972487220676,0.5921026845821029,0.4299570499000478,43,Action,Adventure,0.6079457932126583,0.3615648765916063,27,0.0,0.0,0.2666666666666666,0.9841568913694446,0,0.8815297200892702,119,0.31092436974789917,0.30104911827256725,0.46156568742986054,2
440,1107,Experience 1107,Social,0.7428970964662264,0.8045676070342606,0.8160785123357384,0.9076048913904824,23,Action,Adventure,0.6079457932126583,0.3615648765916063,27,0.0,0.0,0.0666666666666666,0.7918672808769199,0,0.9225431359375513,139,0.30935251798561153,0.3009171537099802,0.531129941660897,3
440,1070,Experience 1070,Sports,0.9021629239090754,0.4240213755135868,0.7602726894428304,0.7757910864370905,50,Action,Adventure,0.6079457932126583,0.3615648765916063,27,0.0,0.0,0.3833333333333333,0.8476731037698279,0,0.7664677490474238,111,0.2882882882882883,0.28126585831974693,0.4749070290549153,4
440,1011,Experience 1011,Strategy,0.8438936347604792,0.3089791482471649,0.5527453913687409,0.302964628837302,52,Action,Adventure,0.6079457932126583,0.3615648765916063,27,0.0,0.0,0.4166666666666667,0.9447995981560826,0,0.9233240881602903,123,0.2682926829268293,0.26465613594326465,0.42070771711482946,5
441,1058,Experience 1058,Social,0.5666390936836835,0.5294440043668863,0.4156619036213059,0.2647117106195373,52,Sports,Strategy,0.8297063587321386,0.2185832417590195,42,0.0,0.0,0.1666666666666666,0.5859555448891673,0,0.8557331375783707,100,0.32,0.30704856199905706,0.3986379911502673,1
441,1039,Experience 1039,Social,0.8194814495513689,0.2752805682140255,0.2419454802582048,0.889899007072331,47,Sports,Strategy,0.8297063587321386,0.2185832417590195,42,0.0,0.0,0.0833333333333333,0.4122391215260662,1,0.7704357824931478,110,0.2636363636363636,0.2603525187683603,0.40680620894499075,2
441,1001,Experience 1001,Sports,0.6452560499996463,0.8044840559110404,0.5776422262968883,0.3608105614175153,41,Sports,Strategy,0.8297063587321386,0.2185832417590195,42,1.0,0.0,0.0166666666666666,0.7479358675647497,1,0.8957992516468243,110,0.2545454545454545,0.25266021107605263,0.7910061823099829,3
441,1007,Experience 1007,Social,0.6113602755027672,0.3693255620200327,0.760432490906593,0.3138467721116466,56,Sports,Strategy,0.8297063587321386,0.2185832417590195,42,0.0,0.0,0.2333333333333333,0.9307261321744544,0,0.9973954852520115,112,0.24107142857142858,0.24125626848399126,0.4638573042725556,4
441,1083,Experience 1083,Sports,0.5638116113845065,0.5523903507798276,0.3674940432740611,0.3952346537588943,26,Sports,Strategy,0.8297063587321386,0.2185832417590195,42,1.0,0.0,0.2666666666666666,0.5377876845419225,1,0.9054646626525789,122,0.22950819672131148,0.23130864394286513,0.7049183356503946,5
442,1084,Experience 1084,Social,0.6722561348379004,0.2863456816441453,0.5362524927433157,0.7470758006298863,26,Puzzle,Strategy,0.5130844584814124,0.4441527159540384,19,0.0,0.0,0.1166666666666666,0.9768319657380968,1,0.9901362730100342,111,0.35135135135135137,0.3347009728235637,0.47107562813427023,1
442,1102,Experience 1102,Sports,0.9402838286695968,0.4125021221616953,0.1907643304361418,0.200562471321554,40,Puzzle,Strategy,0.5130844584814124,0.4441527159540384,19,0.0,0.0,0.35,0.6776798719547295,0,0.7816997893740036,117,0.3076923076923077,0.29814472583859014,0.41900410751067557,2
442,1074,Experience 1074,Social,0.7411737446379107,0.1336446501121093,0.5667526591354218,0.2130749343990023,32,Puzzle,Strategy,0.5130844584814124,0.4441527159540384,19,0.0,0.0,0.2166666666666666,0.9463317993459904,0,0.9501188722649183,149,0.2953020134228188,0.28902856473305827,0.4694150535247479,3
442,1115,Experience 1115,Simulation,0.626658707429628,0.7075065986188209,0.5404405149990236,0.2246894745458737,42,Puzzle,Strategy,0.5130844584814124,0.4441527159540384,19,0.0,0.0,0.3833333333333333,0.9726439434823888,1,0.8201230493481136,112,0.2767857142857143,0.27155929878702156,0.3941204122192081,4
442,1042,Experience 1042,Social,0.3938579788705362,0.1390150525777733,0.8546241607610466,0.268085104820551,16,Puzzle,Strategy,0.5130844584814124,0.4441527159540384,19,0.0,0.0,0.05,0.6584602977203657,0,0.9562778573156866,124,0.24193548387096775,0.241984912776992,0.3592760588585292,5
443,1111,Experience 1111,Sports,0.9428982678236224,0.8155250577848677,0.575778764164542,0.2547283501174674,25,Adventure,Puzzle,0.8089969367965653,0.4022312810715497,26,0.0,0.0,0.0166666666666666,0.7667818273679767,0,0.7396214001972451,139,0.3237410071942446,0.31349577006218143,0.5303856402114306,1
443,1000,Experience 1000,Action,0.9096695293967186,0.6516437731703687,0.6290364009047581,0.2407530712142694,49,Adventure,Puzzle,0.8089969367965653,0.4022312810715497,26,0.0,0.0,0.3833333333333333,0.8200394641081928,0,0.8859284562108488,124,0.3225806451612903,0.31142935722143644,0.4684786807049517,2
443,1002,Experience 1002,Social,0.5654662227449457,0.1419781043952984,0.4876512775379703,0.1763555764178013,30,Adventure,Puzzle,0.8089969367965653,0.4022312810715497,26,0.0,0.0,0.0666666666666666,0.6786543407414051,0,0.9179736171567036,125,0.312,0.30238501682680585,0.41008692653340034,3
443,1109,Experience 1109,Social,0.5415451963988065,0.6320276759129257,0.4602651355822746,0.2660308726216652,48,Adventure,Puzzle,0.8089969367965653,0.4022312810715497,26,0.0,0.0,0.3666666666666666,0.6512681987857094,1,0.9668146999190553,125,0.312,0.30238501682680585,0.40667944209081747,4
443,1074,Experience 1074,Social,0.7411737446379107,0.1336446501121093,0.5667526591354218,0.2130749343990023,32,Adventure,Puzzle,0.8089969367965653,0.4022312810715497,26,0.0,0.0,0.1,0.7577557223388566,0,0.82240625221803,149,0.2953020134228188,0.28902856473305827,0.46685443334456117,5
444,1058,Experience 1058,Social,0.5666390936836835,0.5294440043668863,0.4156619036213059,0.2647117106195373,52,Sports,Creative,0.694588827462303,0.3622388675193256,24,0.0,0.0,0.4666666666666667,0.721073076159003,0,0.9074887529512364,100,0.32,0.30704856199905706,0.4050529389640972,1
444,1013,Experience 1013,Sports,0.8486275995976889,0.743877614526904,0.1274827038621261,0.2359972626205526,20,Sports,Creative,0.694588827462303,0.3622388675193256,24,1.0,0.0,0.0666666666666666,0.4328938763998231,0,0.8465669972127863,116,0.3017241379310345,0.29298402529328565,0.7779014999257241,2
444,1070,Experience 1070,Sports,0.9021629239090754,0.4240213755135868,0.7602726894428304,0.7757910864370905,50,Sports,Creative,0.694588827462303,0.3622388675193256,24,1.0,0.0,0.4333333333333333,0.9343161380194726,1,0.9825089578489649,111,0.2882882882882883,0.28126585831974693,0.8186895219007696,3
444,1024,Experience 1024,Sports,0.7120515552427965,0.5535760301547662,0.4935230317114728,0.4609313910731102,39,Sports,Creative,0.694588827462303,0.3622388675193256,24,1.0,0.0,0.25,0.7989342042491698,0,0.9484939683142574,138,0.2608695652173913,0.25851789518915724,0.7856119686073256,4
444,1078,Experience 1078,Simulation,0.9139745006021852,0.4875947260651535,0.1081242288365573,0.0386443098268846,51,Sports,Creative,0.694588827462303,0.3622388675193256,24,0.0,0.0,0.45,0.4135354013742544,0,0.9088986487738067,97,0.23711340206185566,0.23799852512723801,0.3522747440561914,5
445,1043,Experience 1043,Creative,0.8838983032607785,0.7641225701636372,0.5942808569171103,0.6062993981927156,47,Creative,Simulation,0.214386285946864,0.5682931542869954,33,1.0,0.0,0.2333333333333333,0.6201054290297537,0,0.872008988831208,110,0.35454545454545455,0.3372755956914373,0.7965220762493724,1
445,1084,Experience 1084,Social,0.6722561348379004,0.2863456816441453,0.5362524927433157,0.7470758006298863,26,Creative,Simulation,0.214386285946864,0.5682931542869954,33,0.0,0.0,0.1166666666666666,0.6781337932035484,1,0.973064957838134,111,0.35135135135135137,0.3347009728235637,0.4377510298787131,2
445,1052,Experience 1052,Creative,0.6879474895864814,0.8150878066775633,0.5427584275418881,0.4028796085076296,43,Creative,Simulation,0.214386285946864,0.5682931542869954,33,1.0,0.0,0.1666666666666666,0.671627858404976,0,0.8650012237582365,129,0.3178294573643411,0.30769011704622046,0.7760113711364789,3
445,1115,Experience 1115,Simulation,0.626658707429628,0.7075065986188209,0.5404405149990236,0.2246894745458737,42,Creative,Simulation,0.214386285946864,0.5682931542869954,33,0.0,1.0,0.15,0.6739457709478405,0,0.8817221981405373,112,0.2767857142857143,0.27155929878702156,0.5552590868117261,4
445,1011,Experience 1011,Strategy,0.8438936347604792,0.3089791482471649,0.5527453913687409,0.302964628837302,52,Creative,Simulation,0.214386285946864,0.5682931542869954,33,0.0,0.0,0.3166666666666666,0.6616408945781231,0,0.9422137318071389,123,0.2682926829268293,0.26465613594326465,0.3807820997298271,5
446,1009,Experience 1009,Action,0.7987178764315418,0.3460501829476273,0.2238314684756084,0.130890330850495,53,Adventure,Sports,0.4926486803267961,0.1436113943174309,46,0.0,0.0,0.1166666666666666,0.7311827881488124,0,0.9582655164044014,104,0.28846153846153844,0.28101473741844224,0.43475450395795806,1
446,1011,Experience 1011,Strategy,0.8438936347604792,0.3089791482471649,0.5527453913687409,0.302964628837302,52,Adventure,Sports,0.4926486803267961,0.1436113943174309,46,0.0,0.0,0.1,0.9399032889580552,0,0.8491994017092888,123,0.2682926829268293,0.26465613594326465,0.4686754030582943,2
446,1039,Experience 1039,Social,0.8194814495513689,0.2752805682140255,0.2419454802582048,0.889899007072331,47,Adventure,Sports,0.4926486803267961,0.1436113943174309,46,0.0,0.0,0.0166666666666666,0.7492967999314087,0,0.9537949735435866,110,0.2636363636363636,0.2603525187683603,0.5066673863462607,3
446,1098,Experience 1098,Social,0.534058177188557,0.4459803600128759,0.2707495249900757,0.7298152463028666,35,Adventure,Sports,0.4926486803267961,0.1436113943174309,46,0.0,0.0,0.1833333333333333,0.7781008446632797,0,0.8138932544088968,130,0.26153846153846155,0.25897218293257895,0.4352790756608808,4
446,1092,Experience 1092,Sports,0.8280410369904486,0.5343815491606264,0.7426691928850321,0.6904019545155015,39,Adventure,Sports,0.4926486803267961,0.1436113943174309,46,0.0,1.0,0.1166666666666666,0.749979487441764,1,0.8632163686704378,128,0.2421875,0.2422015367559922,0.656087627922218,5
447,1058,Experience 1058,Social,0.5666390936836835,0.5294440043668863,0.4156619036213059,0.2647117106195373,52,Adventure,Action,0.441553596407942,0.6409214065225729,23,0.0,0.0,0.4833333333333333,0.9741083072133638,1,0.7667813220975497,100,0.32,0.30704856199905706,0.44707463334476333,1
447,1023,Experience 1023,Strategy,0.934275144868182,0.4241492862896971,0.2179097364670654,0.7914514878076223,48,Adventure,Action,0.441553596407942,0.6409214065225729,23,0.0,0.0,0.4166666666666667,0.7763561400591235,1,0.8409679719955826,110,0.2818181818181818,0.2757371341529757,0.4004582787772227,2
447,1060,Experience 1060,Strategy,0.8620933017122632,0.1051567799118504,0.3772606570904063,0.1400554046894906,58,Adventure,Action,0.441553596407942,0.6409214065225729,23,0.0,0.0,0.5833333333333334,0.9357070606824642,0,0.9470974970305114,102,0.27450980392156865,0.2692280937695643,0.3843960125019642,3
447,1008,Experience 1008,Adventure,0.8415828324170402,0.3364498304651394,0.599089106012921,0.2728043301458357,40,Adventure,Action,0.441553596407942,0.6409214065225729,23,1.0,0.0,0.2833333333333333,0.8424644903950211,1,0.912217825203303,117,0.27350427350427353,0.2689476455466193,0.7807255775405976,4
447,1083,Experience 1083,Sports,0.5638116113845065,0.5523903507798276,0.3674940432740611,0.3952346537588943,26,Adventure,Action,0.441553596407942,0.6409214065225729,23,0.0,0.0,0.05,0.925940446866119,0,0.9515476828266477,122,0.22950819672131148,0.23130864394286513,0.42814939573881716,5
448,1061,Experience 1061,Social,0.9515114053456256,0.4883887845440612,0.3838014404080356,0.6777086144544695,56,Social,Creative,0.2326757708395452,0.8685762494196203,33,1.0,0.0,0.3833333333333333,0.8488743304315096,1,0.8376149934259114,113,0.3274336283185841,0.3146302815029086,0.8627608426430782,1
448,1085,Experience 1085,Social,0.715133524882573,0.3923165755464828,0.681782684374937,0.3715432084063615,41,Social,Creative,0.2326757708395452,0.8685762494196203,33,1.0,0.0,0.1333333333333333,0.5508930864646082,0,0.9412444361935567,117,0.24786324786324787,0.24704983532764122,0.819227705270143,2
448,1114,Experience 1114,Simulation,0.9094073794904848,0.2867325336723821,0.0751050358773748,0.4020477981570693,23,Social,Creative,0.2326757708395452,0.8685762494196203,33,0.0,0.0,0.1666666666666666,0.8424292650378297,0,0.9855627700395676,138,0.2318840579710145,0.23320143949295472,0.4642332212728618,3
448,1028,Experience 1028,Simulation,0.7474374024719366,0.7598079156453001,0.9057260947827066,0.4943145335346177,16,Social,Creative,0.2326757708395452,0.8685762494196203,33,0.0,0.0,0.2833333333333333,0.3269496760568386,0,0.9930625616388304,122,0.22950819672131148,0.23130864394286513,0.3877469634903475,4
448,1075,Experience 1075,Puzzle,0.7701763699744956,0.5714931074517187,0.7080993700732455,0.0043057756676786,58,Social,Creative,0.2326757708395452,0.8685762494196203,33,0.0,0.0,0.4166666666666667,0.5245764007662996,0,0.8297017950664404,114,0.22807017543859648,0.23019274208870782,0.4241285673332108,5
449,1111,Experience 1111,Sports,0.9428982678236224,0.8155250577848677,0.575778764164542,0.2547283501174674,25,Puzzle,Action,0.3650676470576111,0.7883225000558702,21,0.0,0.0,0.0666666666666666,0.7892888828930691,0,0.7714829247739449,139,0.3237410071942446,0.31349577006218143,0.5325608793238669,1
449,1107,Experience 1107,Social,0.7428970964662264,0.8045676070342606,0.8160785123357384,0.9076048913904824,23,Puzzle,Action,0.3650676470576111,0.7883225000558702,21,0.0,0.0,0.0333333333333333,0.5489891347218727,0,0.7308417308296641,139,0.30935251798561153,0.3009171537099802,0.4924753594427583,2
449,1023,Experience 1023,Strategy,0.934275144868182,0.4241492862896971,0.2179097364670654,0.7914514878076223,48,Puzzle,Action,0.3650676470576111,0.7883225000558702,21,0.0,0.0,0.45,0.8528420894094544,1,0.944050519843621,110,0.2818181818181818,0.2757371341529757,0.41435503064856066,3
449,1060,Experience 1060,Strategy,0.8620933017122632,0.1051567799118504,0.3772606570904063,0.1400554046894906,58,Puzzle,Action,0.3650676470576111,0.7883225000558702,21,0.0,0.0,0.6166666666666667,0.9878069899672048,0,0.7115864827831879,102,0.27450980392156865,0.2692280937695643,0.39399254249557003,4
449,1036,Experience 1036,Sports,0.9655169972756756,0.2298411882545339,0.2550485289661252,0.8478368672236546,17,Puzzle,Action,0.3650676470576111,0.7883225000558702,21,0.0,0.0,0.0666666666666666,0.889980881908514,1,0.9102433775322888,129,0.26356589147286824,0.2607102512744084,0.4905816876682753,5
450,1002,Experience 1002,Social,0.5654662227449457,0.1419781043952984,0.4876512775379703,0.1763555764178013,30,Puzzle,Action,0.6083179141084735,0.4296118338190628,50,0.0,0.0,0.3333333333333333,0.8793333634294969,0,0.9154802064847872,125,0.312,0.30238501682680585,0.4141323622934232,1
450,1014,Experience 1014,Social,0.7084360738896248,0.6919622480914536,0.5066406143622445,0.7631554898199004,35,Puzzle,Action,0.6083179141084735,0.4296118338190628,50,0.0,0.0,0.25,0.898322700253771,0,0.8944228948224864,117,0.29914529914529914,0.29084545576559745,0.4991763119764158,2
450,1108,Experience 1108,Puzzle,0.8425576923542274,0.4822507608830354,0.666849920378606,0.8027206052883656,21,Puzzle,Action,0.6083179141084735,0.4296118338190628,50,1.0,0.0,0.4833333333333333,0.9414679937298674,0,0.9250321293666569,92,0.2717391304347826,0.2664806021418468,0.7952646187278909,3
450,1096,Experience 1096,Adventure,0.7903170826018652,0.4751627362769494,0.5362341337297925,0.9233469677258124,13,Puzzle,Action,0.6083179141084735,0.4296118338190628,50,0.0,0.0,0.6166666666666667,0.927916219621319,1,0.8373077953834932,123,0.25203252032520324,0.25067012195725064,0.3838944637572321,4
450,1103,Experience 1103,Action,0.6677544964493587,0.4461723957193605,0.794276194278496,0.1853752728024856,59,Puzzle,Action,0.6083179141084735,0.4296118338190628,50,0.0,1.0,0.15,0.8140417198299774,1,0.7666605870249541,121,0.23140495867768596,0.23294913077933935,0.5914304660818764,5
451,1023,Experience 1023,Strategy,0.934275144868182,0.4241492862896971,0.2179097364670654,0.7914514878076223,48,Strategy,Adventure,0.3529600312484053,0.2566810318627223,55,1.0,0.0,0.1166666666666666,0.8649497052186601,0,0.9265363177963819,110,0.2818181818181818,0.2757371341529757,0.7919554626755164,1
451,1011,Experience 1011,Strategy,0.8438936347604792,0.3089791482471649,0.5527453913687409,0.302964628837302,52,Strategy,Adventure,0.3529600312484053,0.2566810318627223,55,1.0,0.0,0.05,0.8002146398796645,0,0.7318170134759325,123,0.2682926829268293,0.26465613594326465,0.7805482637415898,2
451,1096,Experience 1096,Adventure,0.7903170826018652,0.4751627362769494,0.5362341337297925,0.9233469677258124,13,Strategy,Adventure,0.3529600312484053,0.2566810318627223,55,0.0,1.0,0.7,0.8167258975186129,1,0.9548329962802153,123,0.25203252032520324,0.25067012195725064,0.5194002792293343,3
451,1007,Experience 1007,Social,0.6113602755027672,0.3693255620200327,0.760432490906593,0.3138467721116466,56,Strategy,Adventure,0.3529600312484053,0.2566810318627223,55,0.0,0.0,0.0166666666666666,0.5925275403418123,0,0.9793129215125084,112,0.24107142857142858,0.24125626848399126,0.4339171922344262,4
452,1059,Experience 1059,Social,0.7489549716721217,0.4911530499138364,0.6826986067555766,0.9132851837019758,49,Action,Sports,0.321359358585036,0.5349858402599401,55,0.0,0.0,0.1,0.6386607518294594,0,0.9329778379238891,105,0.34285714285714286,0.32676661951909475,0.5433495091181207,1
452,1061,Experience 1061,Social,0.9515114053456256,0.4883887845440612,0.3838014404080356,0.6777086144544695,56,Action,Sports,0.321359358585036,0.5349858402599401,55,0.0,0.0,0.0166666666666666,0.9375579181770004,0,0.7241124567717742,113,0.3274336283185841,0.3146302815029086,0.6445646667022891,2
452,1052,Experience 1052,Creative,0.6879474895864814,0.8150878066775633,0.5427584275418881,0.4028796085076296,43,Action,Sports,0.321359358585036,0.5349858402599401,55,0.0,0.0,0.2,0.7786009310431479,0,0.9596713504417866,129,0.3178294573643411,0.30769011704622046,0.49759405736363327,3
452,1025,Experience 1025,Social,0.838744739121835,0.7279884901895025,0.5876677647056102,0.0811540004238993,14,Action,Sports,0.321359358585036,0.5349858402599401,55,0.0,0.0,0.6833333333333333,0.7336915938794257,0,0.916972599794035,120,0.31666666666666665,0.30604162457062034,0.5383158610511931,4
452,1107,Experience 1107,Social,0.7428970964662264,0.8045676070342606,0.8160785123357384,0.9076048913904824,23,Action,Sports,0.321359358585036,0.5349858402599401,55,0.0,0.0,0.5333333333333333,0.5052808462492977,0,0.7919472876533775,139,0.30935251798561153,0.3009171537099802,0.4967898955624384,5
453,1043,Experience 1043,Creative,0.8838983032607785,0.7641225701636372,0.5942808569171103,0.6062993981927156,47,Action,Creative,0.9602152379080492,0.4342194404821345,24,0.0,1.0,0.3833333333333333,0.634065619009061,1,0.7980482232981512,110,0.35454545454545455,0.3372755956914373,0.6173623932756537,1
453,1053,Experience 1053,Puzzle,0.7426572934279929,0.7514869168546299,0.2904976508730454,0.8341208920021081,34,Action,Creative,0.9602152379080492,0.4342194404821345,24,0.0,0.0,0.1666666666666666,0.3302824129649961,0,0.8769017476238687,102,0.3431372549019608,0.3266051429498922,0.37387202676648784,2
453,1058,Experience 1058,Social,0.5666390936836835,0.5294440043668863,0.4156619036213059,0.2647117106195373,52,Action,Creative,0.9602152379080492,0.4342194404821345,24,0.0,0.0,0.4666666666666667,0.4554466657132565,0,0.9389070638614504,100,0.32,0.30704856199905706,0.3770743190862809,3
453,1067,Experience 1067,Creative,0.788764048918011,0.4580972487220676,0.5921026845821029,0.4299570499000478,43,Action,Creative,0.9602152379080492,0.4342194404821345,24,0.0,1.0,0.3166666666666666,0.6318874466740536,0,0.7615800565341663,119,0.31092436974789917,0.30104911827256725,0.5789500985543775,4
453,1107,Experience 1107,Social,0.7428970964662264,0.8045676070342606,0.8160785123357384,0.9076048913904824,23,Action,Creative,0.9602152379080492,0.4342194404821345,24,0.0,0.0,0.0166666666666666,0.8558632744276891,0,0.7780225609094472,139,0.30935251798561153,0.3009171537099802,0.5609026956265037,5
454,1067,Experience 1067,Creative,0.788764048918011,0.4580972487220676,0.5921026845821029,0.4299570499000478,43,Sports,Adventure,0.7474333341403444,0.0775207498799154,22,0.0,0.0,0.35,0.8446693504417585,1,0.8447188149295257,119,0.31092436974789917,0.30104911827256725,0.392465562143713,1
454,1074,Experience 1074,Social,0.7411737446379107,0.1336446501121093,0.5667526591354218,0.2130749343990023,32,Sports,Adventure,0.7474333341403444,0.0775207498799154,22,0.0,0.0,0.1666666666666666,0.8193193249950774,0,0.9347860386636202,149,0.2953020134228188,0.28902856473305827,0.43650100032175626,2
454,1060,Experience 1060,Strategy,0.8620933017122632,0.1051567799118504,0.3772606570904063,0.1400554046894906,58,Sports,Adventure,0.7474333341403444,0.0775207498799154,22,0.0,0.0,0.6,0.6298273229500619,0,0.8671228464280873,102,0.27450980392156865,0.2692280937695643,0.3041110289777258,3
454,1098,Experience 1098,Social,0.534058177188557,0.4459803600128759,0.2707495249900757,0.7298152463028666,35,Sports,Adventure,0.7474333341403444,0.0775207498799154,22,0.0,0.0,0.2166666666666666,0.5233161908497314,0,0.7277497324960835,130,0.26153846153846155,0.25897218293257895,0.3389877979857212,4
454,1091,Experience 1091,Sports,0.6742348817628386,0.2717222536331008,0.7498162980972818,0.6422524185679935,12,Sports,Adventure,0.7474333341403444,0.0775207498799154,22,1.0,0.0,0.1666666666666666,0.9976170360430626,0,0.7754251587989486,105,0.2571428571428571,0.25476661951909474,0.7730656661496283,5
455,1107,Experience 1107,Social,0.7428970964662264,0.8045676070342606,0.8160785123357384,0.9076048913904824,23,Simulation,Social,0.4475190597376211,0.85413584886393,39,0.0,1.0,0.2666666666666666,0.6314405474018827,1,0.9904870987552727,139,0.30935251798561153,0.3009171537099802,0.6878836390966693,1
455,1023,Experience 1023,Strategy,0.934275144868182,0.4241492862896971,0.2179097364670654,0.7914514878076223,48,Simulation,Social,0.4475190597376211,0.85413584886393,39,0.0,0.0,0.15,0.7703906767294444,1,0.7643670794968771,110,0.2818181818181818,0.2757371341529757,0.47375463953216246,2
455,1008,Experience 1008,Adventure,0.8415828324170402,0.3364498304651394,0.599089106012921,0.2728043301458357,40,Simulation,Social,0.4475190597376211,0.85413584886393,39,0.0,0.0,0.0166666666666666,0.8484299537247002,0,0.730235694136859,117,0.27350427350427353,0.2689476455466193,0.49825465679821895,3
455,1090,Experience 1090,Puzzle,0.5586098880458512,0.4251872277402517,0.5338484342208252,0.861814417816014,19,Simulation,Social,0.4475190597376211,0.85413584886393,39,0.0,0.0,0.3333333333333333,0.913670625516796,0,0.8377912197777384,121,0.2727272727272727,0.26841012368714073,0.4214981584247196,4
455,1006,Experience 1006,Action,0.8770181756508404,0.5275353377269014,0.8047332447846338,0.7517807092307816,28,Simulation,Social,0.4475190597376211,0.85413584886393,39,0.0,0.0,0.1833333333333333,0.6427858149529873,0,0.9645951843939718,103,0.27184466019417475,0.26703924747875485,0.48401630980014587,5
456,1002,Experience 1002,Social,0.5654662227449457,0.1419781043952984,0.4876512775379703,0.1763555764178013,30,Sports,Creative,0.1583126819097695,0.1875742514695449,19,0.0,0.0,0.1833333333333333,0.6706614043717992,0,0.9025457344379498,125,0.312,0.30238501682680585,0.3929768617606837,1
456,1110,Experience 1110,Creative,0.8487034770737338,0.6513439158584452,0.7080979103356375,0.2741343936886083,18,Sports,Creative,0.1583126819097695,0.1875742514695449,19,0.0,1.0,0.0166666666666666,0.450214771574132,1,0.8753958222422219,109,0.28440366972477066,0.2778746313169523,0.5891617689880568,2
456,1023,Experience 1023,Strategy,0.934275144868182,0.4241492862896971,0.2179097364670654,0.7914514878076223,48,Sports,Creative,0.1583126819097695,0.1875742514695449,19,0.0,0.0,0.4833333333333333,0.940402945442704,0,0.8481133205886228,110,0.2818181818181818,0.2757371341529757,0.41857320036370643,3
456,1060,Experience 1060,Strategy,0.8620933017122632,0.1051567799118504,0.3772606570904063,0.1400554046894906,58,Sports,Creative,0.1583126819097695,0.1875742514695449,19,0.0,0.0,0.65,0.7810520248193633,0,0.9188977404068163,102,0.27450980392156865,0.2692280937695643,0.34961505594182485,4
456,1036,Experience 1036,Sports,0.9655169972756756,0.2298411882545339,0.2550485289661252,0.8478368672236546,17,Sports,Creative,0.1583126819097695,0.1875742514695449,19,1.0,0.0,0.0333333333333333,0.9032641529436444,1,0.775958035698232,129,0.26356589147286824,0.2607102512744084,0.8233466431129891,5
457,1058,Experience 1058,Social,0.5666390936836835,0.5294440043668863,0.4156619036213059,0.2647117106195373,52,Simulation,Adventure,0.5774698471945927,0.2078718606966162,51,0.0,0.0,0.0166666666666666,0.8381920564267131,0,0.9790973664493904,100,0.32,0.30704856199905706,0.4445966139050271,1
457,1100,Experience 1100,Sports,0.8539423752816214,0.5771516782683807,0.6603015579098336,0.097787997445443,39,Simulation,Adventure,0.5774698471945927,0.2078718606966162,51,0.0,0.0,0.2,0.9171682892847592,1,0.7102688085366133,107,0.3177570093457944,0.3058726570069831,0.4758300654764801,2
457,1107,Experience 1107,Social,0.7428970964662264,0.8045676070342606,0.8160785123357384,0.9076048913904824,23,Simulation,Adventure,0.5774698471945927,0.2078718606966162,51,0.0,0.0,0.4666666666666667,0.7613913348588544,1,0.9422447594742182,139,0.30935251798561153,0.3009171537099802,0.45221742556979583,3
457,1110,Experience 1110,Creative,0.8487034770737338,0.6513439158584452,0.7080979103356375,0.2741343936886083,18,Simulation,Adventure,0.5774698471945927,0.2078718606966162,51,0.0,0.0,0.55,0.8693719368589552,0,0.9461859522361656,109,0.28440366972477066,0.2778746313169523,0.4121195226226595,4
457,1024,Experience 1024,Sports,0.7120515552427965,0.5535760301547662,0.4935230317114728,0.4609313910731102,39,Simulation,Adventure,0.5774698471945927,0.2078718606966162,51,0.0,0.0,0.2,0.91605318451688,1,0.7164933968255913,138,0.2608695652173913,0.25851789518915724,0.4275542091136374,5
458,1052,Experience 1052,Creative,0.6879474895864814,0.8150878066775633,0.5427584275418881,0.4028796085076296,43,Sports,Creative,0.0543002820049277,0.6954371562393364,38,0.0,1.0,0.0833333333333333,0.5115418544630397,0,0.7181973836883822,129,0.3178294573643411,0.30769011704622046,0.598856069675202,1
458,1025,Experience 1025,Social,0.838744739121835,0.7279884901895025,0.5876677647056102,0.0811540004238993,14,Sports,Creative,0.0543002820049277,0.6954371562393364,38,0.0,0.0,0.4,0.4666325172993175,0,0.9045967944487172,120,0.31666666666666665,0.30604162457062034,0.4865337316433186,2
458,1037,Experience 1037,Sports,0.7994490651436071,0.7023148063737304,0.3263399911584964,0.9948242136208678,35,Sports,Creative,0.0543002820049277,0.6954371562393364,38,1.0,0.0,0.05,0.7279602908464313,1,0.7456949721467223,120,0.30833333333333335,0.29889876742776317,0.8253752891064625,3
458,1013,Experience 1013,Sports,0.8486275995976889,0.743877614526904,0.1274827038621261,0.2359972626205526,20,Sports,Creative,0.0543002820049277,0.6954371562393364,38,1.0,0.0,0.3,0.9268175781428016,1,0.7583584915199216,116,0.3017241379310345,0.29298402529328565,0.837797069933962,4
458,1023,Experience 1023,Strategy,0.934275144868182,0.4241492862896971,0.2179097364670654,0.7914514878076223,48,Sports,Creative,0.0543002820049277,0.6954371562393364,38,0.0,0.0,0.1666666666666666,0.8363905455378623,0,0.7801480142311153,110,0.2818181818181818,0.2757371341529757,0.4705816629322557,5
459,1058,Experience 1058,Social,0.5666390936836835,0.5294440043668863,0.4156619036213059,0.2647117106195373,52,Social,Simulation,0.686885572361243,0.2256800500629467,19,1.0,0.0,0.55,0.7287763312600628,0,0.7636371920282191,100,0.32,0.30704856199905706,0.7377485256027293,1
459,1067,Experience 1067,Creative,0.788764048918011,0.4580972487220676,0.5921026845821029,0.4299570499000478,43,Social,Simulation,0.686885572361243,0.2256800500629467,19,0.0,0.0,0.4,0.90521711222086,0,0.810676452774553,119,0.31092436974789917,0.30104911827256725,0.397218427546318,2
459,1106,Experience 1106,Sports,0.8146785788760947,0.3647619692710552,0.6750256601127794,0.7960604476258709,49,Social,Simulation,0.686885572361243,0.2256800500629467,19,0.0,0.0,0.5,0.9881400877515364,0,0.8363907939072772,128,0.28125,0.275985320539776,0.41965452399263936,3
459,1050,Experience 1050,Sports,0.6444432625143321,0.2032573812502654,0.7840857883345029,0.0579453445381299,24,Social,Simulation,0.686885572361243,0.2256800500629467,19,0.0,0.0,0.0833333333333333,0.90279978402674,0,0.9953394613725196,107,0.27102803738317754,0.2665025782668255,0.4008651129806094,4
459,1108,Experience 1108,Puzzle,0.8425576923542274,0.4822507608830354,0.666849920378606,0.8027206052883656,21,Social,Simulation,0.686885572361243,0.2256800500629467,19,0.0,0.0,0.0333333333333333,0.979964348017363,1,0.7437440728687815,92,0.2717391304347826,0.2664806021418468,0.4657601620029803,5
460,1074,Experience 1074,Social,0.7411737446379107,0.1336446501121093,0.5667526591354218,0.2130749343990023,32,Simulation,Puzzle,0.8035098941489688,0.3724198361022435,23,0.0,0.0,0.15,0.763242764986453,0,0.8622735381122303,149,0.2953020134228188,0.28902856473305827,0.44441059799265487,1
460,1044,Experience 1044,Action,0.8578996664042653,0.7405382156713768,0.540545681694017,0.9388053542070384,40,Simulation,Puzzle,0.8035098941489688,0.3724198361022435,23,0.0,0.0,0.2833333333333333,0.7370357875450482,0,0.91250316764364,112,0.2857142857142857,0.27913505636277913,0.42709817736176636,2
460,1110,Experience 1110,Creative,0.8487034770737338,0.6513439158584452,0.7080979103356375,0.2741343936886083,18,Simulation,Puzzle,0.8035098941489688,0.3724198361022435,23,0.0,0.0,0.0833333333333333,0.9045880161866688,0,0.8244677150071006,109,0.28440366972477066,0.2778746313169523,0.4769720758439198,3
460,1068,Experience 1068,Action,0.698456042052288,0.2594560290757449,0.3550613668330224,0.4325155932423661,21,Simulation,Puzzle,0.8035098941489688,0.3724198361022435,23,0.0,0.0,0.0333333333333333,0.5515514726840536,0,0.9795553178427842,111,0.24324324324324326,0.2430979193884492,0.34286117874772715,4
460,1055,Experience 1055,Action,0.9121309206982589,0.3826203354113438,0.2499073592941251,0.1919211614110854,38,Simulation,Puzzle,0.8035098941489688,0.3724198361022435,23,0.0,0.0,0.25,0.4463974651451563,0,0.8429214127877325,114,0.23684210526315788,0.237655428655872,0.3653328828090326,5
461,1061,Experience 1061,Social,0.9515114053456256,0.4883887845440612,0.3838014404080356,0.6777086144544695,56,Adventure,Sports,0.6300170448783261,0.512275593593948,41,0.0,0.0,0.25,0.7537843955297094,0,0.8639084083033048,113,0.3274336283185841,0.3146302815029086,0.5562038179496817,1
461,1100,Experience 1100,Sports,0.8539423752816214,0.5771516782683807,0.6603015579098336,0.097787997445443,39,Adventure,Sports,0.6300170448783261,0.512275593593948,41,0.0,1.0,0.0333333333333333,0.9697154869684924,0,0.7871712883305483,107,0.3177570093457944,0.3058726570069831,0.7200493495094944,2
461,1074,Experience 1074,Social,0.7411737446379107,0.1336446501121093,0.5667526591354218,0.2130749343990023,32,Adventure,Sports,0.6300170448783261,0.512275593593948,41,0.0,0.0,0.15,0.9367356142570956,0,0.7576922444598884,149,0.2953020134228188,0.28902856473305827,0.525905756562964,3
461,1110,Experience 1110,Creative,0.8487034770737338,0.6513439158584452,0.7080979103356375,0.2741343936886083,18,Adventure,Sports,0.6300170448783261,0.512275593593948,41,0.0,0.0,0.3833333333333333,0.9219191345426886,0,0.9668106976307979,109,0.28440366972477066,0.2778746313169523,0.49955139218555483,4
461,1033,Experience 1033,Simulation,0.8859147305780027,0.259942782541492,0.2648265360525452,0.1086571032622624,31,Adventure,Sports,0.6300170448783261,0.512275593593948,41,0.0,0.0,0.1666666666666666,0.6348094911742191,0,0.7225334650992319,120,0.275,0.27032733885633464,0.4277849226854448,5
462,1111,Experience 1111,Sports,0.9428982678236224,0.8155250577848677,0.575778764164542,0.2547283501174674,25,Strategy,Adventure,0.4956272952608427,0.600276746661477,12,0.0,0.0,0.2166666666666666,0.9198485310963008,0,0.80380171415811,139,0.3237410071942446,0.31349577006218143,0.5194310881560801,1
462,1107,Experience 1107,Social,0.7428970964662264,0.8045676070342606,0.8160785123357384,0.9076048913904824,23,Strategy,Adventure,0.4956272952608427,0.600276746661477,12,0.0,0.0,0.1833333333333333,0.6795487829251043,0,0.8908655619029079,139,0.30935251798561153,0.3009171537099802,0.4793204484852225,2
462,1070,Experience 1070,Sports,0.9021629239090754,0.4240213755135868,0.7602726894428304,0.7757910864370905,50,Strategy,Adventure,0.4956272952608427,0.600276746661477,12,0.0,0.0,0.6333333333333333,0.7353546058180123,0,0.9963673197736664,111,0.2882882882882883,0.28126585831974693,0.4099613001033789,3
462,1009,Experience 1009,Action,0.7987178764315418,0.3460501829476273,0.2238314684756084,0.130890330850495,53,Strategy,Adventure,0.4956272952608427,0.600276746661477,12,0.0,0.0,0.6833333333333333,0.7282041732147657,0,0.7677741188731636,104,0.28846153846153844,0.28101473741844224,0.34368657573722666,4
462,1001,Experience 1001,Sports,0.6452560499996463,0.8044840559110404,0.5776422262968883,0.3608105614175153,41,Strategy,Adventure,0.4956272952608427,0.600276746661477,12,0.0,0.0,0.4833333333333333,0.9179850689639544,0,0.7088071234325457,110,0.2545454545454545,0.25266021107605263,0.41703657066481814,5
463,1043,Experience 1043,Creative,0.8838983032607785,0.7641225701636372,0.5942808569171103,0.6062993981927156,47,Adventure,Simulation,0.1674324710838318,0.4007181890028843,33,0.0,0.0,0.2333333333333333,0.5731516141667214,0,0.8188647939519176,110,0.35454545454545455,0.3372755956914373,0.422396798547599,1
463,1107,Experience 1107,Social,0.7428970964662264,0.8045676070342606,0.8160785123357384,0.9076048913904824,23,Adventure,Simulation,0.1674324710838318,0.4007181890028843,33,0.0,0.0,0.1666666666666666,0.3513539587480934,0,0.8683476243251094,139,0.30935251798561153,0.3009171537099802,0.42611308635214196,2
463,1119,Experience 1119,Action,0.8086136050725224,0.7572883677081093,0.5086964614589882,0.1619415702496311,9,Adventure,Simulation,0.1674324710838318,0.4007181890028843,33,0.0,0.0,0.4,0.6587360096248436,0,0.7665269294913302,115,0.30434782608695654,0.29515427733249516,0.3957894094885748,3
463,1106,Experience 1106,Sports,0.8146785788760947,0.3647619692710552,0.6750256601127794,0.7960604476258709,49,Adventure,Simulation,0.1674324710838318,0.4007181890028843,33,0.0,0.0,0.2666666666666666,0.4924068109710524,0,0.712397550153204,128,0.28125,0.275985320539776,0.37898984351306547,4
463,1064,Experience 1064,Puzzle,0.6204758892789963,0.4435351922580418,0.6632419642315316,0.276207363456566,49,Adventure,Simulation,0.1674324710838318,0.4007181890028843,33,0.0,0.0,0.2666666666666666,0.5041905068523003,1,0.7300724206896183,94,0.2765957446808511,0.27057743368321796,0.3356320897324058,5
464,1067,Experience 1067,Creative,0.788764048918011,0.4580972487220676,0.5921026845821029,0.4299570499000478,43,Action,Adventure,0.4006844912805637,0.6073816518314187,16,0.0,0.0,0.45,0.8085818066984609,0,0.816408211355101,119,0.31092436974789917,0.30104911827256725,0.4217676893396557,1
464,1009,Experience 1009,Action,0.7987178764315418,0.3460501829476273,0.2238314684756084,0.130890330850495,53,Action,Adventure,0.4006844912805637,0.6073816518314187,16,1.0,0.0,0.6166666666666667,0.8231469771950447,1,0.9510664317801623,104,0.28846153846153844,0.28101473741844224,0.7596209654677921,2
464,1044,Experience 1044,Action,0.8578996664042653,0.7405382156713768,0.540545681694017,0.9388053542070384,40,Action,Adventure,0.4006844912805637,0.6073816518314187,16,1.0,0.0,0.4,0.8601388095865468,0,0.7621384405489053,112,0.2857142857142857,0.27913505636277913,0.8103251235928176,3
464,1106,Experience 1106,Sports,0.8146785788760947,0.3647619692710552,0.6750256601127794,0.7960604476258709,49,Action,Adventure,0.4006844912805637,0.6073816518314187,16,0.0,0.0,0.55,0.7256588311677843,1,0.9891441513200123,128,0.28125,0.275985320539776,0.4159100625406662,4
464,1024,Experience 1024,Sports,0.7120515552427965,0.5535760301547662,0.4935230317114728,0.4609313910731102,39,Action,Adventure,0.4006844912805637,0.6073816518314187,16,0.0,0.0,0.3833333333333333,0.9071614595690908,0,0.735890211163067,138,0.2608695652173913,0.25851789518915724,0.447804478085972,5
465,1088,Experience 1088,Sports,0.931739259022481,0.4207879774878386,0.5549692853271866,0.4100487869149942,11,Adventure,Simulation,0.5452994663506783,0.5512873584035372,14,0.0,0.0,0.05,0.9903301810234916,0,0.9913036260712533,113,0.3008849557522124,0.292073890525465,0.504848159849939,1
465,1033,Experience 1033,Simulation,0.8859147305780027,0.259942782541492,0.2648265360525452,0.1086571032622624,31,Adventure,Simulation,0.5452994663506783,0.5512873584035372,14,0.0,1.0,0.2833333333333333,0.719527069701867,0,0.9676206501761816,120,0.275,0.27032733885633464,0.5458845025673429,2
465,1011,Experience 1011,Strategy,0.8438936347604792,0.3089791482471649,0.5527453913687409,0.302964628837302,52,Adventure,Simulation,0.5452994663506783,0.5512873584035372,14,0.0,0.0,0.6333333333333333,0.9925540749819374,0,0.7273757537234823,123,0.2682926829268293,0.26465613594326465,0.3819336953126901,3
465,1051,Experience 1051,Adventure,0.7608650542535511,0.4945204429565272,0.5049786641965721,0.9492935230092574,34,Adventure,Simulation,0.5452994663506783,0.5512873584035372,14,1.0,0.0,0.3333333333333333,0.9596791978458938,1,0.8283954598114619,122,0.2459016393442623,0.24539315098511863,0.7611971895868205,4
465,1042,Experience 1042,Social,0.3938579788705362,0.1390150525777733,0.8546241607610466,0.268085104820551,16,Adventure,Simulation,0.5452994663506783,0.5512873584035372,14,0.0,0.0,0.0333333333333333,0.6906753055896316,0,0.9507084513913018,124,0.24193548387096775,0.241984912776992,0.3618052347307424,5
466,1111,Experience 1111,Sports,0.9428982678236224,0.8155250577848677,0.575778764164542,0.2547283501174674,25,Creative,Strategy,0.2516399027026223,0.3899983982367731,30,0.0,0.0,0.0833333333333333,0.6758611385380804,0,0.9607059993660041,139,0.3237410071942446,0.31349577006218143,0.5069345963142046,1
466,1025,Experience 1025,Social,0.838744739121835,0.7279884901895025,0.5876677647056102,0.0811540004238993,14,Creative,Strategy,0.2516399027026223,0.3899983982367731,30,0.0,0.0,0.2666666666666666,0.663972137997012,0,0.95371148225526,120,0.31666666666666665,0.30604162457062034,0.5013762518428874,2
466,1119,Experience 1119,Action,0.8086136050725224,0.7572883677081093,0.5086964614589882,0.1619415702496311,9,Creative,Strategy,0.2516399027026223,0.3899983982367731,30,0.0,0.0,0.35,0.7429434412436342,0,0.7080906412818222,115,0.30434782608695654,0.29515427733249516,0.42893123451448156,3
466,1074,Experience 1074,Social,0.7411737446379107,0.1336446501121093,0.5667526591354218,0.2130749343990023,32,Creative,Strategy,0.2516399027026223,0.3899983982367731,30,0.0,0.0,0.0333333333333333,0.6848872435672004,0,0.704839129320814,149,0.2953020134228188,0.28902856473305827,0.460637199335783,4
466,1033,Experience 1033,Simulation,0.8859147305780027,0.259942782541492,0.2648265360525452,0.1086571032622624,31,Creative,Strategy,0.2516399027026223,0.3899983982367731,30,0.0,0.0,0.0166666666666666,0.9868133666500772,1,0.9677919577219043,120,0.275,0.27032733885633464,0.47189401569796413,5
467,1088,Experience 1088,Sports,0.931739259022481,0.4207879774878386,0.5549692853271866,0.4100487869149942,11,Social,Sports,0.8954984631497246,0.2594011996836779,30,0.0,1.0,0.3166666666666666,0.659470822177462,0,0.9543091797935529,113,0.3008849557522124,0.292073890525465,0.6249460205973368,1
467,1032,Experience 1032,Action,0.9183909657409184,0.1782087510115781,0.2798409650960937,0.836613041032693,59,Social,Sports,0.8954984631497246,0.2594011996836779,30,0.0,0.0,0.4833333333333333,0.3843425019463691,0,0.7004780021705407,120,0.275,0.27032733885633464,0.3479326647787117,2
467,1006,Experience 1006,Action,0.8770181756508404,0.5275353377269014,0.8047332447846338,0.7517807092307816,28,Social,Sports,0.8954984631497246,0.2594011996836779,30,0.0,0.0,0.0333333333333333,0.9092347816349092,0,0.9947788729618828,103,0.27184466019417475,0.26703924747875485,0.5143232864181527,3
467,1099,Experience 1099,Adventure,0.8332801744008336,0.4077151465805127,0.8307594812615263,0.7545731382181347,49,Social,Sports,0.8954984631497246,0.2594011996836779,30,0.0,0.0,0.3166666666666666,0.9352610181118016,1,0.7475210110829618,119,0.2605042016806723,0.25788365064666796,0.45833426077095557,4
467,1105,Experience 1105,Sports,0.6106599794863272,0.6391373818905719,0.6213931070244737,0.2894297075080649,54,Social,Sports,0.8954984631497246,0.2594011996836779,30,0.0,1.0,0.4,0.7258946438747491,0,0.8714650728781062,130,0.23076923076923078,0.2323055162659123,0.5772179041126589,5
468,1119,Experience 1119,Action,0.8086136050725224,0.7572883677081093,0.5086964614589882,0.1619415702496311,9,Sports,Action,0.3798200674746326,0.7255227400219585,31,0.0,1.0,0.3666666666666666,0.8711236060156444,0,0.7283769467557479,115,0.30434782608695654,0.29515427733249516,0.6310249262629163,1
468,1070,Experience 1070,Sports,0.9021629239090754,0.4240213755135868,0.7602726894428304,0.7757910864370905,50,Sports,Action,0.3798200674746326,0.7255227400219585,31,1.0,0.0,0.3166666666666666,0.6195473780318022,1,0.706900602977823,111,0.2882882882882883,0.28126585831974693,0.8003911111333912,2
468,1106,Experience 1106,Sports,0.8146785788760947,0.3647619692710552,0.6750256601127794,0.7960604476258709,49,Sports,Action,0.3798200674746326,0.7255227400219585,31,1.0,0.0,0.3,0.7047944073618532,1,0.865761349060718,128,0.28125,0.275985320539776,0.7914080130042174,3
468,1064,Experience 1064,Puzzle,0.6204758892789963,0.4435351922580418,0.6632419642315316,0.276207363456566,49,Sports,Action,0.3798200674746326,0.7255227400219585,31,0.0,0.0,0.3,0.716578103243101,1,0.9147508427967087,94,0.2765957446808511,0.27057743368321796,0.39190283169810164,4
468,1032,Experience 1032,Action,0.9183909657409184,0.1782087510115781,0.2798409650960937,0.836613041032693,59,Sports,Action,0.3798200674746326,0.7255227400219585,31,0.0,1.0,0.4666666666666667,0.9000208976214611,1,0.7823059146649459,120,0.275,0.27032733885633464,0.604347804661044,5
469,1025,Experience 1025,Social,0.838744739121835,0.7279884901895025,0.5876677647056102,0.0811540004238993,14,Action,Strategy,0.8432678164071773,0.234032953472057,48,0.0,0.0,0.5666666666666667,0.7443999482984329,0,0.7867332218921024,120,0.31666666666666665,0.30604162457062034,0.4906045986386101,1
469,1013,Experience 1013,Sports,0.8486275995976889,0.743877614526904,0.1274827038621261,0.2359972626205526,20,Action,Strategy,0.8432678164071773,0.234032953472057,48,0.0,0.0,0.4666666666666667,0.2842148874549488,0,0.8633467418641645,116,0.3017241379310345,0.29298402529328565,0.36019321705892304,2
469,1044,Experience 1044,Action,0.8578996664042653,0.7405382156713768,0.540545681694017,0.9388053542070384,40,Action,Strategy,0.8432678164071773,0.234032953472057,48,1.0,0.0,0.1333333333333333,0.6972778652868397,1,0.8525841762866652,112,0.2857142857142857,0.27913505636277913,0.8058934669939629,3
469,1110,Experience 1110,Creative,0.8487034770737338,0.6513439158584452,0.7080979103356375,0.2741343936886083,18,Action,Strategy,0.8432678164071773,0.234032953472057,48,0.0,0.0,0.5,0.8648300939284602,0,0.8231626583402795,109,0.28440366972477066,0.2778746313169523,0.4507477226034264,4
469,1090,Experience 1090,Puzzle,0.5586098880458512,0.4251872277402517,0.5338484342208252,0.861814417816014,19,Action,Strategy,0.8432678164071773,0.234032953472057,48,0.0,0.0,0.4833333333333333,0.6905806178136479,0,0.7289574304601537,121,0.2727272727272727,0.26841012368714073,0.3320974632561592,5
470,1084,Experience 1084,Social,0.6722561348379004,0.2863456816441453,0.5362524927433157,0.7470758006298863,26,Strategy,Sports,0.6467229893385804,0.191909960811112,48,0.0,0.0,0.3666666666666666,0.8895295034047352,0,0.8805501065007143,111,0.35135135135135137,0.3347009728235637,0.4639197512077093,1
470,1069,Experience 1069,Puzzle,0.8068156107352968,0.6551858372056814,0.8842124935251735,0.2530347499296835,35,Strategy,Sports,0.6467229893385804,0.191909960811112,48,0.0,0.0,0.2166666666666666,0.7625104958134069,0,0.878909845266641,121,0.2892561983471074,0.2825945208502613,0.48065987830254364,2
470,1033,Experience 1033,Simulation,0.8859147305780027,0.259942782541492,0.2648265360525452,0.1086571032622624,31,Strategy,Sports,0.6467229893385804,0.191909960811112,48,0.0,0.0,0.2833333333333333,0.6181035467139648,0,0.9043557473784507,120,0.275,0.27032733885633464,0.3968753068573858,3
470,1060,Experience 1060,Strategy,0.8620933017122632,0.1051567799118504,0.3772606570904063,0.1400554046894906,58,Strategy,Sports,0.6467229893385804,0.191909960811112,48,1.0,0.0,0.1666666666666666,0.7305376677518258,0,0.8814635772114197,102,0.27450980392156865,0.2692280937695643,0.7707142134079706,4
470,1073,Experience 1073,Adventure,0.687693407311507,0.5642695337399875,0.7523432280065728,0.8351257910807337,50,Strategy,Sports,0.6467229893385804,0.191909960811112,48,0.0,0.0,0.0333333333333333,0.8943797613320076,0,0.897145179962079,132,0.26515151515151514,0.26214360157820293,0.454126214879279,5
471,1069,Experience 1069,Puzzle,0.8068156107352968,0.6551858372056814,0.8842124935251735,0.2530347499296835,35,Simulation,Social,0.4561579150655225,0.8298379011018633,17,0.0,0.0,0.3,0.571945421540349,0,0.9565808470749906,121,0.2892561983471074,0.2825945208502613,0.4556693885387239,1
471,1009,Experience 1009,Action,0.7987178764315418,0.3460501829476273,0.2238314684756084,0.130890330850495,53,Simulation,Social,0.4561579150655225,0.8298379011018633,17,0.0,0.0,0.6,0.7676735534100859,0,0.8566631767560331,104,0.28846153846153844,0.28101473741844224,0.4055117220826987,2
471,1090,Experience 1090,Puzzle,0.5586098880458512,0.4251872277402517,0.5338484342208252,0.861814417816014,19,Simulation,Social,0.4561579150655225,0.8298379011018633,17,0.0,0.0,0.0333333333333333,0.9223094808446974,0,0.9222464518689899,121,0.2727272727272727,0.26841012368714073,0.4411068031067381,3
471,1046,Experience 1046,Puzzle,0.9358581895296346,0.2937905951089806,0.3646871905132503,0.5570017818814502,30,Simulation,Social,0.4561579150655225,0.8298379011018633,17,0.0,0.0,0.2166666666666666,0.9085292754477278,0,0.7354103288545392,124,0.2661290322580645,0.26281824611032534,0.5043143820699997,4
471,1098,Experience 1098,Social,0.534058177188557,0.4459803600128759,0.2707495249900757,0.7298152463028666,35,Simulation,Social,0.4561579150655225,0.8298379011018633,17,0.0,1.0,0.3,0.8145916099245532,0,0.8377297514078125,130,0.26153846153846155,0.25897218293257895,0.6135456931499046,5
472,1100,Experience 1100,Sports,0.8539423752816214,0.5771516782683807,0.6603015579098336,0.097787997445443,39,Action,Strategy,0.5975613139583782,0.6379864175964144,20,0.0,0.0,0.3166666666666666,0.9372597560485446,0,0.9072243376060505,107,0.3177570093457944,0.3058726570069831,0.5114246794589801,1
472,1074,Experience 1074,Social,0.7411737446379107,0.1336446501121093,0.5667526591354218,0.2130749343990023,32,Action,Strategy,0.5975613139583782,0.6379864175964144,20,0.0,0.0,0.2,0.9691913451770436,1,0.898787354301576,149,0.2953020134228188,0.28902856473305827,0.5092294606722106,2
472,1024,Experience 1024,Sports,0.7120515552427965,0.5535760301547662,0.4935230317114728,0.4609313910731102,39,Action,Strategy,0.5975613139583782,0.6379864175964144,20,0.0,0.0,0.3166666666666666,0.8959617177530946,0,0.9664912233850925,138,0.2608695652173913,0.25851789518915724,0.45568929621015497,3
472,1068,Experience 1068,Action,0.698456042052288,0.2594560290757449,0.3550613668330224,0.4325155932423661,21,Action,Strategy,0.5975613139583782,0.6379864175964144,20,1.0,0.0,0.0166666666666666,0.7575000528746443,0,0.7414754969609789,111,0.24324324324324326,0.2430979193884492,0.7723302537973838,4
472,1007,Experience 1007,Social,0.6113602755027672,0.3693255620200327,0.760432490906593,0.3138467721116466,56,Action,Strategy,0.5975613139583782,0.6379864175964144,20,0.0,0.0,0.6,0.8371288230517852,0,0.945259194282436,112,0.24107142857142858,0.24125626848399126,0.44017903928366764,5
473,1084,Experience 1084,Social,0.6722561348379004,0.2863456816441453,0.5362524927433157,0.7470758006298863,26,Puzzle,Sports,0.7863960335209341,0.8532771702101052,49,0.0,0.0,0.3833333333333333,0.7498564592223815,0,0.76508604380746,111,0.35135135135135137,0.3347009728235637,0.47008724841604616,1
473,1106,Experience 1106,Sports,0.8146785788760947,0.3647619692710552,0.6750256601127794,0.7960604476258709,49,Puzzle,Sports,0.7863960335209341,0.8532771702101052,49,0.0,1.0,0.0,0.8886296265918453,0,0.9812325429461688,128,0.28125,0.275985320539776,0.698290429295054,2
473,1032,Experience 1032,Action,0.9183909657409184,0.1782087510115781,0.2798409650960937,0.836613041032693,59,Puzzle,Sports,0.7863960335209341,0.8532771702101052,49,0.0,0.0,0.1666666666666666,0.4934449315751595,1,0.955959770142929,120,0.275,0.27032733885633464,0.43063011354843406,3
473,1073,Experience 1073,Adventure,0.687693407311507,0.5642695337399875,0.7523432280065728,0.8351257910807337,50,Puzzle,Sports,0.7863960335209341,0.8532771702101052,49,0.0,0.0,0.0166666666666666,0.9659471944856388,1,0.9016710298972197,132,0.26515151515151514,0.26214360157820293,0.5009429109200608,4
473,1039,Experience 1039,Social,0.8194814495513689,0.2752805682140255,0.2419454802582048,0.889899007072331,47,Puzzle,Sports,0.7863960335209341,0.8532771702101052,49,0.0,0.0,0.0333333333333333,0.4555494467372707,1,0.8715236811056292,110,0.2636363636363636,0.2603525187683603,0.4829294943973343,5
474,1052,Experience 1052,Creative,0.6879474895864814,0.8150878066775633,0.5427584275418881,0.4028796085076296,43,Puzzle,Simulation,0.2357701769271366,0.749899701453882,14,0.0,0.0,0.4833333333333333,0.6930117493852486,0,0.7068651486649825,129,0.3178294573643411,0.30769011704622046,0.3758179373362583,1
474,1067,Experience 1067,Creative,0.788764048918011,0.4580972487220676,0.5921026845821029,0.4299570499000478,43,Puzzle,Simulation,0.2357701769271366,0.749899701453882,14,0.0,0.0,0.4833333333333333,0.6436674923450336,1,0.7168077504703312,119,0.31092436974789917,0.30104911827256725,0.3677124563488779,2
474,1013,Experience 1013,Sports,0.8486275995976889,0.743877614526904,0.1274827038621261,0.2359972626205526,20,Puzzle,Simulation,0.2357701769271366,0.749899701453882,14,0.0,0.0,0.1,0.8917125269349896,1,0.7417057905482201,116,0.3017241379310345,0.29298402529328565,0.4846181941126116,3
474,1036,Experience 1036,Sports,0.9655169972756756,0.2298411882545339,0.2550485289661252,0.8478368672236546,17,Puzzle,Simulation,0.2357701769271366,0.749899701453882,14,0.0,0.0,0.05,0.9807216479610116,0,0.7527818869328582,129,0.26356589147286824,0.2607102512744084,0.49359004606989454,4
474,1078,Experience 1078,Simulation,0.9139745006021852,0.4875947260651535,0.1081242288365573,0.0386443098268846,51,Puzzle,Simulation,0.2357701769271366,0.749899701453882,14,0.0,1.0,0.6166666666666667,0.8723540519094207,0,0.8105454093495114,97,0.23711340206185566,0.23799852512723801,0.5723667777130994,5
475,1070,Experience 1070,Sports,0.9021629239090754,0.4240213755135868,0.7602726894428304,0.7757910864370905,50,Strategy,Creative,0.3783401785609569,0.4833585344027593,30,0.0,0.0,0.3333333333333333,0.6180674891181265,0,0.9580936944955807,111,0.2882882882882883,0.28126585831974693,0.4427447452083361,1
475,1106,Experience 1106,Sports,0.8146785788760947,0.3647619692710552,0.6750256601127794,0.7960604476258709,49,Strategy,Creative,0.3783401785609569,0.4833585344027593,30,0.0,0.0,0.3166666666666666,0.7033145184481775,1,0.7934314337875904,128,0.28125,0.275985320539776,0.4291458109711813,2
475,1008,Experience 1008,Adventure,0.8415828324170402,0.3364498304651394,0.599089106012921,0.2728043301458357,40,Strategy,Creative,0.3783401785609569,0.4833585344027593,30,0.0,0.0,0.1666666666666666,0.7792510725480359,0,0.9860866429735907,117,0.27350427350427353,0.2689476455466193,0.4297821920228267,3
475,1090,Experience 1090,Puzzle,0.5586098880458512,0.4251872277402517,0.5338484342208252,0.861814417816014,19,Strategy,Creative,0.3783401785609569,0.4833585344027593,30,0.0,0.0,0.1833333333333333,0.8444917443401317,0,0.9359981220194975,121,0.2727272727272727,0.26841012368714073,0.3855909410174058,4
475,1006,Experience 1006,Action,0.8770181756508404,0.5275353377269014,0.8047332447846338,0.7517807092307816,28,Strategy,Creative,0.3783401785609569,0.4833585344027593,30,0.0,0.0,0.0333333333333333,0.5736069337763231,0,0.8123573548559588,103,0.27184466019417475,0.26703924747875485,0.4468974968168703,5
476,1043,Experience 1043,Creative,0.8838983032607785,0.7641225701636372,0.5942808569171103,0.6062993981927156,47,Sports,Adventure,0.2189652416376848,0.5398141248946567,51,0.0,0.0,0.0666666666666666,0.6246843847205745,0,0.7916675736973747,110,0.35454545454545455,0.3372755956914373,0.47594706489525895,1
476,1111,Experience 1111,Sports,0.9428982678236224,0.8155250577848677,0.575778764164542,0.2547283501174674,25,Sports,Adventure,0.2189652416376848,0.5398141248946567,51,1.0,0.0,0.4333333333333333,0.6431864774731428,1,0.9192593020874951,139,0.3237410071942446,0.31349577006218143,0.8167618954524685,2
476,1060,Experience 1060,Strategy,0.8620933017122632,0.1051567799118504,0.3772606570904063,0.1400554046894906,58,Sports,Adventure,0.2189652416376848,0.5398141248946567,51,0.0,0.0,0.1166666666666666,0.8417045845472786,0,0.9244464893419533,102,0.27450980392156865,0.2692280937695643,0.4292891617096738,3
476,1108,Experience 1108,Puzzle,0.8425576923542274,0.4822507608830354,0.666849920378606,0.8027206052883656,21,Sports,Adventure,0.2189652416376848,0.5398141248946567,51,0.0,0.0,0.5,0.5521153212590788,0,0.8671615407342459,92,0.2717391304347826,0.2664806021418468,0.3907688116964902,4
476,1092,Experience 1092,Sports,0.8280410369904486,0.5343815491606264,0.7426691928850321,0.6904019545155015,39,Sports,Adventure,0.2189652416376848,0.5398141248946567,51,1.0,0.0,0.2,0.4762960487526527,0,0.7952398324076544,128,0.2421875,0.2422015367559922,0.7840793223792287,5
477,1058,Experience 1058,Social,0.5666390936836835,0.5294440043668863,0.4156619036213059,0.2647117106195373,52,Creative,Social,0.8049610836870897,0.5366849191103251,29,0.0,1.0,0.3833333333333333,0.6107008199342161,0,0.7251816848962885,100,0.32,0.30704856199905706,0.606769768634379,1
477,1119,Experience 1119,Action,0.8086136050725224,0.7572883677081093,0.5086964614589882,0.1619415702496311,9,Creative,Social,0.8049610836870897,0.5366849191103251,29,0.0,0.0,0.3333333333333333,0.7037353777718984,0,0.800662844796952,115,0.30434782608695654,0.29515427733249516,0.46591409519938076,2
477,1074,Experience 1074,Social,0.7411737446379107,0.1336446501121093,0.5667526591354218,0.2130749343990023,32,Creative,Social,0.8049610836870897,0.5366849191103251,29,0.0,1.0,0.05,0.7617915754483321,0,0.9847023520832241,149,0.2953020134228188,0.28902856473305827,0.6786868062907793,3
477,1070,Experience 1070,Sports,0.9021629239090754,0.4240213755135868,0.7602726894428304,0.7757910864370905,50,Creative,Social,0.8049610836870897,0.5366849191103251,29,0.0,0.0,0.35,0.9553116057557408,1,0.899311625005938,111,0.2882882882882883,0.28126585831974693,0.5365635087804759,4
477,1115,Experience 1115,Simulation,0.626658707429628,0.7075065986188209,0.5404405149990236,0.2246894745458737,42,Creative,Social,0.8049610836870897,0.5366849191103251,29,0.0,0.0,0.2166666666666666,0.7354794313119338,0,0.9624476870193079,112,0.2767857142857143,0.27155929878702156,0.4292428560169604,5
478,1000,Experience 1000,Action,0.9096695293967186,0.6516437731703687,0.6290364009047581,0.2407530712142694,49,Social,Strategy,0.5907944048617586,0.311760637442028,33,0.0,0.0,0.2666666666666666,0.9617580039570004,0,0.9157771312603228,124,0.3225806451612903,0.31142935722143644,0.4943904048480536,1
478,1106,Experience 1106,Sports,0.8146785788760947,0.3647619692710552,0.6750256601127794,0.7960604476258709,49,Social,Strategy,0.5907944048617586,0.311760637442028,33,0.0,0.0,0.2666666666666666,0.9157687447489792,0,0.8153366909556934,128,0.28125,0.275985320539776,0.4544942503463158,2
478,1021,Experience 1021,Creative,0.6317033375365485,0.227795161908673,0.5969784094803497,0.8897794665398687,40,Social,Strategy,0.5907944048617586,0.311760637442028,33,0.0,0.0,0.1166666666666666,0.9938159953814087,0,0.8382302026763542,117,0.23931623931623933,0.23975056525464852,0.4027845515565158,3
478,1055,Experience 1055,Action,0.9121309206982589,0.3826203354113438,0.2499073592941251,0.1919211614110854,38,Social,Strategy,0.5907944048617586,0.311760637442028,33,0.0,0.0,0.0833333333333333,0.6591129544323666,1,0.9323792850926871,114,0.23684210526315788,0.237655428655872,0.4245691717799417,4
478,1028,Experience 1028,Simulation,0.7474374024719366,0.7598079156453001,0.9057260947827066,0.4943145335346177,16,Social,Strategy,0.5907944048617586,0.311760637442028,33,0.0,0.0,0.2833333333333333,0.685068310079052,0,0.8403213972450643,122,0.22950819672131148,0.23130864394286513,0.40155190089039955,5
479,1058,Experience 1058,Social,0.5666390936836835,0.5294440043668863,0.4156619036213059,0.2647117106195373,52,Creative,Adventure,0.7139731625418649,0.3670347826563117,15,0.0,0.0,0.6166666666666667,0.701688741079441,0,0.7803946860212317,100,0.32,0.30704856199905706,0.36948256100624105,1
479,1067,Experience 1067,Creative,0.788764048918011,0.4580972487220676,0.5921026845821029,0.4299570499000478,43,Creative,Adventure,0.7139731625418649,0.3670347826563117,15,1.0,0.0,0.4666666666666667,0.878129522040238,0,0.8286152752786032,119,0.31092436974789917,0.30104911827256725,0.7652602745026056,2
479,1013,Experience 1013,Sports,0.8486275995976889,0.743877614526904,0.1274827038621261,0.2359972626205526,20,Creative,Adventure,0.7139731625418649,0.3670347826563117,15,0.0,0.0,0.0833333333333333,0.4135095413202612,1,0.8312449446322341,116,0.3017241379310345,0.29298402529328565,0.3955473411499678,3
479,1106,Experience 1106,Sports,0.8146785788760947,0.3647619692710552,0.6750256601127794,0.7960604476258709,49,Creative,Adventure,0.7139731625418649,0.3670347826563117,15,0.0,0.0,0.5666666666666667,0.9610524975709144,0,0.8397305959261799,128,0.28125,0.275985320539776,0.4233206754468787,4
479,1008,Experience 1008,Adventure,0.8415828324170402,0.3364498304651394,0.599089106012921,0.2728043301458357,40,Creative,Adventure,0.7139731625418649,0.3670347826563117,15,0.0,1.0,0.4166666666666667,0.885115943471056,0,0.9030037364297882,117,0.27350427350427353,0.2689476455466193,0.5681721570891105,5
480,1061,Experience 1061,Social,0.9515114053456256,0.4883887845440612,0.3838014404080356,0.6777086144544695,56,Puzzle,Sports,0.7462064150590864,0.7636105711674015,15,0.0,0.0,0.6833333333333333,0.6375950253489493,0,0.9582327690618191,113,0.3274336283185841,0.3146302815029086,0.484065491780618,1
480,1058,Experience 1058,Social,0.5666390936836835,0.5294440043668863,0.4156619036213059,0.2647117106195373,52,Puzzle,Sports,0.7462064150590864,0.7636105711674015,15,0.0,0.0,0.6166666666666667,0.6694554885622195,0,0.8235484996462814,100,0.32,0.30704856199905706,0.4077435081969062,2
480,1074,Experience 1074,Social,0.7411737446379107,0.1336446501121093,0.5667526591354218,0.2130749343990023,32,Puzzle,Sports,0.7462064150590864,0.7636105711674015,15,0.0,0.0,0.2833333333333333,0.8205462440763355,0,0.7492999729787481,149,0.2953020134228188,0.28902856473305827,0.48517629465168854,3
480,1115,Experience 1115,Simulation,0.626658707429628,0.7075065986188209,0.5404405149990236,0.2246894745458737,42,Puzzle,Sports,0.7462064150590864,0.7636105711674015,15,0.0,0.0,0.45,0.7942340999399372,0,0.7948179922849274,112,0.2767857142857143,0.27155929878702156,0.40036347967713193,4
480,1033,Experience 1033,Simulation,0.8859147305780027,0.259942782541492,0.2648265360525452,0.1086571032622624,31,Puzzle,Sports,0.7462064150590864,0.7636105711674015,15,0.0,0.0,0.2666666666666666,0.5186201209934589,1,0.9422178422839201,120,0.275,0.27032733885633464,0.3917727033122885,5
481,1061,Experience 1061,Social,0.9515114053456256,0.4883887845440612,0.3838014404080356,0.6777086144544695,56,Social,Simulation,0.1774164132414055,0.2873381124113574,54,1.0,0.0,0.0333333333333333,0.7936149728333699,1,0.7083858028398308,113,0.3274336283185841,0.3146302815029086,0.855449848765871,1
481,1074,Experience 1074,Social,0.7411737446379107,0.1336446501121093,0.5667526591354218,0.2130749343990023,32,Social,Simulation,0.1774164132414055,0.2873381124113574,54,1.0,0.0,0.3666666666666666,0.6106637541059836,1,0.9947467410427223,149,0.2953020134228188,0.28902856473305827,0.7712208939948668,2
481,1069,Experience 1069,Puzzle,0.8068156107352968,0.6551858372056814,0.8842124935251735,0.2530347499296835,35,Social,Simulation,0.1774164132414055,0.2873381124113574,54,0.0,0.0,0.3166666666666666,0.2932039197162319,1,0.7132434378152822,121,0.2892561983471074,0.2825945208502613,0.36938892536259305,3
481,1064,Experience 1064,Puzzle,0.6204758892789963,0.4435351922580418,0.6632419642315316,0.276207363456566,49,Social,Simulation,0.1774164132414055,0.2873381124113574,54,0.0,0.0,0.0833333333333333,0.5141744490098739,0,0.8869843665227285,94,0.2765957446808511,0.27057743368321796,0.36354977337845235,4
481,1011,Experience 1011,Strategy,0.8438936347604792,0.3089791482471649,0.5527453913687409,0.302964628837302,52,Social,Simulation,0.1774164132414055,0.2873381124113574,54,0.0,0.0,0.0333333333333333,0.6246710218726645,0,0.810964784929865,123,0.2682926829268293,0.26465613594326465,0.39768987944349,5
482,1111,Experience 1111,Sports,0.9428982678236224,0.8155250577848677,0.575778764164542,0.2547283501174674,25,Strategy,Adventure,0.6951362129267301,0.2266282351576814,21,0.0,0.0,0.0666666666666666,0.8806425512378119,1,0.8885783765880968,139,0.3237410071942446,0.31349577006218143,0.5109855238704916,1
482,1070,Experience 1070,Sports,0.9021629239090754,0.4240213755135868,0.7602726894428304,0.7757910864370905,50,Strategy,Adventure,0.6951362129267301,0.2266282351576814,21,0.0,0.0,0.4833333333333333,0.9348635234838996,0,0.8929613147785684,111,0.2882882882882883,0.28126585831974693,0.4428467679859897,2
482,1096,Experience 1096,Adventure,0.7903170826018652,0.4751627362769494,0.5362341337297925,0.9233469677258124,13,Strategy,Adventure,0.6951362129267301,0.2266282351576814,21,0.0,1.0,0.1333333333333333,0.8410979208030623,0,0.8421745934255388,123,0.25203252032520324,0.25067012195725064,0.5579877165801613,3
482,1007,Experience 1007,Social,0.6113602755027672,0.3693255620200327,0.760432490906593,0.3138467721116466,56,Strategy,Adventure,0.6951362129267301,0.2266282351576814,21,0.0,0.0,0.5833333333333334,0.9347037220201372,0,0.9220177872278934,112,0.24107142857142858,0.24125626848399126,0.40991203977500923,4
482,1027,Experience 1027,Sports,0.8258355726034926,0.7779980359761599,0.5071112833110228,0.4772006332829246,49,Strategy,Adventure,0.6951362129267301,0.2266282351576814,21,0.0,0.0,0.4666666666666667,0.8119750703842927,1,0.8009411169849682,111,0.23423423423423423,0.23546433160218966,0.42417492743512525,5
483,1059,Experience 1059,Social,0.7489549716721217,0.4911530499138364,0.6826986067555766,0.9132851837019758,49,Action,Strategy,0.1964328785365471,0.1271837217109701,11,0.0,0.0,0.6333333333333333,0.5137342717809705,0,0.8627800816250081,105,0.34285714285714286,0.32676661951909475,0.39010906900579145,1
483,1025,Experience 1025,Social,0.838744739121835,0.7279884901895025,0.5876677647056102,0.0811540004238993,14,Action,Strategy,0.1964328785365471,0.1271837217109701,11,0.0,0.0,0.05,0.6087651138309369,0,0.7015292212772302,120,0.31666666666666665,0.30604162457062034,0.5062057552341528,2
483,1067,Experience 1067,Creative,0.788764048918011,0.4580972487220676,0.5921026845821029,0.4299570499000478,43,Action,Strategy,0.1964328785365471,0.1271837217109701,11,0.0,0.0,0.5333333333333333,0.6043301939544442,0,0.8107476184920902,119,0.31092436974789917,0.30104911827256725,0.3587752513208624,3
483,1102,Experience 1102,Sports,0.9402838286695968,0.4125021221616953,0.1907643304361418,0.200562471321554,40,Action,Strategy,0.1964328785365471,0.1271837217109701,11,0.0,0.0,0.4833333333333333,0.9943314518995948,0,0.7446785522744755,117,0.3076923076923077,0.29814472583859014,0.46974626415008347,4
483,1005,Experience 1005,Sports,0.725440926488475,0.5102685875213342,0.2459903544501388,0.2409271164143122,19,Action,Strategy,0.1964328785365471,0.1271837217109701,11,0.0,0.0,0.1333333333333333,0.9504425240864084,1,0.7580599200173601,114,0.2543859649122807,0.25258080179020037,0.44920920433390193,5
484,1100,Experience 1100,Sports,0.8539423752816214,0.5771516782683807,0.6603015579098336,0.097787997445443,39,Action,Simulation,0.5139116697773874,0.4900856568616737,10,0.0,0.0,0.4833333333333333,0.8536101118675539,0,0.8904821866824572,107,0.3177570093457944,0.3058726570069831,0.4575001816375596,1
484,1023,Experience 1023,Strategy,0.934275144868182,0.4241492862896971,0.2179097364670654,0.7914514878076223,48,Action,Simulation,0.5139116697773874,0.4900856568616737,10,0.0,0.0,0.6333333333333333,0.703998066689678,0,0.9493184744093545,110,0.2818181818181818,0.2757371341529757,0.36209646871143886,2
484,1008,Experience 1008,Adventure,0.8415828324170402,0.3364498304651394,0.599089106012921,0.2728043301458357,40,Action,Simulation,0.5139116697773874,0.4900856568616737,10,0.0,0.0,0.5,0.9148225637644664,0,0.9402769076431834,117,0.27350427350427353,0.2689476455466193,0.40744205193349525,3
484,1090,Experience 1090,Puzzle,0.5586098880458512,0.4251872277402517,0.5338484342208252,0.861814417816014,19,Action,Simulation,0.5139116697773874,0.4900856568616737,10,0.0,0.0,0.15,0.9800632355565624,0,0.8250540473436249,121,0.2727272727272727,0.26841012368714073,0.40057215020717696,4
484,1073,Experience 1073,Adventure,0.687693407311507,0.5642695337399875,0.7523432280065728,0.8351257910807337,50,Action,Simulation,0.5139116697773874,0.4900856568616737,10,0.0,0.0,0.6666666666666666,0.7615684417708146,0,0.927005252252317,132,0.26515151515151514,0.26214360157820293,0.34670903395537006,5
485,1043,Experience 1043,Creative,0.8838983032607785,0.7641225701636372,0.5942808569171103,0.6062993981927156,47,Adventure,Creative,0.7199161691302598,0.369265922889859,41,0.0,1.0,0.1,0.8743646877868505,1,0.8155243857511937,110,0.35454545454545455,0.3372755956914373,0.6722994941888606,1
485,1059,Experience 1059,Social,0.7489549716721217,0.4911530499138364,0.6826986067555766,0.9132851837019758,49,Adventure,Creative,0.7199161691302598,0.369265922889859,41,0.0,0.0,0.1333333333333333,0.9627824376253168,0,0.7344314825776668,105,0.34285714285714286,0.32676661951909475,0.5330138146798128,2
485,1053,Experience 1053,Puzzle,0.7426572934279929,0.7514869168546299,0.2904976508730454,0.8341208920021081,34,Adventure,Creative,0.7199161691302598,0.369265922889859,41,0.0,0.0,0.1166666666666666,0.5705814817427857,0,0.9968105448608402,102,0.3431372549019608,0.3266051429498922,0.40762436960859216,3
485,1067,Experience 1067,Creative,0.788764048918011,0.4580972487220676,0.5921026845821029,0.4299570499000478,43,Adventure,Creative,0.7199161691302598,0.369265922889859,41,0.0,1.0,0.0333333333333333,0.8721865154518431,1,0.7052838322799119,119,0.31092436974789917,0.30104911827256725,0.6361518991343694,4
485,1107,Experience 1107,Social,0.7428970964662264,0.8045676070342606,0.8160785123357384,0.9076048913904824,23,Adventure,Creative,0.7199161691302598,0.369265922889859,41,0.0,0.0,0.3,0.9038376567945214,0,0.7541436290208376,139,0.30935251798561153,0.3009171537099802,0.5275978576723731,5
486,1084,Experience 1084,Social,0.6722561348379004,0.2863456816441453,0.5362524927433157,0.7470758006298863,26,Strategy,Social,0.185831515390545,0.5363866448350656,11,0.0,1.0,0.25,0.6495790226472294,0,0.9968296415953799,111,0.35135135135135137,0.3347009728235637,0.6184583626582911,1
486,1111,Experience 1111,Sports,0.9428982678236224,0.8155250577848677,0.575778764164542,0.2547283501174674,25,Strategy,Social,0.185831515390545,0.5363866448350656,11,0.0,0.0,0.2333333333333333,0.6100527512260031,0,0.9568051617819818,139,0.3237410071942446,0.31349577006218143,0.5110218086649115,2
486,1037,Experience 1037,Sports,0.7994490651436071,0.7023148063737304,0.3263399911584964,0.9948242136208678,35,Strategy,Social,0.185831515390545,0.5363866448350656,11,0.0,0.0,0.4,0.8594915242320487,0,0.959987594921601,120,0.30833333333333335,0.29889876742776317,0.47617005628421,3
486,1106,Experience 1106,Sports,0.8146785788760947,0.3647619692710552,0.6750256601127794,0.7960604476258709,49,Strategy,Social,0.185831515390545,0.5363866448350656,11,0.0,0.0,0.6333333333333333,0.5108058552777657,1,0.8865781462972837,128,0.28125,0.275985320539776,0.38862359198659474,4
486,1006,Experience 1006,Action,0.8770181756508404,0.5275353377269014,0.8047332447846338,0.7517807092307816,28,Strategy,Social,0.185831515390545,0.5363866448350656,11,0.0,0.0,0.2833333333333333,0.3810982706059113,0,0.8839904897797267,103,0.27184466019417475,0.26703924747875485,0.41268728639251256,5
487,1115,Experience 1115,Simulation,0.626658707429628,0.7075065986188209,0.5404405149990236,0.2246894745458737,42,Simulation,Creative,0.8467334770502849,0.0974679851607284,49,1.0,0.0,0.1166666666666666,0.6937070379487387,0,0.8812306092403839,112,0.2767857142857143,0.27155929878702156,0.7412396930918513,1
487,1068,Experience 1068,Action,0.698456042052288,0.2594560290757449,0.3550613668330224,0.4325155932423661,21,Simulation,Creative,0.8467334770502849,0.0974679851607284,49,0.0,0.0,0.4666666666666667,0.5083278897827375,1,0.9901768444485386,111,0.24324324324324326,0.2430979193884492,0.29295861645755084,2
487,1076,Experience 1076,Creative,0.7805257487778566,0.3562342599893083,0.7812983230640933,0.571167362055741,8,Simulation,Creative,0.8467334770502849,0.0974679851607284,49,0.0,1.0,0.6833333333333333,0.9345648460138084,0,0.9431411180016271,124,0.23387096774193547,0.23504046833254755,0.5441101181598699,3
487,1066,Experience 1066,Strategy,0.5933044321129625,0.8148765601157231,0.9082281614290438,0.2645976053461583,23,Simulation,Creative,0.8467334770502849,0.0974679851607284,49,0.0,0.0,0.4333333333333333,0.9385053156212412,0,0.9643129247163187,125,0.208,0.21272984441301274,0.37745112410365367,4
487,1030,Experience 1030,Puzzle,0.5255875329645523,0.2576702884243441,0.6969604774228595,0.5681673512913645,13,Simulation,Creative,0.8467334770502849,0.0974679851607284,49,0.0,0.0,0.6,0.8502270003725746,0,0.8755794031327256,122,0.20491803278688525,0.21018188337948485,0.3095687866453859,5
488,1061,Experience 1061,Social,0.9515114053456256,0.4883887845440612,0.3838014404080356,0.6777086144544695,56,Strategy,Social,0.3525432171314492,0.2462993871280002,43,0.0,1.0,0.2166666666666666,0.9687417767234136,1,0.9462478230742646,113,0.3274336283185841,0.3146302815029086,0.7448437609452462,1
488,1088,Experience 1088,Sports,0.931739259022481,0.4207879774878386,0.5549692853271866,0.4100487869149942,11,Strategy,Social,0.3525432171314492,0.2462993871280002,43,0.0,0.0,0.5333333333333333,0.7975739318042626,0,0.9630192690419123,113,0.3008849557522124,0.292073890525465,0.47381467581535236,2
488,1044,Experience 1044,Action,0.8578996664042653,0.7405382156713768,0.540545681694017,0.9388053542070384,40,Strategy,Social,0.3525432171314492,0.2462993871280002,43,0.0,0.0,0.05,0.8119975354374322,0,0.9064747967754547,112,0.2857142857142857,0.27913505636277913,0.5135130960720868,3
488,1039,Experience 1039,Social,0.8194814495513689,0.2752805682140255,0.2419454802582048,0.889899007072331,47,Strategy,Social,0.3525432171314492,0.2462993871280002,43,0.0,1.0,0.0666666666666666,0.8894022631267556,0,0.8520748336312242,110,0.2636363636363636,0.2603525187683603,0.6984225597471652,4
488,1004,Experience 1004,Puzzle,0.809305382335664,0.5027055170834634,0.7716046143560276,0.3920600224154432,16,Strategy,Social,0.3525432171314492,0.2462993871280002,43,0.0,0.0,0.45,0.5809386027754216,1,0.7630029836176977,123,0.21951219512195122,0.2226980939852227,0.4186351301748609,5
489,1059,Experience 1059,Social,0.7489549716721217,0.4911530499138364,0.6826986067555766,0.9132851837019758,49,Strategy,Sports,0.1645464372063274,0.3686899632983552,21,0.0,0.0,0.4666666666666667,0.4818478304507508,0,0.9669493149802537,105,0.34285714285714286,0.32676661951909475,0.42784245196478776,1
489,1009,Experience 1009,Action,0.7987178764315418,0.3460501829476273,0.2238314684756084,0.130890330850495,53,Strategy,Sports,0.1645464372063274,0.3686899632983552,21,0.0,0.0,0.5333333333333333,0.940714968730719,0,0.731433724460672,104,0.28846153846153844,0.28101473741844224,0.4273352622327589,2
489,1106,Experience 1106,Sports,0.8146785788760947,0.3647619692710552,0.6750256601127794,0.7960604476258709,49,Strategy,Sports,0.1645464372063274,0.3686899632983552,21,0.0,1.0,0.4666666666666667,0.489520777093548,0,0.9106079236178395,128,0.28125,0.275985320539776,0.5595883105961192,3
489,1050,Experience 1050,Sports,0.6444432625143321,0.2032573812502654,0.7840857883345029,0.0579453445381299,24,Strategy,Sports,0.1645464372063274,0.3686899632983552,21,0.0,1.0,0.05,0.3804606488718245,0,0.7489453302080041,107,0.27102803738317754,0.2665025782668255,0.536210500666905,4
489,1042,Experience 1042,Social,0.3938579788705362,0.1390150525777733,0.8546241607610466,0.268085104820551,16,Strategy,Sports,0.1645464372063274,0.3686899632983552,21,0.0,0.0,0.0833333333333333,0.3099222764452808,0,0.9192254388857841,124,0.24193548387096775,0.241984912776992,0.3337482205028251,5
490,1111,Experience 1111,Sports,0.9428982678236224,0.8155250577848677,0.575778764164542,0.2547283501174674,25,Action,Adventure,0.8473048402355811,0.3630664982438715,52,0.0,0.0,0.45,0.7284739239289609,0,0.9807015524685759,139,0.3237410071942446,0.31349577006218143,0.49052992274921225,1
490,1102,Experience 1102,Sports,0.9402838286695968,0.4125021221616953,0.1907643304361418,0.200562471321554,40,Action,Adventure,0.8473048402355811,0.3630664982438715,52,0.0,0.0,0.2,0.3434594902005607,0,0.9518876357487024,117,0.3076923076923077,0.29814472583859014,0.407181153094463,2
490,1115,Experience 1115,Simulation,0.626658707429628,0.7075065986188209,0.5404405149990236,0.2246894745458737,42,Action,Adventure,0.8473048402355811,0.3630664982438715,52,0.0,0.0,0.1666666666666666,0.6931356747634425,0,0.8130010630008346,112,0.2767857142857143,0.27155929878702156,0.3984080981196562,3
490,1098,Experience 1098,Social,0.534058177188557,0.4459803600128759,0.2707495249900757,0.7298152463028666,35,Action,Adventure,0.8473048402355811,0.3630664982438715,52,0.0,0.0,0.2833333333333333,0.4234446847544947,0,0.8872242370998852,130,0.26153846153846155,0.25897218293257895,0.359326913464568,4
490,1042,Experience 1042,Social,0.3938579788705362,0.1390150525777733,0.8546241607610466,0.268085104820551,16,Action,Adventure,0.8473048402355811,0.3630664982438715,52,0.0,0.0,0.6,0.9926806794745344,0,0.8787561075133878,124,0.24193548387096775,0.241984912776992,0.3890965007666455,5
491,1037,Experience 1037,Sports,0.7994490651436071,0.7023148063737304,0.3263399911584964,0.9948242136208678,35,Sports,Adventure,0.823267750140233,0.4509281857125584,11,1.0,0.0,0.4,0.5030722410182634,0,0.8439526205112907,120,0.30833333333333335,0.29889876742776317,0.7354457929411583,1
491,1110,Experience 1110,Creative,0.8487034770737338,0.6513439158584452,0.7080979103356375,0.2741343936886083,18,Sports,Adventure,0.823267750140233,0.4509281857125584,11,0.0,0.0,0.1166666666666666,0.8848301601954045,1,0.9264379036412678,109,0.28440366972477066,0.2778746313169523,0.46574669688719117,2
491,1006,Experience 1006,Action,0.8770181756508404,0.5275353377269014,0.8047332447846338,0.7517807092307816,28,Sports,Adventure,0.823267750140233,0.4509281857125584,11,0.0,0.0,0.2833333333333333,0.9814654946444008,0,0.7712393295448597,103,0.27184466019417475,0.26703924747875485,0.4640210928336326,3
491,1050,Experience 1050,Sports,0.6444432625143321,0.2032573812502654,0.7840857883345029,0.0579453445381299,24,Sports,Adventure,0.823267750140233,0.4509281857125584,11,1.0,0.0,0.2166666666666666,0.96081803819427,0,0.7598994818837741,107,0.27102803738317754,0.2665025782668255,0.7713340559678658,4
491,1001,Experience 1001,Sports,0.6452560499996463,0.8044840559110404,0.5776422262968883,0.3608105614175153,41,Sports,Adventure,0.823267750140233,0.4509281857125584,11,1.0,0.0,0.5,0.7543744761566553,0,0.7249026370816005,110,0.2545454545454545,0.25266021107605263,0.7509341602343395,5
492,1000,Experience 1000,Action,0.9096695293967186,0.6516437731703687,0.6290364009047581,0.2407530712142694,49,Adventure,Creative,0.5337199971074752,0.3383233815272276,51,0.0,0.0,0.0333333333333333,0.9046835962027172,0,0.8943840666902898,124,0.3225806451612903,0.31142935722143644,0.5311599465383892,1
492,1106,Experience 1106,Sports,0.8146785788760947,0.3647619692710552,0.6750256601127794,0.7960604476258709,49,Adventure,Creative,0.5337199971074752,0.3383233815272276,51,0.0,0.0,0.0333333333333333,0.8586943369946958,0,0.8646580214604432,128,0.28125,0.275985320539776,0.4911791053806027,2
492,1064,Experience 1064,Puzzle,0.6204758892789963,0.4435351922580418,0.6632419642315316,0.276207363456566,49,Adventure,Creative,0.5337199971074752,0.3383233815272276,51,0.0,0.0,0.0333333333333333,0.8704780328759436,0,0.7135602458456966,94,0.2765957446808511,0.27057743368321796,0.44416640092678783,3
492,1060,Experience 1060,Strategy,0.8620933017122632,0.1051567799118504,0.3772606570904063,0.1400554046894906,58,Adventure,Creative,0.5337199971074752,0.3383233815272276,51,0.0,0.0,0.1166666666666666,0.8435406599829312,0,0.8700999287363735,102,0.27450980392156865,0.2692280937695643,0.4276086932981295,4
492,1055,Experience 1055,Action,0.9121309206982589,0.3826203354113438,0.2499073592941251,0.1919211614110854,38,Adventure,Creative,0.5337199971074752,0.3383233815272276,51,0.0,0.0,0.2166666666666666,0.7161873621866499,0,0.7091321556668975,114,0.23684210526315788,0.237655428655872,0.44252354610875005,5
493,1084,Experience 1084,Social,0.6722561348379004,0.2863456816441453,0.5362524927433157,0.7470758006298863,26,Adventure,Action,0.7830672878358792,0.6500660942233167,25,0.0,0.0,0.0166666666666666,0.7531852049074365,1,0.9962643530855705,111,0.35135135135135137,0.3347009728235637,0.45581072989701193,1
493,1115,Experience 1115,Simulation,0.626658707429628,0.7075065986188209,0.5404405149990236,0.2246894745458737,42,Adventure,Action,0.7830672878358792,0.6500660942233167,25,0.0,0.0,0.2833333333333333,0.7573732271631444,0,0.751274898124616,112,0.2767857142857143,0.27155929878702156,0.3809515598772392,2
493,1039,Experience 1039,Social,0.8194814495513689,0.2752805682140255,0.2419454802582048,0.889899007072331,47,Adventure,Action,0.7830672878358792,0.6500660942233167,25,0.0,0.0,0.3666666666666666,0.4588781924223256,0,0.7730689989645909,110,0.2636363636363636,0.2603525187683603,0.3963007438246901,3
493,1096,Experience 1096,Adventure,0.7903170826018652,0.4751627362769494,0.5362341337297925,0.9233469677258124,13,Adventure,Action,0.7830672878358792,0.6500660942233167,25,1.0,0.0,0.2,0.7531668458939133,0,0.9300044246528845,123,0.25203252032520324,0.25067012195725064,0.7606426526303981,4
493,1082,Experience 1082,Adventure,0.940069744877272,0.6645999956719907,0.1368397110942475,0.0890420050750532,28,Adventure,Action,0.7830672878358792,0.6500660942233167,25,1.0,0.0,0.05,0.3537724232583683,0,0.7555292233942642,138,0.2391304347826087,0.23953055341700535,0.7569015130024984,5
494,1043,Experience 1043,Creative,0.8838983032607785,0.7641225701636372,0.5942808569171103,0.6062993981927156,47,Simulation,Puzzle,0.7369427175466761,0.3096503294029941,13,0.0,0.0,0.5666666666666667,0.8573381393704342,1,0.9514057291375367,110,0.35454545454545455,0.3372755956914373,0.4259832417283538,1
494,1013,Experience 1013,Sports,0.8486275995976889,0.743877614526904,0.1274827038621261,0.2359972626205526,20,Simulation,Puzzle,0.7369427175466761,0.3096503294029941,13,0.0,0.0,0.1166666666666666,0.39053998631545,1,0.7782783968886089,116,0.3017241379310345,0.29298402529328565,0.38220933513032673,2
494,1074,Experience 1074,Social,0.7411737446379107,0.1336446501121093,0.5667526591354218,0.2130749343990023,32,Simulation,Puzzle,0.7369427175466761,0.3096503294029941,13,0.0,0.0,0.3166666666666666,0.8298099415887458,0,0.7117921794266532,149,0.2953020134228188,0.28902856473305827,0.43129333312858786,3
494,1064,Experience 1064,Puzzle,0.6204758892789963,0.4435351922580418,0.6632419642315316,0.276207363456566,49,Simulation,Puzzle,0.7369427175466761,0.3096503294029941,13,0.0,1.0,0.6,0.9262992466848556,1,0.812482628715394,94,0.2765957446808511,0.27057743368321796,0.5292567141435299,4
494,1073,Experience 1073,Adventure,0.687693407311507,0.5642695337399875,0.7523432280065728,0.8351257910807337,50,Simulation,Puzzle,0.7369427175466761,0.3096503294029941,13,0.0,0.0,0.6166666666666667,0.9845994895401032,0,0.8872277871442305,132,0.26515151515151514,0.26214360157820293,0.36950148710927316,5
495,1014,Experience 1014,Social,0.7084360738896248,0.6919622480914536,0.5066406143622445,0.7631554898199004,35,Sports,Strategy,0.5860324042529927,0.8055761139974071,11,0.0,0.0,0.4,0.9206082101092518,1,0.8798065369939264,117,0.29914529914529914,0.29084545576559745,0.4919481136519139,1
495,1106,Experience 1106,Sports,0.8146785788760947,0.3647619692710552,0.6750256601127794,0.7960604476258709,49,Sports,Strategy,0.5860324042529927,0.8055761139974071,11,1.0,0.0,0.6333333333333333,0.9110067441402132,1,0.9332596028238791,128,0.28125,0.275985320539776,0.7849660740896812,2
495,1060,Experience 1060,Strategy,0.8620933017122632,0.1051567799118504,0.3772606570904063,0.1400554046894906,58,Sports,Strategy,0.5860324042529927,0.8055761139974071,11,0.0,1.0,0.7833333333333333,0.7912282528374135,1,0.816872625374478,102,0.27450980392156865,0.2692280937695643,0.5102252956000178,3
495,1039,Experience 1039,Social,0.8194814495513689,0.2752805682140255,0.2419454802582048,0.889899007072331,47,Sports,Strategy,0.5860324042529927,0.8055761139974071,11,0.0,0.0,0.6,0.6559130760052121,0,0.8050107049236843,110,0.2636363636363636,0.2603525187683603,0.412231857291153,4
495,1031,Experience 1031,Adventure,0.6267069522672452,0.6020379288394027,0.9395582128996094,0.5521627033044271,46,Sports,Strategy,0.5860324042529927,0.8055761139974071,11,0.0,0.0,0.5833333333333334,0.6464741913533834,0,0.9509779452867363,113,0.23008849557522124,0.2319235145856154,0.3404506887249949,5
496,1014,Experience 1014,Social,0.7084360738896248,0.6919622480914536,0.5066406143622445,0.7631554898199004,35,Adventure,Puzzle,0.2945843509246174,0.7282754046209104,37,0.0,0.0,0.0333333333333333,0.7879437365623729,1,0.7296591957409223,117,0.29914529914529914,0.29084545576559745,0.5362500516066449,1
496,1060,Experience 1060,Strategy,0.8620933017122632,0.1051567799118504,0.3772606570904063,0.1400554046894906,58,Adventure,Puzzle,0.2945843509246174,0.7282754046209104,37,0.0,0.0,0.35,0.9173236938342112,0,0.7018955182874644,102,0.27450980392156865,0.2692280937695643,0.4355837958014095,2
496,1011,Experience 1011,Strategy,0.8438936347604792,0.3089791482471649,0.5527453913687409,0.302964628837302,52,Adventure,Puzzle,0.2945843509246174,0.7282754046209104,37,0.0,0.0,0.25,0.7418389595558765,0,0.8876644042234804,123,0.2682926829268293,0.26465613594326465,0.4300685019266305,3
496,1078,Experience 1078,Simulation,0.9139745006021852,0.4875947260651535,0.1081242288365573,0.0386443098268846,51,Adventure,Puzzle,0.2945843509246174,0.7282754046209104,37,0.0,0.0,0.2333333333333333,0.8135398779119399,0,0.8288919859882097,97,0.23711340206185566,0.23799852512723801,0.4728571131399517,4
496,1105,Experience 1105,Sports,0.6106599794863272,0.6391373818905719,0.6213931070244737,0.2894297075080649,54,Adventure,Puzzle,0.2945843509246174,0.7282754046209104,37,0.0,0.0,0.2833333333333333,0.6731912439001437,0,0.7173233909401993,130,0.23076923076923078,0.2323055162659123,0.4258932911489285,5
497,1053,Experience 1053,Puzzle,0.7426572934279929,0.7514869168546299,0.2904976508730454,0.8341208920021081,34,Puzzle,Strategy,0.7011484523243056,0.6870387441114585,41,1.0,0.0,0.1166666666666666,0.5893491985487399,1,0.9525300813691735,102,0.3431372549019608,0.3266051429498922,0.7716229087128104,1
497,1102,Experience 1102,Sports,0.9402838286695968,0.4125021221616953,0.1907643304361418,0.200562471321554,40,Puzzle,Strategy,0.7011484523243056,0.6870387441114585,41,0.0,0.0,0.0166666666666666,0.4896158781118362,1,0.9662230881183711,117,0.3076923076923077,0.29814472583859014,0.44167915959424,2
497,1046,Experience 1046,Puzzle,0.9358581895296346,0.2937905951089806,0.3646871905132503,0.5570017818814502,30,Puzzle,Strategy,0.7011484523243056,0.6870387441114585,41,1.0,0.0,0.1833333333333333,0.6635387381889448,0,0.9959587215969472,124,0.2661290322580645,0.26281824611032534,0.7891068366068973,3
497,1039,Experience 1039,Social,0.8194814495513689,0.2752805682140255,0.2419454802582048,0.889899007072331,47,Puzzle,Strategy,0.7011484523243056,0.6870387441114585,41,0.0,0.0,0.1,0.5407970279338993,0,0.8806536034373702,110,0.2636363636363636,0.2603525187683603,0.4451543342786939,4
497,1007,Experience 1007,Social,0.6113602755027672,0.3693255620200327,0.760432490906593,0.3138467721116466,56,Puzzle,Strategy,0.7011484523243056,0.6870387441114585,41,0.0,0.0,0.25,0.9407159614177124,0,0.8363696742779703,112,0.24107142857142858,0.24125626848399126,0.4821293347302038,5
498,1111,Experience 1111,Sports,0.9428982678236224,0.8155250577848677,0.575778764164542,0.2547283501174674,25,Creative,Simulation,0.8971740619761414,0.0759657537083849,25,0.0,0.0,0.0,0.6786047021884006,0,0.8328509866798003,139,0.3237410071942446,0.31349577006218143,0.4771232352357165,1
498,1000,Experience 1000,Action,0.9096695293967186,0.6516437731703687,0.6290364009047581,0.2407530712142694,49,Creative,Simulation,0.8971740619761414,0.0759657537083849,25,0.0,0.0,0.4,0.7318623389286167,0,0.8746103811955525,124,0.3225806451612903,0.31142935722143644,0.41251651784514887,2
498,1067,Experience 1067,Creative,0.788764048918011,0.4580972487220676,0.5921026845821029,0.4299570499000478,43,Creative,Simulation,0.8971740619761414,0.0759657537083849,25,1.0,0.0,0.3,0.6949286226059616,0,0.8339887022307445,119,0.31092436974789917,0.30104911827256725,0.7392531650690509,3
498,1024,Experience 1024,Sports,0.7120515552427965,0.5535760301547662,0.4935230317114728,0.4609313910731102,39,Creative,Simulation,0.8971740619761414,0.0759657537083849,25,0.0,0.0,0.2333333333333333,0.5963489697353315,0,0.8887707537570044,138,0.2608695652173913,0.25851789518915724,0.3601467609956197,4
498,1068,Experience 1068,Action,0.698456042052288,0.2594560290757449,0.3550613668330224,0.4325155932423661,21,Creative,Simulation,0.8971740619761414,0.0759657537083849,25,0.0,0.0,0.0666666666666666,0.457887304856881,0,0.9237971455506809,111,0.24324324324324326,0.2430979193884492,0.3067204635175475,5
499,1108,Experience 1108,Puzzle,0.8425576923542274,0.4822507608830354,0.666849920378606,0.8027206052883656,21,Puzzle,Sports,0.5685673144538653,0.4582701387559618,21,1.0,0.0,0.0,0.9017173940752592,0,0.7007824313058926,92,0.2717391304347826,0.2664806021418468,0.8339192397703147,1
499,1073,Experience 1073,Adventure,0.687693407311507,0.5642695337399875,0.7523432280065728,0.8351257910807337,50,Puzzle,Sports,0.5685673144538653,0.4582701387559618,21,0.0,0.0,0.4833333333333333,0.8162240864472925,0,0.8189892252892229,132,0.26515151515151514,0.26214360157820293,0.39530980257631165,2
499,1083,Experience 1083,Sports,0.5638116113845065,0.5523903507798276,0.3674940432740611,0.3952346537588943,26,Puzzle,Sports,0.5685673144538653,0.4582701387559618,21,0.0,1.0,0.0833333333333333,0.7989267288201958,1,0.8316988301883546,122,0.22950819672131148,0.23130864394286513,0.5908141655830011,3
499,1075,Experience 1075,Puzzle,0.7701763699744956,0.5714931074517187,0.7080993700732455,0.0043057756676786,58,Puzzle,Sports,0.5685673144538653,0.4582701387559618,21,1.0,0.0,0.6166666666666667,0.8604679443806198,1,0.8861820599943587,114,0.22807017543859648,0.23019274208870782,0.7940617454184455,4
499,1034,Experience 1034,Strategy,0.5016628944231066,0.7184788322001798,0.7569144817322334,0.2251776661055454,11,Puzzle,Sports,0.5685673144538653,0.4582701387559618,21,0.0,0.0,0.1666666666666666,0.8116528327216319,0,0.9646290023768263,132,0.2196969696969697,0.22266991736767663,0.3839798467706092,5
