user_id,experience_id,experience_name,category,quality_score,popularity_score,novelty_score,difficulty,avg_session_minutes,preferred_category,secondary_category,novelty_preference,social_preference,preferred_session_minutes,primary_category_match,secondary_category_match,session_length_gap,novelty_alignment,meaningful_engagement,personalized_score,rank
0,1046,Experience 1046,Puzzle,0.9358581895296346,0.2937905951089806,0.3646871905132503,0.5570017818814502,30,Puzzle,Adventure,0.204757022729618,0.567775277903636,29,1.0,0.0,0.0166666666666666,0.8400698322163678,0,0.8155655159832965,1
0,1108,Experience 1108,Puzzle,0.8425576923542274,0.4822507608830354,0.666849920378606,0.8027206052883656,21,Puzzle,Adventure,0.204757022729618,0.567775277903636,29,1.0,0.0,0.1333333333333333,0.537907102351012,1,0.7713057369667898,2
0,1075,Experience 1075,Puzzle,0.7701763699744956,0.5714931074517187,0.7080993700732455,0.0043057756676786,58,Puzzle,Adventure,0.204757022729618,0.567775277903636,29,1.0,0.0,0.4833333333333333,0.4966576526563725,0,0.7434668985543429,3
0,1102,Experience 1102,Sports,0.9402838286695968,0.4125021221616953,0.1907643304361418,0.200562471321554,40,Puzzle,Adventure,0.204757022729618,0.567775277903636,29,0.0,0.0,0.1833333333333333,0.9860073077065236,0,0.5044177528177747,4
0,1022,Experience 1022,Adventure,0.5006486309375991,0.407575941114626,0.4697425498140824,0.908608246555642,36,Puzzle,Adventure,0.204757022729618,0.567775277903636,29,0.0,1.0,0.1166666666666666,0.7350144729155357,0,0.49443299822513287,5
1,1034,Experience 1034,Strategy,0.5016628944231066,0.7184788322001798,0.7569144817322334,0.2251776661055454,11,Strategy,Sports,0.3508883708904499,0.2437019862562084,12,1.0,0.0,0.0166666666666666,0.5939738891582165,0,0.724969957128634,1
1,1080,Experience 1080,Strategy,0.4960287753620589,0.3772823688301061,0.669450532879556,0.5189146424870842,16,Strategy,Sports,0.3508883708904499,0.2437019862562084,12,1.0,0.0,0.0666666666666666,0.6814378380108939,0,0.7061661751892493,2
1,1036,Experience 1036,Sports,0.9655169972756756,0.2298411882545339,0.2550485289661252,0.8478368672236546,17,Strategy,Sports,0.3508883708904499,0.2437019862562084,12,0.0,1.0,0.0833333333333333,0.9041601580756752,1,0.6584432673757057,3
1,1047,Experience 1047,Strategy,0.22550606962591,0.2148767550411004,0.6209051459122696,0.296299630453485,14,Strategy,Sports,0.3508883708904499,0.2437019862562084,12,1.0,0.0,0.0333333333333333,0.7299832249781802,1,0.6456567136280035,4
1,1102,Experience 1102,Sports,0.9402838286695968,0.4125021221616953,0.1907643304361418,0.200562471321554,40,Strategy,Sports,0.3508883708904499,0.2437019862562084,12,0.0,1.0,0.4666666666666667,0.8398759595456919,0,0.6264041769464723,5
2,1053,Experience 1053,Puzzle,0.7426572934279929,0.7514869168546299,0.2904976508730454,0.8341208920021081,34,Puzzle,Action,0.3251781091201556,0.6345084531609247,24,1.0,0.0,0.1666666666666666,0.9653195417528898,1,0.808776529753398,1
2,1004,Experience 1004,Puzzle,0.809305382335664,0.5027055170834634,0.7716046143560276,0.3920600224154432,16,Puzzle,Action,0.3251781091201556,0.6345084531609247,24,1.0,0.0,0.1333333333333333,0.5535734947641281,1,0.775221061169958,2
2,1054,Experience 1054,Puzzle,0.6795756146978778,0.2537314254122666,0.2509959349159629,0.6813294726896911,34,Puzzle,Action,0.3251781091201556,0.6345084531609247,24,1.0,0.0,0.1666666666666666,0.9258178257958072,0,0.7681834089032566,3
2,1003,Experience 1003,Puzzle,0.7658593377467232,0.3759100169419204,0.0773164253661275,0.4674845394285718,49,Puzzle,Action,0.3251781091201556,0.6345084531609247,24,1.0,0.0,0.4166666666666667,0.7521383162459718,0,0.7484120575442382,4
2,1072,Experience 1072,Puzzle,0.7449779069249327,0.3414623639761886,0.973475515285742,0.3783180142237856,25,Puzzle,Action,0.3251781091201556,0.6345084531609247,24,1.0,0.0,0.0166666666666666,0.3517025938344136,0,0.74441945618337,5
3,1008,Experience 1008,Adventure,0.8415828324170402,0.3364498304651394,0.599089106012921,0.2728043301458357,40,Adventure,Action,0.3497200426062143,0.3966967011775072,50,1.0,0.0,0.1666666666666666,0.7506309365932933,1,0.7804650052577916,1
3,1077,Experience 1077,Adventure,0.8965830938027713,0.1988675594053931,0.098043795325636,0.9940777724523784,46,Adventure,Action,0.3497200426062143,0.3966967011775072,50,1.0,0.0,0.0666666666666666,0.7483237527194218,0,0.7716100804827444,2
3,1101,Experience 1101,Adventure,0.7760911633714107,0.1624374115097873,0.2510263664566988,0.468231405693584,28,Adventure,Action,0.3497200426062143,0.3966967011775072,50,1.0,0.0,0.3666666666666666,0.9013063238504844,0,0.7498139864593117,3
3,1040,Experience 1040,Adventure,0.8007594991172722,0.3266907558049443,0.1528993913771743,0.3143479426299048,10,Adventure,Action,0.3497200426062143,0.3966967011775072,50,1.0,0.0,0.6666666666666666,0.80317934877096,1,0.7220508830225103,4
3,1022,Experience 1022,Adventure,0.5006486309375991,0.407575941114626,0.4697425498140824,0.908608246555642,36,Adventure,Action,0.3497200426062143,0.3966967011775072,50,1.0,0.0,0.2333333333333333,0.8799774927921319,1,0.7218022431319715,5
4,1092,Experience 1092,Sports,0.8280410369904486,0.5343815491606264,0.7426691928850321,0.6904019545155015,39,Sports,Adventure,0.6276357144495875,0.7567099222744452,43,1.0,0.0,0.0666666666666666,0.8849665215645555,1,0.8368424696368915,1
4,1105,Experience 1105,Sports,0.6106599794863272,0.6391373818905719,0.6213931070244737,0.2894297075080649,54,Sports,Adventure,0.6276357144495875,0.7567099222744452,43,1.0,0.0,0.1833333333333333,0.9937573925748862,0,0.8151111841270243,2
4,1024,Experience 1024,Sports,0.7120515552427965,0.5535760301547662,0.4935230317114728,0.4609313910731102,39,Sports,Adventure,0.6276357144495875,0.7567099222744452,43,1.0,0.0,0.0666666666666666,0.8658873172618853,1,0.8146290285566604,3
4,1102,Experience 1102,Sports,0.9402838286695968,0.4125021221616953,0.1907643304361418,0.200562471321554,40,Sports,Adventure,0.6276357144495875,0.7567099222744452,43,1.0,0.0,0.05,0.5631286159865543,1,0.8067462250931173,4
4,1005,Experience 1005,Sports,0.725440926488475,0.5102685875213342,0.2459903544501388,0.2409271164143122,19,Sports,Adventure,0.6276357144495875,0.7567099222744452,43,1.0,0.0,0.4,0.6183546400005513,1,0.7541780336499788,5
5,1115,Experience 1115,Simulation,0.626658707429628,0.7075065986188209,0.5404405149990236,0.2246894745458737,42,Simulation,Action,0.5773067262079463,0.1157631577544863,45,1.0,0.0,0.05,0.9631337887910772,1,0.7734483678481707,1
5,1033,Experience 1033,Simulation,0.8859147305780027,0.259942782541492,0.2648265360525452,0.1086571032622624,31,Simulation,Action,0.5773067262079463,0.1157631577544863,45,1.0,0.0,0.2333333333333333,0.6875198098445989,1,0.7383398742465249,2
5,1028,Experience 1028,Simulation,0.7474374024719366,0.7598079156453001,0.9057260947827066,0.4943145335346177,16,Simulation,Action,0.5773067262079463,0.1157631577544863,45,1.0,0.0,0.4833333333333333,0.6715806314252397,0,0.7316544534668044,3
5,1056,Experience 1056,Simulation,0.5850817489192739,0.1274880872408227,0.8708251250831834,0.1754622465790878,53,Simulation,Action,0.5773067262079463,0.1157631577544863,45,1.0,0.0,0.1333333333333333,0.7064816011247629,0,0.701437598176261,4
5,1114,Experience 1114,Simulation,0.9094073794904848,0.2867325336723821,0.0751050358773748,0.4020477981570693,23,Simulation,Action,0.5773067262079463,0.1157631577544863,45,1.0,0.0,0.3666666666666666,0.4977983096694285,0,0.6964605620899142,5
6,1103,Experience 1103,Action,0.6677544964493587,0.4461723957193605,0.794276194278496,0.1853752728024856,59,Action,Creative,0.4908872770787858,0.4723499023023099,50,1.0,0.0,0.15,0.6966110828002898,1,0.7947831010373801,1
6,1086,Experience 1086,Action,0.6307900998772656,0.1325899003231649,0.3014212434741936,0.1888364204756389,42,Action,Creative,0.4908872770787858,0.4723499023023099,50,1.0,0.0,0.1333333333333333,0.8105339663954079,0,0.771556119286848,2
6,1067,Experience 1067,Creative,0.788764048918011,0.4580972487220676,0.5921026845821029,0.4299570499000478,43,Action,Creative,0.4908872770787858,0.4723499023023099,50,0.0,1.0,0.1166666666666666,0.8987845924966829,1,0.6647124601930458,3
6,1038,Experience 1038,Creative,0.8025898263845425,0.4058560569474049,0.8087225901435202,0.8729120163870842,60,Action,Creative,0.4908872770787858,0.4723499023023099,50,0.0,1.0,0.1666666666666666,0.6821646869352656,0,0.6309157500365092,4
6,1065,Experience 1065,Creative,0.7619316682455927,0.3645751585148475,0.2630179910479239,0.9645188861392016,47,Action,Creative,0.4908872770787858,0.4723499023023099,50,0.0,1.0,0.05,0.7721307139691381,1,0.621322309970715,5
7,1006,Experience 1006,Action,0.8770181756508404,0.5275353377269014,0.8047332447846338,0.7517807092307816,28,Action,Strategy,0.6404978666621097,0.2130587352453453,45,1.0,0.0,0.2833333333333333,0.8357646218774759,0,0.8106768108394714,1
7,1055,Experience 1055,Action,0.9121309206982589,0.3826203354113438,0.2499073592941251,0.1919211614110854,38,Action,Strategy,0.6404978666621097,0.2130587352453453,45,1.0,0.0,0.1166666666666666,0.6094094926320155,0,0.7863606384345111,2
7,1035,Experience 1035,Action,0.684933354468736,0.2628151072276272,0.2926692360835166,0.7930049789596304,54,Action,Strategy,0.6404978666621097,0.2130587352453453,45,1.0,0.0,0.15,0.6521713694214069,0,0.7394522832845195,3
7,1086,Experience 1086,Action,0.6307900998772656,0.1325899003231649,0.3014212434741936,0.1888364204756389,42,Action,Strategy,0.6404978666621097,0.2130587352453453,45,1.0,0.0,0.05,0.6609233768120839,0,0.7340206536798903,4
7,1011,Experience 1011,Strategy,0.8438936347604792,0.3089791482471649,0.5527453913687409,0.302964628837302,52,Action,Strategy,0.6404978666621097,0.2130587352453453,45,0.0,1.0,0.1166666666666666,0.9122475247066312,0,0.6194908875340345,5
8,1043,Experience 1043,Creative,0.8838983032607785,0.7641225701636372,0.5942808569171103,0.6062993981927156,47,Creative,Social,0.8102480228653487,0.5705167914039545,12,1.0,0.0,0.5833333333333334,0.7840328340517616,0,0.8128597348076653,1
8,1067,Experience 1067,Creative,0.788764048918011,0.4580972487220676,0.5921026845821029,0.4299570499000478,43,Creative,Social,0.8102480228653487,0.5705167914039545,12,1.0,0.0,0.5166666666666667,0.7818546617167542,0,0.7873118187719473,2
8,1021,Experience 1021,Creative,0.6317033375365485,0.227795161908673,0.5969784094803497,0.8897794665398687,40,Creative,Social,0.8102480228653487,0.5705167914039545,12,1.0,0.0,0.4666666666666667,0.786730386615001,1,0.7465432324309978,3
8,1107,Experience 1107,Social,0.7428970964662264,0.8045676070342606,0.8160785123357384,0.9076048913904824,23,Creative,Social,0.8102480228653487,0.5705167914039545,12,0.0,1.0,0.1833333333333333,0.9941695105296104,0,0.7375574164175698,4
8,1062,Experience 1062,Creative,0.7566608128373626,0.2501254620138091,0.431135077105207,0.8144738760309339,50,Creative,Social,0.8102480228653487,0.5705167914039545,12,1.0,0.0,0.6333333333333333,0.6208870542398583,1,0.7335980038617215,5
9,1026,Experience 1026,Puzzle,0.7847705334160814,0.4236675665053301,0.2918167090217533,0.0158055554401338,14,Puzzle,Simulation,0.2993435587525879,0.4239971836780083,13,1.0,0.0,0.0166666666666666,0.9924731502691654,1,0.7987982598302148,1
9,1046,Experience 1046,Puzzle,0.9358581895296346,0.2937905951089806,0.3646871905132503,0.5570017818814502,30,Puzzle,Simulation,0.2993435587525879,0.4239971836780083,13,1.0,0.0,0.2833333333333333,0.9346563682393376,1,0.7924859579590392,2
9,1004,Experience 1004,Puzzle,0.809305382335664,0.5027055170834634,0.7716046143560276,0.3920600224154432,16,Puzzle,Simulation,0.2993435587525879,0.4239971836780083,13,1.0,0.0,0.05,0.5277389443965603,1,0.7587455945089596,3
9,1019,Experience 1019,Puzzle,0.5059661119161158,0.8228200647408448,0.2570325653065184,0.9988296373336586,24,Puzzle,Simulation,0.2993435587525879,0.4239971836780083,13,1.0,0.0,0.1833333333333333,0.9576890065539304,1,0.7465287243484592,4
9,1069,Experience 1069,Puzzle,0.8068156107352968,0.6551858372056814,0.8842124935251735,0.2530347499296835,35,Puzzle,Simulation,0.2993435587525879,0.4239971836780083,13,1.0,0.0,0.3666666666666666,0.4151310652274145,0,0.7341795283157532,5
10,1028,Experience 1028,Simulation,0.7474374024719366,0.7598079156453001,0.9057260947827066,0.4943145335346177,16,Simulation,Puzzle,0.902223087754051,0.1687104085787757,40,1.0,0.0,0.4,0.9964969929713444,1,0.7884987061994193,1
10,1115,Experience 1115,Simulation,0.626658707429628,0.7075065986188209,0.5404405149990236,0.2246894745458737,42,Simulation,Puzzle,0.902223087754051,0.1687104085787757,40,1.0,0.0,0.0333333333333333,0.6382174272449725,0,0.7416246591032599,2
10,1056,Experience 1056,Simulation,0.5850817489192739,0.1274880872408227,0.8708251250831834,0.1754622465790878,53,Simulation,Puzzle,0.902223087754051,0.1687104085787757,40,1.0,0.0,0.2166666666666666,0.9686020373291324,1,0.741247521656428,3
10,1016,Experience 1016,Simulation,0.6327408434291123,0.2893552650923534,0.337198205686132,0.4979318527888876,53,Simulation,Puzzle,0.902223087754051,0.1687104085787757,40,1.0,0.0,0.2166666666666666,0.4349751179320811,1,0.6630396035923412,4
10,1072,Experience 1072,Puzzle,0.7449779069249327,0.3414623639761886,0.973475515285742,0.3783180142237856,25,Simulation,Puzzle,0.902223087754051,0.1687104085787757,40,0.0,1.0,0.25,0.928747572468309,1,0.6000381030890108,5
11,1003,Experience 1003,Puzzle,0.7658593377467232,0.3759100169419204,0.0773164253661275,0.4674845394285718,49,Puzzle,Simulation,0.4852778426941825,0.870087119461988,52,1.0,0.0,0.05,0.592038582671945,1,0.765882304748543,1
11,1090,Experience 1090,Puzzle,0.5586098880458512,0.4251872277402517,0.5338484342208252,0.861814417816014,19,Puzzle,Simulation,0.4852778426941825,0.870087119461988,52,1.0,0.0,0.55,0.9514294084733574,0,0.7428558894446803,2
11,1030,Experience 1030,Puzzle,0.5255875329645523,0.2576702884243441,0.6969604774228595,0.5681673512913645,13,Puzzle,Simulation,0.4852778426941825,0.870087119461988,52,1.0,0.0,0.65,0.7883173652713231,1,0.7010766993836242,3
11,1028,Experience 1028,Simulation,0.7474374024719366,0.7598079156453001,0.9057260947827066,0.4943145335346177,16,Puzzle,Simulation,0.4852778426941825,0.870087119461988,52,0.0,1.0,0.6,0.579551747911476,0,0.5427399822760057,4
11,1114,Experience 1114,Simulation,0.9094073794904848,0.2867325336723821,0.0751050358773748,0.4020477981570693,23,Puzzle,Simulation,0.4852778426941825,0.870087119461988,52,0.0,1.0,0.4833333333333333,0.5898271931831923,0,0.5321127837094094,5
12,1084,Experience 1084,Social,0.6722561348379004,0.2863456816441453,0.5362524927433157,0.7470758006298863,26,Social,Puzzle,0.5779274348262325,0.5615544822388173,18,1.0,0.0,0.1333333333333333,0.9583250579170832,0,0.8275722725822632,1
12,1085,Experience 1085,Social,0.715133524882573,0.3923165755464828,0.681782684374937,0.3715432084063615,41,Social,Puzzle,0.5779274348262325,0.5615544822388173,18,1.0,0.0,0.3833333333333333,0.8961447504512955,1,0.8244647092453622,2
12,1012,Experience 1012,Social,0.4912469181469279,0.4504706076181689,0.5423234103127773,0.3692728413409686,11,Social,Puzzle,0.5779274348262325,0.5615544822388173,18,1.0,0.0,0.1166666666666666,0.9643959754865448,0,0.8101779816522904,3
12,1002,Experience 1002,Social,0.5654662227449457,0.1419781043952984,0.4876512775379703,0.1763555764178013,30,Social,Puzzle,0.5779274348262325,0.5615544822388173,18,1.0,0.0,0.2,0.9097238427117378,0,0.7980314485540331,4
12,1007,Experience 1007,Social,0.6113602755027672,0.3693255620200327,0.760432490906593,0.3138467721116466,56,Social,Puzzle,0.5779274348262325,0.5615544822388173,18,1.0,0.0,0.6333333333333333,0.8174949439196395,1,0.7858045151049856,5
13,1043,Experience 1043,Creative,0.8838983032607785,0.7641225701636372,0.5942808569171103,0.6062993981927156,47,Creative,Puzzle,0.4926834838463674,0.1059931363095801,39,1.0,0.0,0.1333333333333333,0.8984026269292571,1,0.834500173981117,1
13,1052,Experience 1052,Creative,0.6879474895864814,0.8150878066775633,0.5427584275418881,0.4028796085076296,43,Creative,Puzzle,0.4926834838463674,0.1059931363095801,39,1.0,0.0,0.0666666666666666,0.9499250563044792,1,0.8169378585860136,2
13,1062,Experience 1062,Creative,0.7566608128373626,0.2501254620138091,0.431135077105207,0.8144738760309339,50,Creative,Puzzle,0.4926834838463674,0.1059931363095801,39,1.0,0.0,0.1833333333333333,0.9384515932588396,1,0.7867414841349102,3
13,1038,Experience 1038,Creative,0.8025898263845425,0.4058560569474049,0.8087225901435202,0.8729120163870842,60,Creative,Puzzle,0.4926834838463674,0.1059931363095801,39,1.0,0.0,0.35,0.6839608937028472,0,0.7710806772882531,4
13,1076,Experience 1076,Creative,0.7805257487778566,0.3562342599893083,0.7812983230640933,0.571167362055741,8,Creative,Puzzle,0.4926834838463674,0.1059931363095801,39,1.0,0.0,0.5166666666666667,0.7113851607822741,0,0.7490472811330868,5
14,1059,Experience 1059,Social,0.7489549716721217,0.4911530499138364,0.6826986067555766,0.9132851837019758,49,Social,Simulation,0.5816528784578859,0.8313799625665546,53,1.0,0.0,0.0666666666666666,0.8989542717023093,1,0.8513817643768445,1
14,1085,Experience 1085,Social,0.715133524882573,0.3923165755464828,0.681782684374937,0.3715432084063615,41,Social,Simulation,0.5816528784578859,0.8313799625665546,53,1.0,0.0,0.2,0.8998701940829489,1,0.8379168456108119,2
14,1107,Experience 1107,Social,0.7428970964662264,0.8045676070342606,0.8160785123357384,0.9076048913904824,23,Social,Simulation,0.5816528784578859,0.8313799625665546,53,1.0,0.0,0.5,0.7655743661221476,1,0.8261817728514825,3
14,1002,Experience 1002,Social,0.5654662227449457,0.1419781043952984,0.4876512775379703,0.1763555764178013,30,Social,Simulation,0.5816528784578859,0.8313799625665546,53,1.0,0.0,0.3833333333333333,0.9059983990800844,0,0.7875273988103529,4
14,1098,Experience 1098,Social,0.534058177188557,0.4459803600128759,0.2707495249900757,0.7298152463028666,35,Social,Simulation,0.5816528784578859,0.8313799625665546,53,1.0,0.0,0.3,0.6890966465321898,1,0.7683039712609881,5
15,1075,Experience 1075,Puzzle,0.7701763699744956,0.5714931074517187,0.7080993700732455,0.0043057756676786,58,Puzzle,Adventure,0.2828544439209006,0.1917227586377731,55,1.0,0.0,0.05,0.5747550738476551,1,0.7817876913533239,1
15,1003,Experience 1003,Puzzle,0.7658593377467232,0.3759100169419204,0.0773164253661275,0.4674845394285718,49,Puzzle,Adventure,0.2828544439209006,0.1917227586377731,55,1.0,0.0,0.1,0.794461981445227,0,0.771977698775234,2
15,1026,Experience 1026,Puzzle,0.7847705334160814,0.4236675665053301,0.2918167090217533,0.0158055554401338,14,Puzzle,Adventure,0.2828544439209006,0.1917227586377731,55,1.0,0.0,0.6833333333333333,0.9910377348991471,1,0.7634689443820328,3
15,1069,Experience 1069,Puzzle,0.8068156107352968,0.6551858372056814,0.8842124935251735,0.2530347499296835,35,Puzzle,Adventure,0.2828544439209006,0.1917227586377731,55,1.0,0.0,0.3333333333333333,0.3986419503957271,1,0.7490362998510295,4
15,1019,Experience 1019,Puzzle,0.5059661119161158,0.8228200647408448,0.2570325653065184,0.9988296373336586,24,Puzzle,Adventure,0.2828544439209006,0.1917227586377731,55,1.0,0.0,0.5166666666666667,0.9741781213856178,1,0.7362118805156045,5
16,1033,Experience 1033,Simulation,0.8859147305780027,0.259942782541492,0.2648265360525452,0.1086571032622624,31,Simulation,Social,0.7058526202323885,0.813787326567853,12,1.0,0.0,0.3166666666666666,0.5589739158201568,0,0.7592833695185855,1
16,1114,Experience 1114,Simulation,0.9094073794904848,0.2867325336723821,0.0751050358773748,0.4020477981570693,23,Simulation,Social,0.7058526202323885,0.813787326567853,12,1.0,0.0,0.1833333333333333,0.3692524156449863,1,0.7416077496350195,2
16,1025,Experience 1025,Social,0.838744739121835,0.7279884901895025,0.5876677647056102,0.0811540004238993,14,Simulation,Social,0.7058526202323885,0.813787326567853,12,0.0,1.0,0.0333333333333333,0.8818151444732217,1,0.7410152112872538,3
16,1010,Experience 1010,Simulation,0.8201589080775701,0.1741976609077686,0.1927429310808082,0.4388217018019487,21,Simulation,Social,0.7058526202323885,0.813787326567853,12,1.0,0.0,0.15,0.4868903108484198,1,0.7390154172664984,4
16,1078,Experience 1078,Simulation,0.9139745006021852,0.4875947260651535,0.1081242288365573,0.0386443098268846,51,Simulation,Social,0.7058526202323885,0.813787326567853,12,1.0,0.0,0.65,0.4022716086041689,0,0.7292299917597297,5
17,1017,Experience 1017,Adventure,0.8986224157650411,0.4138920991005588,0.5580723954683906,0.6429984233408326,53,Adventure,Action,0.2522452360273752,0.4240749445306238,44,1.0,0.0,0.15,0.6941728405589846,1,0.7864881456608677,1
17,1077,Experience 1077,Adventure,0.8965830938027713,0.1988675594053931,0.098043795325636,0.9940777724523784,46,Adventure,Action,0.2522452360273752,0.4240749445306238,44,1.0,0.0,0.0333333333333333,0.8457985592982609,1,0.7856890167445683,2
17,1099,Experience 1099,Adventure,0.8332801744008336,0.4077151465805127,0.8307594812615263,0.7545731382181347,49,Adventure,Action,0.2522452360273752,0.4240749445306238,44,1.0,0.0,0.0833333333333333,0.4214857547658489,0,0.7512742716538593,3
17,1118,Experience 1118,Adventure,0.6594774101626886,0.3565880675711896,0.5086937555214479,0.0351168111096665,58,Adventure,Action,0.2522452360273752,0.4240749445306238,44,1.0,0.0,0.2333333333333333,0.7435514805059273,1,0.74370863684575,4
17,1040,Experience 1040,Adventure,0.8007594991172722,0.3266907558049443,0.1528993913771743,0.3143479426299048,10,Adventure,Action,0.2522452360273752,0.4240749445306238,44,1.0,0.0,0.5666666666666667,0.9006541553497991,0,0.7435451314131728,5
18,1023,Experience 1023,Strategy,0.934275144868182,0.4241492862896971,0.2179097364670654,0.7914514878076223,48,Strategy,Simulation,0.4638966389360204,0.386117888051016,38,1.0,0.0,0.1666666666666666,0.7540130975310451,0,0.7665565447281003,1
18,1063,Experience 1063,Strategy,0.7810917854701819,0.2349952712342425,0.5114173417348135,0.235256388415645,21,Strategy,Simulation,0.4638966389360204,0.386117888051016,38,1.0,0.0,0.2833333333333333,0.952479297201207,0,0.752962385454139,2
18,1115,Experience 1115,Simulation,0.626658707429628,0.7075065986188209,0.5404405149990236,0.2246894745458737,42,Strategy,Simulation,0.4638966389360204,0.386117888051016,38,0.0,1.0,0.0666666666666666,0.9234561239369968,0,0.5855759183302983,3
18,1078,Experience 1078,Simulation,0.9139745006021852,0.4875947260651535,0.1081242288365573,0.0386443098268846,51,Strategy,Simulation,0.4638966389360204,0.386117888051016,38,0.0,1.0,0.2166666666666666,0.6442275899005369,0,0.564562648492565,4
18,1028,Experience 1028,Simulation,0.7474374024719366,0.7598079156453001,0.9057260947827066,0.4943145335346177,16,Strategy,Simulation,0.4638966389360204,0.386117888051016,38,0.0,1.0,0.3666666666666666,0.5581705441533138,0,0.5312305622053306,5
19,1011,Experience 1011,Strategy,0.8438936347604792,0.3089791482471649,0.5527453913687409,0.302964628837302,52,Strategy,Action,0.6031914102094686,0.7556534871954608,10,1.0,0.0,0.7,0.9495539811592724,0,0.7506877193162753,1
19,1034,Experience 1034,Strategy,0.5016628944231066,0.7184788322001798,0.7569144817322334,0.2251776661055454,11,Strategy,Action,0.6031914102094686,0.7556534871954608,10,1.0,0.0,0.0166666666666666,0.8462769284772352,1,0.7495489320985951,2
19,1066,Experience 1066,Strategy,0.5933044321129625,0.8148765601157231,0.9082281614290438,0.2645976053461583,23,Strategy,Action,0.6031914102094686,0.7556534871954608,10,1.0,0.0,0.2166666666666666,0.6949632487804248,0,0.7426198695833353,3
19,1023,Experience 1023,Strategy,0.934275144868182,0.4241492862896971,0.2179097364670654,0.7914514878076223,48,Strategy,Action,0.6031914102094686,0.7556534871954608,10,1.0,0.0,0.6333333333333333,0.6147183262575968,1,0.7200376947210767,4
19,1047,Experience 1047,Strategy,0.22550606962591,0.2148767550411004,0.6209051459122696,0.296299630453485,14,Strategy,Action,0.6031914102094686,0.7556534871954608,10,1.0,0.0,0.0666666666666666,0.982286264297199,1,0.6710425824871596,5
20,1066,Experience 1066,Strategy,0.5933044321129625,0.8148765601157231,0.9082281614290438,0.2645976053461583,23,Strategy,Sports,0.0764930213940332,0.0709829874729512,26,1.0,0.0,0.05,0.1682648599649894,0,0.6946228110906856,1
20,1045,Experience 1045,Strategy,0.6865679540637682,0.4124899761623172,0.8858497306039471,0.3446408865116177,23,Strategy,Sports,0.0764930213940332,0.0709829874729512,26,1.0,0.0,0.05,0.1906432907900861,1,0.6905167143943309,2
20,1034,Experience 1034,Strategy,0.5016628944231066,0.7184788322001798,0.7569144817322334,0.2251776661055454,11,Strategy,Sports,0.0764930213940332,0.0709829874729512,26,1.0,0.0,0.25,0.3195785396617998,1,0.6659071343071403,3
20,1102,Experience 1102,Sports,0.9402838286695968,0.4125021221616953,0.1907643304361418,0.200562471321554,40,Strategy,Sports,0.0764930213940332,0.0709829874729512,26,0.0,1.0,0.2333333333333333,0.8857286909578914,0,0.6592370125859819,4
20,1104,Experience 1104,Sports,0.7763284069557427,0.7928984171430337,0.1707069630824686,0.4638281104628762,33,Strategy,Sports,0.0764930213940332,0.0709829874729512,26,0.0,1.0,0.1166666666666666,0.9057860583115646,1,0.6574284872102858,5
21,1006,Experience 1006,Action,0.8770181756508404,0.5275353377269014,0.8047332447846338,0.7517807092307816,28,Action,Puzzle,0.5713914907511481,0.7448388959092858,30,1.0,0.0,0.0333333333333333,0.7666582459665143,1,0.8408424537457889,1
21,1055,Experience 1055,Action,0.9121309206982589,0.3826203354113438,0.2499073592941251,0.1919211614110854,38,Action,Puzzle,0.5713914907511481,0.7448388959092858,30,1.0,0.0,0.1333333333333333,0.6785158685429771,1,0.8173108784639675,2
21,1068,Experience 1068,Action,0.698456042052288,0.2594560290757449,0.3550613668330224,0.4325155932423661,21,Action,Puzzle,0.5713914907511481,0.7448388959092858,30,1.0,0.0,0.15,0.7836698760818743,1,0.7860984284810874,3
21,1046,Experience 1046,Puzzle,0.9358581895296346,0.2937905951089806,0.3646871905132503,0.5570017818814502,30,Action,Puzzle,0.5713914907511481,0.7448388959092858,30,0.0,1.0,0.0,0.7932956997621021,0,0.681819885120156,4
21,1075,Experience 1075,Puzzle,0.7701763699744956,0.5714931074517187,0.7080993700732455,0.0043057756676786,58,Action,Puzzle,0.5713914907511481,0.7448388959092858,30,0.0,1.0,0.4666666666666667,0.8632921206779026,1,0.6527457885024692,5
22,1107,Experience 1107,Social,0.7428970964662264,0.8045676070342606,0.8160785123357384,0.9076048913904824,23,Social,Adventure,0.8334832108831476,0.5232595333524971,37,1.0,0.0,0.2333333333333333,0.9825953014525908,0,0.8510147697038933,1
22,1014,Experience 1014,Social,0.7084360738896248,0.6919622480914536,0.5066406143622445,0.7631554898199004,35,Social,Adventure,0.8334832108831476,0.5232595333524971,37,1.0,0.0,0.0333333333333333,0.6731574034790969,0,0.8185981639993123,2
22,1061,Experience 1061,Social,0.9515114053456256,0.4883887845440612,0.3838014404080356,0.6777086144544695,56,Social,Adventure,0.8334832108831476,0.5232595333524971,37,1.0,0.0,0.3166666666666666,0.5503182295248881,0,0.8157833636971129,3
22,1074,Experience 1074,Social,0.7411737446379107,0.1336446501121093,0.5667526591354218,0.2130749343990023,32,Social,Adventure,0.8334832108831476,0.5232595333524971,37,1.0,0.0,0.0833333333333333,0.7332694482522742,0,0.8056839410256886,4
22,1084,Experience 1084,Social,0.6722561348379004,0.2863456816441453,0.5362524927433157,0.7470758006298863,26,Social,Adventure,0.8334832108831476,0.5232595333524971,37,1.0,0.0,0.1833333333333333,0.7027692818601681,0,0.7860914913276307,5
23,1063,Experience 1063,Strategy,0.7810917854701819,0.2349952712342425,0.5114173417348135,0.235256388415645,21,Strategy,Puzzle,0.6527172866915267,0.571289386613503,10,1.0,0.0,0.1833333333333333,0.8587000550432867,1,0.763110554528123,1
23,1034,Experience 1034,Strategy,0.5016628944231066,0.7184788322001798,0.7569144817322334,0.2251776661055454,11,Strategy,Puzzle,0.6527172866915267,0.571289386613503,10,1.0,0.0,0.0166666666666666,0.8958028049592933,0,0.7612862534425563,2
23,1045,Experience 1045,Strategy,0.6865679540637682,0.4124899761623172,0.8858497306039471,0.3446408865116177,23,Strategy,Puzzle,0.6527172866915267,0.571289386613503,10,1.0,0.0,0.2166666666666666,0.7668675560875796,1,0.7509866361217081,3
23,1047,Experience 1047,Strategy,0.22550606962591,0.2148767550411004,0.6209051459122696,0.296299630453485,14,Strategy,Puzzle,0.6527172866915267,0.571289386613503,10,1.0,0.0,0.0666666666666666,0.9681878592207428,1,0.6751513838112189,4
23,1053,Experience 1053,Puzzle,0.7426572934279929,0.7514869168546299,0.2904976508730454,0.8341208920021081,34,Strategy,Puzzle,0.6527172866915267,0.571289386613503,10,0.0,1.0,0.4,0.6377803641815187,1,0.5547835292219903,5
24,1102,Experience 1102,Sports,0.9402838286695968,0.4125021221616953,0.1907643304361418,0.200562471321554,40,Sports,Action,0.0187566342477123,0.1059545101436577,34,1.0,0.0,0.1,0.8279923038115706,0,0.8168156805299036,1
24,1104,Experience 1104,Sports,0.7763284069557427,0.7928984171430337,0.1707069630824686,0.4638281104628762,33,Sports,Action,0.0187566342477123,0.1059545101436577,34,1.0,0.0,0.0166666666666666,0.8480496711652438,1,0.8134863272607155,2
24,1027,Experience 1027,Sports,0.8258355726034926,0.7779980359761599,0.5071112833110228,0.4772006332829246,49,Sports,Action,0.0187566342477123,0.1059545101436577,34,1.0,0.0,0.25,0.5116453509366896,0,0.7769131699987052,3
24,1100,Experience 1100,Sports,0.8539423752816214,0.5771516782683807,0.6603015579098336,0.097787997445443,39,Sports,Action,0.0187566342477123,0.1059545101436577,34,1.0,0.0,0.0833333333333333,0.3584550763378787,0,0.7703126552615978,4
24,1092,Experience 1092,Sports,0.8280410369904486,0.5343815491606264,0.7426691928850321,0.6904019545155015,39,Sports,Action,0.0187566342477123,0.1059545101436577,34,1.0,0.0,0.0833333333333333,0.2760874413626802,0,0.7500343333910661,5
25,1069,Experience 1069,Puzzle,0.8068156107352968,0.6551858372056814,0.8842124935251735,0.2530347499296835,35,Puzzle,Sports,0.5577891462377893,0.7005164655412413,33,1.0,0.0,0.0333333333333333,0.6735766527126158,1,0.8320839172435648,1
25,1108,Experience 1108,Puzzle,0.8425576923542274,0.4822507608830354,0.666849920378606,0.8027206052883656,21,Puzzle,Sports,0.5577891462377893,0.7005164655412413,33,1.0,0.0,0.2,0.8909392258591833,1,0.8316548310417539,2
25,1053,Experience 1053,Puzzle,0.7426572934279929,0.7514869168546299,0.2904976508730454,0.8341208920021081,34,Puzzle,Sports,0.5577891462377893,0.7005164655412413,33,1.0,0.0,0.0166666666666666,0.7327085046352562,1,0.8166653743660726,3
25,1004,Experience 1004,Puzzle,0.809305382335664,0.5027055170834634,0.7716046143560276,0.3920600224154432,16,Puzzle,Sports,0.5577891462377893,0.7005164655412413,33,1.0,0.0,0.2833333333333333,0.7861845318817617,1,0.8162890433199631,4
25,1054,Experience 1054,Puzzle,0.6795756146978778,0.2537314254122666,0.2509959349159629,0.6813294726896911,34,Puzzle,Sports,0.5577891462377893,0.7005164655412413,33,1.0,0.0,0.0166666666666666,0.6932067886781736,1,0.7772857537972697,5
26,1020,Experience 1020,Simulation,0.8220634578382588,0.5054615596538111,0.3982077558970217,0.6135164847298321,13,Simulation,Sports,0.3086477955452562,0.6503959108762601,14,1.0,0.0,0.0166666666666666,0.9104400396482346,1,0.813648841764591,1
26,1114,Experience 1114,Simulation,0.9094073794904848,0.2867325336723821,0.0751050358773748,0.4020477981570693,23,Simulation,Sports,0.3086477955452562,0.6503959108762601,14,1.0,0.0,0.15,0.7664572403321186,1,0.7867480633065895,2
26,1015,Experience 1015,Sports,0.9316862802198296,0.7502302540767141,0.1563447605350174,0.9300033473547172,10,Simulation,Sports,0.3086477955452562,0.6503959108762601,14,0.0,1.0,0.0666666666666666,0.8476969649897612,1,0.6830275039040231,3
26,1036,Experience 1036,Sports,0.9655169972756756,0.2298411882545339,0.2550485289661252,0.8478368672236546,17,Simulation,Sports,0.3086477955452562,0.6503959108762601,14,0.0,1.0,0.05,0.946400733420869,0,0.6779055227561693,4
26,1102,Experience 1102,Sports,0.9402838286695968,0.4125021221616953,0.1907643304361418,0.200562471321554,40,Simulation,Sports,0.3086477955452562,0.6503959108762601,14,0.0,1.0,0.4333333333333333,0.8821165348908856,0,0.6467125168286908,5
27,1059,Experience 1059,Social,0.7489549716721217,0.4911530499138364,0.6826986067555766,0.9132851837019758,49,Social,Simulation,0.6548533759498939,0.3083482558431205,55,1.0,0.0,0.1,0.9721547691943172,0,0.8424116802594447,1
27,1107,Experience 1107,Social,0.7428970964662264,0.8045676070342606,0.8160785123357384,0.9076048913904824,23,Social,Simulation,0.6548533759498939,0.3083482558431205,55,1.0,0.0,0.5333333333333333,0.8387748636141555,0,0.8160193835979448,2
27,1074,Experience 1074,Social,0.7411737446379107,0.1336446501121093,0.5667526591354218,0.2130749343990023,32,Social,Simulation,0.6548533759498939,0.3083482558431205,55,1.0,0.0,0.3833333333333333,0.911899283185528,1,0.8016434608151941,3
27,1058,Experience 1058,Social,0.5666390936836835,0.5294440043668863,0.4156619036213059,0.2647117106195373,52,Social,Simulation,0.6548533759498939,0.3083482558431205,55,1.0,0.0,0.05,0.760808527671412,0,0.7963639070451998,4
27,1039,Experience 1039,Social,0.8194814495513689,0.2752805682140255,0.2419454802582048,0.889899007072331,47,Social,Simulation,0.6548533759498939,0.3083482558431205,55,1.0,0.0,0.1333333333333333,0.5870921043083109,0,0.790410667375705,5
28,1078,Experience 1078,Simulation,0.9139745006021852,0.4875947260651535,0.1081242288365573,0.0386443098268846,51,Simulation,Creative,0.668913366532042,0.3490299385904939,41,1.0,0.0,0.1666666666666666,0.4392108623045153,1,0.7448578310650675,1
28,1020,Experience 1020,Simulation,0.8220634578382588,0.5054615596538111,0.3982077558970217,0.6135164847298321,13,Simulation,Creative,0.668913366532042,0.3490299385904939,41,1.0,0.0,0.4666666666666667,0.7292943893649797,0,0.7408239940741531,2
28,1056,Experience 1056,Simulation,0.5850817489192739,0.1274880872408227,0.8708251250831834,0.1754622465790878,53,Simulation,Creative,0.668913366532042,0.3490299385904939,41,1.0,0.0,0.2,0.7980882414488586,1,0.7268326046636041,3
28,1016,Experience 1016,Simulation,0.6327408434291123,0.2893552650923534,0.337198205686132,0.4979318527888876,53,Simulation,Creative,0.668913366532042,0.3490299385904939,41,1.0,0.0,0.2,0.6682848391540901,0,0.7084283305169017,4
28,1114,Experience 1114,Simulation,0.9094073794904848,0.2867325336723821,0.0751050358773748,0.4020477981570693,23,Simulation,Creative,0.668913366532042,0.3490299385904939,41,1.0,0.0,0.3,0.4061916693453328,1,0.7072350302357908,5
29,1026,Experience 1026,Puzzle,0.7847705334160814,0.4236675665053301,0.2918167090217533,0.0158055554401338,14,Puzzle,Adventure,0.4362192522617057,0.3473890606633519,16,1.0,0.0,0.0333333333333333,0.8555974567600475,0,0.7839255908986222,1
29,1072,Experience 1072,Puzzle,0.7449779069249327,0.3414623639761886,0.973475515285742,0.3783180142237856,25,Puzzle,Adventure,0.4362192522617057,0.3473890606633519,16,1.0,0.0,0.15,0.4627437369759637,1,0.7301602988872128,2
29,1054,Experience 1054,Puzzle,0.6795756146978778,0.2537314254122666,0.2509959349159629,0.6813294726896911,34,Puzzle,Adventure,0.4362192522617057,0.3473890606633519,16,1.0,0.0,0.3,0.8147766826542572,0,0.7246919019440986,3
29,1064,Experience 1064,Puzzle,0.6204758892789963,0.4435351922580418,0.6632419642315316,0.276207363456566,49,Puzzle,Adventure,0.4362192522617057,0.3473890606633519,16,1.0,0.0,0.55,0.7729772880301742,1,0.7160664872891007,4
29,1096,Experience 1096,Adventure,0.7903170826018652,0.4751627362769494,0.5362341337297925,0.9233469677258124,13,Puzzle,Adventure,0.4362192522617057,0.3473890606633519,16,0.0,1.0,0.05,0.8999851185319133,0,0.5848062990717698,5
30,1110,Experience 1110,Creative,0.8487034770737338,0.6513439158584452,0.7080979103356375,0.2741343936886083,18,Creative,Adventure,0.8329890302552374,0.0457918287333101,24,1.0,0.0,0.1,0.8751088800804001,1,0.8031451132532429,1
30,1043,Experience 1043,Creative,0.8838983032607785,0.7641225701636372,0.5942808569171103,0.6062993981927156,47,Creative,Adventure,0.8329890302552374,0.0457918287333101,24,1.0,0.0,0.3833333333333333,0.7612918266618729,1,0.7802867598437395,2
30,1076,Experience 1076,Creative,0.7805257487778566,0.3562342599893083,0.7812983230640933,0.571167362055741,8,Creative,Adventure,0.8329890302552374,0.0457918287333101,24,1.0,0.0,0.2666666666666666,0.948309292808856,0,0.7716388520341337,3
30,1067,Experience 1067,Creative,0.788764048918011,0.4580972487220676,0.5921026845821029,0.4299570499000478,43,Creative,Adventure,0.8329890302552374,0.0457918287333101,24,1.0,0.0,0.3166666666666666,0.7591136543268655,0,0.7516506680927373,4
30,1087,Experience 1087,Creative,0.7417160017369715,0.3980069401610766,0.5803538931422866,0.1954958273965873,33,Creative,Adventure,0.8329890302552374,0.0457918287333101,24,1.0,0.0,0.15,0.7473648628870492,0,0.7509486080038399,5
31,1069,Experience 1069,Puzzle,0.8068156107352968,0.6551858372056814,0.8842124935251735,0.2530347499296835,35,Puzzle,Sports,0.7238924559791154,0.7005937665347985,47,1.0,0.0,0.2,0.8396799624539419,1,0.8411418883319816,1
31,1113,Experience 1113,Puzzle,0.3143534057607174,0.7407415888945685,0.7096912838106965,0.9437983681037112,40,Puzzle,Sports,0.7238924559791154,0.7005937665347985,47,1.0,0.0,0.1166666666666666,0.985798827831581,1,0.7814717165215338,2
31,1003,Experience 1003,Puzzle,0.7658593377467232,0.3759100169419204,0.0773164253661275,0.4674845394285718,49,Puzzle,Sports,0.7238924559791154,0.7005937665347985,47,1.0,0.0,0.0333333333333333,0.353423969387012,0,0.7581748609782002,3
31,1026,Experience 1026,Puzzle,0.7847705334160814,0.4236675665053301,0.2918167090217533,0.0158055554401338,14,Puzzle,Sports,0.7238924559791154,0.7005937665347985,47,1.0,0.0,0.55,0.5679242530426378,1,0.7568948291398084,4
31,1054,Experience 1054,Puzzle,0.6795756146978778,0.2537314254122666,0.2509959349159629,0.6813294726896911,34,Puzzle,Sports,0.7238924559791154,0.7005937665347985,47,1.0,0.0,0.2166666666666666,0.5271034789368475,0,0.7441966835280956,5
32,1032,Experience 1032,Action,0.9183909657409184,0.1782087510115781,0.2798409650960937,0.836613041032693,59,Action,Sports,0.4860444790710185,0.5892837462693579,55,1.0,0.0,0.0666666666666666,0.7937964860250751,1,0.8371024275780058,1
32,1116,Experience 1116,Action,0.6678760843020042,0.5482724230839826,0.6479003468582198,0.8466710505082435,57,Action,Sports,0.4860444790710185,0.5892837462693579,55,1.0,0.0,0.0333333333333333,0.8381441322127987,0,0.8313187225189453,2
32,1119,Experience 1119,Action,0.8086136050725224,0.7572883677081093,0.5086964614589882,0.1619415702496311,9,Action,Sports,0.4860444790710185,0.5892837462693579,55,1.0,0.0,0.7666666666666667,0.9773480176120304,1,0.8266821941133532,3
32,1103,Experience 1103,Action,0.6677544964493587,0.4461723957193605,0.794276194278496,0.1853752728024856,59,Action,Sports,0.4860444790710185,0.5892837462693579,55,1.0,0.0,0.0666666666666666,0.6917682847925225,1,0.8176200038861644,4
32,1035,Experience 1035,Action,0.684933354468736,0.2628151072276272,0.2926692360835166,0.7930049789596304,54,Action,Sports,0.4860444790710185,0.5892837462693579,55,1.0,0.0,0.0166666666666666,0.806624757012498,0,0.810686909947739,5
33,1094,Experience 1094,Strategy,0.777065958629862,0.5840090382012306,0.3016147592800985,0.4118434403009737,40,Strategy,Social,0.3972366419629186,0.8554234704714564,11,1.0,0.0,0.4833333333333333,0.90437811731718,0,0.7914848351894969,1
33,1025,Experience 1025,Social,0.838744739121835,0.7279884901895025,0.5876677647056102,0.0811540004238993,14,Strategy,Social,0.3972366419629186,0.8554234704714564,11,0.0,1.0,0.05,0.8095688772573084,1,0.7436457198134659,2
33,1080,Experience 1080,Strategy,0.4960287753620589,0.3772823688301061,0.669450532879556,0.5189146424870842,16,Strategy,Social,0.3972366419629186,0.8554234704714564,11,1.0,0.0,0.0833333333333333,0.7277861090833626,0,0.7429220831493307,3
33,1061,Experience 1061,Social,0.9515114053456256,0.4883887845440612,0.3838014404080356,0.6777086144544695,56,Strategy,Social,0.3972366419629186,0.8554234704714564,11,0.0,1.0,0.75,0.9865647984451168,0,0.7132953051194161,4
33,1107,Experience 1107,Social,0.7428970964662264,0.8045676070342606,0.8160785123357384,0.9076048913904824,23,Strategy,Social,0.3972366419629186,0.8554234704714564,11,0.0,1.0,0.2,0.5811581296271803,1,0.6839746263176676,5
34,1020,Experience 1020,Simulation,0.8220634578382588,0.5054615596538111,0.3982077558970217,0.6135164847298321,13,Simulation,Creative,0.2277525659552355,0.6641129512864578,10,1.0,0.0,0.05,0.8295448100582139,1,0.7895804546461422,1
34,1010,Experience 1010,Simulation,0.8201589080775701,0.1741976609077686,0.1927429310808082,0.4388217018019487,21,Simulation,Creative,0.2277525659552355,0.6641129512864578,10,1.0,0.0,0.1833333333333333,0.9649903651255728,1,0.775647261236629,2
34,1115,Experience 1115,Simulation,0.626658707429628,0.7075065986188209,0.5404405149990236,0.2246894745458737,42,Simulation,Creative,0.2277525659552355,0.6641129512864578,10,1.0,0.0,0.5333333333333333,0.6873120509562121,0,0.719770786435368,3
34,1052,Experience 1052,Creative,0.6879474895864814,0.8150878066775633,0.5427584275418881,0.4028796085076296,43,Simulation,Creative,0.2277525659552355,0.6641129512864578,10,0.0,1.0,0.55,0.6849941384133476,1,0.5430188081744325,4
34,1087,Experience 1087,Creative,0.7417160017369715,0.3980069401610766,0.5803538931422866,0.1954958273965873,33,Simulation,Creative,0.2277525659552355,0.6641129512864578,10,0.0,1.0,0.3833333333333333,0.647398672812949,1,0.537580813987079,5
35,1023,Experience 1023,Strategy,0.934275144868182,0.4241492862896971,0.2179097364670654,0.7914514878076223,48,Strategy,Social,0.4318282758092654,0.8708205408799516,33,1.0,0.0,0.25,0.7860814606578,1,0.815305885698198,1
35,1063,Experience 1063,Strategy,0.7810917854701819,0.2349952712342425,0.5114173417348135,0.235256388415645,21,Strategy,Social,0.4318282758092654,0.8708205408799516,33,1.0,0.0,0.2,0.920410934074452,0,0.8077447941109243,2
35,1034,Experience 1034,Strategy,0.5016628944231066,0.7184788322001798,0.7569144817322334,0.2251776661055454,11,Strategy,Social,0.4318282758092654,0.8708205408799516,33,1.0,0.0,0.3666666666666666,0.674913794077032,0,0.7475396887872982,3
35,1080,Experience 1080,Strategy,0.4960287753620589,0.3772823688301061,0.669450532879556,0.5189146424870842,16,Strategy,Social,0.4318282758092654,0.8708205408799516,33,1.0,0.0,0.2833333333333333,0.7623777429297094,0,0.7406485827451821,4
35,1074,Experience 1074,Social,0.7411737446379107,0.1336446501121093,0.5667526591354218,0.2130749343990023,32,Strategy,Social,0.4318282758092654,0.8708205408799516,33,0.0,1.0,0.0166666666666666,0.8650756166738436,1,0.7088596237008352,5
36,1087,Experience 1087,Creative,0.7417160017369715,0.3980069401610766,0.5803538931422866,0.1954958273965873,33,Creative,Simulation,0.6385528282367291,0.61500548577104,33,1.0,0.0,0.0,0.9418010649055576,0,0.8053650984341164,1
36,1021,Experience 1021,Creative,0.6317033375365485,0.227795161908673,0.5969784094803497,0.8897794665398687,40,Creative,Simulation,0.6385528282367291,0.61500548577104,33,1.0,0.0,0.1166666666666666,0.9584255812436208,0,0.7677037862505094,2
36,1062,Experience 1062,Creative,0.7566608128373626,0.2501254620138091,0.431135077105207,0.8144738760309339,50,Creative,Simulation,0.6385528282367291,0.61500548577104,33,1.0,0.0,0.2833333333333333,0.792582248868478,0,0.7554853433189137,3
36,1115,Experience 1115,Simulation,0.626658707429628,0.7075065986188209,0.5404405149990236,0.2246894745458737,42,Creative,Simulation,0.6385528282367291,0.61500548577104,33,0.0,1.0,0.15,0.9018876867622944,1,0.5902860586240892,4
36,1028,Experience 1028,Simulation,0.7474374024719366,0.7598079156453001,0.9057260947827066,0.4943145335346177,16,Creative,Simulation,0.6385528282367291,0.61500548577104,33,0.0,1.0,0.2833333333333333,0.7328267334540225,0,0.5873855434675718,5
37,1025,Experience 1025,Social,0.838744739121835,0.7279884901895025,0.5876677647056102,0.0811540004238993,14,Social,Creative,0.4074692588140211,0.1427090022392872,22,1.0,0.0,0.1333333333333333,0.8198014941084109,0,0.8486670432600933,1
37,1014,Experience 1014,Social,0.7084360738896248,0.6919622480914536,0.5066406143622445,0.7631554898199004,35,Social,Creative,0.4074692588140211,0.1427090022392872,22,1.0,0.0,0.2166666666666666,0.9008286444517766,0,0.8285996969245781,2
37,1107,Experience 1107,Social,0.7428970964662264,0.8045676070342606,0.8160785123357384,0.9076048913904824,23,Social,Creative,0.4074692588140211,0.1427090022392872,22,1.0,0.0,0.0166666666666666,0.5913907464782827,0,0.8240053965059109,3
37,1097,Experience 1097,Social,0.6621084266035628,0.3766200397542547,0.5070806368539267,0.2458755870050586,23,Social,Creative,0.4074692588140211,0.1427090022392872,22,1.0,0.0,0.0166666666666666,0.9003886219600944,1,0.8219375772383136,4
37,1084,Experience 1084,Social,0.6722561348379004,0.2863456816441453,0.5362524927433157,0.7470758006298863,26,Social,Creative,0.4074692588140211,0.1427090022392872,22,1.0,0.0,0.0666666666666666,0.8712167660707054,1,0.8107855313880802,5
38,1116,Experience 1116,Action,0.6678760843020042,0.5482724230839826,0.6479003468582198,0.8466710505082435,57,Action,Strategy,0.6277124364182798,0.8343067224928379,51,1.0,0.0,0.1,0.97981208956006,1,0.826437568161694,1
38,1119,Experience 1119,Action,0.8086136050725224,0.7572883677081093,0.5086964614589882,0.1619415702496311,9,Action,Strategy,0.6277124364182798,0.8343067224928379,51,1.0,0.0,0.7,0.8809840250407084,1,0.8047512934340229,2
38,1035,Experience 1035,Action,0.684933354468736,0.2628151072276272,0.2926692360835166,0.7930049789596304,54,Action,Strategy,0.6277124364182798,0.8343067224928379,51,1.0,0.0,0.05,0.6649567996652368,1,0.7745761595306073,3
38,1068,Experience 1068,Action,0.698456042052288,0.2594560290757449,0.3550613668330224,0.4325155932423661,21,Action,Strategy,0.6277124364182798,0.8343067224928379,51,1.0,0.0,0.5,0.7273489304147427,0,0.7504266885857427,4
38,1094,Experience 1094,Strategy,0.777065958629862,0.5840090382012306,0.3016147592800985,0.4118434403009737,40,Action,Strategy,0.6277124364182798,0.8343067224928379,51,0.0,1.0,0.1833333333333333,0.6739023228618188,0,0.5971685291661034,5
39,1063,Experience 1063,Strategy,0.7810917854701819,0.2349952712342425,0.5114173417348135,0.235256388415645,21,Strategy,Adventure,0.7730279382606403,0.6115192521557034,37,1.0,0.0,0.2666666666666666,0.7383894034741731,0,0.7361116162230859,1
39,1060,Experience 1060,Strategy,0.8620933017122632,0.1051567799118504,0.3772606570904063,0.1400554046894906,58,Strategy,Adventure,0.7730279382606403,0.6115192521557034,37,1.0,0.0,0.35,0.604232718829766,0,0.7214978002184264,2
39,1047,Experience 1047,Strategy,0.22550606962591,0.2148767550411004,0.6209051459122696,0.296299630453485,14,Strategy,Adventure,0.7730279382606403,0.6115192521557034,37,1.0,0.0,0.3833333333333333,0.8478772076516293,1,0.6199260205288064,3
39,1073,Experience 1073,Adventure,0.687693407311507,0.5642695337399875,0.7523432280065728,0.8351257910807337,50,Strategy,Adventure,0.7730279382606403,0.6115192521557034,37,0.0,1.0,0.2166666666666666,0.9793152897459324,0,0.5968936308851588,4
39,1118,Experience 1118,Adventure,0.6594774101626886,0.3565880675711896,0.5086937555214479,0.0351168111096665,58,Strategy,Adventure,0.7730279382606403,0.6115192521557034,37,0.0,1.0,0.35,0.7356658172608076,0,0.519065113999473,5
40,1069,Experience 1069,Puzzle,0.8068156107352968,0.6551858372056814,0.8842124935251735,0.2530347499296835,35,Puzzle,Social,0.597754004415354,0.2415083088896581,26,1.0,0.0,0.15,0.7135415108901805,0,0.8187572521001983,1
40,1004,Experience 1004,Puzzle,0.809305382335664,0.5027055170834634,0.7716046143560276,0.3920600224154432,16,Puzzle,Social,0.597754004415354,0.2415083088896581,26,1.0,0.0,0.1666666666666666,0.8261493900593264,1,0.817167833979654,2
40,1064,Experience 1064,Puzzle,0.6204758892789963,0.4435351922580418,0.6632419642315316,0.276207363456566,49,Puzzle,Social,0.597754004415354,0.2415083088896581,26,1.0,0.0,0.3833333333333333,0.9345120401838224,1,0.7834728346118353,3
40,1026,Experience 1026,Puzzle,0.7847705334160814,0.4236675665053301,0.2918167090217533,0.0158055554401338,14,Puzzle,Social,0.597754004415354,0.2415083088896581,26,1.0,0.0,0.2,0.6940627046063994,0,0.7826741483222187,4
40,1090,Experience 1090,Puzzle,0.5586098880458512,0.4251872277402517,0.5338484342208252,0.861814417816014,19,Puzzle,Social,0.597754004415354,0.2415083088896581,26,1.0,0.0,0.1166666666666666,0.9360944298054712,1,0.7791218361246441,5
41,1043,Experience 1043,Creative,0.8838983032607785,0.7641225701636372,0.5942808569171103,0.6062993981927156,47,Creative,Adventure,0.9357901090549008,0.7959058576563091,18,1.0,0.0,0.4833333333333333,0.6584907478622096,0,0.7834426253598867,1
41,1038,Experience 1038,Creative,0.8025898263845425,0.4058560569474049,0.8087225901435202,0.8729120163870842,60,Creative,Adventure,0.9357901090549008,0.7959058576563091,18,1.0,0.0,0.7,0.8729324810886195,0,0.7658130238719373,2
41,1099,Experience 1099,Adventure,0.8332801744008336,0.4077151465805127,0.8307594812615263,0.7545731382181347,49,Creative,Adventure,0.9357901090549008,0.7959058576563091,18,0.0,1.0,0.5166666666666667,0.8949693722066256,0,0.5875323110664411,3
41,1031,Experience 1031,Adventure,0.6267069522672452,0.6020379288394027,0.9395582128996094,0.5521627033044271,46,Creative,Adventure,0.9357901090549008,0.7959058576563091,18,0.0,1.0,0.4666666666666667,0.9962318961552912,0,0.5789519461511894,4
41,1017,Experience 1017,Adventure,0.8986224157650411,0.4138920991005588,0.5580723954683906,0.6429984233408326,53,Creative,Adventure,0.9357901090549008,0.7959058576563091,18,0.0,1.0,0.5833333333333334,0.6222822864134899,0,0.5418228306929569,5
42,1028,Experience 1028,Simulation,0.7474374024719366,0.7598079156453001,0.9057260947827066,0.4943145335346177,16,Simulation,Strategy,0.7567576198575581,0.4726161324403463,17,1.0,0.0,0.0166666666666666,0.8510315250748515,1,0.7898080985899582,1
42,1020,Experience 1020,Simulation,0.8220634578382588,0.5054615596538111,0.3982077558970217,0.6135164847298321,13,Simulation,Strategy,0.7567576198575581,0.4726161324403463,17,1.0,0.0,0.0666666666666666,0.6414501360394635,1,0.7439172060964436,2
42,1056,Experience 1056,Simulation,0.5850817489192739,0.1274880872408227,0.8708251250831834,0.1754622465790878,53,Simulation,Strategy,0.7567576198575581,0.4726161324403463,17,1.0,0.0,0.6,0.8859324947743746,1,0.6859668588681621,3
42,1078,Experience 1078,Simulation,0.9139745006021852,0.4875947260651535,0.1081242288365573,0.0386443098268846,51,Simulation,Strategy,0.7567576198575581,0.4726161324403463,17,1.0,0.0,0.5666666666666667,0.3513666089789993,0,0.6792244391114131,4
42,1112,Experience 1112,Simulation,0.2735953131794247,0.4885963348973961,0.6296328968909383,0.135038096056236,20,Simulation,Strategy,0.7567576198575581,0.4726161324403463,17,1.0,0.0,0.05,0.8728752770333802,1,0.675802144942945,5
43,1069,Experience 1069,Puzzle,0.8068156107352968,0.6551858372056814,0.8842124935251735,0.2530347499296835,35,Puzzle,Action,0.8102442261486626,0.9404811930268412,45,1.0,0.0,0.1666666666666666,0.9260317326234891,1,0.8383475605522464,1
43,1075,Experience 1075,Puzzle,0.7701763699744956,0.5714931074517187,0.7080993700732455,0.0043057756676786,58,Puzzle,Action,0.8102442261486626,0.9404811930268412,45,1.0,0.0,0.2166666666666666,0.8978551439245829,0,0.8240474749214164,2
43,1113,Experience 1113,Puzzle,0.3143534057607174,0.7407415888945685,0.7096912838106965,0.9437983681037112,40,Puzzle,Action,0.8102442261486626,0.9404811930268412,45,1.0,0.0,0.0833333333333333,0.8994470576620338,0,0.7561564758595077,3
43,1000,Experience 1000,Action,0.9096695293967186,0.6516437731703687,0.6290364009047581,0.2407530712142694,49,Puzzle,Action,0.8102442261486626,0.9404811930268412,45,0.0,1.0,0.0666666666666666,0.8187921747560954,1,0.6818764188976522,4
43,1093,Experience 1093,Puzzle,0.5054580561223759,0.3724006037822283,0.1444497473739812,0.982987171535907,29,Puzzle,Action,0.8102442261486626,0.9404811930268412,45,1.0,0.0,0.2666666666666666,0.3342055212253186,1,0.654661810538454,5
44,1017,Experience 1017,Adventure,0.8986224157650411,0.4138920991005588,0.5580723954683906,0.6429984233408326,53,Adventure,Action,0.2973105911172372,0.2727967513792886,40,1.0,0.0,0.2166666666666666,0.7392381956488465,0,0.7799438738407543,1
44,1051,Experience 1051,Adventure,0.7608650542535511,0.4945204429565272,0.5049786641965721,0.9492935230092574,34,Adventure,Action,0.2973105911172372,0.2727967513792886,40,1.0,0.0,0.1,0.792331926920665,1,0.768331470061512,2
44,1077,Experience 1077,Adventure,0.8965830938027713,0.1988675594053931,0.098043795325636,0.9940777724523784,46,Adventure,Action,0.2973105911172372,0.2727967513792886,40,1.0,0.0,0.1,0.8007332042083989,1,0.7679966853952136,3
44,1099,Experience 1099,Adventure,0.8332801744008336,0.4077151465805127,0.8307594812615263,0.7545731382181347,49,Adventure,Action,0.2973105911172372,0.2727967513792886,40,1.0,0.0,0.15,0.4665511098557109,0,0.7440019882769925,4
44,1040,Experience 1040,Adventure,0.8007594991172722,0.3266907558049443,0.1528993913771743,0.3143479426299048,10,Adventure,Action,0.2973105911172372,0.2727967513792886,40,1.0,0.0,0.5,0.8555888002599371,0,0.7346998552546974,5
45,1108,Experience 1108,Puzzle,0.8425576923542274,0.4822507608830354,0.666849920378606,0.8027206052883656,21,Puzzle,Simulation,0.6293647508010741,0.4403592702984529,22,1.0,0.0,0.0166666666666666,0.962514830422468,1,0.8122996054649562,1
45,1004,Experience 1004,Puzzle,0.809305382335664,0.5027055170834634,0.7716046143560276,0.3920600224154432,16,Puzzle,Simulation,0.6293647508010741,0.4403592702984529,22,1.0,0.0,0.1,0.8577601364450466,1,0.79560135753425,2
45,1053,Experience 1053,Puzzle,0.7426572934279929,0.7514869168546299,0.2904976508730454,0.8341208920021081,34,Puzzle,Simulation,0.6293647508010741,0.4403592702984529,22,1.0,0.0,0.2,0.6611329000719713,1,0.7513800568631734,3
45,1026,Experience 1026,Puzzle,0.7847705334160814,0.4236675665053301,0.2918167090217533,0.0158055554401338,14,Puzzle,Simulation,0.6293647508010741,0.4403592702984529,22,1.0,0.0,0.1333333333333333,0.6624519582206791,0,0.7499770430277992,4
45,1113,Experience 1113,Puzzle,0.3143534057607174,0.7407415888945685,0.7096912838106965,0.9437983681037112,40,Puzzle,Simulation,0.6293647508010741,0.4403592702984529,22,1.0,0.0,0.3,0.9196734669903776,0,0.7048999208754577,5
46,1006,Experience 1006,Action,0.8770181756508404,0.5275353377269014,0.8047332447846338,0.7517807092307816,28,Action,Puzzle,0.5404026176689226,0.2374339502468092,40,1.0,0.0,0.2,0.7356693728842888,1,0.8164657207956164,1
46,1055,Experience 1055,Action,0.9121309206982589,0.3826203354113438,0.2499073592941251,0.1919211614110854,38,Action,Puzzle,0.5404026176689226,0.2374339502468092,40,1.0,0.0,0.0333333333333333,0.7095047416252025,1,0.8149430328519138,2
46,1035,Experience 1035,Action,0.684933354468736,0.2628151072276272,0.2926692360835166,0.7930049789596304,54,Action,Puzzle,0.5404026176689226,0.2374339502468092,40,1.0,0.0,0.2333333333333333,0.7522666184145941,0,0.7599077470890075,3
46,1069,Experience 1069,Puzzle,0.8068156107352968,0.6551858372056814,0.8842124935251735,0.2530347499296835,35,Action,Puzzle,0.5404026176689226,0.2374339502468092,40,0.0,1.0,0.0833333333333333,0.6561901241437491,1,0.6520268072908287,4
46,1026,Experience 1026,Puzzle,0.7847705334160814,0.4236675665053301,0.2918167090217533,0.0158055554401338,14,Action,Puzzle,0.5404026176689226,0.2374339502468092,40,0.0,1.0,0.4333333333333333,0.7514140913528307,0,0.5880008352862361,5
47,1094,Experience 1094,Strategy,0.777065958629862,0.5840090382012306,0.3016147592800985,0.4118434403009737,40,Strategy,Action,0.6814154386427741,0.437437033722563,46,1.0,0.0,0.1,0.6201993206373244,1,0.7489331733125784,1
47,1060,Experience 1060,Strategy,0.8620933017122632,0.1051567799118504,0.3772606570904063,0.1400554046894906,58,Strategy,Action,0.6814154386427741,0.437437033722563,46,1.0,0.0,0.2,0.6958452184476323,0,0.7469780388654086,2
47,1080,Experience 1080,Strategy,0.4960287753620589,0.3772823688301061,0.669450532879556,0.5189146424870842,16,Strategy,Action,0.6814154386427741,0.437437033722563,46,1.0,0.0,0.5,0.988035094236782,1,0.7040785860379376,3
47,1044,Experience 1044,Action,0.8578996664042653,0.7405382156713768,0.540545681694017,0.9388053542070384,40,Strategy,Action,0.6814154386427741,0.437437033722563,46,0.0,1.0,0.1,0.8591302430512429,1,0.6466856213589068,4
47,1116,Experience 1116,Action,0.6678760843020042,0.5482724230839826,0.6479003468582198,0.8466710505082435,57,Strategy,Action,0.6814154386427741,0.437437033722563,46,0.0,1.0,0.1833333333333333,0.9664849082154456,0,0.6050557512328614,5
48,1031,Experience 1031,Adventure,0.6267069522672452,0.6020379288394027,0.9395582128996094,0.5521627033044271,46,Adventure,Strategy,0.909861403342714,0.3681088340319913,23,1.0,0.0,0.3833333333333333,0.9703031904431048,0,0.7569652255065166,1
48,1073,Experience 1073,Adventure,0.687693407311507,0.5642695337399875,0.7523432280065728,0.8351257910807337,50,Adventure,Strategy,0.909861403342714,0.3681088340319913,23,1.0,0.0,0.45,0.8424818246638587,0,0.7369049155188776,2
48,1101,Experience 1101,Adventure,0.7760911633714107,0.1624374115097873,0.2510263664566988,0.468231405693584,28,Adventure,Strategy,0.909861403342714,0.3681088340319913,23,1.0,0.0,0.0833333333333333,0.3411649631139846,0,0.6723962375178643,3
48,1057,Experience 1057,Adventure,0.6456559365327232,0.2179960435691,0.3788184780326499,0.8119882015105448,28,Adventure,Strategy,0.909861403342714,0.3681088340319913,23,1.0,0.0,0.0833333333333333,0.4689570746899357,1,0.6676417406283099,4
48,1040,Experience 1040,Adventure,0.8007594991172722,0.3266907558049443,0.1528993913771743,0.3143479426299048,10,Adventure,Strategy,0.909861403342714,0.3681088340319913,23,1.0,0.0,0.2166666666666666,0.2430379880344602,0,0.6561893549731642,5
49,1067,Experience 1067,Creative,0.788764048918011,0.4580972487220676,0.5921026845821029,0.4299570499000478,43,Creative,Action,0.3669830140011828,0.4411491411660861,40,1.0,0.0,0.05,0.7748803294190798,1,0.800348854439666,1
49,1062,Experience 1062,Creative,0.7566608128373626,0.2501254620138091,0.431135077105207,0.8144738760309339,50,Creative,Action,0.3669830140011828,0.4411491411660861,40,1.0,0.0,0.1666666666666666,0.9358479368959758,0,0.7891213731257265,2
49,1065,Experience 1065,Creative,0.7619316682455927,0.3645751585148475,0.2630179910479239,0.9645188861392016,47,Creative,Action,0.3669830140011828,0.4411491411660861,40,1.0,0.0,0.1166666666666666,0.8960349770467412,0,0.7888133383755521,3
49,1055,Experience 1055,Action,0.9121309206982589,0.3826203354113438,0.2499073592941251,0.1919211614110854,38,Creative,Action,0.3669830140011828,0.4411491411660861,40,0.0,1.0,0.0333333333333333,0.8829243452929424,0,0.6535513953947815,4
49,1009,Experience 1009,Action,0.7987178764315418,0.3460501829476273,0.2238314684756084,0.130890330850495,53,Creative,Action,0.3669830140011828,0.4411491411660861,40,0.0,1.0,0.2166666666666666,0.8568484544744257,0,0.6041122231860062,5
50,1069,Experience 1069,Puzzle,0.8068156107352968,0.6551858372056814,0.8842124935251735,0.2530347499296835,35,Puzzle,Adventure,0.5442977036889903,0.795326137919222,41,1.0,0.0,0.1,0.6600852101638168,1,0.810356379697632,1
50,1108,Experience 1108,Puzzle,0.8425576923542274,0.4822507608830354,0.666849920378606,0.8027206052883656,21,Puzzle,Adventure,0.5442977036889903,0.795326137919222,41,1.0,0.0,0.3333333333333333,0.8774477833103843,0,0.8055183659241547,2
50,1026,Experience 1026,Puzzle,0.7847705334160814,0.4236675665053301,0.2918167090217533,0.0158055554401338,14,Puzzle,Adventure,0.5442977036889903,0.795326137919222,41,1.0,0.0,0.45,0.7475190053327629,0,0.7639721063715321,3
50,1072,Experience 1072,Puzzle,0.7449779069249327,0.3414623639761886,0.973475515285742,0.3783180142237856,25,Puzzle,Adventure,0.5442977036889903,0.795326137919222,41,1.0,0.0,0.2666666666666666,0.5708221884032483,1,0.7613770524033131,4
50,1054,Experience 1054,Puzzle,0.6795756146978778,0.2537314254122666,0.2509959349159629,0.6813294726896911,34,Puzzle,Adventure,0.5442977036889903,0.795326137919222,41,1.0,0.0,0.1166666666666666,0.7066982312269726,0,0.7515222723131568,5
51,1069,Experience 1069,Puzzle,0.8068156107352968,0.6551858372056814,0.8842124935251735,0.2530347499296835,35,Puzzle,Sports,0.3220725187035839,0.6623332968058295,29,1.0,0.0,0.1,0.4378600251784104,0,0.8029488394696741,1
51,1003,Experience 1003,Puzzle,0.7658593377467232,0.3759100169419204,0.0773164253661275,0.4674845394285718,49,Puzzle,Sports,0.3220725187035839,0.6623332968058295,29,1.0,0.0,0.3333333333333333,0.7552439066625436,1,0.7822410796586433,2
51,1113,Experience 1113,Puzzle,0.3143534057607174,0.7407415888945685,0.7096912838106965,0.9437983681037112,40,Puzzle,Sports,0.3220725187035839,0.6623332968058295,29,1.0,0.0,0.1833333333333333,0.6123812348928874,1,0.7235402667086592,3
51,1111,Experience 1111,Sports,0.9428982678236224,0.8155250577848677,0.575778764164542,0.2547283501174674,25,Puzzle,Sports,0.3220725187035839,0.6623332968058295,29,0.0,1.0,0.0666666666666666,0.7462937545390419,1,0.7144564166845443,4
51,1104,Experience 1104,Sports,0.7763284069557427,0.7928984171430337,0.1707069630824686,0.4638281104628762,33,Puzzle,Sports,0.3220725187035839,0.6623332968058295,29,0.0,1.0,0.0666666666666666,0.8486344443788847,0,0.6783568932383038,5
52,1078,Experience 1078,Simulation,0.9139745006021852,0.4875947260651535,0.1081242288365573,0.0386443098268846,51,Simulation,Social,0.2413814556273404,0.6767977685338706,31,1.0,0.0,0.3333333333333333,0.8667427732092168,1,0.8167080548873985,1
52,1028,Experience 1028,Simulation,0.7474374024719366,0.7598079156453001,0.9057260947827066,0.4943145335346177,16,Simulation,Social,0.2413814556273404,0.6767977685338706,31,1.0,0.0,0.25,0.3356553608446339,1,0.7584453254726866,2
52,1061,Experience 1061,Social,0.9515114053456256,0.4883887845440612,0.3838014404080356,0.6777086144544695,56,Simulation,Social,0.2413814556273404,0.6767977685338706,31,0.0,1.0,0.4166666666666667,0.8575800152193049,0,0.7174344028569709,3
52,1025,Experience 1025,Social,0.838744739121835,0.7279884901895025,0.5876677647056102,0.0811540004238993,14,Simulation,Social,0.2413814556273404,0.6767977685338706,31,0.0,1.0,0.2833333333333333,0.6537136909217303,0,0.6958132051430674,4
52,1098,Experience 1098,Social,0.534058177188557,0.4459803600128759,0.2707495249900757,0.7298152463028666,35,Simulation,Social,0.2413814556273404,0.6767977685338706,31,0.0,1.0,0.0666666666666666,0.9706319306372648,1,0.6644560507038726,5
53,1067,Experience 1067,Creative,0.788764048918011,0.4580972487220676,0.5921026845821029,0.4299570499000478,43,Creative,Simulation,0.6273058982796391,0.5692009746773848,21,1.0,0.0,0.3666666666666666,0.9647967863024638,1,0.7880496335669243,1
53,1076,Experience 1076,Creative,0.7805257487778566,0.3562342599893083,0.7812983230640933,0.571167362055741,8,Creative,Simulation,0.6273058982796391,0.5692009746773848,21,1.0,0.0,0.2166666666666666,0.8460075752155458,1,0.7770161613662793,2
53,1021,Experience 1021,Creative,0.6317033375365485,0.227795161908673,0.5969784094803497,0.8897794665398687,40,Creative,Simulation,0.6273058982796391,0.5692009746773848,21,1.0,0.0,0.3166666666666666,0.9696725112007106,0,0.7473770942831045,3
53,1095,Experience 1095,Creative,0.5802362817422383,0.4006003917193433,0.7708173982045061,0.4033544032491283,54,Creative,Simulation,0.6273058982796391,0.5692009746773848,21,1.0,0.0,0.55,0.856488500075133,1,0.7244869093129308,4
53,1025,Experience 1025,Social,0.838744739121835,0.7279884901895025,0.5876677647056102,0.0811540004238993,14,Creative,Simulation,0.6273058982796391,0.5692009746773848,21,0.0,0.0,0.1166666666666666,0.9603618664259712,1,0.5573222057582192,5
54,1006,Experience 1006,Action,0.8770181756508404,0.5275353377269014,0.8047332447846338,0.7517807092307816,28,Action,Puzzle,0.7077671821061907,0.6632711021211132,34,1.0,0.0,0.1,0.9030339373215568,1,0.8475939845279163,1
54,1103,Experience 1103,Action,0.6677544964493587,0.4461723957193605,0.794276194278496,0.1853752728024856,59,Action,Puzzle,0.7077671821061907,0.6632711021211132,34,1.0,0.0,0.4166666666666667,0.9134909878276948,0,0.802110596088798,2
54,1032,Experience 1032,Action,0.9183909657409184,0.1782087510115781,0.2798409650960937,0.836613041032693,59,Action,Puzzle,0.7077671821061907,0.6632711021211132,34,1.0,0.0,0.4166666666666667,0.572073782989903,1,0.7726568435273938,3
54,1068,Experience 1068,Action,0.698456042052288,0.2594560290757449,0.3550613668330224,0.4325155932423661,21,Action,Puzzle,0.7077671821061907,0.6632711021211132,34,1.0,0.0,0.2166666666666666,0.6472941847268316,0,0.7614393256322807,4
54,1086,Experience 1086,Action,0.6307900998772656,0.1325899003231649,0.3014212434741936,0.1888364204756389,42,Action,Puzzle,0.7077671821061907,0.6632711021211132,34,1.0,0.0,0.1333333333333333,0.5936540613680029,0,0.7444536401881201,5
55,1034,Experience 1034,Strategy,0.5016628944231066,0.7184788322001798,0.7569144817322334,0.2251776661055454,11,Strategy,Social,0.7802008290149133,0.798104274492853,31,1.0,0.0,0.3333333333333333,0.97671365271732,0,0.7809353062988347,1
55,1094,Experience 1094,Strategy,0.777065958629862,0.5840090382012306,0.3016147592800985,0.4118434403009737,40,Strategy,Social,0.7802008290149133,0.798104274492853,31,1.0,0.0,0.15,0.5214139302651852,0,0.7705151382998124,2
55,1025,Experience 1025,Social,0.838744739121835,0.7279884901895025,0.5876677647056102,0.0811540004238993,14,Strategy,Social,0.7802008290149133,0.798104274492853,31,0.0,1.0,0.2833333333333333,0.8074669356906969,0,0.7255052050261791,3
55,1085,Experience 1085,Social,0.715133524882573,0.3923165755464828,0.681782684374937,0.3715432084063615,41,Strategy,Social,0.7802008290149133,0.798104274492853,31,0.0,1.0,0.1666666666666666,0.9015818553600238,1,0.7071752005496033,4
55,1014,Experience 1014,Social,0.7084360738896248,0.6919622480914536,0.5066406143622445,0.7631554898199004,35,Strategy,Social,0.7802008290149133,0.798104274492853,31,0.0,1.0,0.0666666666666666,0.7264397853473312,1,0.6975629550511626,5
56,1063,Experience 1063,Strategy,0.7810917854701819,0.2349952712342425,0.5114173417348135,0.235256388415645,21,Strategy,Simulation,0.7895405489249249,0.2265666685071464,32,1.0,0.0,0.1833333333333333,0.7218767928098886,1,0.7166660741757405,1
56,1047,Experience 1047,Strategy,0.22550606962591,0.2148767550411004,0.6209051459122696,0.296299630453485,14,Strategy,Simulation,0.7895405489249249,0.2265666685071464,32,1.0,0.0,0.3,0.8313645969873448,0,0.5966106627979716,2
56,1028,Experience 1028,Simulation,0.7474374024719366,0.7598079156453001,0.9057260947827066,0.4943145335346177,16,Strategy,Simulation,0.7895405489249249,0.2265666685071464,32,0.0,1.0,0.2666666666666666,0.8838144541422183,0,0.5819579288271655,3
56,1033,Experience 1033,Simulation,0.8859147305780027,0.259942782541492,0.2648265360525452,0.1086571032622624,31,Strategy,Simulation,0.7895405489249249,0.2265666685071464,32,0.0,1.0,0.0166666666666666,0.4752859871276204,0,0.5164539112991823,4
56,1107,Experience 1107,Social,0.7428970964662264,0.8045676070342606,0.8160785123357384,0.9076048913904824,23,Strategy,Simulation,0.7895405489249249,0.2265666685071464,32,0.0,0.0,0.15,0.9734620365891864,0,0.5138353933262644,5
57,1019,Experience 1019,Puzzle,0.5059661119161158,0.8228200647408448,0.2570325653065184,0.9988296373336586,24,Puzzle,Action,0.5115034064858688,0.6825397215372595,18,1.0,0.0,0.1,0.7455291588206496,0,0.7426721862709653,1
57,1030,Experience 1030,Puzzle,0.5255875329645523,0.2576702884243441,0.6969604774228595,0.5681673512913645,13,Puzzle,Action,0.5115034064858688,0.6825397215372595,18,1.0,0.0,0.0833333333333333,0.8145429290630093,0,0.7391563996874903,2
57,1081,Experience 1081,Puzzle,0.5738102986510725,0.5468042713764619,0.3811493240377567,0.8099407364448706,60,Puzzle,Action,0.5115034064858688,0.6825397215372595,18,1.0,0.0,0.7,0.8696459175518879,0,0.7182169158628249,3
57,1006,Experience 1006,Action,0.8770181756508404,0.5275353377269014,0.8047332447846338,0.7517807092307816,28,Puzzle,Action,0.5115034064858688,0.6825397215372595,18,0.0,1.0,0.1666666666666666,0.706770161701235,0,0.6145338848835495,4
57,1111,Experience 1111,Sports,0.9428982678236224,0.8155250577848677,0.575778764164542,0.2547283501174674,25,Puzzle,Action,0.5115034064858688,0.6825397215372595,18,0.0,0.0,0.1166666666666666,0.9357246423213268,0,0.5437197366877331,5
58,1008,Experience 1008,Adventure,0.8415828324170402,0.3364498304651394,0.599089106012921,0.2728043301458357,40,Adventure,Strategy,0.2697836608056365,0.5291450612270583,53,1.0,0.0,0.2166666666666666,0.6706945547927156,1,0.7730593227252708,1
58,1101,Experience 1101,Adventure,0.7760911633714107,0.1624374115097873,0.2510263664566988,0.468231405693584,28,Adventure,Strategy,0.2697836608056365,0.5291450612270583,53,1.0,0.0,0.4166666666666667,0.9812427056510622,1,0.7627180275429686,2
58,1051,Experience 1051,Adventure,0.7608650542535511,0.4945204429565272,0.5049786641965721,0.9492935230092574,34,Adventure,Strategy,0.2697836608056365,0.5291450612270583,53,1.0,0.0,0.3166666666666666,0.7648049966090644,1,0.7624520243641383,3
58,1011,Experience 1011,Strategy,0.8438936347604792,0.3089791482471649,0.5527453913687409,0.302964628837302,52,Adventure,Strategy,0.2697836608056365,0.5291450612270583,53,0.0,1.0,0.0166666666666666,0.7170382694368956,0,0.6010284965703525,4
58,1039,Experience 1039,Social,0.8194814495513689,0.2752805682140255,0.2419454802582048,0.889899007072331,47,Adventure,Strategy,0.2697836608056365,0.5291450612270583,53,0.0,0.0,0.1,0.9721618194525684,0,0.5294300378994474,5
59,1107,Experience 1107,Social,0.7428970964662264,0.8045676070342606,0.8160785123357384,0.9076048913904824,23,Social,Strategy,0.9554972786171704,0.2178739991815354,53,1.0,0.0,0.5,0.8605812337185679,1,0.8202249758872464,1
59,1059,Experience 1059,Social,0.7489549716721217,0.4911530499138364,0.6826986067555766,0.9132851837019758,49,Social,Strategy,0.9554972786171704,0.2178739991815354,53,1.0,0.0,0.0666666666666666,0.7272013281384061,0,0.8200150128268806,2
59,1014,Experience 1014,Social,0.7084360738896248,0.6919622480914536,0.5066406143622445,0.7631554898199004,35,Social,Strategy,0.9554972786171704,0.2178739991815354,53,1.0,0.0,0.3,0.551143335745074,0,0.782818730392102,3
59,1074,Experience 1074,Social,0.7411737446379107,0.1336446501121093,0.5667526591354218,0.2130749343990023,32,Social,Strategy,0.9554972786171704,0.2178739991815354,53,1.0,0.0,0.35,0.6112553805182513,0,0.7680789795547719,4
59,1097,Experience 1097,Social,0.6621084266035628,0.3766200397542547,0.5070806368539267,0.2458755870050586,23,Social,Strategy,0.9554972786171704,0.2178739991815354,53,1.0,0.0,0.5,0.5515833582367562,0,0.7442004600735824,5
60,1039,Experience 1039,Social,0.8194814495513689,0.2752805682140255,0.2419454802582048,0.889899007072331,47,Social,Strategy,0.103245751826977,0.4777914314389868,47,1.0,0.0,0.0,0.8613002715687722,1,0.8415904994595929,1
60,1014,Experience 1014,Social,0.7084360738896248,0.6919622480914536,0.5066406143622445,0.7631554898199004,35,Social,Strategy,0.103245751826977,0.4777914314389868,47,1.0,0.0,0.2,0.5966051374647325,1,0.8101051480306517,2
60,1059,Experience 1059,Social,0.7489549716721217,0.4911530499138364,0.6826986067555766,0.9132851837019758,49,Social,Strategy,0.103245751826977,0.4777914314389868,47,1.0,0.0,0.0333333333333333,0.4205471450714004,1,0.8035415209933509,3
60,1109,Experience 1109,Social,0.5415451963988065,0.6320276759129257,0.4602651355822746,0.2660308726216652,48,Social,Strategy,0.103245751826977,0.4777914314389868,47,1.0,0.0,0.0166666666666666,0.6429806162447025,1,0.8017588229906705,4
60,1097,Experience 1097,Social,0.6621084266035628,0.3766200397542547,0.5070806368539267,0.2458755870050586,23,Social,Strategy,0.103245751826977,0.4777914314389868,47,1.0,0.0,0.4,0.5961651149730504,0,0.7748356798516709,5
61,1046,Experience 1046,Puzzle,0.9358581895296346,0.2937905951089806,0.3646871905132503,0.5570017818814502,30,Puzzle,Social,0.5199104695268489,0.7855205487620446,52,1.0,0.0,0.3666666666666666,0.8447767209864014,0,0.8324405107552307,1
61,1069,Experience 1069,Puzzle,0.8068156107352968,0.6551858372056814,0.8842124935251735,0.2530347499296835,35,Puzzle,Social,0.5199104695268489,0.7855205487620446,52,1.0,0.0,0.2833333333333333,0.6356979760016754,0,0.8275212963156963,2
61,1108,Experience 1108,Puzzle,0.8425576923542274,0.4822507608830354,0.666849920378606,0.8027206052883656,21,Puzzle,Social,0.5199104695268489,0.7855205487620446,52,1.0,0.0,0.5166666666666667,0.8530605491482429,1,0.8230255457146316,3
61,1072,Experience 1072,Puzzle,0.7449779069249327,0.3414623639761886,0.973475515285742,0.3783180142237856,25,Puzzle,Social,0.5199104695268489,0.7855205487620446,52,1.0,0.0,0.45,0.5464349542411069,0,0.7817813569575381,4
61,1029,Experience 1029,Puzzle,0.3418174116264629,0.7473540601800795,0.2448417750345193,0.4073623878629723,57,Puzzle,Social,0.5199104695268489,0.7855205487620446,52,1.0,0.0,0.0833333333333333,0.7249313055076704,1,0.7649370055943894,5
62,1082,Experience 1082,Adventure,0.940069744877272,0.6645999956719907,0.1368397110942475,0.0890420050750532,28,Adventure,Social,0.1768601035997239,0.4846123737436148,48,1.0,0.0,0.3333333333333333,0.9599796074945236,1,0.8418573216808866,1
62,1051,Experience 1051,Adventure,0.7608650542535511,0.4945204429565272,0.5049786641965721,0.9492935230092574,34,Adventure,Social,0.1768601035997239,0.4846123737436148,48,1.0,0.0,0.2333333333333333,0.6718814394031518,1,0.7857962329822861,2
62,1118,Experience 1118,Adventure,0.6594774101626886,0.3565880675711896,0.5086937555214479,0.0351168111096665,58,Adventure,Social,0.1768601035997239,0.4846123737436148,48,1.0,0.0,0.1666666666666666,0.668166348078276,1,0.7755796498632507,3
62,1073,Experience 1073,Adventure,0.687693407311507,0.5642695337399875,0.7523432280065728,0.8351257910807337,50,Adventure,Social,0.1768601035997239,0.4846123737436148,48,1.0,0.0,0.0333333333333333,0.4245168755931511,1,0.770780828439205,4
62,1096,Experience 1096,Adventure,0.7903170826018652,0.4751627362769494,0.5362341337297925,0.9233469677258124,13,Adventure,Social,0.1768601035997239,0.4846123737436148,48,1.0,0.0,0.5833333333333334,0.6406259698699315,0,0.7583363507543859,5
63,1052,Experience 1052,Creative,0.6879474895864814,0.8150878066775633,0.5427584275418881,0.4028796085076296,43,Creative,Simulation,0.1368783055562749,0.2700577648689222,36,1.0,0.0,0.1166666666666666,0.5941198780143868,0,0.7612802944576765,1
63,1062,Experience 1062,Creative,0.7566608128373626,0.2501254620138091,0.431135077105207,0.8144738760309339,50,Creative,Simulation,0.1368783055562749,0.2700577648689222,36,1.0,0.0,0.2333333333333333,0.705743228451068,1,0.7419573876559965,2
63,1021,Experience 1021,Creative,0.6317033375365485,0.227795161908673,0.5969784094803497,0.8897794665398687,40,Creative,Simulation,0.1368783055562749,0.2700577648689222,36,1.0,0.0,0.0666666666666666,0.5398998960759251,0,0.708806149290768,3
63,1038,Experience 1038,Creative,0.8025898263845425,0.4058560569474049,0.8087225901435202,0.8729120163870842,60,Creative,Simulation,0.1368783055562749,0.2700577648689222,36,1.0,0.0,0.4,0.3281557154127548,0,0.7064900406713346,4
63,1095,Experience 1095,Creative,0.5802362817422383,0.4006003917193433,0.7708173982045061,0.4033544032491283,54,Creative,Simulation,0.1368783055562749,0.2700577648689222,36,1.0,0.0,0.3,0.3660609073517689,0,0.6745814574438133,5
64,1025,Experience 1025,Social,0.838744739121835,0.7279884901895025,0.5876677647056102,0.0811540004238993,14,Social,Sports,0.574976942315288,0.2803853181587182,50,1.0,0.0,0.6,0.9873091776096776,1,0.8584681346652738,1
64,1074,Experience 1074,Social,0.7411737446379107,0.1336446501121093,0.5667526591354218,0.2130749343990023,32,Social,Sports,0.574976942315288,0.2803853181587182,50,1.0,0.0,0.3,0.991775716820134,1,0.8396808036007334,2
64,1109,Experience 1109,Social,0.5415451963988065,0.6320276759129257,0.4602651355822746,0.2660308726216652,48,Social,Sports,0.574976942315288,0.2803853181587182,50,1.0,0.0,0.0333333333333333,0.8852881932669867,0,0.8369644029498166,3
64,1058,Experience 1058,Social,0.5666390936836835,0.5294440043668863,0.4156619036213059,0.2647117106195373,52,Social,Sports,0.574976942315288,0.2803853181587182,50,1.0,0.0,0.0333333333333333,0.8406849613060179,0,0.831299835631502,4
64,1084,Experience 1084,Social,0.6722561348379004,0.2863456816441453,0.5362524927433157,0.7470758006298863,26,Social,Sports,0.574976942315288,0.2803853181587182,50,1.0,0.0,0.4,0.9612755504280276,0,0.8227621124280969,5
65,1066,Experience 1066,Strategy,0.5933044321129625,0.8148765601157231,0.9082281614290438,0.2645976053461583,23,Strategy,Creative,0.4673254637595925,0.644202484299072,16,1.0,0.0,0.1166666666666666,0.5590973023305487,1,0.742648548579182,1
65,1034,Experience 1034,Strategy,0.5016628944231066,0.7184788322001798,0.7569144817322334,0.2251776661055454,11,Strategy,Creative,0.4673254637595925,0.644202484299072,16,1.0,0.0,0.0833333333333333,0.7104109820273591,0,0.7361551776669353,2
65,1047,Experience 1047,Strategy,0.22550606962591,0.2148767550411004,0.6209051459122696,0.296299630453485,14,Strategy,Creative,0.4673254637595925,0.644202484299072,16,1.0,0.0,0.0333333333333333,0.8464203178473229,1,0.6648410335813644,3
65,1110,Experience 1110,Creative,0.8487034770737338,0.6513439158584452,0.7080979103356375,0.2741343936886083,18,Strategy,Creative,0.4673254637595925,0.644202484299072,16,0.0,1.0,0.0333333333333333,0.759227553423955,0,0.647383663803912,4
65,1076,Experience 1076,Creative,0.7805257487778566,0.3562342599893083,0.7812983230640933,0.571167362055741,8,Strategy,Creative,0.4673254637595925,0.644202484299072,16,0.0,1.0,0.1333333333333333,0.6860271406954992,0,0.5851518963809582,5
66,1044,Experience 1044,Action,0.8578996664042653,0.7405382156713768,0.540545681694017,0.9388053542070384,40,Action,Puzzle,0.3162873511524109,0.4093541059288814,19,1.0,0.0,0.35,0.7757416694583941,0,0.8126899887660902,1
66,1068,Experience 1068,Action,0.698456042052288,0.2594560290757449,0.3550613668330224,0.4325155932423661,21,Action,Puzzle,0.3162873511524109,0.4093541059288814,19,1.0,0.0,0.0333333333333333,0.9612259843193884,1,0.8022481582926637,2
66,1032,Experience 1032,Action,0.9183909657409184,0.1782087510115781,0.2798409650960937,0.836613041032693,59,Action,Puzzle,0.3162873511524109,0.4093541059288814,19,1.0,0.0,0.6666666666666666,0.9635536139436828,1,0.7916912285189837,3
66,1035,Experience 1035,Action,0.684933354468736,0.2628151072276272,0.2926692360835166,0.7930049789596304,54,Action,Puzzle,0.3162873511524109,0.4093541059288814,19,1.0,0.0,0.5833333333333334,0.9763818849311056,0,0.7625770764162921,4
66,1103,Experience 1103,Action,0.6677544964493587,0.4461723957193605,0.794276194278496,0.1853752728024856,59,Action,Puzzle,0.3162873511524109,0.4093541059288814,19,1.0,0.0,0.6666666666666666,0.522011156873915,1,0.7229678823090965,5
67,1028,Experience 1028,Simulation,0.7474374024719366,0.7598079156453001,0.9057260947827066,0.4943145335346177,16,Simulation,Social,0.9176869624417804,0.4772620541932371,16,1.0,0.0,0.0,0.988039132340926,1,0.8311485285184739,1
67,1056,Experience 1056,Simulation,0.5850817489192739,0.1274880872408227,0.8708251250831834,0.1754622465790878,53,Simulation,Social,0.9176869624417804,0.4772620541932371,16,1.0,0.0,0.6166666666666667,0.9531381626414028,0,0.7287077685951949,2
67,1033,Experience 1033,Simulation,0.8859147305780027,0.259942782541492,0.2648265360525452,0.1086571032622624,31,Simulation,Social,0.9176869624417804,0.4772620541932371,16,1.0,0.0,0.25,0.3471395736107647,0,0.7219444856541585,3
67,1114,Experience 1114,Simulation,0.9094073794904848,0.2867325336723821,0.0751050358773748,0.4020477981570693,23,Simulation,Social,0.9176869624417804,0.4772620541932371,16,1.0,0.0,0.1166666666666666,0.1574180734355943,0,0.7026010069953793,4
67,1025,Experience 1025,Social,0.838744739121835,0.7279884901895025,0.5876677647056102,0.0811540004238993,14,Simulation,Social,0.9176869624417804,0.4772620541932371,16,0.0,1.0,0.0333333333333333,0.6699808022638297,1,0.6960404937509007,5
68,1052,Experience 1052,Creative,0.6879474895864814,0.8150878066775633,0.5427584275418881,0.4028796085076296,43,Creative,Action,0.4828711119788113,0.0552349442885777,54,1.0,0.0,0.1833333333333333,0.9401126844369232,1,0.8010392036897553,1
68,1062,Experience 1062,Creative,0.7566608128373626,0.2501254620138091,0.431135077105207,0.8144738760309339,50,Creative,Action,0.4828711119788113,0.0552349442885777,54,1.0,0.0,0.0666666666666666,0.9482639651263958,0,0.7882963645012809,2
68,1038,Experience 1038,Creative,0.8025898263845425,0.4058560569474049,0.8087225901435202,0.8729120163870842,60,Creative,Action,0.4828711119788113,0.0552349442885777,54,1.0,0.0,0.1,0.6741485218352911,0,0.7800744573812407,3
68,1087,Experience 1087,Creative,0.7417160017369715,0.3980069401610766,0.5803538931422866,0.1954958273965873,33,Creative,Action,0.4828711119788113,0.0552349442885777,54,1.0,0.0,0.35,0.9025172188365248,0,0.7738800152466653,4
68,1110,Experience 1110,Creative,0.8487034770737338,0.6513439158584452,0.7080979103356375,0.2741343936886083,18,Creative,Action,0.4828711119788113,0.0552349442885777,54,1.0,0.0,0.6,0.7747732016431738,0,0.7731335780024203,5
69,1076,Experience 1076,Creative,0.7805257487778566,0.3562342599893083,0.7812983230640933,0.571167362055741,8,Creative,Puzzle,0.6624498205659797,0.7440097611302436,18,1.0,0.0,0.1666666666666666,0.8811514975018864,1,0.807644437429065,1
69,1021,Experience 1021,Creative,0.6317033375365485,0.227795161908673,0.5969784094803497,0.8897794665398687,40,Creative,Puzzle,0.6624498205659797,0.7440097611302436,18,1.0,0.0,0.3666666666666666,0.93452858891437,0,0.764832348063379,2
69,1065,Experience 1065,Creative,0.7619316682455927,0.3645751585148475,0.2630179910479239,0.9645188861392016,47,Creative,Puzzle,0.6624498205659797,0.7440097611302436,18,1.0,0.0,0.4833333333333333,0.6005681704819443,1,0.7349204505406175,3
69,1108,Experience 1108,Puzzle,0.8425576923542274,0.4822507608830354,0.666849920378606,0.8027206052883656,21,Creative,Puzzle,0.6624498205659797,0.7440097611302436,18,0.0,1.0,0.05,0.9955999001873737,0,0.6869413106462889,4
69,1004,Experience 1004,Puzzle,0.809305382335664,0.5027055170834634,0.7716046143560276,0.3920600224154432,16,Creative,Puzzle,0.6624498205659797,0.7440097611302436,18,0.0,1.0,0.0333333333333333,0.8908452062099521,1,0.6730536584596883,5
70,1115,Experience 1115,Simulation,0.626658707429628,0.7075065986188209,0.5404405149990236,0.2246894745458737,42,Simulation,Puzzle,0.3665907355184226,0.2236191738690659,26,1.0,0.0,0.2666666666666666,0.8261502205193991,0,0.7509800792507878,1
70,1028,Experience 1028,Simulation,0.7474374024719366,0.7598079156453001,0.9057260947827066,0.4943145335346177,16,Simulation,Puzzle,0.3665907355184226,0.2236191738690659,26,1.0,0.0,0.1666666666666666,0.460864640735716,0,0.7411382746603477,2
70,1016,Experience 1016,Simulation,0.6327408434291123,0.2893552650923534,0.337198205686132,0.4979318527888876,53,Simulation,Puzzle,0.3665907355184226,0.2236191738690659,26,1.0,0.0,0.45,0.9706074701677094,1,0.725409686965105,3
70,1056,Experience 1056,Simulation,0.5850817489192739,0.1274880872408227,0.8708251250831834,0.1754622465790878,53,Simulation,Puzzle,0.3665907355184226,0.2236191738690659,26,1.0,0.0,0.45,0.4957656104352392,1,0.6538386949315763,4
70,1026,Experience 1026,Puzzle,0.7847705334160814,0.4236675665053301,0.2918167090217533,0.0158055554401338,14,Simulation,Puzzle,0.3665907355184226,0.2236191738690659,26,0.0,1.0,0.2,0.9252259735033308,0,0.6002639416940658,5
71,1044,Experience 1044,Action,0.8578996664042653,0.7405382156713768,0.540545681694017,0.9388053542070384,40,Action,Puzzle,0.3613367526729082,0.2272103883066419,20,1.0,0.0,0.3333333333333333,0.8207910709788913,1,0.8128452111918024,1
71,1055,Experience 1055,Action,0.9121309206982589,0.3826203354113438,0.2499073592941251,0.1919211614110854,38,Action,Puzzle,0.3613367526729082,0.2272103883066419,20,1.0,0.0,0.3,0.8885706066212169,0,0.8119516826376524,2
71,1000,Experience 1000,Action,0.9096695293967186,0.6516437731703687,0.6290364009047581,0.2407530712142694,49,Action,Puzzle,0.3613367526729082,0.2272103883066419,20,1.0,0.0,0.4833333333333333,0.7323003517681501,0,0.8054567809571995,3
71,1068,Experience 1068,Action,0.698456042052288,0.2594560290757449,0.3550613668330224,0.4325155932423661,21,Action,Puzzle,0.3613367526729082,0.2272103883066419,20,1.0,0.0,0.0166666666666666,0.9937246141601142,1,0.8010030489882894,4
71,1035,Experience 1035,Action,0.684933354468736,0.2628151072276272,0.2926692360835166,0.7930049789596304,54,Action,Puzzle,0.3613367526729082,0.2272103883066419,20,1.0,0.0,0.5666666666666667,0.9313324834106084,0,0.7510742547378993,5
72,1011,Experience 1011,Strategy,0.8438936347604792,0.3089791482471649,0.5527453913687409,0.302964628837302,52,Strategy,Social,0.6350689025370818,0.7844172516817262,52,1.0,0.0,0.0,0.9176764888316592,0,0.8379306766215759,1
72,1063,Experience 1063,Strategy,0.7810917854701819,0.2349952712342425,0.5114173417348135,0.235256388415645,21,Strategy,Social,0.6350689025370818,0.7844172516817262,52,1.0,0.0,0.5166666666666667,0.8763484391977316,0,0.7826231833096359,2
72,1034,Experience 1034,Strategy,0.5016628944231066,0.7184788322001798,0.7569144817322334,0.2251776661055454,11,Strategy,Social,0.6350689025370818,0.7844172516817262,52,1.0,0.0,0.6833333333333333,0.8781544208048484,0,0.7512908736055196,3
72,1080,Experience 1080,Strategy,0.4960287753620589,0.3772823688301061,0.669450532879556,0.5189146424870842,16,Strategy,Social,0.6350689025370818,0.7844172516817262,52,1.0,0.0,0.6,0.9656183696575258,0,0.7444671584505083,4
72,1107,Experience 1107,Social,0.7428970964662264,0.8045676070342606,0.8160785123357384,0.9076048913904824,23,Strategy,Social,0.6350689025370818,0.7844172516817262,52,0.0,1.0,0.4833333333333333,0.8189903902013435,0,0.7065307297445623,5
73,1061,Experience 1061,Social,0.9515114053456256,0.4883887845440612,0.3838014404080356,0.6777086144544695,56,Social,Adventure,0.1346198455411181,0.3920958187385011,54,1.0,0.0,0.0333333333333333,0.7508184051330825,0,0.8585334728359946,1
73,1079,Experience 1079,Social,0.6252808613431486,0.1651788036494796,0.2355254260756802,0.2079980737084605,56,Social,Adventure,0.1346198455411181,0.3920958187385011,54,1.0,0.0,0.0333333333333333,0.8990944194654379,0,0.8136016903561555,2
73,1059,Experience 1059,Social,0.7489549716721217,0.4911530499138364,0.6826986067555766,0.9132851837019758,49,Social,Adventure,0.1346198455411181,0.3920958187385011,54,1.0,0.0,0.0833333333333333,0.4519212387855416,1,0.8015198812209441,3
73,1109,Experience 1109,Social,0.5415451963988065,0.6320276759129257,0.4602651355822746,0.2660308726216652,48,Social,Adventure,0.1346198455411181,0.3920958187385011,54,1.0,0.0,0.1,0.6743547099588435,1,0.7974626872467052,4
73,1098,Experience 1098,Social,0.534058177188557,0.4459803600128759,0.2707495249900757,0.7298152463028666,35,Social,Adventure,0.1346198455411181,0.3920958187385011,54,1.0,0.0,0.3166666666666666,0.8638703205510424,0,0.7837322191131729,5
74,1052,Experience 1052,Creative,0.6879474895864814,0.8150878066775633,0.5427584275418881,0.4028796085076296,43,Creative,Simulation,0.3760683816015248,0.4372529635534731,23,1.0,0.0,0.3333333333333333,0.8333099540596367,1,0.7734538087159856,1
74,1087,Experience 1087,Creative,0.7417160017369715,0.3980069401610766,0.5803538931422866,0.1954958273965873,33,Creative,Simulation,0.3760683816015248,0.4372529635534731,23,1.0,0.0,0.1666666666666666,0.7957144884592382,0,0.7695944482499337,2
74,1067,Experience 1067,Creative,0.788764048918011,0.4580972487220676,0.5921026845821029,0.4299570499000478,43,Creative,Simulation,0.3760683816015248,0.4372529635534731,23,1.0,0.0,0.3333333333333333,0.7839656970194219,0,0.7673149226249221,3
74,1062,Experience 1062,Creative,0.7566608128373626,0.2501254620138091,0.431135077105207,0.8144738760309339,50,Creative,Simulation,0.3760683816015248,0.4372529635534731,23,1.0,0.0,0.45,0.9449333044963176,1,0.7547988949216486,4
74,1021,Experience 1021,Creative,0.6317033375365485,0.227795161908673,0.5969784094803497,0.8897794665398687,40,Creative,Simulation,0.3760683816015248,0.4372529635534731,23,1.0,0.0,0.2833333333333333,0.779089972121175,1,0.7226807991448461,5
75,1036,Experience 1036,Sports,0.9655169972756756,0.2298411882545339,0.2550485289661252,0.8478368672236546,17,Sports,Social,0.9082389379649244,0.5395565347367602,38,1.0,0.0,0.35,0.3468095910012007,0,0.7679894872465638,1
75,1015,Experience 1015,Sports,0.9316862802198296,0.7502302540767141,0.1563447605350174,0.9300033473547172,10,Sports,Social,0.9082389379649244,0.5395565347367602,38,1.0,0.0,0.4666666666666667,0.2481058225700929,0,0.7646570258934974,2
75,1074,Experience 1074,Social,0.7411737446379107,0.1336446501121093,0.5667526591354218,0.2130749343990023,32,Sports,Social,0.9082389379649244,0.5395565347367602,38,0.0,1.0,0.1,0.6585137211704973,0,0.6575993729649225,3
75,1097,Experience 1097,Social,0.6621084266035628,0.3766200397542547,0.5070806368539267,0.2458755870050586,23,Sports,Social,0.9082389379649244,0.5395565347367602,38,0.0,1.0,0.25,0.5988416988890022,0,0.627857194505555,4
75,1109,Experience 1109,Social,0.5415451963988065,0.6320276759129257,0.4602651355822746,0.2660308726216652,48,Sports,Social,0.9082389379649244,0.5395565347367602,38,0.0,1.0,0.1666666666666666,0.5520261976173502,0,0.620581186863744,5
76,1026,Experience 1026,Puzzle,0.7847705334160814,0.4236675665053301,0.2918167090217533,0.0158055554401338,14,Puzzle,Social,0.1240121696076741,0.2527773377327535,11,1.0,0.0,0.05,0.8321954605859208,1,0.8088102775473207,1
76,1046,Experience 1046,Puzzle,0.9358581895296346,0.2937905951089806,0.3646871905132503,0.5570017818814502,30,Puzzle,Social,0.1240121696076741,0.2527773377327535,11,1.0,0.0,0.3166666666666666,0.7593249790944238,1,0.8010482531170354,2
76,1108,Experience 1108,Puzzle,0.8425576923542274,0.4822507608830354,0.666849920378606,0.8027206052883656,21,Puzzle,Social,0.1240121696076741,0.2527773377327535,11,1.0,0.0,0.1666666666666666,0.4571622492290681,1,0.7745904555495853,3
76,1004,Experience 1004,Puzzle,0.809305382335664,0.5027055170834634,0.7716046143560276,0.3920600224154432,16,Puzzle,Social,0.1240121696076741,0.2527773377327535,11,1.0,0.0,0.0833333333333333,0.3524075552516466,1,0.7682930175431606,4
76,1019,Experience 1019,Puzzle,0.5059661119161158,0.8228200647408448,0.2570325653065184,0.9988296373336586,24,Puzzle,Social,0.1240121696076741,0.2527773377327535,11,1.0,0.0,0.2166666666666666,0.8669796043011556,1,0.7672299562276944,5
77,1085,Experience 1085,Social,0.715133524882573,0.3923165755464828,0.681782684374937,0.3715432084063615,41,Social,Creative,0.7479433974334845,0.815290239705327,33,1.0,0.0,0.1333333333333333,0.9338392869414526,1,0.8503671461490938,1
77,1059,Experience 1059,Social,0.7489549716721217,0.4911530499138364,0.6826986067555766,0.9132851837019758,49,Social,Creative,0.7479433974334845,0.815290239705327,33,1.0,0.0,0.2666666666666666,0.934755209322092,1,0.8492845135347399,2
77,1002,Experience 1002,Social,0.5654662227449457,0.1419781043952984,0.4876512775379703,0.1763555764178013,30,Social,Creative,0.7479433974334845,0.815290239705327,33,1.0,0.0,0.05,0.7397078801044858,1,0.798347334563845,3
77,1048,Experience 1048,Social,0.2304789954244207,0.8328371585656826,0.2699649703256335,0.1697999737727075,60,Social,Creative,0.7479433974334845,0.815290239705327,33,1.0,0.0,0.45,0.522021572892149,0,0.7137516267813142,4
77,1110,Experience 1110,Creative,0.8487034770737338,0.6513439158584452,0.7080979103356375,0.2741343936886083,18,Social,Creative,0.7479433974334845,0.815290239705327,33,0.0,1.0,0.25,0.960154512902153,1,0.6778293334134557,5
78,1006,Experience 1006,Action,0.8770181756508404,0.5275353377269014,0.8047332447846338,0.7517807092307816,28,Action,Sports,0.7656088314056106,0.5766482862722138,39,1.0,0.0,0.1833333333333333,0.9608755866209768,1,0.8552463968859122,1
78,1116,Experience 1116,Action,0.6678760843020042,0.5482724230839826,0.6479003468582198,0.8466710505082435,57,Action,Sports,0.7656088314056106,0.5766482862722138,39,1.0,0.0,0.3,0.8822915154526092,0,0.8113825363199234,2
78,1009,Experience 1009,Action,0.7987178764315418,0.3460501829476273,0.2238314684756084,0.130890330850495,53,Action,Sports,0.7656088314056106,0.5766482862722138,39,1.0,0.0,0.2333333333333333,0.4582226370699978,0,0.7725064715305558,3
78,1035,Experience 1035,Action,0.684933354468736,0.2628151072276272,0.2926692360835166,0.7930049789596304,54,Action,Sports,0.7656088314056106,0.5766482862722138,39,1.0,0.0,0.25,0.5270604046779059,1,0.7510640665702097,4
78,1070,Experience 1070,Sports,0.9021629239090754,0.4240213755135868,0.7602726894428304,0.7757910864370905,50,Action,Sports,0.7656088314056106,0.5766482862722138,39,0.0,1.0,0.1833333333333333,0.9946638580372198,0,0.7276615168220554,5
79,1078,Experience 1078,Simulation,0.9139745006021852,0.4875947260651535,0.1081242288365573,0.0386443098268846,51,Simulation,Strategy,0.3067114512874402,0.2782443904383865,35,1.0,0.0,0.2666666666666666,0.8014127775491171,1,0.7723731153883364,1
79,1020,Experience 1020,Simulation,0.8220634578382588,0.5054615596538111,0.3982077558970217,0.6135164847298321,13,Simulation,Strategy,0.3067114512874402,0.2782443904383865,35,1.0,0.0,0.3666666666666666,0.9085036953904186,0,0.7605951038222041,2
79,1016,Experience 1016,Simulation,0.6327408434291123,0.2893552650923534,0.337198205686132,0.4979318527888876,53,Simulation,Strategy,0.3067114512874402,0.2782443904383865,35,1.0,0.0,0.3,0.9695132456013082,0,0.7301052714202451,3
79,1028,Experience 1028,Simulation,0.7474374024719366,0.7598079156453001,0.9057260947827066,0.4943145335346177,16,Simulation,Strategy,0.3067114512874402,0.2782443904383865,35,1.0,0.0,0.3166666666666666,0.4009853565047336,1,0.7125173942940375,4
79,1023,Experience 1023,Strategy,0.934275144868182,0.4241492862896971,0.2179097364670654,0.7914514878076223,48,Simulation,Strategy,0.3067114512874402,0.2782443904383865,35,0.0,1.0,0.2166666666666666,0.9111982851796252,0,0.5889377739481376,5
80,1070,Experience 1070,Sports,0.9021629239090754,0.4240213755135868,0.7602726894428304,0.7757910864370905,50,Sports,Action,0.7201686074995847,0.9323666788825328,42,1.0,0.0,0.1333333333333333,0.9598959180567542,1,0.8519520141439291,1
80,1111,Experience 1111,Sports,0.9428982678236224,0.8155250577848677,0.575778764164542,0.2547283501174674,25,Sports,Action,0.7201686074995847,0.9323666788825328,42,1.0,0.0,0.2833333333333333,0.8556101566649573,1,0.8518659315260184,2
80,1102,Experience 1102,Sports,0.9402838286695968,0.4125021221616953,0.1907643304361418,0.200562471321554,40,Sports,Action,0.7201686074995847,0.9323666788825328,42,1.0,0.0,0.0333333333333333,0.4705957229365571,1,0.8040127590167238,3
80,1091,Experience 1091,Sports,0.6742348817628386,0.2717222536331008,0.7498162980972818,0.6422524185679935,12,Sports,Action,0.7201686074995847,0.9323666788825328,42,1.0,0.0,0.5,0.9703523094023028,1,0.7854098430075049,4
80,1015,Experience 1015,Sports,0.9316862802198296,0.7502302540767141,0.1563447605350174,0.9300033473547172,10,Sports,Action,0.7201686074995847,0.9323666788825328,42,1.0,0.0,0.5333333333333333,0.4361761530354328,1,0.7701607057796176,5
81,1017,Experience 1017,Adventure,0.8986224157650411,0.4138920991005588,0.5580723954683906,0.6429984233408326,53,Adventure,Puzzle,0.6805082422612735,0.3024655719037539,48,1.0,0.0,0.0833333333333333,0.8775641532071171,1,0.8156473316858376,1
81,1118,Experience 1118,Adventure,0.6594774101626886,0.3565880675711896,0.5086937555214479,0.0351168111096665,58,Adventure,Puzzle,0.6805082422612735,0.3024655719037539,48,1.0,0.0,0.1666666666666666,0.8281855132601744,0,0.7647579892673759,2
81,1057,Experience 1057,Adventure,0.6456559365327232,0.2179960435691,0.3788184780326499,0.8119882015105448,28,Adventure,Puzzle,0.6805082422612735,0.3024655719037539,48,1.0,0.0,0.3333333333333333,0.6983102357713764,1,0.7071676139971058,3
81,1075,Experience 1075,Puzzle,0.7701763699744956,0.5714931074517187,0.7080993700732455,0.0043057756676786,58,Adventure,Puzzle,0.6805082422612735,0.3024655719037539,48,0.0,1.0,0.1666666666666666,0.972408872188028,0,0.6657475794052322,4
81,1069,Experience 1069,Puzzle,0.8068156107352968,0.6551858372056814,0.8842124935251735,0.2530347499296835,35,Adventure,Puzzle,0.6805082422612735,0.3024655719037539,48,0.0,1.0,0.2166666666666666,0.7962957487361,1,0.6467464240208105,5
82,1087,Experience 1087,Creative,0.7417160017369715,0.3980069401610766,0.5803538931422866,0.1954958273965873,33,Creative,Strategy,0.3848833081599926,0.4671618788086237,34,1.0,0.0,0.0166666666666666,0.804529415017706,1,0.7933530471943445,1
82,1062,Experience 1062,Creative,0.7566608128373626,0.2501254620138091,0.431135077105207,0.8144738760309339,50,Creative,Strategy,0.3848833081599926,0.4671618788086237,34,1.0,0.0,0.2666666666666666,0.9537482310547856,0,0.7820515628325616,2
82,1065,Experience 1065,Creative,0.7619316682455927,0.3645751585148475,0.2630179910479239,0.9645188861392016,47,Creative,Strategy,0.3848833081599926,0.4671618788086237,34,1.0,0.0,0.2166666666666666,0.8781346828879313,1,0.7773982191053241,3
82,1038,Experience 1038,Creative,0.8025898263845425,0.4058560569474049,0.8087225901435202,0.8729120163870842,60,Creative,Strategy,0.3848833081599926,0.4671618788086237,34,1.0,0.0,0.4333333333333333,0.5761607180164724,0,0.7502399860274857,4
82,1076,Experience 1076,Creative,0.7805257487778566,0.3562342599893083,0.7812983230640933,0.571167362055741,8,Creative,Strategy,0.3848833081599926,0.4671618788086237,34,1.0,0.0,0.4333333333333333,0.6035849850958993,0,0.7406375953343601,5
83,1000,Experience 1000,Action,0.9096695293967186,0.6516437731703687,0.6290364009047581,0.2407530712142694,49,Action,Adventure,0.4067197491205323,0.3354055403234849,54,1.0,0.0,0.0833333333333333,0.7776833482157742,1,0.8363121026852496,1
83,1044,Experience 1044,Action,0.8578996664042653,0.7405382156713768,0.540545681694017,0.9388053542070384,40,Action,Adventure,0.4067197491205323,0.3354055403234849,54,1.0,0.0,0.2333333333333333,0.8661740674265154,1,0.8252584921485082,2
83,1032,Experience 1032,Action,0.9183909657409184,0.1782087510115781,0.2798409650960937,0.836613041032693,59,Action,Adventure,0.4067197491205323,0.3354055403234849,54,1.0,0.0,0.0833333333333333,0.8731212159755614,0,0.8159584073809452,3
83,1055,Experience 1055,Action,0.9121309206982589,0.3826203354113438,0.2499073592941251,0.1919211614110854,38,Action,Adventure,0.4067197491205323,0.3354055403234849,54,1.0,0.0,0.2666666666666666,0.8431876101735929,0,0.8106767693563872,4
83,1116,Experience 1116,Action,0.6678760843020042,0.5482724230839826,0.6479003468582198,0.8466710505082435,57,Action,Adventure,0.4067197491205323,0.3354055403234849,54,1.0,0.0,0.05,0.7588194022623125,0,0.7917508817095112,5
84,1111,Experience 1111,Sports,0.9428982678236224,0.8155250577848677,0.575778764164542,0.2547283501174674,25,Sports,Adventure,0.4604383046355735,0.4494326920324575,15,1.0,0.0,0.1666666666666666,0.8846595404710316,1,0.8410901353724931,1
84,1088,Experience 1088,Sports,0.931739259022481,0.4207879774878386,0.5549692853271866,0.4100487869149942,11,Sports,Adventure,0.4604383046355735,0.4494326920324575,15,1.0,0.0,0.0666666666666666,0.905469019308387,0,0.8277255285348701,2
84,1027,Experience 1027,Sports,0.8258355726034926,0.7779980359761599,0.5071112833110228,0.4772006332829246,49,Sports,Adventure,0.4604383046355735,0.4494326920324575,15,1.0,0.0,0.5666666666666667,0.9533270213245508,1,0.8043319539073909,3
84,1100,Experience 1100,Sports,0.8539423752816214,0.5771516782683807,0.6603015579098336,0.097787997445443,39,Sports,Adventure,0.4604383046355735,0.4494326920324575,15,1.0,0.0,0.4,0.80013674672574,1,0.7983321046003349,4
84,1037,Experience 1037,Sports,0.7994490651436071,0.7023148063737304,0.3263399911584964,0.9948242136208678,35,Sports,Adventure,0.4604383046355735,0.4494326920324575,15,1.0,0.0,0.3333333333333333,0.8659016865229229,1,0.7921219598678072,5
85,1039,Experience 1039,Social,0.8194814495513689,0.2752805682140255,0.2419454802582048,0.889899007072331,47,Social,Sports,0.3692005038756827,0.4685913641435885,53,1.0,0.0,0.1,0.8727449763825221,1,0.8542699613902124,1
85,1079,Experience 1079,Social,0.6252808613431486,0.1651788036494796,0.2355254260756802,0.2079980737084605,56,Social,Sports,0.3692005038756827,0.4685913641435885,53,1.0,0.0,0.05,0.8663249221999976,0,0.8305774249026422,2
85,1007,Experience 1007,Social,0.6113602755027672,0.3693255620200327,0.760432490906593,0.3138467721116466,56,Social,Sports,0.3692005038756827,0.4685913641435885,53,1.0,0.0,0.05,0.6087680129690897,0,0.8225110133225589,3
85,1098,Experience 1098,Social,0.534058177188557,0.4459803600128759,0.2707495249900757,0.7298152463028666,35,Social,Sports,0.3692005038756827,0.4685913641435885,53,1.0,0.0,0.3,0.9015490211143932,1,0.8126649711421842,4
85,1002,Experience 1002,Social,0.5654662227449457,0.1419781043952984,0.4876512775379703,0.1763555764178013,30,Social,Sports,0.3692005038756827,0.4685913641435885,53,1.0,0.0,0.3833333333333333,0.8815492263377124,1,0.8040342069052846,5
86,1006,Experience 1006,Action,0.8770181756508404,0.5275353377269014,0.8047332447846338,0.7517807092307816,28,Action,Sports,0.6779974158790921,0.6292283185139194,40,1.0,0.0,0.2,0.8732641710944583,1,0.8488963029860495,1
86,1116,Experience 1116,Action,0.6678760843020042,0.5482724230839826,0.6479003468582198,0.8466710505082435,57,Action,Sports,0.6779974158790921,0.6292283185139194,40,1.0,0.0,0.2833333333333333,0.9699029309791276,1,0.8243702919117945,2
86,1055,Experience 1055,Action,0.9121309206982589,0.3826203354113438,0.2499073592941251,0.1919211614110854,38,Action,Sports,0.6779974158790921,0.6292283185139194,40,1.0,0.0,0.0333333333333333,0.571909943415033,1,0.8208032969004022,3
86,1009,Experience 1009,Action,0.7987178764315418,0.3460501829476273,0.2238314684756084,0.130890330850495,53,Action,Sports,0.6779974158790921,0.6292283185139194,40,1.0,0.0,0.2166666666666666,0.5458340525965164,0,0.7874699622151066,4
86,1027,Experience 1027,Sports,0.8258355726034926,0.7779980359761599,0.5071112833110228,0.4772006332829246,49,Action,Sports,0.6779974158790921,0.6292283185139194,40,0.0,1.0,0.15,0.8291138674319307,0,0.7113836752401905,5
87,1028,Experience 1028,Simulation,0.7474374024719366,0.7598079156453001,0.9057260947827066,0.4943145335346177,16,Simulation,Social,0.9456630856441276,0.6773752071021147,44,1.0,0.0,0.4666666666666667,0.9600630091385792,1,0.8139986445432599,1
87,1056,Experience 1056,Simulation,0.5850817489192739,0.1274880872408227,0.8708251250831834,0.1754622465790878,53,Simulation,Social,0.9456630856441276,0.6773752071021147,44,1.0,0.0,0.15,0.925162039439056,1,0.7797225577051832,2
87,1114,Experience 1114,Simulation,0.9094073794904848,0.2867325336723821,0.0751050358773748,0.4020477981570693,23,Simulation,Social,0.9456630856441276,0.6773752071021147,44,1.0,0.0,0.35,0.1294419502332473,1,0.698574684295098,3
87,1010,Experience 1010,Simulation,0.8201589080775701,0.1741976609077686,0.1927429310808082,0.4388217018019487,21,Simulation,Social,0.9456630856441276,0.6773752071021147,44,1.0,0.0,0.3833333333333333,0.2470798454366808,1,0.6897443241612665,4
87,1085,Experience 1085,Social,0.715133524882573,0.3923165755464828,0.681782684374937,0.3715432084063615,41,Simulation,Social,0.9456630856441276,0.6773752071021147,44,0.0,1.0,0.05,0.7361195987308096,1,0.6816258497660372,5
88,1043,Experience 1043,Creative,0.8838983032607785,0.7641225701636372,0.5942808569171103,0.6062993981927156,47,Creative,Sports,0.8001717921687628,0.4900922672051855,49,1.0,0.0,0.0333333333333333,0.7941090647483475,0,0.8496549153339675,1
88,1038,Experience 1038,Creative,0.8025898263845425,0.4058560569474049,0.8087225901435202,0.8729120163870842,60,Creative,Sports,0.8001717921687628,0.4900922672051855,49,1.0,0.0,0.1833333333333333,0.9914492020252426,0,0.8384750985829234,2
88,1062,Experience 1062,Creative,0.7566608128373626,0.2501254620138091,0.431135077105207,0.8144738760309339,50,Creative,Sports,0.8001717921687628,0.4900922672051855,49,1.0,0.0,0.0166666666666666,0.6309632849364442,0,0.7865515652007992,3
88,1065,Experience 1065,Creative,0.7619316682455927,0.3645751585148475,0.2630179910479239,0.9645188861392016,47,Creative,Sports,0.8001717921687628,0.4900922672051855,49,1.0,0.0,0.0333333333333333,0.4628461988791612,1,0.7656360167407389,4
88,1100,Experience 1100,Sports,0.8539423752816214,0.5771516782683807,0.6603015579098336,0.097787997445443,39,Creative,Sports,0.8001717921687628,0.4900922672051855,49,0.0,1.0,0.1666666666666666,0.8601297657410708,0,0.6990276130009113,5
89,1100,Experience 1100,Sports,0.8539423752816214,0.5771516782683807,0.6603015579098336,0.097787997445443,39,Sports,Simulation,0.7118307015893218,0.110972667859881,51,1.0,0.0,0.2,0.9484708563205118,1,0.8213933876140088,1
89,1111,Experience 1111,Sports,0.9428982678236224,0.8155250577848677,0.575778764164542,0.2547283501174674,25,Sports,Simulation,0.7118307015893218,0.110972667859881,51,1.0,0.0,0.4333333333333333,0.8639480625752202,1,0.8176190189538558,2
89,1024,Experience 1024,Sports,0.7120515552427965,0.5535760301547662,0.4935230317114728,0.4609313910731102,39,Sports,Simulation,0.7118307015893218,0.110972667859881,51,1.0,0.0,0.2,0.781692330122151,0,0.7709921065713277,3
89,1104,Experience 1104,Sports,0.7763284069557427,0.7928984171430337,0.1707069630824686,0.4638281104628762,33,Sports,Simulation,0.7118307015893218,0.110972667859881,51,1.0,0.0,0.3,0.4588762614931467,1,0.7364963480892165,4
89,1013,Experience 1013,Sports,0.8486275995976889,0.743877614526904,0.1274827038621261,0.2359972626205526,20,Sports,Simulation,0.7118307015893218,0.110972667859881,51,1.0,0.0,0.5166666666666667,0.4156520022728043,1,0.7226992172657847,5
90,1046,Experience 1046,Puzzle,0.9358581895296346,0.2937905951089806,0.3646871905132503,0.5570017818814502,30,Puzzle,Creative,0.5179398461915671,0.8220910300077957,12,1.0,0.0,0.3,0.8467473443216833,1,0.807709679745899,1
90,1072,Experience 1072,Puzzle,0.7449779069249327,0.3414623639761886,0.973475515285742,0.3783180142237856,25,Puzzle,Creative,0.5179398461915671,0.8220910300077957,12,1.0,0.0,0.2166666666666666,0.544464330905825,0,0.7641827612545424,2
90,1030,Experience 1030,Puzzle,0.5255875329645523,0.2576702884243441,0.6969604774228595,0.5681673512913645,13,Puzzle,Creative,0.5179398461915671,0.8220910300077957,12,1.0,0.0,0.0166666666666666,0.8209793687687076,1,0.7584670621672754,3
90,1113,Experience 1113,Puzzle,0.3143534057607174,0.7407415888945685,0.7096912838106965,0.9437983681037112,40,Puzzle,Creative,0.5179398461915671,0.8220910300077957,12,1.0,0.0,0.4666666666666667,0.8082485623808706,1,0.7077621761943664,4
90,1093,Experience 1093,Puzzle,0.5054580561223759,0.3724006037822283,0.1444497473739812,0.982987171535907,29,Puzzle,Creative,0.5179398461915671,0.8220910300077957,12,1.0,0.0,0.2833333333333333,0.6265099011824142,0,0.6936930508903684,5
91,1052,Experience 1052,Creative,0.6879474895864814,0.8150878066775633,0.5427584275418881,0.4028796085076296,43,Creative,Puzzle,0.4170563234759705,0.0359745514664617,50,1.0,0.0,0.1166666666666666,0.8742978959340824,1,0.8077532622561545,1
91,1062,Experience 1062,Creative,0.7566608128373626,0.2501254620138091,0.431135077105207,0.8144738760309339,50,Creative,Puzzle,0.4170563234759705,0.0359745514664617,50,1.0,0.0,0.0,0.9859212463707636,1,0.8069515063627658,2
91,1065,Experience 1065,Creative,0.7619316682455927,0.3645751585148475,0.2630179910479239,0.9645188861392016,47,Creative,Puzzle,0.4170563234759705,0.0359745514664617,50,1.0,0.0,0.05,0.8459616675719535,0,0.788463653647699,3
91,1021,Experience 1021,Creative,0.6317033375365485,0.227795161908673,0.5969784094803497,0.8897794665398687,40,Creative,Puzzle,0.4170563234759705,0.0359745514664617,50,1.0,0.0,0.1666666666666666,0.8200779139956207,0,0.7545802039729547,4
91,1069,Experience 1069,Puzzle,0.8068156107352968,0.6551858372056814,0.8842124935251735,0.2530347499296835,35,Creative,Puzzle,0.4170563234759705,0.0359745514664617,50,0.0,1.0,0.25,0.5328438299507969,0,0.5990438147127006,5
92,1060,Experience 1060,Strategy,0.8620933017122632,0.1051567799118504,0.3772606570904063,0.1400554046894906,58,Strategy,Sports,0.3124423795181243,0.2390189161531123,12,1.0,0.0,0.7666666666666667,0.935181722427718,1,0.7421889378903679,1
92,1066,Experience 1066,Strategy,0.5933044321129625,0.8148765601157231,0.9082281614290438,0.2645976053461583,23,Strategy,Sports,0.3124423795181243,0.2390189161531123,12,1.0,0.0,0.1833333333333333,0.4042142180890804,0,0.7152693177221556,2
92,1080,Experience 1080,Strategy,0.4960287753620589,0.3772823688301061,0.669450532879556,0.5189146424870842,16,Strategy,Sports,0.3124423795181243,0.2390189161531123,12,1.0,0.0,0.0666666666666666,0.6429918466385682,0,0.7008238170834572,3
92,1111,Experience 1111,Sports,0.9428982678236224,0.8155250577848677,0.575778764164542,0.2547283501174674,25,Strategy,Sports,0.3124423795181243,0.2390189161531123,12,0.0,1.0,0.2166666666666666,0.7366636153535824,0,0.673187917635567,4
92,1036,Experience 1036,Sports,0.9655169972756756,0.2298411882545339,0.2550485289661252,0.8478368672236546,17,Strategy,Sports,0.3124423795181243,0.2390189161531123,12,0.0,1.0,0.0833333333333333,0.9426061494480008,0,0.664847160169169,5
93,1110,Experience 1110,Creative,0.8487034770737338,0.6513439158584452,0.7080979103356375,0.2741343936886083,18,Creative,Social,0.6294643606618369,0.7577009339441084,21,1.0,0.0,0.05,0.9213664503261992,0,0.8579425002440652,1
93,1038,Experience 1038,Creative,0.8025898263845425,0.4058560569474049,0.8087225901435202,0.8729120163870842,60,Creative,Social,0.6294643606618369,0.7577009339441084,21,1.0,0.0,0.65,0.8207417705183166,0,0.79810273529878,2
93,1021,Experience 1021,Creative,0.6317033375365485,0.227795161908673,0.5969784094803497,0.8897794665398687,40,Creative,Social,0.6294643606618369,0.7577009339441084,21,1.0,0.0,0.3166666666666666,0.9675140488185128,0,0.7924670082544895,3
93,1095,Experience 1095,Creative,0.5802362817422383,0.4006003917193433,0.7708173982045061,0.4033544032491283,54,Creative,Social,0.6294643606618369,0.7577009339441084,21,1.0,0.0,0.55,0.8586469624573307,1,0.772952978477206,4
93,1025,Experience 1025,Social,0.838744739121835,0.7279884901895025,0.5876677647056102,0.0811540004238993,14,Creative,Social,0.6294643606618369,0.7577009339441084,21,0.0,1.0,0.1166666666666666,0.9582034040437734,1,0.7637835106101329,5
94,1008,Experience 1008,Adventure,0.8415828324170402,0.3364498304651394,0.599089106012921,0.2728043301458357,40,Adventure,Sports,0.3936430621797109,0.5679387868088392,52,1.0,0.0,0.2,0.79455395616679,1,0.8109695870073814,1
94,1118,Experience 1118,Adventure,0.6594774101626886,0.3565880675711896,0.5086937555214479,0.0351168111096665,58,Adventure,Sports,0.3936430621797109,0.5679387868088392,52,1.0,0.0,0.1,0.884949306658263,0,0.8011294077763669,2
94,1099,Experience 1099,Adventure,0.8332801744008336,0.4077151465805127,0.8307594812615263,0.7545731382181347,49,Adventure,Sports,0.3936430621797109,0.5679387868088392,52,1.0,0.0,0.05,0.5628835809181847,0,0.8007975917415673,3
94,1057,Experience 1057,Adventure,0.6456559365327232,0.2179960435691,0.3788184780326499,0.8119882015105448,28,Adventure,Sports,0.3936430621797109,0.5679387868088392,52,1.0,0.0,0.4,0.9851754158529388,0,0.7689013313827805,4
94,1022,Experience 1022,Adventure,0.5006486309375991,0.407575941114626,0.4697425498140824,0.908608246555642,36,Adventure,Sports,0.3936430621797109,0.5679387868088392,52,1.0,0.0,0.2666666666666666,0.9239005123656284,1,0.7579298665789096,5
95,1102,Experience 1102,Sports,0.9402838286695968,0.4125021221616953,0.1907643304361418,0.200562471321554,40,Sports,Action,0.3299382343736466,0.080051236390703,40,1.0,0.0,0.0,0.8608260960624952,0,0.82462527406853,1
95,1037,Experience 1037,Sports,0.7994490651436071,0.7023148063737304,0.3263399911584964,0.9948242136208678,35,Sports,Action,0.3299382343736466,0.080051236390703,40,1.0,0.0,0.0833333333333333,0.9964017567848498,0,0.8227440418111585,2
95,1027,Experience 1027,Sports,0.8258355726034926,0.7779980359761599,0.5071112833110228,0.4772006332829246,49,Sports,Action,0.3299382343736466,0.080051236390703,40,1.0,0.0,0.15,0.8228269510626238,0,0.817144584074543,3
95,1024,Experience 1024,Sports,0.7120515552427965,0.5535760301547662,0.4935230317114728,0.4609313910731102,39,Sports,Action,0.3299382343736466,0.080051236390703,40,1.0,0.0,0.0166666666666666,0.8364152026621738,0,0.797166531873736,4
95,1036,Experience 1036,Sports,0.9655169972756756,0.2298411882545339,0.2550485289661252,0.8478368672236546,17,Sports,Action,0.3299382343736466,0.080051236390703,40,1.0,0.0,0.3833333333333333,0.9251102945924784,1,0.7964523619852556,5
96,1053,Experience 1053,Puzzle,0.7426572934279929,0.7514869168546299,0.2904976508730454,0.8341208920021081,34,Puzzle,Simulation,0.4909356829183999,0.7201821693003411,27,1.0,0.0,0.1166666666666666,0.7995619679546455,1,0.7883789334546836,1
96,1004,Experience 1004,Puzzle,0.809305382335664,0.5027055170834634,0.7716046143560276,0.3920600224154432,16,Puzzle,Simulation,0.4909356829183999,0.7201821693003411,27,1.0,0.0,0.1833333333333333,0.7193310685623724,0,0.7862931183315316,2
96,1075,Experience 1075,Puzzle,0.7701763699744956,0.5714931074517187,0.7080993700732455,0.0043057756676786,58,Puzzle,Simulation,0.4909356829183999,0.7201821693003411,27,1.0,0.0,0.5166666666666667,0.7828363128451544,0,0.7736394473489876,3
96,1113,Experience 1113,Puzzle,0.3143534057607174,0.7407415888945685,0.7096912838106965,0.9437983681037112,40,Puzzle,Simulation,0.4909356829183999,0.7201821693003411,27,1.0,0.0,0.2166666666666666,0.7812443991077035,0,0.7077989148625391,4
96,1020,Experience 1020,Simulation,0.8220634578382588,0.5054615596538111,0.3982077558970217,0.6135164847298321,13,Puzzle,Simulation,0.4909356829183999,0.7201821693003411,27,0.0,1.0,0.2333333333333333,0.9072720729786216,0,0.5948793507036103,5
97,1094,Experience 1094,Strategy,0.777065958629862,0.5840090382012306,0.3016147592800985,0.4118434403009737,40,Strategy,Simulation,0.1990715674235832,0.5641258346320965,13,1.0,0.0,0.45,0.8974568081434847,0,0.7469155208459829,1
97,1020,Experience 1020,Simulation,0.8220634578382588,0.5054615596538111,0.3982077558970217,0.6135164847298321,13,Strategy,Simulation,0.1990715674235832,0.5641258346320965,13,0.0,1.0,0.0,0.8008638115265616,1,0.5894886780591035,2
97,1114,Experience 1114,Simulation,0.9094073794904848,0.2867325336723821,0.0751050358773748,0.4020477981570693,23,Strategy,Simulation,0.1990715674235832,0.5641258346320965,13,0.0,1.0,0.1666666666666666,0.8760334684537916,0,0.58269910946796,3
97,1015,Experience 1015,Sports,0.9316862802198296,0.7502302540767141,0.1563447605350174,0.9300033473547172,10,Strategy,Simulation,0.1990715674235832,0.5641258346320965,13,0.0,0.0,0.05,0.9572731931114342,0,0.5044713127725594,4
97,1115,Experience 1115,Simulation,0.626658707429628,0.7075065986188209,0.5404405149990236,0.2246894745458737,42,Strategy,Simulation,0.1990715674235832,0.5641258346320965,13,0.0,1.0,0.4833333333333333,0.6586310524245598,0,0.49569474735489016,5
98,1055,Experience 1055,Action,0.9121309206982589,0.3826203354113438,0.2499073592941251,0.1919211614110854,38,Action,Simulation,0.5670967656698851,0.8121705319173342,46,1.0,0.0,0.1333333333333333,0.6828105936242401,0,0.8078117421041454,1
98,1116,Experience 1116,Action,0.6678760843020042,0.5482724230839826,0.6479003468582198,0.8466710505082435,57,Action,Simulation,0.5670967656698851,0.8121705319173342,46,1.0,0.0,0.1833333333333333,0.9191964188116653,0,0.8070068299133076,2
98,1115,Experience 1115,Simulation,0.626658707429628,0.7075065986188209,0.5404405149990236,0.2246894745458737,42,Action,Simulation,0.5670967656698851,0.8121705319173342,46,0.0,1.0,0.0666666666666666,0.9733437493291384,1,0.6412336636938086,3
98,1020,Experience 1020,Simulation,0.8220634578382588,0.5054615596538111,0.3982077558970217,0.6135164847298321,13,Action,Simulation,0.5670967656698851,0.8121705319173342,46,0.0,1.0,0.55,0.8311109902271365,0,0.5870052720840649,4
98,1061,Experience 1061,Social,0.9515114053456256,0.4883887845440612,0.3838014404080356,0.6777086144544695,56,Action,Simulation,0.5670967656698851,0.8121705319173342,46,0.0,0.0,0.1666666666666666,0.8167046747381506,1,0.5717735110695445,5
99,1097,Experience 1097,Social,0.6621084266035628,0.3766200397542547,0.5070806368539267,0.2458755870050586,23,Social,Creative,0.3964566018486366,0.3062754223313964,20,1.0,0.0,0.05,0.8893759649947099,0,0.8230853827258018,1
99,1084,Experience 1084,Social,0.6722561348379004,0.2863456816441453,0.5362524927433157,0.7470758006298863,26,Social,Creative,0.3964566018486366,0.3062754223313964,20,1.0,0.0,0.1,0.860204109105321,0,0.8119887803627975,2
99,1039,Experience 1039,Social,0.8194814495513689,0.2752805682140255,0.2419454802582048,0.889899007072331,47,Social,Creative,0.3964566018486366,0.3062754223313964,20,1.0,0.0,0.45,0.8454888784095682,1,0.8047809685126182,3
99,1109,Experience 1109,Social,0.5415451963988065,0.6320276759129257,0.4602651355822746,0.2660308726216652,48,Social,Creative,0.3964566018486366,0.3062754223313964,20,1.0,0.0,0.4666666666666667,0.936191466266362,0,0.7960131020752681,4
99,1002,Experience 1002,Social,0.5654662227449457,0.1419781043952984,0.4876512775379703,0.1763555764178013,30,Social,Creative,0.3964566018486366,0.3062754223313964,20,1.0,0.0,0.1666666666666666,0.9088053243106664,1,0.7920031172846006,5
100,1017,Experience 1017,Adventure,0.8986224157650411,0.4138920991005588,0.5580723954683906,0.6429984233408326,53,Adventure,Creative,0.7609659133488776,0.3959073668984604,35,1.0,0.0,0.3,0.797106482119513,1,0.7876353483776732,1
100,1031,Experience 1031,Adventure,0.6267069522672452,0.6020379288394027,0.9395582128996094,0.5521627033044271,46,Adventure,Creative,0.7609659133488776,0.3959073668984604,35,1.0,0.0,0.1833333333333333,0.8214077004492683,1,0.7711780073107957,2
100,1096,Experience 1096,Adventure,0.7903170826018652,0.4751627362769494,0.5362341337297925,0.9233469677258124,13,Adventure,Creative,0.7609659133488776,0.3959073668984604,35,1.0,0.0,0.3666666666666666,0.7752682203809148,0,0.755394986949666,3
100,1071,Experience 1071,Adventure,0.5432545608778258,0.5917055303234199,0.8111881708009158,0.7718493432291552,17,Adventure,Creative,0.7609659133488776,0.3959073668984604,35,1.0,0.0,0.3,0.949777742547962,1,0.7530606311842671,4
100,1118,Experience 1118,Adventure,0.6594774101626886,0.3565880675711896,0.5086937555214479,0.0351168111096665,58,Adventure,Creative,0.7609659133488776,0.3959073668984604,35,1.0,0.0,0.3833333333333333,0.7477278421725703,1,0.7315583703296352,5
101,1025,Experience 1025,Social,0.838744739121835,0.7279884901895025,0.5876677647056102,0.0811540004238993,14,Social,Action,0.6412984860517661,0.9696250196268384,31,1.0,0.0,0.2833333333333333,0.946369278653844,1,0.8662053809407468,1
101,1107,Experience 1107,Social,0.7428970964662264,0.8045676070342606,0.8160785123357384,0.9076048913904824,23,Social,Action,0.6412984860517661,0.9696250196268384,31,1.0,0.0,0.1333333333333333,0.8252199737160277,1,0.8553314074014337,2
101,1014,Experience 1014,Social,0.7084360738896248,0.6919622480914536,0.5066406143622445,0.7631554898199004,35,Social,Action,0.6412984860517661,0.9696250196268384,31,1.0,0.0,0.0666666666666666,0.8653421283104784,0,0.8496169366085072,3
101,1085,Experience 1085,Social,0.715133524882573,0.3923165755464828,0.681782684374937,0.3715432084063615,41,Social,Action,0.6412984860517661,0.9696250196268384,31,1.0,0.0,0.1666666666666666,0.959515801676829,1,0.8481921338542442,4
101,1059,Experience 1059,Social,0.7489549716721217,0.4911530499138364,0.6826986067555766,0.9132851837019758,49,Social,Action,0.6412984860517661,0.9696250196268384,31,1.0,0.0,0.3,0.9585998792961896,0,0.8469292162284662,5
102,1063,Experience 1063,Strategy,0.7810917854701819,0.2349952712342425,0.5114173417348135,0.235256388415645,21,Strategy,Adventure,0.5118531542518646,0.681785280479392,29,1.0,0.0,0.1333333333333333,0.9995641874829488,1,0.7824540101631683,1
102,1094,Experience 1094,Strategy,0.777065958629862,0.5840090382012306,0.3016147592800985,0.4118434403009737,40,Strategy,Adventure,0.5118531542518646,0.681785280479392,29,1.0,0.0,0.1833333333333333,0.7897616050282339,1,0.7664427019882224,2
102,1034,Experience 1034,Strategy,0.5016628944231066,0.7184788322001798,0.7569144817322334,0.2251776661055454,11,Strategy,Adventure,0.5118531542518646,0.681785280479392,29,1.0,0.0,0.3,0.7549386725196312,1,0.7172274899447653,3
102,1080,Experience 1080,Strategy,0.4960287753620589,0.3772823688301061,0.669450532879556,0.5189146424870842,16,Strategy,Adventure,0.5118531542518646,0.681785280479392,29,1.0,0.0,0.2166666666666666,0.8424026213723086,0,0.7098301554717716,4
102,1017,Experience 1017,Adventure,0.8986224157650411,0.4138920991005588,0.5580723954683906,0.6429984233408326,53,Strategy,Adventure,0.5118531542518646,0.681785280479392,29,0.0,1.0,0.4,0.953780758783474,0,0.6132580027953272,5
103,1017,Experience 1017,Adventure,0.8986224157650411,0.4138920991005588,0.5580723954683906,0.6429984233408326,53,Adventure,Creative,0.5713239327399994,0.3756604521687992,44,1.0,0.0,0.15,0.9867484627283912,1,0.8227296813439736,1
103,1073,Experience 1073,Adventure,0.687693407311507,0.5642695337399875,0.7523432280065728,0.8351257910807337,50,Adventure,Creative,0.5713239327399994,0.3756604521687992,44,1.0,0.0,0.1,0.8189807047334265,1,0.7837617934026573,2
103,1082,Experience 1082,Adventure,0.940069744877272,0.6645999956719907,0.1368397110942475,0.0890420050750532,28,Adventure,Creative,0.5713239327399994,0.3756604521687992,44,1.0,0.0,0.2666666666666666,0.5655157783542482,1,0.7767877545390895,3
103,1031,Experience 1031,Adventure,0.6267069522672452,0.6020379288394027,0.9395582128996094,0.5521627033044271,46,Adventure,Creative,0.5713239327399994,0.3756604521687992,44,1.0,0.0,0.0333333333333333,0.63176571984039,1,0.763462050090683,4
103,1101,Experience 1101,Adventure,0.7760911633714107,0.1624374115097873,0.2510263664566988,0.468231405693584,28,Adventure,Creative,0.5713239327399994,0.3756604521687992,44,1.0,0.0,0.2666666666666666,0.6797024337166995,1,0.7324747919651007,5
104,1020,Experience 1020,Simulation,0.8220634578382588,0.5054615596538111,0.3982077558970217,0.6135164847298321,13,Simulation,Adventure,0.5755608393846326,0.5094144922664362,19,1.0,0.0,0.1,0.8226469165123891,0,0.7674708243336774,1
104,1010,Experience 1010,Simulation,0.8201589080775701,0.1741976609077686,0.1927429310808082,0.4388217018019487,21,Simulation,Adventure,0.5755608393846326,0.5094144922664362,19,1.0,0.0,0.0333333333333333,0.6171820916961757,1,0.7223433135115731,2
104,1096,Experience 1096,Adventure,0.7903170826018652,0.4751627362769494,0.5362341337297925,0.9233469677258124,13,Simulation,Adventure,0.5755608393846326,0.5094144922664362,19,0.0,1.0,0.1,0.9606732943451598,0,0.5857641363404024,3
104,1082,Experience 1082,Adventure,0.940069744877272,0.6645999956719907,0.1368397110942475,0.0890420050750532,28,Simulation,Adventure,0.5755608393846326,0.5094144922664362,19,0.0,1.0,0.15,0.5612788717096149,0,0.560134555415908,4
104,1111,Experience 1111,Sports,0.9428982678236224,0.8155250577848677,0.575778764164542,0.2547283501174674,25,Simulation,Adventure,0.5755608393846326,0.5094144922664362,19,0.0,0.0,0.1,0.9997820752200908,0,0.5322085704262637,5
105,1088,Experience 1088,Sports,0.931739259022481,0.4207879774878386,0.5549692853271866,0.4100487869149942,11,Sports,Strategy,0.4122081995898021,0.8637265823391025,26,1.0,0.0,0.25,0.8572389142626156,0,0.8289997695062951,1
105,1037,Experience 1037,Sports,0.7994490651436071,0.7023148063737304,0.3263399911584964,0.9948242136208678,35,Sports,Strategy,0.4122081995898021,0.8637265823391025,26,1.0,0.0,0.15,0.9141317915686944,0,0.8276915858908891,2
105,1100,Experience 1100,Sports,0.8539423752816214,0.5771516782683807,0.6603015579098336,0.097787997445443,39,Sports,Strategy,0.4122081995898021,0.8637265823391025,26,1.0,0.0,0.2166666666666666,0.7519066416799686,1,0.82338868148108,3
105,1015,Experience 1015,Sports,0.9316862802198296,0.7502302540767141,0.1563447605350174,0.9300033473547172,10,Sports,Strategy,0.4122081995898021,0.8637265823391025,26,1.0,0.0,0.2666666666666666,0.7441365609452153,1,0.8185363659477974,4
105,1041,Experience 1041,Sports,0.6879201981801872,0.7175911275892214,0.4277301159158936,0.4016616340093764,51,Sports,Strategy,0.4122081995898021,0.8637265823391025,26,1.0,0.0,0.4166666666666667,0.9844780836739084,1,0.8103659980988758,5
106,1044,Experience 1044,Action,0.8578996664042653,0.7405382156713768,0.540545681694017,0.9388053542070384,40,Action,Adventure,0.3304419814073895,0.5177205756977866,38,1.0,0.0,0.0333333333333333,0.7898962997133725,1,0.8306992019831687,1
106,1000,Experience 1000,Action,0.9096695293967186,0.6516437731703687,0.6290364009047581,0.2407530712142694,49,Action,Adventure,0.3304419814073895,0.5177205756977866,38,1.0,0.0,0.1833333333333333,0.7014055805026314,0,0.8238628734075085,2
106,1032,Experience 1032,Action,0.9183909657409184,0.1782087510115781,0.2798409650960937,0.836613041032693,59,Action,Adventure,0.3304419814073895,0.5177205756977866,38,1.0,0.0,0.35,0.9493989836887042,1,0.8081749186688428,3
106,1119,Experience 1119,Action,0.8086136050725224,0.7572883677081093,0.5086964614589882,0.1619415702496311,9,Action,Adventure,0.3304419814073895,0.5177205756977866,38,1.0,0.0,0.4833333333333333,0.8217455199484014,0,0.7994999125106711,4
106,1103,Experience 1103,Action,0.6677544964493587,0.4461723957193605,0.794276194278496,0.1853752728024856,59,Action,Adventure,0.3304419814073895,0.5177205756977866,38,1.0,0.0,0.35,0.5361657871288934,1,0.7469171654775758,5
107,1006,Experience 1006,Action,0.8770181756508404,0.5275353377269014,0.8047332447846338,0.7517807092307816,28,Action,Social,0.6509236153822313,0.5174023936020361,24,1.0,0.0,0.0666666666666666,0.8461903705975975,1,0.8515988569483146,1
107,1068,Experience 1068,Action,0.698456042052288,0.2594560290757449,0.3550613668330224,0.4325155932423661,21,Action,Social,0.6509236153822313,0.5174023936020361,24,1.0,0.0,0.05,0.7041377514507912,0,0.7905619005330549,2
107,1032,Experience 1032,Action,0.9183909657409184,0.1782087510115781,0.2798409650960937,0.836613041032693,59,Action,Social,0.6509236153822313,0.5174023936020361,24,1.0,0.0,0.5833333333333334,0.6289173497138624,0,0.7773944974860659,3
107,1009,Experience 1009,Action,0.7987178764315418,0.3460501829476273,0.2238314684756084,0.130890330850495,53,Action,Social,0.6509236153822313,0.5174023936020361,24,1.0,0.0,0.4833333333333333,0.5729078530933771,1,0.7686102581111383,4
107,1025,Experience 1025,Social,0.838744739121835,0.7279884901895025,0.5876677647056102,0.0811540004238993,14,Action,Social,0.6509236153822313,0.5174023936020361,24,0.0,1.0,0.1666666666666666,0.9367441493233788,0,0.7597019978797497,5
108,1099,Experience 1099,Adventure,0.8332801744008336,0.4077151465805127,0.8307594812615263,0.7545731382181347,49,Adventure,Strategy,0.8524239452284642,0.4822589124892035,46,1.0,0.0,0.05,0.978335536033062,0,0.8155198898156705,1
108,1031,Experience 1031,Adventure,0.6267069522672452,0.6020379288394027,0.9395582128996094,0.5521627033044271,46,Adventure,Strategy,0.8524239452284642,0.4822589124892035,46,1.0,0.0,0.0,0.9128657323288548,0,0.7914052190077187,2
108,1073,Experience 1073,Adventure,0.687693407311507,0.5642695337399875,0.7523432280065728,0.8351257910807337,50,Adventure,Strategy,0.8524239452284642,0.4822589124892035,46,1.0,0.0,0.0666666666666666,0.8999192827781086,0,0.7872198457490918,3
108,1118,Experience 1118,Adventure,0.6594774101626886,0.3565880675711896,0.5086937555214479,0.0351168111096665,58,Adventure,Strategy,0.8524239452284642,0.4822589124892035,46,1.0,0.0,0.2,0.6562698102929837,1,0.7294841710627159,4
108,1077,Experience 1077,Adventure,0.8965830938027713,0.1988675594053931,0.098043795325636,0.9940777724523784,46,Adventure,Strategy,0.8524239452284642,0.4822589124892035,46,1.0,0.0,0.0,0.2456198500971719,0,0.7035270553568036,5
109,1006,Experience 1006,Action,0.8770181756508404,0.5275353377269014,0.8047332447846338,0.7517807092307816,28,Action,Adventure,0.7099568770132711,0.4582117431397214,39,1.0,0.0,0.1833333333333333,0.9052236322286372,1,0.8276079584291003,1
109,1116,Experience 1116,Action,0.6678760843020042,0.5482724230839826,0.6479003468582198,0.8466710505082435,57,Action,Adventure,0.7099568770132711,0.4582117431397214,39,1.0,0.0,0.3,0.9379434698449488,1,0.7908262946819318,2
109,1009,Experience 1009,Action,0.7987178764315418,0.3460501829476273,0.2238314684756084,0.130890330850495,53,Action,Adventure,0.7099568770132711,0.4582117431397214,39,1.0,0.0,0.2333333333333333,0.5138745914623373,0,0.7490239114914675,3
109,1068,Experience 1068,Action,0.698456042052288,0.2594560290757449,0.3550613668330224,0.4325155932423661,21,Action,Adventure,0.7099568770132711,0.4582117431397214,39,1.0,0.0,0.3,0.6451044898197513,0,0.7331010758634622,4
109,1086,Experience 1086,Action,0.6307900998772656,0.1325899003231649,0.3014212434741936,0.1888364204756389,42,Action,Adventure,0.7099568770132711,0.4582117431397214,39,1.0,0.0,0.05,0.5914643664609225,1,0.7289598668596919,5
110,1097,Experience 1097,Social,0.6621084266035628,0.3766200397542547,0.5070806368539267,0.2458755870050586,23,Social,Action,0.1458937796735458,0.6939425528430493,25,1.0,0.0,0.0333333333333333,0.6388131428196192,0,0.8050762210748972,1
110,1084,Experience 1084,Social,0.6722561348379004,0.2863456816441453,0.5362524927433157,0.7470758006298863,26,Social,Action,0.1458937796735458,0.6939425528430493,25,1.0,0.0,0.0166666666666666,0.6096412869302302,0,0.7977082292237692,2
110,1074,Experience 1074,Social,0.7411737446379107,0.1336446501121093,0.5667526591354218,0.2130749343990023,32,Social,Action,0.1458937796735458,0.6939425528430493,25,1.0,0.0,0.1166666666666666,0.579141120538124,0,0.7966304175020302,3
110,1085,Experience 1085,Social,0.715133524882573,0.3923165755464828,0.681782684374937,0.3715432084063615,41,Social,Action,0.1458937796735458,0.6939425528430493,25,1.0,0.0,0.2666666666666666,0.4641110952986088,0,0.7844239589628896,4
110,1109,Experience 1109,Social,0.5415451963988065,0.6320276759129257,0.4602651355822746,0.2660308726216652,48,Social,Action,0.1458937796735458,0.6939425528430493,25,1.0,0.0,0.3833333333333333,0.6856286440912712,1,0.7808466103416482,5
111,1011,Experience 1011,Strategy,0.8438936347604792,0.3089791482471649,0.5527453913687409,0.302964628837302,52,Strategy,Action,0.5850561594410665,0.4959424041129145,32,1.0,0.0,0.3333333333333333,0.9676892319276744,1,0.7799133078357503,1
111,1023,Experience 1023,Strategy,0.934275144868182,0.4241492862896971,0.2179097364670654,0.7914514878076223,48,Strategy,Action,0.5850561594410665,0.4959424041129145,32,1.0,0.0,0.2666666666666666,0.632853577025999,1,0.7516676580284432,2
111,1034,Experience 1034,Strategy,0.5016628944231066,0.7184788322001798,0.7569144817322334,0.2251776661055454,11,Strategy,Action,0.5850561594410665,0.4959424041129145,32,1.0,0.0,0.35,0.8281416777088331,1,0.7187645933104495,3
111,1055,Experience 1055,Action,0.9121309206982589,0.3826203354113438,0.2499073592941251,0.1919211614110854,38,Strategy,Action,0.5850561594410665,0.4959424041129145,32,0.0,1.0,0.1,0.6648511998530586,0,0.595761887910235,4
111,1068,Experience 1068,Action,0.698456042052288,0.2594560290757449,0.3550613668330224,0.4325155932423661,21,Strategy,Action,0.5850561594410665,0.4959424041129145,32,0.0,1.0,0.1833333333333333,0.7700052073919559,0,0.5406744432768105,5
112,1103,Experience 1103,Action,0.6677544964493587,0.4461723957193605,0.794276194278496,0.1853752728024856,59,Action,Adventure,0.741614217196715,0.7679407045199396,44,1.0,0.0,0.25,0.947338022918219,1,0.8102885656083234,1
112,1116,Experience 1116,Action,0.6678760843020042,0.5482724230839826,0.6479003468582198,0.8466710505082435,57,Action,Adventure,0.741614217196715,0.7679407045199396,44,1.0,0.0,0.2166666666666666,0.9062861296615048,0,0.8044627499838114,2
112,1017,Experience 1017,Adventure,0.8986224157650411,0.4138920991005588,0.5580723954683906,0.6429984233408326,53,Action,Adventure,0.741614217196715,0.7679407045199396,44,0.0,1.0,0.15,0.8164581782716755,1,0.6473160038838858,3
112,1008,Experience 1008,Adventure,0.8415828324170402,0.3364498304651394,0.599089106012921,0.2728043301458357,40,Action,Adventure,0.741614217196715,0.7679407045199396,44,0.0,1.0,0.0666666666666666,0.8574748888162059,0,0.6461033538797442,4
112,1073,Experience 1073,Adventure,0.687693407311507,0.5642695337399875,0.7523432280065728,0.8351257910807337,50,Action,Adventure,0.741614217196715,0.7679407045199396,44,0.0,1.0,0.1,0.9892709891901422,1,0.645698800793303,5
113,1110,Experience 1110,Creative,0.8487034770737338,0.6513439158584452,0.7080979103356375,0.2741343936886083,18,Creative,Social,0.918657490132268,0.7707285414775169,41,1.0,0.0,0.3833333333333333,0.7894404202033695,1,0.8308705583120104,1
113,1052,Experience 1052,Creative,0.6879474895864814,0.8150878066775633,0.5427584275418881,0.4028796085076296,43,Creative,Social,0.918657490132268,0.7707285414775169,41,1.0,0.0,0.0333333333333333,0.62410093740962,1,0.8171625984029088,2
113,1007,Experience 1007,Social,0.6113602755027672,0.3693255620200327,0.760432490906593,0.3138467721116466,56,Creative,Social,0.918657490132268,0.7707285414775169,41,0.0,1.0,0.25,0.841775000774325,0,0.6835884753741983,3
113,1074,Experience 1074,Social,0.7411737446379107,0.1336446501121093,0.5667526591354218,0.2130749343990023,32,Creative,Social,0.918657490132268,0.7707285414775169,41,0.0,1.0,0.15,0.6480951690031538,0,0.6662962544831418,4
113,1039,Experience 1039,Social,0.8194814495513689,0.2752805682140255,0.2419454802582048,0.889899007072331,47,Creative,Social,0.918657490132268,0.7707285414775169,41,0.0,1.0,0.1,0.3232879901259368,0,0.6313357778817602,5
114,1082,Experience 1082,Adventure,0.940069744877272,0.6645999956719907,0.1368397110942475,0.0890420050750532,28,Adventure,Creative,0.526851999137132,0.5387842304542427,38,1.0,0.0,0.1666666666666666,0.6099877119571155,0,0.7931014063848292,1
114,1077,Experience 1077,Adventure,0.8965830938027713,0.1988675594053931,0.098043795325636,0.9940777724523784,46,Adventure,Creative,0.526851999137132,0.5387842304542427,38,1.0,0.0,0.1333333333333333,0.571191796188504,0,0.7523625703805157,2
114,1117,Experience 1117,Adventure,0.4143954852484882,0.5042520610293434,0.5381695778516243,0.3991953026577904,51,Adventure,Creative,0.526851999137132,0.5387842304542427,38,1.0,0.0,0.2166666666666666,0.9886824212855077,1,0.7447620006861742,3
114,1071,Experience 1071,Adventure,0.5432545608778258,0.5917055303234199,0.8111881708009158,0.7718493432291552,17,Adventure,Creative,0.526851999137132,0.5387842304542427,38,1.0,0.0,0.35,0.7156638283362162,1,0.7269581493199866,4
114,1043,Experience 1043,Creative,0.8838983032607785,0.7641225701636372,0.5942808569171103,0.6062993981927156,47,Adventure,Creative,0.526851999137132,0.5387842304542427,38,0.0,1.0,0.15,0.9325711422200216,1,0.6854455841392386,5
115,1044,Experience 1044,Action,0.8578996664042653,0.7405382156713768,0.540545681694017,0.9388053542070384,40,Action,Creative,0.3961422837227741,0.5202032571748686,46,1.0,0.0,0.1,0.8555966020287572,0,0.8442636120980619,1
115,1055,Experience 1055,Action,0.9121309206982589,0.3826203354113438,0.2499073592941251,0.1919211614110854,38,Action,Creative,0.3961422837227741,0.5202032571748686,46,1.0,0.0,0.1333333333333333,0.8537650755713511,1,0.833028068135043,2
115,1032,Experience 1032,Action,0.9183909657409184,0.1782087510115781,0.2798409650960937,0.836613041032693,59,Action,Creative,0.3961422837227741,0.5202032571748686,46,1.0,0.0,0.2166666666666666,0.8836986813733195,0,0.8219454848994303,3
115,1006,Experience 1006,Action,0.8770181756508404,0.5275353377269014,0.8047332447846338,0.7517807092307816,28,Action,Creative,0.3961422837227741,0.5202032571748686,46,1.0,0.0,0.3,0.5914090389381403,1,0.804384783622445,4
115,1035,Experience 1035,Action,0.684933354468736,0.2628151072276272,0.2926692360835166,0.7930049789596304,54,Action,Creative,0.3961422837227741,0.5202032571748686,46,1.0,0.0,0.1333333333333333,0.8965269523607424,1,0.7959700654508441,5
116,1014,Experience 1014,Social,0.7084360738896248,0.6919622480914536,0.5066406143622445,0.7631554898199004,35,Social,Creative,0.644249871464006,0.5851473688272698,19,1.0,0.0,0.2666666666666666,0.8623907428982385,0,0.831461699334342,1
116,1059,Experience 1059,Social,0.7489549716721217,0.4911530499138364,0.6826986067555766,0.9132851837019758,49,Social,Creative,0.644249871464006,0.5851473688272698,19,1.0,0.0,0.5,0.9615512647084294,1,0.8291055367485485,2
116,1084,Experience 1084,Social,0.6722561348379004,0.2863456816441453,0.5362524927433157,0.7470758006298863,26,Social,Creative,0.644249871464006,0.5851473688272698,19,1.0,0.0,0.1166666666666666,0.8920026212793096,0,0.8201212612781343,3
116,1110,Experience 1110,Creative,0.8487034770737338,0.6513439158584452,0.7080979103356375,0.2741343936886083,18,Social,Creative,0.644249871464006,0.5851473688272698,19,0.0,1.0,0.0166666666666666,0.9361519611283684,0,0.6802835011985592,4
116,1043,Experience 1043,Creative,0.8838983032607785,0.7641225701636372,0.5942808569171103,0.6062993981927156,47,Social,Creative,0.644249871464006,0.5851473688272698,19,0.0,1.0,0.4666666666666667,0.9500309854531044,0,0.6538730759598756,5
117,1025,Experience 1025,Social,0.838744739121835,0.7279884901895025,0.5876677647056102,0.0811540004238993,14,Social,Action,0.5514610091973254,0.3060223789648619,31,1.0,0.0,0.2833333333333333,0.9637932444917152,1,0.8520606906533666,1
117,1061,Experience 1061,Social,0.9515114053456256,0.4883887845440612,0.3838014404080356,0.6777086144544695,56,Social,Action,0.5514610091973254,0.3060223789648619,31,1.0,0.0,0.4166666666666667,0.8323404312107101,0,0.8346221329325305,2
117,1074,Experience 1074,Social,0.7411737446379107,0.1336446501121093,0.5667526591354218,0.2130749343990023,32,Social,Action,0.5514610091973254,0.3060223789648619,31,1.0,0.0,0.0166666666666666,0.9847083500619036,1,0.8322458784777051,3
117,1084,Experience 1084,Social,0.6722561348379004,0.2863456816441453,0.5362524927433157,0.7470758006298863,26,Social,Action,0.5514610091973254,0.3060223789648619,31,1.0,0.0,0.0833333333333333,0.9847914835459902,0,0.8200326144312966,4
117,1097,Experience 1097,Social,0.6621084266035628,0.3766200397542547,0.5070806368539267,0.2458755870050586,23,Social,Action,0.5514610091973254,0.3060223789648619,31,1.0,0.0,0.1333333333333333,0.9556196276566012,1,0.8187156247906429,5
118,1110,Experience 1110,Creative,0.8487034770737338,0.6513439158584452,0.7080979103356375,0.2741343936886083,18,Creative,Strategy,0.915484214648095,0.2649466123722202,25,1.0,0.0,0.1166666666666666,0.7926136956875425,1,0.8008636714851524,1
118,1043,Experience 1043,Creative,0.8838983032607785,0.7641225701636372,0.5942808569171103,0.6062993981927156,47,Creative,Strategy,0.915484214648095,0.2649466123722202,25,1.0,0.0,0.3666666666666666,0.6787966422690153,0,0.7802332943405063,2
118,1021,Experience 1021,Creative,0.6317033375365485,0.227795161908673,0.5969784094803497,0.8897794665398687,40,Creative,Strategy,0.915484214648095,0.2649466123722202,25,1.0,0.0,0.25,0.6814941948322547,0,0.7065292293685291,3
118,1062,Experience 1062,Creative,0.7566608128373626,0.2501254620138091,0.431135077105207,0.8144738760309339,50,Creative,Strategy,0.915484214648095,0.2649466123722202,25,1.0,0.0,0.4166666666666667,0.5156508624571119,0,0.6923824176468283,4
118,1065,Experience 1065,Creative,0.7619316682455927,0.3645751585148475,0.2630179910479239,0.9645188861392016,47,Creative,Strategy,0.915484214648095,0.2649466123722202,25,1.0,0.0,0.3666666666666666,0.3475337763998289,1,0.6723781456056892,5
119,1033,Experience 1033,Simulation,0.8859147305780027,0.259942782541492,0.2648265360525452,0.1086571032622624,31,Simulation,Puzzle,0.3372361582737985,0.5909435803391828,10,1.0,0.0,0.35,0.9275903777787468,1,0.7796532791842282,1
119,1028,Experience 1028,Simulation,0.7474374024719366,0.7598079156453001,0.9057260947827066,0.4943145335346177,16,Simulation,Puzzle,0.3372361582737985,0.5909435803391828,10,1.0,0.0,0.1,0.4315100634910919,0,0.7505595185996756,2
119,1016,Experience 1016,Simulation,0.6327408434291123,0.2893552650923534,0.337198205686132,0.4979318527888876,53,Simulation,Puzzle,0.3372361582737985,0.5909435803391828,10,1.0,0.0,0.7166666666666667,0.9999620474123336,1,0.7154499267838186,3
119,1108,Experience 1108,Puzzle,0.8425576923542274,0.4822507608830354,0.666849920378606,0.8027206052883656,21,Simulation,Puzzle,0.3372361582737985,0.5909435803391828,10,0.0,1.0,0.1833333333333333,0.6703862378951925,0,0.594343043546905,4
119,1004,Experience 1004,Puzzle,0.809305382335664,0.5027055170834634,0.7716046143560276,0.3920600224154432,16,Simulation,Puzzle,0.3372361582737985,0.5909435803391828,10,0.0,1.0,0.1,0.5656315439177709,0,0.585703290967791,5
120,1054,Experience 1054,Puzzle,0.6795756146978778,0.2537314254122666,0.2509959349159629,0.6813294726896911,34,Puzzle,Action,0.2893201600940863,0.1854867918779683,35,1.0,0.0,0.0166666666666666,0.9616757748218766,1,0.7722654056598777,1
120,1019,Experience 1019,Puzzle,0.5059661119161158,0.8228200647408448,0.2570325653065184,0.9988296373336586,24,Puzzle,Action,0.2893201600940863,0.1854867918779683,35,1.0,0.0,0.1833333333333333,0.9677124052124322,0,0.7560088036760142,2
120,1075,Experience 1075,Puzzle,0.7701763699744956,0.5714931074517187,0.7080993700732455,0.0043057756676786,58,Puzzle,Action,0.2893201600940863,0.1854867918779683,35,1.0,0.0,0.3833333333333333,0.5812207900208408,1,0.7518808765707811,3
120,1029,Experience 1029,Puzzle,0.3418174116264629,0.7473540601800795,0.2448417750345193,0.4073623878629723,57,Puzzle,Action,0.2893201600940863,0.1854867918779683,35,1.0,0.0,0.3666666666666666,0.955521614940433,1,0.7120103646677557,4
120,1032,Experience 1032,Action,0.9183909657409184,0.1782087510115781,0.2798409650960937,0.836613041032693,59,Puzzle,Action,0.2893201600940863,0.1854867918779683,35,0.0,1.0,0.4,0.9905208050020072,0,0.5967657039559428,5
121,1046,Experience 1046,Puzzle,0.9358581895296346,0.2937905951089806,0.3646871905132503,0.5570017818814502,30,Puzzle,Action,0.4525389887426308,0.3654349876996477,27,1.0,0.0,0.05,0.9121482017706196,0,0.8138497404777623,1
121,1053,Experience 1053,Puzzle,0.7426572934279929,0.7514869168546299,0.2904976508730454,0.8341208920021081,34,Puzzle,Action,0.4525389887426308,0.3654349876996477,27,1.0,0.0,0.1166666666666666,0.8379586621304147,0,0.7886732649406628,2
121,1069,Experience 1069,Puzzle,0.8068156107352968,0.6551858372056814,0.8842124935251735,0.2530347499296835,35,Puzzle,Action,0.4525389887426308,0.3654349876996477,27,1.0,0.0,0.1333333333333333,0.5683264952174574,0,0.7816095407862074,3
121,1090,Experience 1090,Puzzle,0.5586098880458512,0.4251872277402517,0.5338484342208252,0.861814417816014,19,Puzzle,Action,0.4525389887426308,0.3654349876996477,27,1.0,0.0,0.1333333333333333,0.9186905545218056,0,0.7509608497156836,4
121,1093,Experience 1093,Puzzle,0.5054580561223759,0.3724006037822283,0.1444497473739812,0.982987171535907,29,Puzzle,Action,0.4525389887426308,0.3654349876996477,27,1.0,0.0,0.0333333333333333,0.6919107586313504,0,0.7021311791685936,5
122,1081,Experience 1081,Puzzle,0.5738102986510725,0.5468042713764619,0.3811493240377567,0.8099407364448706,60,Puzzle,Simulation,0.4940367596202861,0.4331449465878885,50,1.0,0.0,0.1666666666666666,0.8871125644174707,0,0.7590370627783626,1
122,1090,Experience 1090,Puzzle,0.5586098880458512,0.4251872277402517,0.5338484342208252,0.861814417816014,19,Puzzle,Simulation,0.4940367596202861,0.4331449465878885,50,1.0,0.0,0.5166666666666667,0.960188325399461,1,0.728570859243218,2
122,1093,Experience 1093,Puzzle,0.5054580561223759,0.3724006037822283,0.1444497473739812,0.982987171535907,29,Puzzle,Simulation,0.4940367596202861,0.4331449465878885,50,1.0,0.0,0.35,0.6504129877536952,0,0.6705550934269799,3
122,1078,Experience 1078,Simulation,0.9139745006021852,0.4875947260651535,0.1081242288365573,0.0386443098268846,51,Puzzle,Simulation,0.4940367596202861,0.4331449465878885,50,0.0,1.0,0.0166666666666666,0.6140874692162712,0,0.5887196065952717,4
122,1020,Experience 1020,Simulation,0.8220634578382588,0.5054615596538111,0.3982077558970217,0.6135164847298321,13,Puzzle,Simulation,0.4940367596202861,0.4331449465878885,50,0.0,1.0,0.6166666666666667,0.9041709962767356,0,0.5525692834344658,5
123,1044,Experience 1044,Action,0.8578996664042653,0.7405382156713768,0.540545681694017,0.9388053542070384,40,Action,Creative,0.746773429121776,0.2249327834953873,42,1.0,0.0,0.0333333333333333,0.7937722525722409,0,0.8297495022767994,1
123,1116,Experience 1116,Action,0.6678760843020042,0.5482724230839826,0.6479003468582198,0.8466710505082435,57,Action,Creative,0.746773429121776,0.2249327834953873,42,1.0,0.0,0.25,0.9011269177364438,1,0.7940812839694343,2
123,1032,Experience 1032,Action,0.9183909657409184,0.1782087510115781,0.2798409650960937,0.836613041032693,59,Action,Creative,0.746773429121776,0.2249327834953873,42,1.0,0.0,0.2833333333333333,0.5330675359743177,1,0.7619264719860016,3
123,1009,Experience 1009,Action,0.7987178764315418,0.3460501829476273,0.2238314684756084,0.130890330850495,53,Action,Creative,0.746773429121776,0.2249327834953873,42,1.0,0.0,0.1833333333333333,0.4770580393538324,0,0.7527259998302924,4
123,1068,Experience 1068,Action,0.698456042052288,0.2594560290757449,0.3550613668330224,0.4325155932423661,21,Action,Creative,0.746773429121776,0.2249327834953873,42,1.0,0.0,0.35,0.6082879377112465,1,0.7287001370556221,5
124,1075,Experience 1075,Puzzle,0.7701763699744956,0.5714931074517187,0.7080993700732455,0.0043057756676786,58,Puzzle,Creative,0.2777353294178747,0.8795758780071369,42,1.0,0.0,0.2666666666666666,0.5696359593446292,1,0.796010513960446,1
124,1019,Experience 1019,Puzzle,0.5059661119161158,0.8228200647408448,0.2570325653065184,0.9988296373336586,24,Puzzle,Creative,0.2777353294178747,0.8795758780071369,42,1.0,0.0,0.3,0.9792972358886438,1,0.7861283028125483,2
124,1029,Experience 1029,Puzzle,0.3418174116264629,0.7473540601800795,0.2448417750345193,0.4073623878629723,57,Puzzle,Creative,0.2777353294178747,0.8795758780071369,42,1.0,0.0,0.25,0.9671064456166446,1,0.7639358861278811,3
124,1093,Experience 1093,Puzzle,0.5054580561223759,0.3724006037822283,0.1444497473739812,0.982987171535907,29,Puzzle,Creative,0.2777353294178747,0.8795758780071369,42,1.0,0.0,0.2166666666666666,0.8667144179561066,0,0.7514219040147819,4
124,1030,Experience 1030,Puzzle,0.5255875329645523,0.2576702884243441,0.6969604774228595,0.5681673512913645,13,Puzzle,Creative,0.2777353294178747,0.8795758780071369,42,1.0,0.0,0.4833333333333333,0.5807748519950152,1,0.7046258662222196,5
125,1055,Experience 1055,Action,0.9121309206982589,0.3826203354113438,0.2499073592941251,0.1919211614110854,38,Action,Strategy,0.8311320032935191,0.2783511221869266,21,1.0,0.0,0.2833333333333333,0.418775356000606,1,0.740415911947582,1
125,1116,Experience 1116,Action,0.6678760843020042,0.5482724230839826,0.6479003468582198,0.8466710505082435,57,Action,Strategy,0.8311320032935191,0.2783511221869266,21,1.0,0.0,0.6,0.8167683435647007,0,0.7397101578655085,2
125,1032,Experience 1032,Action,0.9183909657409184,0.1782087510115781,0.2798409650960937,0.836613041032693,59,Action,Strategy,0.8311320032935191,0.2783511221869266,21,1.0,0.0,0.6333333333333333,0.4487089618025746,1,0.702248652542536,3
125,1009,Experience 1009,Action,0.7987178764315418,0.3460501829476273,0.2238314684756084,0.130890330850495,53,Action,Strategy,0.8311320032935191,0.2783511221869266,21,1.0,0.0,0.5333333333333333,0.3926994651820894,0,0.6916751709890283,4
125,1086,Experience 1086,Action,0.6307900998772656,0.1325899003231649,0.3014212434741936,0.1888364204756389,42,Action,Strategy,0.8311320032935191,0.2783511221869266,21,1.0,0.0,0.35,0.4702892401806745,1,0.6690521302717465,5
126,1115,Experience 1115,Simulation,0.626658707429628,0.7075065986188209,0.5404405149990236,0.2246894745458737,42,Simulation,Sports,0.6738043520951668,0.5931504485940953,41,1.0,0.0,0.0166666666666666,0.8666361629038568,1,0.8007498560344354,1
126,1070,Experience 1070,Sports,0.9021629239090754,0.4240213755135868,0.7602726894428304,0.7757910864370905,50,Simulation,Sports,0.6738043520951668,0.5931504485940953,41,0.0,1.0,0.15,0.9135316626523364,1,0.6909952906318866,2
126,1027,Experience 1027,Sports,0.8258355726034926,0.7779980359761599,0.5071112833110228,0.4772006332829246,49,Simulation,Sports,0.6738043520951668,0.5931504485940953,41,0.0,1.0,0.1333333333333333,0.8333069312158561,0,0.6810970843806697,3
126,1106,Experience 1106,Sports,0.8146785788760947,0.3647619692710552,0.6750256601127794,0.7960604476258709,49,Simulation,Sports,0.6738043520951668,0.5931504485940953,41,0.0,1.0,0.1333333333333333,0.9987786919823872,0,0.6790630764983846,4
126,1001,Experience 1001,Sports,0.6452560499996463,0.8044840559110404,0.5776422262968883,0.3608105614175153,41,Simulation,Sports,0.6738043520951668,0.5931504485940953,41,0.0,1.0,0.0,0.9038378742017216,0,0.6678194437673453,5
127,1073,Experience 1073,Adventure,0.687693407311507,0.5642695337399875,0.7523432280065728,0.8351257910807337,50,Adventure,Simulation,0.7106119576411216,0.3755421333043018,10,1.0,0.0,0.6666666666666666,0.9582687296345488,0,0.7243013153575316,1
127,1051,Experience 1051,Adventure,0.7608650542535511,0.4945204429565272,0.5049786641965721,0.9492935230092574,34,Adventure,Simulation,0.7106119576411216,0.3755421333043018,10,1.0,0.0,0.4,0.7943667065554505,1,0.7230675833923459,2
127,1101,Experience 1101,Adventure,0.7760911633714107,0.1624374115097873,0.2510263664566988,0.468231405693584,28,Adventure,Simulation,0.7106119576411216,0.3755421333043018,10,1.0,0.0,0.3,0.5404144088155771,1,0.6712512776946351,3
127,1118,Experience 1118,Adventure,0.6594774101626886,0.3565880675711896,0.5086937555214479,0.0351168111096665,58,Adventure,Simulation,0.7106119576411216,0.3755421333043018,10,1.0,0.0,0.8,0.7980817978803263,1,0.6700716725579233,4
127,1117,Experience 1117,Adventure,0.4143954852484882,0.5042520610293434,0.5381695778516243,0.3991953026577904,51,Adventure,Simulation,0.7106119576411216,0.3755421333043018,10,1.0,0.0,0.6833333333333333,0.8275576202105027,0,0.6355794914648578,5
128,1008,Experience 1008,Adventure,0.8415828324170402,0.3364498304651394,0.599089106012921,0.2728043301458357,40,Adventure,Social,0.7722767545402913,0.8684206831995551,41,1.0,0.0,0.0166666666666666,0.8268123514726297,1,0.8332996871745375,1
128,1073,Experience 1073,Adventure,0.687693407311507,0.5642695337399875,0.7523432280065728,0.8351257910807337,50,Adventure,Social,0.7722767545402913,0.8684206831995551,41,1.0,0.0,0.15,0.9800664734662816,1,0.8292598027946171,2
128,1051,Experience 1051,Adventure,0.7608650542535511,0.4945204429565272,0.5049786641965721,0.9492935230092574,34,Adventure,Social,0.7722767545402913,0.8684206831995551,41,1.0,0.0,0.1166666666666666,0.7327019096562808,0,0.8048645016760428,3
128,1082,Experience 1082,Adventure,0.940069744877272,0.6645999956719907,0.1368397110942475,0.0890420050750532,28,Adventure,Social,0.7722767545402913,0.8684206831995551,41,1.0,0.0,0.2166666666666666,0.3645629565539562,0,0.7902769160104134,4
128,1057,Experience 1057,Adventure,0.6456559365327232,0.2179960435691,0.3788184780326499,0.8119882015105448,28,Adventure,Social,0.7722767545402913,0.8684206831995551,41,1.0,0.0,0.2166666666666666,0.6065417234923586,1,0.7436947838027507,5
129,1061,Experience 1061,Social,0.9515114053456256,0.4883887845440612,0.3838014404080356,0.6777086144544695,56,Social,Adventure,0.4992064419298572,0.8744504790201973,42,1.0,0.0,0.2333333333333333,0.8845949984781785,0,0.8655672389973975,1
129,1107,Experience 1107,Social,0.7428970964662264,0.8045676070342606,0.8160785123357384,0.9076048913904824,23,Social,Adventure,0.4992064419298572,0.8744504790201973,42,1.0,0.0,0.3166666666666666,0.6831279295941188,1,0.8319794348335737,2
129,1097,Experience 1097,Social,0.6621084266035628,0.3766200397542547,0.5070806368539267,0.2458755870050586,23,Social,Adventure,0.4992064419298572,0.8744504790201973,42,1.0,0.0,0.3166666666666666,0.9921258050759304,1,0.8299859745602893,3
129,1002,Experience 1002,Social,0.5654662227449457,0.1419781043952984,0.4876512775379703,0.1763555764178013,30,Social,Adventure,0.4992064419298572,0.8744504790201973,42,1.0,0.0,0.2,0.9884448356081132,1,0.8126422953380159,4
129,1079,Experience 1079,Social,0.6252808613431486,0.1651788036494796,0.2355254260756802,0.2079980737084605,56,Social,Adventure,0.4992064419298572,0.8744504790201973,42,1.0,0.0,0.2333333333333333,0.7363189841458231,1,0.7897863345310132,5
130,1023,Experience 1023,Strategy,0.934275144868182,0.4241492862896971,0.2179097364670654,0.7914514878076223,48,Strategy,Puzzle,0.7225191978386958,0.6032017622331627,47,1.0,0.0,0.0166666666666666,0.4953905386283697,1,0.7739034968480464,1
130,1066,Experience 1066,Strategy,0.5933044321129625,0.8148765601157231,0.9082281614290438,0.2645976053461583,23,Strategy,Puzzle,0.7225191978386958,0.6032017622331627,47,1.0,0.0,0.4,0.814291036409652,0,0.7643021449959192,2
130,1034,Experience 1034,Strategy,0.5016628944231066,0.7184788322001798,0.7569144817322334,0.2251776661055454,11,Strategy,Puzzle,0.7225191978386958,0.6032017622331627,47,1.0,0.0,0.6,0.9656047161064624,1,0.7396831592538692,3
130,1069,Experience 1069,Puzzle,0.8068156107352968,0.6551858372056814,0.8842124935251735,0.2530347499296835,35,Strategy,Puzzle,0.7225191978386958,0.6032017622331627,47,0.0,1.0,0.2,0.8383067043135223,0,0.6642642731313336,4
130,1004,Experience 1004,Puzzle,0.809305382335664,0.5027055170834634,0.7716046143560276,0.3920600224154432,16,Strategy,Puzzle,0.7225191978386958,0.6032017622331627,47,0.0,1.0,0.5166666666666667,0.9509145834826682,0,0.6330166763938597,5
131,1014,Experience 1014,Social,0.7084360738896248,0.6919622480914536,0.5066406143622445,0.7631554898199004,35,Social,Action,0.5195197005324059,0.8298264912680094,19,1.0,0.0,0.2666666666666666,0.9871209138298386,1,0.8437954784918402,1
131,1107,Experience 1107,Social,0.7428970964662264,0.8045676070342606,0.8160785123357384,0.9076048913904824,23,Social,Action,0.5195197005324059,0.8298264912680094,19,1.0,0.0,0.0666666666666666,0.7034411881966676,1,0.8419614153588664,2
131,1097,Experience 1097,Social,0.6621084266035628,0.3766200397542547,0.5070806368539267,0.2458755870050586,23,Social,Action,0.5195197005324059,0.8298264912680094,19,1.0,0.0,0.0666666666666666,0.9875609363215208,1,0.8376926328285202,3
131,1061,Experience 1061,Social,0.9515114053456256,0.4883887845440612,0.3838014404080356,0.6777086144544695,56,Social,Action,0.5195197005324059,0.8298264912680094,19,1.0,0.0,0.6166666666666667,0.8642817398756297,1,0.837506411978351,4
131,1085,Experience 1085,Social,0.715133524882573,0.3923165755464828,0.681782684374937,0.3715432084063615,41,Social,Action,0.5195197005324059,0.8298264912680094,19,1.0,0.0,0.3666666666666666,0.8377370161574689,0,0.8181550952338095,5
132,1067,Experience 1067,Creative,0.788764048918011,0.4580972487220676,0.5921026845821029,0.4299570499000478,43,Creative,Action,0.594605874375341,0.6276089533472435,21,1.0,0.0,0.3666666666666666,0.997496810206762,1,0.8013296812915497,1
132,1087,Experience 1087,Creative,0.7417160017369715,0.3980069401610766,0.5803538931422866,0.1954958273965873,33,Creative,Action,0.594605874375341,0.6276089533472435,21,1.0,0.0,0.2,0.9857480187669456,0,0.8007308277675408,2
132,1052,Experience 1052,Creative,0.6879474895864814,0.8150878066775633,0.5427584275418881,0.4028796085076296,43,Creative,Action,0.594605874375341,0.6276089533472435,21,1.0,0.0,0.3666666666666666,0.9481525531665472,1,0.7957180767767926,3
132,1062,Experience 1062,Creative,0.7566608128373626,0.2501254620138091,0.431135077105207,0.8144738760309339,50,Creative,Action,0.594605874375341,0.6276089533472435,21,1.0,0.0,0.4833333333333333,0.8365292027298661,0,0.7500320501594218,4
132,1065,Experience 1065,Creative,0.7619316682455927,0.3645751585148475,0.2630179910479239,0.9645188861392016,47,Creative,Action,0.594605874375341,0.6276089533472435,21,1.0,0.0,0.4333333333333333,0.6684121166725829,1,0.7323273892327573,5
133,1055,Experience 1055,Action,0.9121309206982589,0.3826203354113438,0.2499073592941251,0.1919211614110854,38,Action,Social,0.9203702867199468,0.5612139278810462,25,1.0,0.0,0.2166666666666666,0.3295370725741782,1,0.7775719093105752,1
133,1107,Experience 1107,Social,0.7428970964662264,0.8045676070342606,0.8160785123357384,0.9076048913904824,23,Action,Social,0.9203702867199468,0.5612139278810462,25,0.0,1.0,0.0333333333333333,0.8957082256157914,0,0.7509384496024794,2
133,1032,Experience 1032,Action,0.9183909657409184,0.1782087510115781,0.2798409650960937,0.836613041032693,59,Action,Social,0.9203702867199468,0.5612139278810462,25,1.0,0.0,0.5666666666666667,0.3594706783761467,0,0.7429713061293467,3
133,1086,Experience 1086,Action,0.6307900998772656,0.1325899003231649,0.3014212434741936,0.1888364204756389,42,Action,Social,0.9203702867199468,0.5612139278810462,25,1.0,0.0,0.2833333333333333,0.3810509567542467,0,0.7124559446401129,4
133,1059,Experience 1059,Social,0.7489549716721217,0.4911530499138364,0.6826986067555766,0.9132851837019758,49,Action,Social,0.9203702867199468,0.5612139278810462,25,0.0,1.0,0.4,0.7623283200356297,0,0.6824089562357813,5
134,1000,Experience 1000,Action,0.9096695293967186,0.6516437731703687,0.6290364009047581,0.2407530712142694,49,Action,Social,0.7060383999613741,0.3645974177426964,36,1.0,0.0,0.2166666666666666,0.922998000943384,0,0.8596976858081525,1
134,1044,Experience 1044,Action,0.8578996664042653,0.7405382156713768,0.540545681694017,0.9388053542070384,40,Action,Social,0.7060383999613741,0.3645974177426964,36,1.0,0.0,0.0666666666666666,0.8345072817326429,0,0.8501575424520985,2
134,1032,Experience 1032,Action,0.9183909657409184,0.1782087510115781,0.2798409650960937,0.836613041032693,59,Action,Social,0.7060383999613741,0.3645974177426964,36,1.0,0.0,0.3833333333333333,0.5738025651347196,0,0.7836632891825106,3
134,1086,Experience 1086,Action,0.6307900998772656,0.1325899003231649,0.3014212434741936,0.1888364204756389,42,Action,Social,0.7060383999613741,0.3645974177426964,36,1.0,0.0,0.1,0.5953828435128196,0,0.7563950075200532,4
134,1025,Experience 1025,Social,0.838744739121835,0.7279884901895025,0.5876677647056102,0.0811540004238993,14,Action,Social,0.7060383999613741,0.3645974177426964,36,0.0,1.0,0.3666666666666666,0.8816293647442361,0,0.7347729236193722,5
135,1014,Experience 1014,Social,0.7084360738896248,0.6919622480914536,0.5066406143622445,0.7631554898199004,35,Social,Strategy,0.4013259444098763,0.234900955705054,27,1.0,0.0,0.1333333333333333,0.8946853300476318,0,0.8288838316607715,1
135,1074,Experience 1074,Social,0.7411737446379107,0.1336446501121093,0.5667526591354218,0.2130749343990023,32,Social,Strategy,0.4013259444098763,0.234900955705054,27,1.0,0.0,0.0833333333333333,0.8345732852744545,1,0.8100689851715253,2
135,1085,Experience 1085,Social,0.715133524882573,0.3923165755464828,0.681782684374937,0.3715432084063615,41,Social,Strategy,0.4013259444098763,0.234900955705054,27,1.0,0.0,0.2333333333333333,0.7195432600349393,0,0.7984650673995565,3
135,1059,Experience 1059,Social,0.7489549716721217,0.4911530499138364,0.6826986067555766,0.9132851837019758,49,Social,Strategy,0.4013259444098763,0.234900955705054,27,1.0,0.0,0.3666666666666666,0.7186273376542998,1,0.7968875251598503,4
135,1109,Experience 1109,Social,0.5415451963988065,0.6320276759129257,0.4602651355822746,0.2660308726216652,48,Social,Strategy,0.4013259444098763,0.234900955705054,27,1.0,0.0,0.35,0.9410608088276018,1,0.7950598472134697,5
136,1092,Experience 1092,Sports,0.8280410369904486,0.5343815491606264,0.7426691928850321,0.6904019545155015,39,Sports,Adventure,0.5881361169188354,0.1006285331912617,48,1.0,0.0,0.15,0.8454669240338033,1,0.8102629421198497,1
136,1037,Experience 1037,Sports,0.7994490651436071,0.7023148063737304,0.3263399911584964,0.9948242136208678,35,Sports,Adventure,0.5881361169188354,0.1006285331912617,48,1.0,0.0,0.2166666666666666,0.738203874239661,1,0.7839025490698176,2
136,1104,Experience 1104,Sports,0.7763284069557427,0.7928984171430337,0.1707069630824686,0.4638281104628762,33,Sports,Adventure,0.5881361169188354,0.1006285331912617,48,1.0,0.0,0.25,0.5825708461636332,1,0.7625648808227178,3
136,1005,Experience 1005,Sports,0.725440926488475,0.5102685875213342,0.2459903544501388,0.2409271164143122,19,Sports,Adventure,0.5881361169188354,0.1006285331912617,48,1.0,0.0,0.4833333333333333,0.6578542375313035,1,0.729783601788584,4
136,1008,Experience 1008,Adventure,0.8415828324170402,0.3364498304651394,0.599089106012921,0.2728043301458357,40,Sports,Adventure,0.5881361169188354,0.1006285331912617,48,0.0,1.0,0.1333333333333333,0.9890470109059144,0,0.6170845312697203,5
137,1099,Experience 1099,Adventure,0.8332801744008336,0.4077151465805127,0.8307594812615263,0.7545731382181347,49,Adventure,Simulation,0.5069323131825516,0.8912492695083221,22,1.0,0.0,0.45,0.6761728319210253,0,0.7535515662132098,1
137,1101,Experience 1101,Adventure,0.7760911633714107,0.1624374115097873,0.2510263664566988,0.468231405693584,28,Adventure,Simulation,0.5069323131825516,0.8912492695083221,22,1.0,0.0,0.1,0.7440940532741471,0,0.7475114573420615,2
137,1118,Experience 1118,Adventure,0.6594774101626886,0.3565880675711896,0.5086937555214479,0.0351168111096665,58,Adventure,Simulation,0.5069323131825516,0.8912492695083221,22,1.0,0.0,0.6,0.9982385576611036,1,0.7460317845474367,3
137,1073,Experience 1073,Adventure,0.687693407311507,0.5642695337399875,0.7523432280065728,0.8351257910807337,50,Adventure,Simulation,0.5069323131825516,0.8912492695083221,22,1.0,0.0,0.4666666666666667,0.7545890851759788,1,0.740812283469059,4
137,1117,Experience 1117,Adventure,0.4143954852484882,0.5042520610293434,0.5381695778516243,0.3991953026577904,51,Adventure,Simulation,0.5069323131825516,0.8912492695083221,22,1.0,0.0,0.4833333333333333,0.9687627353309272,0,0.7075905253988088,5
138,1051,Experience 1051,Adventure,0.7608650542535511,0.4945204429565272,0.5049786641965721,0.9492935230092574,34,Adventure,Sports,0.4836228257488145,0.8091641344226193,10,1.0,0.0,0.4,0.9786441615522424,1,0.7976112994035902,1
138,1008,Experience 1008,Adventure,0.8415828324170402,0.3364498304651394,0.599089106012921,0.2728043301458357,40,Adventure,Sports,0.4836228257488145,0.8091641344226193,10,1.0,0.0,0.5,0.8845337197358936,0,0.7935723108059556,2
138,1099,Experience 1099,Adventure,0.8332801744008336,0.4077151465805127,0.8307594812615263,0.7545731382181347,49,Adventure,Sports,0.4836228257488145,0.8091641344226193,10,1.0,0.0,0.65,0.6528633444872882,1,0.7604335167292608,3
138,1071,Experience 1071,Adventure,0.5432545608778258,0.5917055303234199,0.8111881708009158,0.7718493432291552,17,Adventure,Sports,0.4836228257488145,0.8091641344226193,10,1.0,0.0,0.1166666666666666,0.6724346549478988,1,0.7548535302017984,4
138,1118,Experience 1118,Adventure,0.6594774101626886,0.3565880675711896,0.5086937555214479,0.0351168111096665,58,Adventure,Sports,0.4836228257488145,0.8091641344226193,10,1.0,0.0,0.8,0.9749290702273666,0,0.7530549070325108,5
139,1114,Experience 1114,Simulation,0.9094073794904848,0.2867325336723821,0.0751050358773748,0.4020477981570693,23,Simulation,Action,0.2051227598210748,0.2637547040761093,38,1.0,0.0,0.25,0.8699822760563001,0,0.76511674658178,1
139,1020,Experience 1020,Simulation,0.8220634578382588,0.5054615596538111,0.3982077558970217,0.6135164847298321,13,Simulation,Action,0.2051227598210748,0.2637547040761093,38,1.0,0.0,0.4166666666666667,0.8069150039240531,1,0.7459079313374866,2
139,1056,Experience 1056,Simulation,0.5850817489192739,0.1274880872408227,0.8708251250831834,0.1754622465790878,53,Simulation,Action,0.2051227598210748,0.2637547040761093,38,1.0,0.0,0.25,0.3342976347378914,0,0.6413740918326813,3
139,1055,Experience 1055,Action,0.9121309206982589,0.3826203354113438,0.2499073592941251,0.1919211614110854,38,Simulation,Action,0.2051227598210748,0.2637547040761093,38,0.0,1.0,0.0,0.9552154005269496,0,0.6408022587512024,4
139,1039,Experience 1039,Social,0.8194814495513689,0.2752805682140255,0.2419454802582048,0.889899007072331,47,Simulation,Action,0.2051227598210748,0.2637547040761093,38,0.0,0.0,0.15,0.96317727956287,0,0.4877552666710175,5
140,1108,Experience 1108,Puzzle,0.8425576923542274,0.4822507608830354,0.666849920378606,0.8027206052883656,21,Puzzle,Simulation,0.4808835504406306,0.3390157924137961,20,1.0,0.0,0.0166666666666666,0.8140336300620246,0,0.7932923003814227,1
140,1019,Experience 1019,Puzzle,0.5059661119161158,0.8228200647408448,0.2570325653065184,0.9988296373336586,24,Puzzle,Simulation,0.4808835504406306,0.3390157924137961,20,1.0,0.0,0.0666666666666666,0.7761490148658878,0,0.7285980729899089,2
140,1081,Experience 1081,Puzzle,0.5738102986510725,0.5468042713764619,0.3811493240377567,0.8099407364448706,60,Puzzle,Simulation,0.4808835504406306,0.3390157924137961,20,1.0,0.0,0.6666666666666666,0.9002657735971261,1,0.7033395430239,3
140,1113,Experience 1113,Puzzle,0.3143534057607174,0.7407415888945685,0.7096912838106965,0.9437983681037112,40,Puzzle,Simulation,0.4808835504406306,0.3390157924137961,20,1.0,0.0,0.3333333333333333,0.7711922666299341,1,0.6762408595543096,4
140,1020,Experience 1020,Simulation,0.8220634578382588,0.5054615596538111,0.3982077558970217,0.6135164847298321,13,Puzzle,Simulation,0.4808835504406306,0.3390157924137961,20,0.0,1.0,0.1166666666666666,0.917324205456391,0,0.5862709853119349,5
141,1017,Experience 1017,Adventure,0.8986224157650411,0.4138920991005588,0.5580723954683906,0.6429984233408326,53,Adventure,Action,0.507283923380279,0.4773668701227708,54,1.0,0.0,0.0166666666666666,0.9492115279118885,1,0.8257731809228153,1
141,1051,Experience 1051,Adventure,0.7608650542535511,0.4945204429565272,0.5049786641965721,0.9492935230092574,34,Adventure,Action,0.507283923380279,0.4773668701227708,54,1.0,0.0,0.3333333333333333,0.9976947408162932,1,0.7864338364564326,2
141,1082,Experience 1082,Adventure,0.940069744877272,0.6645999956719907,0.1368397110942475,0.0890420050750532,28,Adventure,Action,0.507283923380279,0.4773668701227708,54,1.0,0.0,0.4333333333333333,0.6295557877139686,1,0.7708606963648148,3
141,1096,Experience 1096,Adventure,0.7903170826018652,0.4751627362769494,0.5362341337297925,0.9233469677258124,13,Adventure,Action,0.507283923380279,0.4773668701227708,54,1.0,0.0,0.6833333333333333,0.9710497896504864,1,0.759624740083381,4
141,1117,Experience 1117,Adventure,0.4143954852484882,0.5042520610293434,0.5381695778516243,0.3991953026577904,51,Adventure,Action,0.507283923380279,0.4773668701227708,54,1.0,0.0,0.05,0.9691143455286546,1,0.7494068432275925,5
142,1061,Experience 1061,Social,0.9515114053456256,0.4883887845440612,0.3838014404080356,0.6777086144544695,56,Social,Adventure,0.2295028468336963,0.2819550400516361,39,1.0,0.0,0.2833333333333333,0.8457014064256607,0,0.8460640676906305,1
142,1039,Experience 1039,Social,0.8194814495513689,0.2752805682140255,0.2419454802582048,0.889899007072331,47,Social,Adventure,0.2295028468336963,0.2819550400516361,39,1.0,0.0,0.1333333333333333,0.9875573665754916,1,0.8359678253263672,2
142,1098,Experience 1098,Social,0.534058177188557,0.4459803600128759,0.2707495249900757,0.7298152463028666,35,Social,Adventure,0.2295028468336963,0.2819550400516361,39,1.0,0.0,0.0666666666666666,0.9587533218436206,1,0.80206976353602,3
142,1107,Experience 1107,Social,0.7428970964662264,0.8045676070342606,0.8160785123357384,0.9076048913904824,23,Social,Adventure,0.2295028468336963,0.2819550400516361,39,1.0,0.0,0.2666666666666666,0.413424334497958,0,0.7893275298650763,4
142,1048,Experience 1048,Social,0.2304789954244207,0.8328371585656826,0.2699649703256335,0.1697999737727075,60,Social,Adventure,0.2295028468336963,0.2819550400516361,39,1.0,0.0,0.35,0.9595378765080628,1,0.756525758915114,5
143,1099,Experience 1099,Adventure,0.8332801744008336,0.4077151465805127,0.8307594812615263,0.7545731382181347,49,Adventure,Strategy,0.5314886793041748,0.3952305490105132,25,1.0,0.0,0.4,0.7007291980426484,1,0.7503905887597406,1
143,1073,Experience 1073,Adventure,0.687693407311507,0.5642695337399875,0.7523432280065728,0.8351257910807337,50,Adventure,Strategy,0.5314886793041748,0.3952305490105132,25,1.0,0.0,0.4166666666666667,0.7791454512976019,0,0.7375448196331158,2
143,1118,Experience 1118,Adventure,0.6594774101626886,0.3565880675711896,0.5086937555214479,0.0351168111096665,58,Adventure,Strategy,0.5314886793041748,0.3952305490105132,25,1.0,0.0,0.55,0.9772050762172731,1,0.7366180992217802,3
143,1031,Experience 1031,Adventure,0.6267069522672452,0.6020379288394027,0.9395582128996094,0.5521627033044271,46,Adventure,Strategy,0.5314886793041748,0.3952305490105132,25,1.0,0.0,0.35,0.5919304664045654,1,0.7144869020559963,4
143,1011,Experience 1011,Strategy,0.8438936347604792,0.3089791482471649,0.5527453913687409,0.302964628837302,52,Adventure,Strategy,0.5314886793041748,0.3952305490105132,25,0.0,1.0,0.45,0.978743287935434,0,0.5763116973023281,5
144,1119,Experience 1119,Action,0.8086136050725224,0.7572883677081093,0.5086964614589882,0.1619415702496311,9,Action,Puzzle,0.544007115847428,0.5053098653411685,11,1.0,0.0,0.0333333333333333,0.9646893456115602,0,0.8431803770840123,1
144,1044,Experience 1044,Action,0.8578996664042653,0.7405382156713768,0.540545681694017,0.9388053542070384,40,Action,Puzzle,0.544007115847428,0.5053098653411685,11,1.0,0.0,0.4833333333333333,0.996538565846589,1,0.8256226371368172,2
144,1000,Experience 1000,Action,0.9096695293967186,0.6516437731703687,0.6290364009047581,0.2407530712142694,49,Action,Puzzle,0.544007115847428,0.5053098653411685,11,1.0,0.0,0.6333333333333333,0.91497071494267,1,0.8193497364297367,3
144,1086,Experience 1086,Action,0.6307900998772656,0.1325899003231649,0.3014212434741936,0.1888364204756389,42,Action,Puzzle,0.544007115847428,0.5053098653411685,11,1.0,0.0,0.5166666666666667,0.7574141276267656,0,0.7215362237273747,4
144,1046,Experience 1046,Puzzle,0.9358581895296346,0.2937905951089806,0.3646871905132503,0.5570017818814502,30,Action,Puzzle,0.544007115847428,0.5053098653411685,11,0.0,1.0,0.3166666666666666,0.8206800746658223,0,0.6365078753971392,5
145,1069,Experience 1069,Puzzle,0.8068156107352968,0.6551858372056814,0.8842124935251735,0.2530347499296835,35,Puzzle,Action,0.7829740460182022,0.4042729654147886,23,1.0,0.0,0.2,0.8987615524930287,0,0.8112622329827853,1
145,1108,Experience 1108,Puzzle,0.8425576923542274,0.4822507608830354,0.666849920378606,0.8027206052883656,21,Puzzle,Action,0.7829740460182022,0.4042729654147886,23,1.0,0.0,0.0333333333333333,0.8838758743604038,0,0.8072062108421397,2
145,1064,Experience 1064,Puzzle,0.6204758892789963,0.4435351922580418,0.6632419642315316,0.276207363456566,49,Puzzle,Action,0.7829740460182022,0.4042729654147886,23,1.0,0.0,0.4333333333333333,0.8802679182133294,1,0.7441119097688165,3
145,1030,Experience 1030,Puzzle,0.5255875329645523,0.2576702884243441,0.6969604774228595,0.5681673512913645,13,Puzzle,Action,0.7829740460182022,0.4042729654147886,23,1.0,0.0,0.1666666666666666,0.9139864314046572,0,0.7336835902223074,4
145,1113,Experience 1113,Puzzle,0.3143534057607174,0.7407415888945685,0.7096912838106965,0.9437983681037112,40,Puzzle,Action,0.7829740460182022,0.4042729654147886,23,1.0,0.0,0.2833333333333333,0.9267172377924944,0,0.7134398258211027,5
146,1110,Experience 1110,Creative,0.8487034770737338,0.6513439158584452,0.7080979103356375,0.2741343936886083,18,Creative,Adventure,0.8077593495928024,0.3640952005749526,46,1.0,0.0,0.4666666666666667,0.9003385607428351,0,0.7994304305051063,1
146,1052,Experience 1052,Creative,0.6879474895864814,0.8150878066775633,0.5427584275418881,0.4028796085076296,43,Creative,Adventure,0.8077593495928024,0.3640952005749526,46,1.0,0.0,0.05,0.7349990779490857,1,0.7885622706454862,2
146,1017,Experience 1017,Adventure,0.8986224157650411,0.4138920991005588,0.5580723954683906,0.6429984233408326,53,Creative,Adventure,0.8077593495928024,0.3640952005749526,46,0.0,1.0,0.1166666666666666,0.7503130458755882,0,0.6070844765321036,3
146,1082,Experience 1082,Adventure,0.940069744877272,0.6645999956719907,0.1368397110942475,0.0890420050750532,28,Creative,Adventure,0.8077593495928024,0.3640952005749526,46,0.0,1.0,0.3,0.3290803615014451,0,0.5297284346497266,4
146,1070,Experience 1070,Sports,0.9021629239090754,0.4240213755135868,0.7602726894428304,0.7757910864370905,50,Creative,Adventure,0.8077593495928024,0.3640952005749526,46,0.0,0.0,0.0666666666666666,0.952513339850028,0,0.5194803385079373,5
147,1094,Experience 1094,Strategy,0.777065958629862,0.5840090382012306,0.3016147592800985,0.4118434403009737,40,Strategy,Puzzle,0.3163701460782881,0.5453633108817028,24,1.0,0.0,0.2666666666666666,0.9852446132018104,0,0.7937015236851142,1
147,1060,Experience 1060,Strategy,0.8620933017122632,0.1051567799118504,0.3772606570904063,0.1400554046894906,58,Strategy,Puzzle,0.3163701460782881,0.5453633108817028,24,1.0,0.0,0.5666666666666667,0.9391094889878818,1,0.7625675356544019,2
147,1011,Experience 1011,Strategy,0.8438936347604792,0.3089791482471649,0.5527453913687409,0.302964628837302,52,Strategy,Puzzle,0.3163701460782881,0.5453633108817028,24,1.0,0.0,0.4666666666666667,0.7636247547095472,1,0.7584757455661145,3
147,1045,Experience 1045,Strategy,0.6865679540637682,0.4124899761623172,0.8858497306039471,0.3446408865116177,23,Strategy,Puzzle,0.3163701460782881,0.5453633108817028,24,1.0,0.0,0.0166666666666666,0.4305204154743409,1,0.7305088001172473,4
147,1034,Experience 1034,Strategy,0.5016628944231066,0.7184788322001798,0.7569144817322334,0.2251776661055454,11,Strategy,Puzzle,0.3163701460782881,0.5453633108817028,24,1.0,0.0,0.2166666666666666,0.5594556643460546,1,0.7077333186508732,5
148,1114,Experience 1114,Simulation,0.9094073794904848,0.2867325336723821,0.0751050358773748,0.4020477981570693,23,Simulation,Action,0.4823568257293596,0.7028261017139179,43,1.0,0.0,0.3333333333333333,0.5927482101480153,1,0.7374336194889544,1
148,1056,Experience 1056,Simulation,0.5850817489192739,0.1274880872408227,0.8708251250831834,0.1754622465790878,53,Simulation,Action,0.4823568257293596,0.7028261017139179,43,1.0,0.0,0.1666666666666666,0.6115317006461762,0,0.709779130530732,2
148,1055,Experience 1055,Action,0.9121309206982589,0.3826203354113438,0.2499073592941251,0.1919211614110854,38,Simulation,Action,0.4823568257293596,0.7028261017139179,43,0.0,1.0,0.0833333333333333,0.7675505335647655,1,0.6209864801471207,3
148,1119,Experience 1119,Action,0.8086136050725224,0.7572883677081093,0.5086964614589882,0.1619415702496311,9,Simulation,Action,0.4823568257293596,0.7028261017139179,43,0.0,1.0,0.5666666666666667,0.9736603642703714,0,0.6136898498830818,4
148,1032,Experience 1032,Action,0.9183909657409184,0.1782087510115781,0.2798409650960937,0.836613041032693,59,Simulation,Action,0.4823568257293596,0.7028261017139179,43,0.0,1.0,0.2666666666666666,0.797484139366734,1,0.5924041948510478,5
149,1067,Experience 1067,Creative,0.788764048918011,0.4580972487220676,0.5921026845821029,0.4299570499000478,43,Creative,Social,0.5478925297199911,0.1786273366236424,10,1.0,0.0,0.55,0.9557898451378882,1,0.7941474590106873,1
149,1062,Experience 1062,Creative,0.7566608128373626,0.2501254620138091,0.431135077105207,0.8144738760309339,50,Creative,Social,0.5478925297199911,0.1786273366236424,10,1.0,0.0,0.6666666666666666,0.8832425473852159,1,0.7533600619049722,2
149,1097,Experience 1097,Social,0.6621084266035628,0.3766200397542547,0.5070806368539267,0.2458755870050586,23,Creative,Social,0.5478925297199911,0.1786273366236424,10,0.0,1.0,0.2166666666666666,0.9591881071339357,0,0.6671308851749423,3
149,1084,Experience 1084,Social,0.6722561348379004,0.2863456816441453,0.5362524927433157,0.7470758006298863,26,Creative,Social,0.5478925297199911,0.1786273366236424,10,0.0,1.0,0.2666666666666666,0.9883599630233244,0,0.6597024503514513,4
149,1085,Experience 1085,Social,0.715133524882573,0.3923165755464828,0.681782684374937,0.3715432084063615,41,Creative,Social,0.5478925297199911,0.1786273366236424,10,0.0,1.0,0.5166666666666667,0.8661098453450541,1,0.6451958381718375,5
150,1008,Experience 1008,Adventure,0.8415828324170402,0.3364498304651394,0.599089106012921,0.2728043301458357,40,Adventure,Strategy,0.7346294684879277,0.2757544039439453,21,1.0,0.0,0.3166666666666666,0.8644596375249933,1,0.7632177354699341,1
150,1096,Experience 1096,Adventure,0.7903170826018652,0.4751627362769494,0.5362341337297925,0.9233469677258124,13,Adventure,Strategy,0.7346294684879277,0.2757544039439453,21,1.0,0.0,0.1333333333333333,0.8016046652418648,1,0.7564164668742919,2
150,1017,Experience 1017,Adventure,0.8986224157650411,0.4138920991005588,0.5580723954683906,0.6429984233408326,53,Adventure,Strategy,0.7346294684879277,0.2757544039439453,21,1.0,0.0,0.5333333333333333,0.823442926980463,0,0.7538935998347442,3
150,1117,Experience 1117,Adventure,0.4143954852484882,0.5042520610293434,0.5381695778516243,0.3991953026577904,51,Adventure,Strategy,0.7346294684879277,0.2757544039439453,21,1.0,0.0,0.5,0.8035401093636967,1,0.6590401896157747,4
150,1045,Experience 1045,Strategy,0.6865679540637682,0.4124899761623172,0.8858497306039471,0.3446408865116177,23,Adventure,Strategy,0.7346294684879277,0.2757544039439453,21,0.0,1.0,0.0333333333333333,0.8487797378839805,1,0.5606708339379218,5
151,1028,Experience 1028,Simulation,0.7474374024719366,0.7598079156453001,0.9057260947827066,0.4943145335346177,16,Simulation,Social,0.6120849523551165,0.2496440916873475,14,1.0,0.0,0.0333333333333333,0.7063588575724099,0,0.7941300310127187,1
151,1033,Experience 1033,Simulation,0.8859147305780027,0.259942782541492,0.2648265360525452,0.1086571032622624,31,Simulation,Social,0.6120849523551165,0.2496440916873475,14,1.0,0.0,0.2833333333333333,0.6527415836974287,0,0.7548126135500977,2
151,1025,Experience 1025,Social,0.838744739121835,0.7279884901895025,0.5876677647056102,0.0811540004238993,14,Simulation,Social,0.6120849523551165,0.2496440916873475,14,0.0,1.0,0.0,0.9755828123504936,1,0.7363229915846672,3
151,1010,Experience 1010,Simulation,0.8201589080775701,0.1741976609077686,0.1927429310808082,0.4388217018019487,21,Simulation,Social,0.6120849523551165,0.2496440916873475,14,1.0,0.0,0.1166666666666666,0.5806579787256918,1,0.7342999571478777,4
151,1056,Experience 1056,Simulation,0.5850817489192739,0.1274880872408227,0.8708251250831834,0.1754622465790878,53,Simulation,Social,0.6120849523551165,0.2496440916873475,14,1.0,0.0,0.65,0.7412598272719331,1,0.6885841816985699,5
152,1032,Experience 1032,Action,0.9183909657409184,0.1782087510115781,0.2798409650960937,0.836613041032693,59,Action,Adventure,0.6974194340054991,0.376233880803176,49,1.0,0.0,0.1666666666666666,0.5824215310905946,1,0.7734951573585804,1
152,1068,Experience 1068,Action,0.698456042052288,0.2594560290757449,0.3550613668330224,0.4325155932423661,21,Action,Adventure,0.6974194340054991,0.376233880803176,49,1.0,0.0,0.4666666666666667,0.6576419328275234,1,0.7220254023359455,2
152,1008,Experience 1008,Adventure,0.8415828324170402,0.3364498304651394,0.599089106012921,0.2728043301458357,40,Action,Adventure,0.6974194340054991,0.376233880803176,49,0.0,1.0,0.15,0.901669672007422,1,0.6299120278229766,3
152,1051,Experience 1051,Adventure,0.7608650542535511,0.4945204429565272,0.5049786641965721,0.9492935230092574,34,Action,Adventure,0.6974194340054991,0.376233880803176,49,0.0,1.0,0.25,0.807559230191073,1,0.5840990669619187,4
152,1059,Experience 1059,Social,0.7489549716721217,0.4911530499138364,0.6826986067555766,0.9132851837019758,49,Action,Adventure,0.6974194340054991,0.376233880803176,49,0.0,0.0,0.0,0.9852791727500776,0,0.560576538282078,5
153,1025,Experience 1025,Social,0.838744739121835,0.7279884901895025,0.5876677647056102,0.0811540004238993,14,Social,Adventure,0.6055819235204891,0.3666447088584609,26,1.0,0.0,0.2,0.9820858411851212,1,0.8561863202803894,1
153,1061,Experience 1061,Social,0.9515114053456256,0.4883887845440612,0.3838014404080356,0.6777086144544695,56,Social,Adventure,0.6055819235204891,0.3666447088584609,26,1.0,0.0,0.5,0.7782195168875465,0,0.8220825674025297,2
153,1084,Experience 1084,Social,0.6722561348379004,0.2863456816441453,0.5362524927433157,0.7470758006298863,26,Social,Adventure,0.6055819235204891,0.3666447088584609,26,1.0,0.0,0.0,0.9306705692228264,0,0.8173688456095749,3
153,1097,Experience 1097,Social,0.6621084266035628,0.3766200397542547,0.5070806368539267,0.2458755870050586,23,Social,Adventure,0.6055819235204891,0.3666447088584609,26,1.0,0.0,0.05,0.9014987133334376,0,0.8160367357379226,4
153,1096,Experience 1096,Adventure,0.7903170826018652,0.4751627362769494,0.5362341337297925,0.9233469677258124,13,Social,Adventure,0.6055819235204891,0.3666447088584609,26,0.0,1.0,0.2166666666666666,0.9306522102093032,0,0.5838246129302256,5
154,1027,Experience 1027,Sports,0.8258355726034926,0.7779980359761599,0.5071112833110228,0.4772006332829246,49,Sports,Social,0.4198427589375686,0.3870126644524013,33,1.0,0.0,0.2666666666666666,0.9127314756265458,1,0.8490457589498054,1
154,1088,Experience 1088,Sports,0.931739259022481,0.4207879774878386,0.5549692853271866,0.4100487869149942,11,Sports,Social,0.4198427589375686,0.3870126644524013,33,1.0,0.0,0.3666666666666666,0.864873473610382,1,0.8361880838851125,2
154,1001,Experience 1001,Sports,0.6452560499996463,0.8044840559110404,0.5776422262968883,0.3608105614175153,41,Sports,Social,0.4198427589375686,0.3870126644524013,33,1.0,0.0,0.1333333333333333,0.8422005326406803,0,0.8273828619183918,3
154,1013,Experience 1013,Sports,0.8486275995976889,0.743877614526904,0.1274827038621261,0.2359972626205526,20,Sports,Social,0.4198427589375686,0.3870126644524013,33,1.0,0.0,0.2166666666666666,0.7076399449245575,0,0.8241845872299929,4
154,1070,Experience 1070,Sports,0.9021629239090754,0.4240213755135868,0.7602726894428304,0.7757910864370905,50,Sports,Social,0.4198427589375686,0.3870126644524013,33,1.0,0.0,0.2833333333333333,0.6595700694947382,0,0.8231762194042448,5
155,1017,Experience 1017,Adventure,0.8986224157650411,0.4138920991005588,0.5580723954683906,0.6429984233408326,53,Adventure,Action,0.5323196077646252,0.6847698714847281,16,1.0,0.0,0.6166666666666667,0.9742472122962346,0,0.782410570310346,1
155,1008,Experience 1008,Adventure,0.8415828324170402,0.3364498304651394,0.599089106012921,0.2728043301458357,40,Adventure,Action,0.5323196077646252,0.6847698714847281,16,1.0,0.0,0.4,0.9332305017517042,0,0.7812287202793801,2
155,1099,Experience 1099,Adventure,0.8332801744008336,0.4077151465805127,0.8307594812615263,0.7545731382181347,49,Adventure,Action,0.5323196077646252,0.6847698714847281,16,1.0,0.0,0.55,0.7015601265030988,0,0.7467407483168451,3
155,1118,Experience 1118,Adventure,0.6594774101626886,0.3565880675711896,0.5086937555214479,0.0351168111096665,58,Adventure,Action,0.5323196077646252,0.6847698714847281,16,1.0,0.0,0.7,0.9763741477568229,0,0.7326090860562725,4
155,1057,Experience 1057,Adventure,0.6456559365327232,0.2179960435691,0.3788184780326499,0.8119882015105448,28,Adventure,Action,0.5323196077646252,0.6847698714847281,16,1.0,0.0,0.2,0.8464988702680247,0,0.7294307659911266,5
156,1073,Experience 1073,Adventure,0.687693407311507,0.5642695337399875,0.7523432280065728,0.8351257910807337,50,Adventure,Action,0.558595418777438,0.4862143110636632,53,1.0,0.0,0.05,0.8062521907708652,1,0.7837196990087745,1
156,1118,Experience 1118,Adventure,0.6594774101626886,0.3565880675711896,0.5086937555214479,0.0351168111096665,58,Adventure,Action,0.558595418777438,0.4862143110636632,53,1.0,0.0,0.0833333333333333,0.95009833674401,1,0.7835769101267906,2
156,1051,Experience 1051,Adventure,0.7608650542535511,0.4945204429565272,0.5049786641965721,0.9492935230092574,34,Adventure,Action,0.558595418777438,0.4862143110636632,53,1.0,0.0,0.3166666666666666,0.946383245419134,0,0.7808790549753045,3
156,1082,Experience 1082,Adventure,0.940069744877272,0.6645999956719907,0.1368397110942475,0.0890420050750532,28,Adventure,Action,0.558595418777438,0.4862143110636632,53,1.0,0.0,0.4166666666666667,0.5782442923168095,0,0.7650218881745785,4
156,1077,Experience 1077,Adventure,0.8965830938027713,0.1988675594053931,0.098043795325636,0.9940777724523784,46,Adventure,Action,0.558595418777438,0.4862143110636632,53,1.0,0.0,0.1166666666666666,0.5394483765481981,0,0.7427646257291051,5
157,1046,Experience 1046,Puzzle,0.9358581895296346,0.2937905951089806,0.3646871905132503,0.5570017818814502,30,Puzzle,Social,0.5281883130955942,0.7970997747310279,11,1.0,0.0,0.3166666666666666,0.836498877417656,1,0.8223332771721629,1
157,1053,Experience 1053,Puzzle,0.7426572934279929,0.7514869168546299,0.2904976508730454,0.8341208920021081,34,Puzzle,Social,0.5281883130955942,0.7970997747310279,11,1.0,0.0,0.3833333333333333,0.7623093377774512,1,0.7980194276872348,2
157,1054,Experience 1054,Puzzle,0.6795756146978778,0.2537314254122666,0.2509959349159629,0.6813294726896911,34,Puzzle,Social,0.5281883130955942,0.7970997747310279,11,1.0,0.0,0.3833333333333333,0.7228076218203687,1,0.7558321701314131,3
157,1003,Experience 1003,Puzzle,0.7658593377467232,0.3759100169419204,0.0773164253661275,0.4674845394285718,49,Puzzle,Social,0.5281883130955942,0.7970997747310279,11,1.0,0.0,0.6333333333333333,0.5491281122705334,1,0.73537028770616,4
157,1113,Experience 1113,Puzzle,0.3143534057607174,0.7407415888945685,0.7096912838106965,0.9437983681037112,40,Puzzle,Social,0.5281883130955942,0.7970997747310279,11,1.0,0.0,0.4833333333333333,0.8184970292848978,1,0.730277899620909,5
158,1044,Experience 1044,Action,0.8578996664042653,0.7405382156713768,0.540545681694017,0.9388053542070384,40,Action,Simulation,0.467907507375735,0.1399548659165912,17,1.0,0.0,0.3833333333333333,0.927361825681718,0,0.7986756649724877,1
158,1068,Experience 1068,Action,0.698456042052288,0.2594560290757449,0.3550613668330224,0.4325155932423661,21,Action,Simulation,0.467907507375735,0.1399548659165912,17,1.0,0.0,0.0666666666666666,0.8871538594572874,1,0.7598244753181848,2
158,1032,Experience 1032,Action,0.9183909657409184,0.1782087510115781,0.2798409650960937,0.836613041032693,59,Action,Simulation,0.467907507375735,0.1399548659165912,17,1.0,0.0,0.7,0.8119334577203586,1,0.7372611351886134,3
158,1009,Experience 1009,Action,0.7987178764315418,0.3460501829476273,0.2238314684756084,0.130890330850495,53,Action,Simulation,0.467907507375735,0.1399548659165912,17,1.0,0.0,0.6,0.7559239610998734,0,0.7274484329158442,4
158,1103,Experience 1103,Action,0.6677544964493587,0.4461723957193605,0.794276194278496,0.1853752728024856,59,Action,Simulation,0.467907507375735,0.1399548659165912,17,1.0,0.0,0.7,0.673631313097239,0,0.704680026479491,5
159,1061,Experience 1061,Social,0.9515114053456256,0.4883887845440612,0.3838014404080356,0.6777086144544695,56,Social,Simulation,0.3048702319541608,0.7370629698419615,42,1.0,0.0,0.2333333333333333,0.9210687915461252,1,0.863087210299025,1
159,1109,Experience 1109,Social,0.5415451963988065,0.6320276759129257,0.4602651355822746,0.2660308726216652,48,Social,Simulation,0.3048702319541608,0.7370629698419615,42,1.0,0.0,0.1,0.8446050963718862,0,0.816506243249596,2
159,1058,Experience 1058,Social,0.5666390936836835,0.5294440043668863,0.4156619036213059,0.2647117106195373,52,Social,Simulation,0.3048702319541608,0.7370629698419615,42,1.0,0.0,0.1666666666666666,0.8892083283328549,1,0.8155822449658869,3
159,1098,Experience 1098,Social,0.534058177188557,0.4459803600128759,0.2707495249900757,0.7298152463028666,35,Social,Simulation,0.3048702319541608,0.7370629698419615,42,1.0,0.0,0.1166666666666666,0.965879293035915,0,0.8093987957181368,4
159,1097,Experience 1097,Social,0.6621084266035628,0.3766200397542547,0.5070806368539267,0.2458755870050586,23,Social,Simulation,0.3048702319541608,0.7370629698419615,42,1.0,0.0,0.3166666666666666,0.7977895951002341,0,0.8024422985793359,5
160,1000,Experience 1000,Action,0.9096695293967186,0.6516437731703687,0.6290364009047581,0.2407530712142694,49,Action,Creative,0.7015196406677547,0.4505781160281752,38,1.0,0.0,0.1833333333333333,0.9275167602370034,1,0.849784468715391,1
160,1006,Experience 1006,Action,0.8770181756508404,0.5275353377269014,0.8047332447846338,0.7517807092307816,28,Action,Creative,0.7015196406677547,0.4505781160281752,38,1.0,0.0,0.1666666666666666,0.8967863958831209,0,0.8368151626130514,2
160,1103,Experience 1103,Action,0.6677544964493587,0.4461723957193605,0.794276194278496,0.1853752728024856,59,Action,Creative,0.7015196406677547,0.4505781160281752,38,1.0,0.0,0.35,0.9072434463892588,0,0.7981266686235209,3
160,1052,Experience 1052,Creative,0.6879474895864814,0.8150878066775633,0.5427584275418881,0.4028796085076296,43,Action,Creative,0.7015196406677547,0.4505781160281752,38,0.0,1.0,0.0833333333333333,0.8412387868741333,1,0.648896989596777,4
160,1038,Experience 1038,Creative,0.8025898263845425,0.4058560569474049,0.8087225901435202,0.8729120163870842,60,Action,Creative,0.7015196406677547,0.4505781160281752,38,0.0,1.0,0.3666666666666666,0.8927970505242345,0,0.6357054311250429,5
161,1025,Experience 1025,Social,0.838744739121835,0.7279884901895025,0.5876677647056102,0.0811540004238993,14,Social,Sports,0.634032125779934,0.1332593212387521,36,1.0,0.0,0.3666666666666666,0.9536356389256764,1,0.8597943225449108,1
161,1085,Experience 1085,Social,0.715133524882573,0.3923165755464828,0.681782684374937,0.3715432084063615,41,Social,Sports,0.634032125779934,0.1332593212387521,36,1.0,0.0,0.0833333333333333,0.9522494414049968,1,0.8489371351464791,2
161,1059,Experience 1059,Social,0.7489549716721217,0.4911530499138364,0.6826986067555766,0.9132851837019758,49,Social,Sports,0.634032125779934,0.1332593212387521,36,1.0,0.0,0.2166666666666666,0.9513335190243574,1,0.8476793023051162,3
161,1058,Experience 1058,Social,0.5666390936836835,0.5294440043668863,0.4156619036213059,0.2647117106195373,52,Social,Sports,0.634032125779934,0.1332593212387521,36,1.0,0.0,0.2666666666666666,0.7816297778413719,0,0.8007756527417997,4
161,1079,Experience 1079,Social,0.6252808613431486,0.1651788036494796,0.2355254260756802,0.2079980737084605,56,Social,Sports,0.634032125779934,0.1332593212387521,36,1.0,0.0,0.3333333333333333,0.6014933002957463,1,0.7616974228309191,5
162,1069,Experience 1069,Puzzle,0.8068156107352968,0.6551858372056814,0.8842124935251735,0.2530347499296835,35,Puzzle,Creative,0.8090712164863822,0.0833197088753456,15,1.0,0.0,0.3333333333333333,0.9248587229612087,1,0.800794397723902,1
162,1075,Experience 1075,Puzzle,0.7701763699744956,0.5714931074517187,0.7080993700732455,0.0043057756676786,58,Puzzle,Creative,0.8090712164863822,0.0833197088753456,15,1.0,0.0,0.7166666666666667,0.8990281535868633,1,0.7595829072604737,2
162,1030,Experience 1030,Puzzle,0.5255875329645523,0.2576702884243441,0.6969604774228595,0.5681673512913645,13,Puzzle,Creative,0.8090712164863822,0.0833197088753456,15,1.0,0.0,0.0333333333333333,0.8878892609364772,0,0.7353753424080086,3
162,1067,Experience 1067,Creative,0.788764048918011,0.4580972487220676,0.5921026845821029,0.4299570499000478,43,Puzzle,Creative,0.8090712164863822,0.0833197088753456,15,0.0,1.0,0.4666666666666667,0.7830314680957207,1,0.5450473444538221,4
162,1052,Experience 1052,Creative,0.6879474895864814,0.8150878066775633,0.5427584275418881,0.4028796085076296,43,Puzzle,Creative,0.8090712164863822,0.0833197088753456,15,0.0,1.0,0.4666666666666667,0.7336872110555058,0,0.5363849563729554,5
163,1063,Experience 1063,Strategy,0.7810917854701819,0.2349952712342425,0.5114173417348135,0.235256388415645,21,Strategy,Social,0.5216339060781419,0.4224727551573332,53,1.0,0.0,0.5333333333333333,0.9897834356566716,0,0.7841015936108217,1
163,1025,Experience 1025,Social,0.838744739121835,0.7279884901895025,0.5876677647056102,0.0811540004238993,14,Strategy,Social,0.5216339060781419,0.4224727551573332,53,0.0,1.0,0.65,0.9339661413725316,1,0.7096612496570156,2
163,1085,Experience 1085,Social,0.715133524882573,0.3923165755464828,0.681782684374937,0.3715432084063615,41,Strategy,Social,0.5216339060781419,0.4224727551573332,53,0.0,1.0,0.2,0.8398512217032048,0,0.6923947466484969,3
163,1058,Experience 1058,Social,0.5666390936836835,0.5294440043668863,0.4156619036213059,0.2647117106195373,52,Strategy,Social,0.5216339060781419,0.4224727551573332,53,0.0,1.0,0.0166666666666666,0.894027997543164,0,0.6876853794013358,4
163,1074,Experience 1074,Social,0.7411737446379107,0.1336446501121093,0.5667526591354218,0.2130749343990023,32,Strategy,Social,0.5216339060781419,0.4224727551573332,53,0.0,1.0,0.35,0.95488124694272,1,0.681042749158019,5
164,1110,Experience 1110,Creative,0.8487034770737338,0.6513439158584452,0.7080979103356375,0.2741343936886083,18,Creative,Action,0.7878924599522202,0.457548515130064,36,1.0,0.0,0.3,0.9202054503834172,1,0.8144154168875604,1
164,1067,Experience 1067,Creative,0.788764048918011,0.4580972487220676,0.5921026845821029,0.4299570499000478,43,Creative,Action,0.7878924599522202,0.457548515130064,36,1.0,0.0,0.1166666666666666,0.8042102246298827,1,0.7939651887085095,2
164,1095,Experience 1095,Creative,0.5802362817422383,0.4006003917193433,0.7708173982045061,0.4033544032491283,54,Creative,Action,0.7878924599522202,0.457548515130064,36,1.0,0.0,0.3,0.982924938252286,1,0.7694131361871219,3
164,1065,Experience 1065,Creative,0.7619316682455927,0.3645751585148475,0.2630179910479239,0.9645188861392016,47,Creative,Action,0.7878924599522202,0.457548515130064,36,1.0,0.0,0.1833333333333333,0.4751255310957036,1,0.7232883189018472,4
164,1000,Experience 1000,Action,0.9096695293967186,0.6516437731703687,0.6290364009047581,0.2407530712142694,49,Creative,Action,0.7878924599522202,0.457548515130064,36,0.0,1.0,0.2166666666666666,0.8411439409525379,0,0.655064860099269,5
165,1099,Experience 1099,Adventure,0.8332801744008336,0.4077151465805127,0.8307594812615263,0.7545731382181347,49,Adventure,Action,0.6337537226464699,0.2990306981278396,53,1.0,0.0,0.0666666666666666,0.8029942413849436,1,0.7942942050073404,1
165,1118,Experience 1118,Adventure,0.6594774101626886,0.3565880675711896,0.5086937555214479,0.0351168111096665,58,Adventure,Action,0.6337537226464699,0.2990306981278396,53,1.0,0.0,0.0833333333333333,0.874940032874978,1,0.7668803290122889,2
165,1031,Experience 1031,Adventure,0.6267069522672452,0.6020379288394027,0.9395582128996094,0.5521627033044271,46,Adventure,Action,0.6337537226464699,0.2990306981278396,53,1.0,0.0,0.1166666666666666,0.6941955097468605,1,0.7549927290740606,3
165,1077,Experience 1077,Adventure,0.8965830938027713,0.1988675594053931,0.098043795325636,0.9940777724523784,46,Adventure,Action,0.6337537226464699,0.2990306981278396,53,1.0,0.0,0.1166666666666666,0.4642900726791662,1,0.7240283771427655,4
165,1057,Experience 1057,Adventure,0.6456559365327232,0.2179960435691,0.3788184780326499,0.8119882015105448,28,Adventure,Action,0.6337537226464699,0.2990306981278396,53,1.0,0.0,0.4166666666666667,0.74506475538618,1,0.6949201207121134,5
166,1011,Experience 1011,Strategy,0.8438936347604792,0.3089791482471649,0.5527453913687409,0.302964628837302,52,Strategy,Puzzle,0.7118600365555505,0.6641703351082313,50,1.0,0.0,0.0333333333333333,0.8408853548131904,1,0.8078698542804941,1
166,1023,Experience 1023,Strategy,0.934275144868182,0.4241492862896971,0.2179097364670654,0.7914514878076223,48,Strategy,Puzzle,0.7118600365555505,0.6641703351082313,50,1.0,0.0,0.0333333333333333,0.5060496999115149,0,0.7773832471744926,2
166,1066,Experience 1066,Strategy,0.5933044321129625,0.8148765601157231,0.9082281614290438,0.2645976053461583,23,Strategy,Puzzle,0.7118600365555505,0.6641703351082313,50,1.0,0.0,0.45,0.8036318751265067,1,0.7626604861275579,3
166,1094,Experience 1094,Strategy,0.777065958629862,0.5840090382012306,0.3016147592800985,0.4118434403009737,40,Strategy,Puzzle,0.7118600365555505,0.6641703351082313,50,1.0,0.0,0.1666666666666666,0.5897547227245481,0,0.7623065537070473,4
166,1034,Experience 1034,Strategy,0.5016628944231066,0.7184788322001798,0.7569144817322334,0.2251776661055454,11,Strategy,Puzzle,0.7118600365555505,0.6641703351082313,50,1.0,0.0,0.65,0.9549455548233172,0,0.7379288232354928,5
167,1111,Experience 1111,Sports,0.9428982678236224,0.8155250577848677,0.575778764164542,0.2547283501174674,25,Sports,Creative,0.7372283222854936,0.1156609573202866,28,1.0,0.0,0.05,0.8385504418790484,1,0.8446725942723576,1
167,1070,Experience 1070,Sports,0.9021629239090754,0.4240213755135868,0.7602726894428304,0.7757910864370905,50,Sports,Creative,0.7372283222854936,0.1156609573202866,28,1.0,0.0,0.3666666666666666,0.9769556328426632,0,0.8207409257234018,2
167,1106,Experience 1106,Sports,0.8146785788760947,0.3647619692710552,0.6750256601127794,0.7960604476258709,49,Sports,Creative,0.7372283222854936,0.1156609573202866,28,1.0,0.0,0.35,0.9377973378272858,1,0.7987254451060665,3
167,1091,Experience 1091,Sports,0.6742348817628386,0.2717222536331008,0.7498162980972818,0.6422524185679935,12,Sports,Creative,0.7372283222854936,0.1156609573202866,28,1.0,0.0,0.2666666666666666,0.9874120241882118,0,0.7799948850960049,4
167,1105,Experience 1105,Sports,0.6106599794863272,0.6391373818905719,0.6213931070244737,0.2894297075080649,54,Sports,Creative,0.7372283222854936,0.1156609573202866,28,1.0,0.0,0.4333333333333333,0.8841647847389801,0,0.7684176982283472,5
168,1114,Experience 1114,Simulation,0.9094073794904848,0.2867325336723821,0.0751050358773748,0.4020477981570693,23,Simulation,Social,0.6211314597267983,0.2760806408068795,25,1.0,0.0,0.0333333333333333,0.4539735761505765,0,0.7504891651638538,1
168,1061,Experience 1061,Social,0.9515114053456256,0.4883887845440612,0.3838014404080356,0.6777086144544695,56,Simulation,Social,0.6211314597267983,0.2760806408068795,25,0.0,1.0,0.5166666666666667,0.7626699806812374,1,0.6691024212277588,2
168,1059,Experience 1059,Social,0.7489549716721217,0.4911530499138364,0.6826986067555766,0.9132851837019758,49,Simulation,Social,0.6211314597267983,0.2760806408068795,25,0.0,1.0,0.4,0.9384328529712216,1,0.6685774857828968,3
168,1097,Experience 1097,Social,0.6621084266035628,0.3766200397542547,0.5070806368539267,0.2458755870050586,23,Simulation,Social,0.6211314597267983,0.2760806408068795,25,0.0,1.0,0.0333333333333333,0.8859491771271284,0,0.6631550156047012,4
168,1002,Experience 1002,Social,0.5654662227449457,0.1419781043952984,0.4876512775379703,0.1763555764178013,30,Simulation,Social,0.6211314597267983,0.2760806408068795,25,0.0,1.0,0.0833333333333333,0.866519817811172,0,0.6172156308037746,5
169,1014,Experience 1014,Social,0.7084360738896248,0.6919622480914536,0.5066406143622445,0.7631554898199004,35,Social,Creative,0.5975593428143203,0.665378053095324,16,1.0,0.0,0.3166666666666666,0.9090812715479242,1,0.8348950922935162,1
169,1097,Experience 1097,Social,0.6621084266035628,0.3766200397542547,0.5070806368539267,0.2458755870050586,23,Social,Creative,0.5975593428143203,0.665378053095324,16,1.0,0.0,0.1166666666666666,0.9095212940396064,1,0.828515182411969,2
169,1059,Experience 1059,Social,0.7489549716721217,0.4911530499138364,0.6826986067555766,0.9132851837019758,49,Social,Creative,0.5975593428143203,0.665378053095324,16,1.0,0.0,0.55,0.9148607360587436,0,0.8231969358978205,3
169,1039,Experience 1039,Social,0.8194814495513689,0.2752805682140255,0.2419454802582048,0.889899007072331,47,Social,Creative,0.5975593428143203,0.665378053095324,16,1.0,0.0,0.5166666666666667,0.6443861374438845,0,0.7855299913264828,4
169,1079,Experience 1079,Social,0.6252808613431486,0.1651788036494796,0.2355254260756802,0.2079980737084605,56,Social,Creative,0.5975593428143203,0.665378053095324,16,1.0,0.0,0.6666666666666666,0.63796608326136,1,0.737901217151269,5
170,1025,Experience 1025,Social,0.838744739121835,0.7279884901895025,0.5876677647056102,0.0811540004238993,14,Social,Strategy,0.619218010945054,0.7039653739898516,34,1.0,0.0,0.3333333333333333,0.9684497537605562,0,0.8596495752573003,1
170,1014,Experience 1014,Social,0.7084360738896248,0.6919622480914536,0.5066406143622445,0.7631554898199004,35,Social,Strategy,0.619218010945054,0.7039653739898516,34,1.0,0.0,0.0166666666666666,0.8874226034171905,0,0.8479140122223714,2
170,1107,Experience 1107,Social,0.7428970964662264,0.8045676070342606,0.8160785123357384,0.9076048913904824,23,Social,Strategy,0.619218010945054,0.7039653739898516,34,1.0,0.0,0.1833333333333333,0.8031394986093157,1,0.8442860866809405,3
170,1074,Experience 1074,Social,0.7411737446379107,0.1336446501121093,0.5667526591354218,0.2130749343990023,32,Social,Strategy,0.619218010945054,0.7039653739898516,34,1.0,0.0,0.0333333333333333,0.9475346481903678,1,0.8385820796851913,4
170,1097,Experience 1097,Social,0.6621084266035628,0.3766200397542547,0.5070806368539267,0.2458755870050586,23,Social,Strategy,0.619218010945054,0.7039653739898516,34,1.0,0.0,0.1833333333333333,0.8878626259088727,0,0.82026388431566,5
171,1046,Experience 1046,Puzzle,0.9358581895296346,0.2937905951089806,0.3646871905132503,0.5570017818814502,30,Puzzle,Action,0.438128866948292,0.2466923045785196,22,1.0,0.0,0.1333333333333333,0.9265583235649584,0,0.8047570161804084,1
171,1108,Experience 1108,Puzzle,0.8425576923542274,0.4822507608830354,0.666849920378606,0.8027206052883656,21,Puzzle,Action,0.438128866948292,0.2466923045785196,22,1.0,0.0,0.0166666666666666,0.7712789465696861,0,0.7936988724120728,2
171,1053,Experience 1053,Puzzle,0.7426572934279929,0.7514869168546299,0.2904976508730454,0.8341208920021081,34,Puzzle,Action,0.438128866948292,0.2466923045785196,22,1.0,0.0,0.2,0.8523687839247533,0,0.7786851861133334,3
171,1069,Experience 1069,Puzzle,0.8068156107352968,0.6551858372056814,0.8842124935251735,0.2530347499296835,35,Puzzle,Action,0.438128866948292,0.2466923045785196,22,1.0,0.0,0.2166666666666666,0.5539163734231185,1,0.7677808716817318,4
171,1019,Experience 1019,Puzzle,0.5059661119161158,0.8228200647408448,0.2570325653065184,0.9988296373336586,24,Puzzle,Action,0.438128866948292,0.2466923045785196,22,1.0,0.0,0.0333333333333333,0.8189036983582264,1,0.7435214978273976,5
172,1000,Experience 1000,Action,0.9096695293967186,0.6516437731703687,0.6290364009047581,0.2407530712142694,49,Action,Social,0.435258488622614,0.7301961180504722,26,1.0,0.0,0.3833333333333333,0.806222087717856,1,0.8494561359945888,1
172,1006,Experience 1006,Action,0.8770181756508404,0.5275353377269014,0.8047332447846338,0.7517807092307816,28,Action,Social,0.435258488622614,0.7301961180504722,26,1.0,0.0,0.0333333333333333,0.6305252438379803,1,0.8416407860319779,2
172,1035,Experience 1035,Action,0.684933354468736,0.2628151072276272,0.2926692360835166,0.7930049789596304,54,Action,Social,0.435258488622614,0.7301961180504722,26,1.0,0.0,0.4666666666666667,0.8574107474609025,0,0.7874610668210628,3
172,1014,Experience 1014,Social,0.7084360738896248,0.6919622480914536,0.5066406143622445,0.7631554898199004,35,Action,Social,0.435258488622614,0.7301961180504722,26,0.0,1.0,0.15,0.9286178742603696,1,0.7394680612784302,4
172,1107,Experience 1107,Social,0.7428970964662264,0.8045676070342606,0.8160785123357384,0.9076048913904824,23,Action,Social,0.435258488622614,0.7301961180504722,26,0.0,1.0,0.05,0.6191799762868757,0,0.7249255189528311,5
173,1021,Experience 1021,Creative,0.6317033375365485,0.227795161908673,0.5969784094803497,0.8897794665398687,40,Creative,Strategy,0.1897771695852965,0.686126391209862,33,1.0,0.0,0.1166666666666666,0.5927987601049468,1,0.7352273624243615,1
173,1013,Experience 1013,Sports,0.8486275995976889,0.743877614526904,0.1274827038621261,0.2359972626205526,20,Creative,Strategy,0.1897771695852965,0.686126391209862,33,0.0,0.0,0.2166666666666666,0.9377055342768296,0,0.5088949647893155,2
173,1111,Experience 1111,Sports,0.9428982678236224,0.8155250577848677,0.575778764164542,0.2547283501174674,25,Creative,Strategy,0.1897771695852965,0.686126391209862,33,0.0,0.0,0.1333333333333333,0.6139984054207546,1,0.5084080111592792,3
173,1025,Experience 1025,Social,0.838744739121835,0.7279884901895025,0.5876677647056102,0.0811540004238993,14,Creative,Strategy,0.1897771695852965,0.686126391209862,33,0.0,0.0,0.3166666666666666,0.6021094048796863,1,0.5028499872826966,4
173,1066,Experience 1066,Strategy,0.5933044321129625,0.8148765601157231,0.9082281614290438,0.2645976053461583,23,Creative,Strategy,0.1897771695852965,0.686126391209862,33,0.0,1.0,0.1666666666666666,0.2815490081562527,0,0.49907994331337113,5
174,1009,Experience 1009,Action,0.7987178764315418,0.3460501829476273,0.2238314684756084,0.130890330850495,53,Action,Sports,0.5471922108873236,0.4206471468074731,41,1.0,0.0,0.2,0.6766392575882849,0,0.7985178323338604,1
174,1001,Experience 1001,Sports,0.6452560499996463,0.8044840559110404,0.5776422262968883,0.3608105614175153,41,Action,Sports,0.5471922108873236,0.4206471468074731,41,0.0,1.0,0.0,0.9695499845904352,0,0.7039142193900433,2
174,1088,Experience 1088,Sports,0.931739259022481,0.4207879774878386,0.5549692853271866,0.4100487869149942,11,Action,Sports,0.5471922108873236,0.4206471468074731,41,0.0,1.0,0.5,0.992222925560137,1,0.6934939890527169,3
174,1024,Experience 1024,Sports,0.7120515552427965,0.5535760301547662,0.4935230317114728,0.4609313910731102,39,Action,Sports,0.5471922108873236,0.4206471468074731,41,0.0,1.0,0.0333333333333333,0.9463308208241492,0,0.691633640891048,4
174,1036,Experience 1036,Sports,0.9655169972756756,0.2298411882545339,0.2550485289661252,0.8478368672236546,17,Action,Sports,0.5471922108873236,0.4206471468074731,41,0.0,1.0,0.4,0.7078563180788016,1,0.6393772282336303,5
175,1000,Experience 1000,Action,0.9096695293967186,0.6516437731703687,0.6290364009047581,0.2407530712142694,49,Action,Strategy,0.7746660878782776,0.0116803040827455,50,1.0,0.0,0.0166666666666666,0.8543703130264805,1,0.8354475986120428,1
175,1045,Experience 1045,Strategy,0.6865679540637682,0.4124899761623172,0.8858497306039471,0.3446408865116177,23,Action,Strategy,0.7746660878782776,0.0116803040827455,50,0.0,1.0,0.45,0.8888163572743305,0,0.5472364654425543,2
175,1060,Experience 1060,Strategy,0.8620933017122632,0.1051567799118504,0.3772606570904063,0.1400554046894906,58,Action,Strategy,0.7746660878782776,0.0116803040827455,50,0.0,1.0,0.1333333333333333,0.6025945692121286,0,0.5409385211636387,3
175,1070,Experience 1070,Sports,0.9021629239090754,0.4240213755135868,0.7602726894428304,0.7757910864370905,50,Action,Strategy,0.7746660878782776,0.0116803040827455,50,0.0,0.0,0.0,0.9856066015645528,1,0.5337774762452699,4
175,1059,Experience 1059,Social,0.7489549716721217,0.4911530499138364,0.6826986067555766,0.9132851837019758,49,Action,Strategy,0.7746660878782776,0.0116803040827455,50,0.0,0.0,0.0166666666666666,0.908032518877299,0,0.5285812584425091,5
176,1110,Experience 1110,Creative,0.8487034770737338,0.6513439158584452,0.7080979103356375,0.2741343936886083,18,Strategy,Creative,0.9525368057926612,0.5947638929561369,16,0.0,1.0,0.0333333333333333,0.7555611045429764,0,0.6373790072161368,1
176,1076,Experience 1076,Creative,0.7805257487778566,0.3562342599893083,0.7812983230640933,0.571167362055741,8,Strategy,Creative,0.9525368057926612,0.5947638929561369,16,0.0,1.0,0.1333333333333333,0.8287615172714322,0,0.5995612447358204,2
176,1067,Experience 1067,Creative,0.788764048918011,0.4580972487220676,0.5921026845821029,0.4299570499000478,43,Strategy,Creative,0.9525368057926612,0.5947638929561369,16,0.0,1.0,0.45,0.6395658787894418,0,0.5451365588460434,3
176,1087,Experience 1087,Creative,0.7417160017369715,0.3980069401610766,0.5803538931422866,0.1954958273965873,33,Strategy,Creative,0.9525368057926612,0.5947638929561369,16,0.0,1.0,0.2833333333333333,0.6278170873496255,0,0.544204712293758,4
176,1052,Experience 1052,Creative,0.6879474895864814,0.8150878066775633,0.5427584275418881,0.4028796085076296,43,Strategy,Creative,0.9525368057926612,0.5947638929561369,16,0.0,1.0,0.45,0.590221621749227,0,0.5364744248306923,5
177,1110,Experience 1110,Creative,0.8487034770737338,0.6513439158584452,0.7080979103356375,0.2741343936886083,18,Creative,Action,0.8655004952906218,0.5055753896278941,41,1.0,0.0,0.3833333333333333,0.8425974150450157,1,0.8029185615482036,1
177,1087,Experience 1087,Creative,0.7417160017369715,0.3980069401610766,0.5803538931422866,0.1954958273965873,33,Creative,Action,0.8655004952906218,0.5055753896278941,41,1.0,0.0,0.1333333333333333,0.7148533978516648,0,0.7735991167253764,2
177,1076,Experience 1076,Creative,0.7805257487778566,0.3562342599893083,0.7812983230640933,0.571167362055741,8,Creative,Action,0.8655004952906218,0.5055753896278941,41,1.0,0.0,0.55,0.9157978277734716,1,0.7713863622500524,3
177,1021,Experience 1021,Creative,0.6317033375365485,0.227795161908673,0.5969784094803497,0.8897794665398687,40,Creative,Action,0.8655004952906218,0.5055753896278941,41,1.0,0.0,0.0166666666666666,0.731477914189728,1,0.7507013960309541,4
177,1062,Experience 1062,Creative,0.7566608128373626,0.2501254620138091,0.431135077105207,0.8144738760309339,50,Creative,Action,0.8655004952906218,0.5055753896278941,41,1.0,0.0,0.15,0.5656345818145851,0,0.7406033313094867,5
178,1058,Experience 1058,Social,0.5666390936836835,0.5294440043668863,0.4156619036213059,0.2647117106195373,52,Social,Sports,0.3435713152251943,0.7762070838039622,43,1.0,0.0,0.15,0.9279094116038884,1,0.8465459391840974,1
178,1084,Experience 1084,Social,0.6722561348379004,0.2863456816441453,0.5362524927433157,0.7470758006298863,26,Social,Sports,0.3435713152251943,0.7762070838039622,43,1.0,0.0,0.2833333333333333,0.8073188224818786,1,0.8286936801072402,2
178,1042,Experience 1042,Social,0.3938579788705362,0.1390150525777733,0.8546241607610466,0.268085104820551,16,Social,Sports,0.3435713152251943,0.7762070838039622,43,1.0,0.0,0.45,0.4889471544641477,0,0.7340613273853042,3
178,1027,Experience 1027,Sports,0.8258355726034926,0.7779980359761599,0.5071112833110228,0.4772006332829246,49,Social,Sports,0.3435713152251943,0.7762070838039622,43,0.0,1.0,0.1,0.8364600319141715,1,0.7142219753411315,4
178,1102,Experience 1102,Sports,0.9402838286695968,0.4125021221616953,0.1907643304361418,0.200562471321554,40,Social,Sports,0.3435713152251943,0.7762070838039622,43,0.0,1.0,0.05,0.8471930152109475,1,0.7120721446222049,5
179,1027,Experience 1027,Sports,0.8258355726034926,0.7779980359761599,0.5071112833110228,0.4772006332829246,49,Sports,Action,0.4850380827360287,0.24766389015344,46,1.0,0.0,0.05,0.9779267994250058,1,0.8436603382466918,1
179,1070,Experience 1070,Sports,0.9021629239090754,0.4240213755135868,0.7602726894428304,0.7757910864370905,50,Sports,Action,0.4850380827360287,0.24766389015344,46,1.0,0.0,0.0666666666666666,0.7247653932931983,1,0.8170667304667778,2
179,1106,Experience 1106,Sports,0.8146785788760947,0.3647619692710552,0.6750256601127794,0.7960604476258709,49,Sports,Action,0.4850380827360287,0.24766389015344,46,1.0,0.0,0.05,0.8100124226232492,0,0.8086546846994628,3
179,1092,Experience 1092,Sports,0.8280410369904486,0.5343815491606264,0.7426691928850321,0.6904019545155015,39,Sports,Action,0.4850380827360287,0.24766389015344,46,1.0,0.0,0.1166666666666666,0.7423688898509966,1,0.8082001393597011,4
179,1037,Experience 1037,Sports,0.7994490651436071,0.7023148063737304,0.3263399911584964,0.9948242136208678,35,Sports,Action,0.4850380827360287,0.24766389015344,46,1.0,0.0,0.1833333333333333,0.8413019084224678,1,0.8054303278662279,5
180,1075,Experience 1075,Puzzle,0.7701763699744956,0.5714931074517187,0.7080993700732455,0.0043057756676786,58,Puzzle,Simulation,0.6200600068149668,0.4646804468045396,51,1.0,0.0,0.1166666666666666,0.9119606367417212,0,0.8145622544399923,1
180,1108,Experience 1108,Puzzle,0.8425576923542274,0.4822507608830354,0.666849920378606,0.8027206052883656,21,Puzzle,Simulation,0.6200600068149668,0.4646804468045396,51,1.0,0.0,0.5,0.9532100864363608,1,0.7895706669755403,2
180,1072,Experience 1072,Puzzle,0.7449779069249327,0.3414623639761886,0.973475515285742,0.3783180142237856,25,Puzzle,Simulation,0.6200600068149668,0.4646804468045396,51,1.0,0.0,0.4333333333333333,0.6465844915292247,1,0.7429647192118536,3
180,1003,Experience 1003,Puzzle,0.7658593377467232,0.3759100169419204,0.0773164253661275,0.4674845394285718,49,Puzzle,Simulation,0.6200600068149668,0.4646804468045396,51,1.0,0.0,0.0333333333333333,0.4572564185511607,1,0.7318461392783443,4
180,1019,Experience 1019,Puzzle,0.5059661119161158,0.8228200647408448,0.2570325653065184,0.9988296373336586,24,Puzzle,Simulation,0.6200600068149668,0.4646804468045396,51,1.0,0.0,0.45,0.6369725584915518,1,0.6922946320887166,5
181,1078,Experience 1078,Simulation,0.9139745006021852,0.4875947260651535,0.1081242288365573,0.0386443098268846,51,Simulation,Puzzle,0.7784441251251505,0.1273467699725715,42,1.0,0.0,0.15,0.3296801037114069,0,0.7242360916705459,1
181,1114,Experience 1114,Simulation,0.9094073794904848,0.2867325336723821,0.0751050358773748,0.4020477981570693,23,Simulation,Puzzle,0.7784441251251505,0.1273467699725715,42,1.0,0.0,0.3166666666666666,0.2966609107522243,1,0.6818175485798827,2
181,1075,Experience 1075,Puzzle,0.7701763699744956,0.5714931074517187,0.7080993700732455,0.0043057756676786,58,Simulation,Puzzle,0.7784441251251505,0.1273467699725715,42,0.0,1.0,0.2666666666666666,0.929655244948095,0,0.6226566507120098,3
181,1064,Experience 1064,Puzzle,0.6204758892789963,0.4435351922580418,0.6632419642315316,0.276207363456566,49,Simulation,Puzzle,0.7784441251251505,0.1273467699725715,42,0.0,1.0,0.1166666666666666,0.8847978391063811,1,0.5778923885439411,4
181,1072,Experience 1072,Puzzle,0.7449779069249327,0.3414623639761886,0.973475515285742,0.3783180142237856,25,Simulation,Puzzle,0.7784441251251505,0.1273467699725715,42,0.0,1.0,0.2833333333333333,0.8049686098394084,1,0.5764086174694774,5
182,1014,Experience 1014,Social,0.7084360738896248,0.6919622480914536,0.5066406143622445,0.7631554898199004,35,Social,Sports,0.558626582992631,0.3269104534135279,44,1.0,0.0,0.15,0.9480140313696136,1,0.8571564817137437,1
182,1007,Experience 1007,Social,0.6113602755027672,0.3693255620200327,0.760432490906593,0.3138467721116466,56,Social,Sports,0.558626582992631,0.3269104534135279,44,1.0,0.0,0.2,0.798194092086038,0,0.8239875219715662,2
182,1079,Experience 1079,Social,0.6252808613431486,0.1651788036494796,0.2355254260756802,0.2079980737084605,56,Social,Sports,0.558626582992631,0.3269104534135279,44,1.0,0.0,0.2,0.6768988430830493,1,0.7912927017121026,3
182,1111,Experience 1111,Sports,0.9428982678236224,0.8155250577848677,0.575778764164542,0.2547283501174674,25,Social,Sports,0.558626582992631,0.3269104534135279,44,0.0,1.0,0.3166666666666666,0.982847818828089,0,0.7226046123071035,4
182,1027,Experience 1027,Sports,0.8258355726034926,0.7779980359761599,0.5071112833110228,0.4772006332829246,49,Social,Sports,0.558626582992631,0.3269104534135279,44,0.0,1.0,0.0833333333333333,0.9484847003183918,1,0.7107557676060687,5
183,1003,Experience 1003,Puzzle,0.7658593377467232,0.3759100169419204,0.0773164253661275,0.4674845394285718,49,Puzzle,Simulation,0.3373661783638257,0.7163395346683611,47,1.0,0.0,0.0333333333333333,0.7399502470023018,1,0.7797080521838373,1
183,1026,Experience 1026,Puzzle,0.7847705334160814,0.4236675665053301,0.2918167090217533,0.0158055554401338,14,Puzzle,Simulation,0.3373661783638257,0.7163395346683611,47,1.0,0.0,0.55,0.9544505306579276,0,0.7785087023420555,2
183,1029,Experience 1029,Puzzle,0.3418174116264629,0.7473540601800795,0.2448417750345193,0.4073623878629723,57,Puzzle,Simulation,0.3373661783638257,0.7163395346683611,47,1.0,0.0,0.1666666666666666,0.9074755966706936,0,0.7392071338388732,3
183,1113,Experience 1113,Puzzle,0.3143534057607174,0.7407415888945685,0.7096912838106965,0.9437983681037112,40,Puzzle,Simulation,0.3373661783638257,0.7163395346683611,47,1.0,0.0,0.1166666666666666,0.6276748945531293,0,0.7048415460276068,4
183,1078,Experience 1078,Simulation,0.9139745006021852,0.4875947260651535,0.1081242288365573,0.0386443098268846,51,Puzzle,Simulation,0.3373661783638257,0.7163395346683611,47,0.0,1.0,0.0666666666666666,0.7707580504727316,0,0.6246222714785724,5
184,1032,Experience 1032,Action,0.9183909657409184,0.1782087510115781,0.2798409650960937,0.836613041032693,59,Action,Simulation,0.2930107776566881,0.5841892350400743,52,1.0,0.0,0.1166666666666666,0.9868301874394056,0,0.8288611703524937,1
184,1044,Experience 1044,Action,0.8578996664042653,0.7405382156713768,0.540545681694017,0.9388053542070384,40,Action,Simulation,0.2930107776566881,0.5841892350400743,52,1.0,0.0,0.2,0.7524650959626711,1,0.8188415720024883,2
184,1103,Experience 1103,Action,0.6677544964493587,0.4461723957193605,0.794276194278496,0.1853752728024856,59,Action,Simulation,0.2930107776566881,0.5841892350400743,52,1.0,0.0,0.1166666666666666,0.498734583378192,1,0.762934058468493,3
184,1078,Experience 1078,Simulation,0.9139745006021852,0.4875947260651535,0.1081242288365573,0.0386443098268846,51,Action,Simulation,0.2930107776566881,0.5841892350400743,52,0.0,1.0,0.0166666666666666,0.8151134511798692,0,0.6566316941454191,4
184,1033,Experience 1033,Simulation,0.8859147305780027,0.259942782541492,0.2648265360525452,0.1086571032622624,31,Action,Simulation,0.2930107776566881,0.5841892350400743,52,0.0,1.0,0.35,0.9718157583958572,0,0.6283726315050823,5
185,1073,Experience 1073,Adventure,0.687693407311507,0.5642695337399875,0.7523432280065728,0.8351257910807337,50,Adventure,Puzzle,0.7093554845042659,0.497213908951521,48,1.0,0.0,0.0333333333333333,0.9570122564976932,0,0.8103050500668122,1
185,1008,Experience 1008,Adventure,0.8415828324170402,0.3364498304651394,0.599089106012921,0.2728043301458357,40,Adventure,Puzzle,0.7093554845042659,0.497213908951521,48,1.0,0.0,0.1333333333333333,0.8897336215086551,1,0.8089238014377563,2
185,1031,Experience 1031,Adventure,0.6267069522672452,0.6020379288394027,0.9395582128996094,0.5521627033044271,46,Adventure,Puzzle,0.7093554845042659,0.497213908951521,48,1.0,0.0,0.0333333333333333,0.7697972716046565,1,0.7871636216249251,3
185,1051,Experience 1051,Adventure,0.7608650542535511,0.4945204429565272,0.5049786641965721,0.9492935230092574,34,Adventure,Puzzle,0.7093554845042659,0.497213908951521,48,1.0,0.0,0.2333333333333333,0.7956231796923062,0,0.7774411713842135,4
185,1082,Experience 1082,Adventure,0.940069744877272,0.6645999956719907,0.1368397110942475,0.0890420050750532,28,Adventure,Puzzle,0.7093554845042659,0.497213908951521,48,1.0,0.0,0.3333333333333333,0.4274842265899816,1,0.7614112295765566,5
186,1014,Experience 1014,Social,0.7084360738896248,0.6919622480914536,0.5066406143622445,0.7631554898199004,35,Social,Simulation,0.6457920174435091,0.7895645843748843,29,1.0,0.0,0.1,0.8608485969187354,0,0.8360030779045803,1
186,1085,Experience 1085,Social,0.715133524882573,0.3923165755464828,0.681782684374937,0.3715432084063615,41,Social,Simulation,0.6457920174435091,0.7895645843748843,29,1.0,0.0,0.2,0.964009333068572,1,0.835347872811303,2
186,1059,Experience 1059,Social,0.7489549716721217,0.4911530499138364,0.6826986067555766,0.9132851837019758,49,Social,Simulation,0.6457920174435091,0.7895645843748843,29,1.0,0.0,0.3333333333333333,0.9630934106879324,0,0.8339990139265794,3
186,1061,Experience 1061,Social,0.9515114053456256,0.4883887845440612,0.3838014404080356,0.6777086144544695,56,Social,Simulation,0.6457920174435091,0.7895645843748843,29,1.0,0.0,0.45,0.7380094229645264,0,0.8294636836756666,4
186,1002,Experience 1002,Social,0.5654662227449457,0.1419781043952984,0.4876512775379703,0.1763555764178013,30,Social,Simulation,0.6457920174435091,0.7895645843748843,29,1.0,0.0,0.0166666666666666,0.8418592600944612,1,0.7950191150249923,5
187,1075,Experience 1075,Puzzle,0.7701763699744956,0.5714931074517187,0.7080993700732455,0.0043057756676786,58,Puzzle,Strategy,0.5328054562835062,0.0932369680269199,55,1.0,0.0,0.05,0.8247060862102606,1,0.8062420625203714,1
187,1046,Experience 1046,Puzzle,0.9358581895296346,0.2937905951089806,0.3646871905132503,0.5570017818814502,30,Puzzle,Strategy,0.5328054562835062,0.0932369680269199,55,1.0,0.0,0.4166666666666667,0.8318817342297442,1,0.7789944236365746,2
187,1108,Experience 1108,Puzzle,0.8425576923542274,0.4822507608830354,0.666849920378606,0.8027206052883656,21,Puzzle,Strategy,0.5328054562835062,0.0932369680269199,55,1.0,0.0,0.5666666666666667,0.8659555359049002,0,0.7706454892037827,3
187,1026,Experience 1026,Puzzle,0.7847705334160814,0.4236675665053301,0.2918167090217533,0.0158055554401338,14,Puzzle,Strategy,0.5328054562835062,0.0932369680269199,55,1.0,0.0,0.6833333333333333,0.7590112527382471,0,0.7274254710683967,4
187,1072,Experience 1072,Puzzle,0.7449779069249327,0.3414623639761886,0.973475515285742,0.3783180142237856,25,Puzzle,Strategy,0.5328054562835062,0.0932369680269199,55,1.0,0.0,0.5,0.5593299409977641,1,0.7213273630236616,5
188,1023,Experience 1023,Strategy,0.934275144868182,0.4241492862896971,0.2179097364670654,0.7914514878076223,48,Strategy,Puzzle,0.6960903082187067,0.3529901857638985,24,1.0,0.0,0.4,0.5218194282483588,1,0.7288876019526052,1
188,1004,Experience 1004,Puzzle,0.809305382335664,0.5027055170834634,0.7716046143560276,0.3920600224154432,16,Strategy,Puzzle,0.6960903082187067,0.3529901857638985,24,0.0,1.0,0.1333333333333333,0.9244856938626792,0,0.6432940291627859,2
188,1069,Experience 1069,Puzzle,0.8068156107352968,0.6551858372056814,0.8842124935251735,0.2530347499296835,35,Strategy,Puzzle,0.6960903082187067,0.3529901857638985,24,0.0,1.0,0.1833333333333333,0.8118778146935332,0,0.639282930815961,3
188,1053,Experience 1053,Puzzle,0.7426572934279929,0.7514869168546299,0.2904976508730454,0.8341208920021081,34,Strategy,Puzzle,0.6960903082187067,0.3529901857638985,24,0.0,1.0,0.1666666666666666,0.5944073426543388,0,0.5672554592009577,4
188,1090,Experience 1090,Puzzle,0.5586098880458512,0.4251872277402517,0.5338484342208252,0.861814417816014,19,Strategy,Puzzle,0.6960903082187067,0.3529901857638985,24,0.0,1.0,0.0833333333333333,0.8377581260021185,0,0.5533689486755673,5
189,1088,Experience 1088,Sports,0.931739259022481,0.4207879774878386,0.5549692853271866,0.4100487869149942,11,Sports,Social,0.6727293778887776,0.6592753362474251,49,1.0,0.0,0.6333333333333333,0.882239907438409,0,0.8325051464336048,1
189,1024,Experience 1024,Sports,0.7120515552427965,0.5535760301547662,0.4935230317114728,0.4609313910731102,39,Sports,Social,0.6727293778887776,0.6592753362474251,49,1.0,0.0,0.1666666666666666,0.8207936538226952,1,0.8297394513814407,2
189,1102,Experience 1102,Sports,0.9402838286695968,0.4125021221616953,0.1907643304361418,0.200562471321554,40,Sports,Social,0.6727293778887776,0.6592753362474251,49,1.0,0.0,0.15,0.5180349525473642,1,0.8223590911963882,3
189,1037,Experience 1037,Sports,0.7994490651436071,0.7023148063737304,0.3263399911584964,0.9948242136208678,35,Sports,Social,0.6727293778887776,0.6592753362474251,49,1.0,0.0,0.2333333333333333,0.6536106132697188,1,0.8204588424616133,4
189,1104,Experience 1104,Sports,0.7763284069557427,0.7928984171430337,0.1707069630824686,0.4638281104628762,33,Sports,Social,0.6727293778887776,0.6592753362474251,49,1.0,0.0,0.2666666666666666,0.4979775851936909,0,0.8018182181086445,5
190,1020,Experience 1020,Simulation,0.8220634578382588,0.5054615596538111,0.3982077558970217,0.6135164847298321,13,Simulation,Creative,0.6030799251285341,0.5024923329589228,28,1.0,0.0,0.25,0.7951278307684875,1,0.7677386902090181,1
190,1114,Experience 1114,Simulation,0.9094073794904848,0.2867325336723821,0.0751050358773748,0.4020477981570693,23,Simulation,Creative,0.6030799251285341,0.5024923329589228,28,1.0,0.0,0.0833333333333333,0.4720251107488407,0,0.7363966872513419,2
190,1016,Experience 1016,Simulation,0.6327408434291123,0.2893552650923534,0.337198205686132,0.4979318527888876,53,Simulation,Creative,0.6030799251285341,0.5024923329589228,28,1.0,0.0,0.4166666666666667,0.7341182805575979,1,0.7006447901528909,3
190,1087,Experience 1087,Creative,0.7417160017369715,0.3980069401610766,0.5803538931422866,0.1954958273965873,33,Simulation,Creative,0.6030799251285341,0.5024923329589228,28,0.0,1.0,0.0833333333333333,0.9772739680137524,1,0.6204599171492519,4
190,1076,Experience 1076,Creative,0.7805257487778566,0.3562342599893083,0.7812983230640933,0.571167362055741,8,Simulation,Creative,0.6030799251285341,0.5024923329589228,28,0.0,1.0,0.3333333333333333,0.8217816020644408,0,0.5739185396946778,5
191,1063,Experience 1063,Strategy,0.7810917854701819,0.2349952712342425,0.5114173417348135,0.235256388415645,21,Strategy,Sports,0.6257228498540331,0.5059930436217186,46,1.0,0.0,0.4166666666666667,0.8856944918807803,0,0.7723247492894324,1
191,1066,Experience 1066,Strategy,0.5933044321129625,0.8148765601157231,0.9082281614290438,0.2645976053461583,23,Strategy,Sports,0.6257228498540331,0.5059930436217186,46,1.0,0.0,0.3833333333333333,0.7174946884249893,0,0.7622191247837304,2
191,1111,Experience 1111,Sports,0.9428982678236224,0.8155250577848677,0.575778764164542,0.2547283501174674,25,Strategy,Sports,0.6257228498540331,0.5059930436217186,46,0.0,1.0,0.35,0.9500559143105088,1,0.715873975392109,3
191,1100,Experience 1100,Sports,0.8539423752816214,0.5771516782683807,0.6603015579098336,0.097787997445443,39,Strategy,Sports,0.6257228498540331,0.5059930436217186,46,0.0,1.0,0.1166666666666666,0.9654212919441996,1,0.7111220078371825,4
191,1001,Experience 1001,Sports,0.6452560499996463,0.8044840559110404,0.5776422262968883,0.3608105614175153,41,Strategy,Sports,0.6257228498540331,0.5059930436217186,46,0.0,1.0,0.0833333333333333,0.9519193764428552,0,0.676753226349322,5
192,1052,Experience 1052,Creative,0.6879474895864814,0.8150878066775633,0.5427584275418881,0.4028796085076296,43,Creative,Action,0.7344878770346,0.4504822288590452,55,1.0,0.0,0.2,0.8082705505072881,1,0.7956477979554997,1
192,1087,Experience 1087,Creative,0.7417160017369715,0.3980069401610766,0.5803538931422866,0.1954958273965873,33,Creative,Action,0.7344878770346,0.4504822288590452,55,1.0,0.0,0.3666666666666666,0.8458660161076866,0,0.7772789905152476,2
192,1059,Experience 1059,Social,0.7489549716721217,0.4911530499138364,0.6826986067555766,0.9132851837019758,49,Creative,Action,0.7344878770346,0.4504822288590452,55,0.0,0.0,0.1,0.9482107297209766,0,0.5390075808576524,3
192,1035,Experience 1035,Action,0.684933354468736,0.2628151072276272,0.2926692360835166,0.7930049789596304,54,Creative,Action,0.7344878770346,0.4504822288590452,55,0.0,1.0,0.0166666666666666,0.5581813590489166,0,0.5367490258618774,4
192,1007,Experience 1007,Social,0.6113602755027672,0.3693255620200327,0.760432490906593,0.3138467721116466,56,Creative,Action,0.7344878770346,0.4504822288590452,55,0.0,0.0,0.0166666666666666,0.9740553861280068,0,0.5190949862842835,5
193,1017,Experience 1017,Adventure,0.8986224157650411,0.4138920991005588,0.5580723954683906,0.6429984233408326,53,Adventure,Simulation,0.866400091210421,0.906736660354776,53,1.0,0.0,0.0,0.6916723042579696,1,0.8020735486276552,1
193,1073,Experience 1073,Adventure,0.687693407311507,0.5642695337399875,0.7523432280065728,0.8351257910807337,50,Adventure,Simulation,0.866400091210421,0.906736660354776,53,1.0,0.0,0.05,0.8859431367961518,0,0.7966022351012693,2
193,1051,Experience 1051,Adventure,0.7608650542535511,0.4945204429565272,0.5049786641965721,0.9492935230092574,34,Adventure,Simulation,0.866400091210421,0.906736660354776,53,1.0,0.0,0.3166666666666666,0.6385785729861511,1,0.7455998062844104,3
193,1096,Experience 1096,Adventure,0.7903170826018652,0.4751627362769494,0.5362341337297925,0.9233469677258124,13,Adventure,Simulation,0.866400091210421,0.906736660354776,53,1.0,0.0,0.6666666666666666,0.6698340425193714,0,0.7237557721524303,4
193,1117,Experience 1117,Adventure,0.4143954852484882,0.5042520610293434,0.5381695778516243,0.3991953026577904,51,Adventure,Simulation,0.866400091210421,0.906736660354776,53,1.0,0.0,0.0333333333333333,0.6717694866412033,0,0.7131487256358964,5
194,1116,Experience 1116,Action,0.6678760843020042,0.5482724230839826,0.6479003468582198,0.8466710505082435,57,Action,Strategy,0.574003050182835,0.4241258829903285,43,1.0,0.0,0.2333333333333333,0.9261027033246152,1,0.7972741811052617,1
194,1103,Experience 1103,Action,0.6677544964493587,0.4461723957193605,0.794276194278496,0.1853752728024856,59,Action,Strategy,0.574003050182835,0.4241258829903285,43,1.0,0.0,0.2666666666666666,0.779726855904339,1,0.7815372408364784,2
194,1068,Experience 1068,Action,0.698456042052288,0.2594560290757449,0.3550613668330224,0.4325155932423661,21,Action,Strategy,0.574003050182835,0.4241258829903285,43,1.0,0.0,0.3666666666666666,0.7810583166501874,0,0.7498542513734656,3
194,1011,Experience 1011,Strategy,0.8438936347604792,0.3089791482471649,0.5527453913687409,0.302964628837302,52,Action,Strategy,0.574003050182835,0.4241258829903285,43,0.0,1.0,0.15,0.978742341185906,1,0.6371691342598296,4
194,1094,Experience 1094,Strategy,0.777065958629862,0.5840090382012306,0.3016147592800985,0.4118434403009737,40,Action,Strategy,0.574003050182835,0.4241258829903285,43,0.0,1.0,0.05,0.7276117090972636,0,0.5964336120522824,5
195,1075,Experience 1075,Puzzle,0.7701763699744956,0.5714931074517187,0.7080993700732455,0.0043057756676786,58,Puzzle,Adventure,0.6229405175510294,0.2219755477924452,48,1.0,0.0,0.1666666666666666,0.914841147477784,1,0.8078668373173266,1
195,1069,Experience 1069,Puzzle,0.8068156107352968,0.6551858372056814,0.8842124935251735,0.2530347499296835,35,Puzzle,Adventure,0.6229405175510294,0.2219755477924452,48,1.0,0.0,0.2166666666666666,0.7387280240258559,1,0.7944502989535112,2
195,1004,Experience 1004,Puzzle,0.809305382335664,0.5027055170834634,0.7716046143560276,0.3920600224154432,16,Puzzle,Adventure,0.6229405175510294,0.2219755477924452,48,1.0,0.0,0.5333333333333333,0.8513359031950019,0,0.771144889077957,3
195,1003,Experience 1003,Puzzle,0.7658593377467232,0.3759100169419204,0.0773164253661275,0.4674845394285718,49,Puzzle,Adventure,0.6229405175510294,0.2219755477924452,48,1.0,0.0,0.0166666666666666,0.4543759078150982,0,0.7279676037703638,4
195,1054,Experience 1054,Puzzle,0.6795756146978778,0.2537314254122666,0.2509959349159629,0.6813294726896911,34,Puzzle,Adventure,0.6229405175510294,0.2219755477924452,48,1.0,0.0,0.2333333333333333,0.6280554173649335,0,0.7100191559322189,5
196,1115,Experience 1115,Simulation,0.626658707429628,0.7075065986188209,0.5404405149990236,0.2246894745458737,42,Simulation,Social,0.8482558024424653,0.1769717320267206,42,1.0,0.0,0.0,0.6921847125565582,0,0.7722023317162506,1
196,1078,Experience 1078,Simulation,0.9139745006021852,0.4875947260651535,0.1081242288365573,0.0386443098268846,51,Simulation,Social,0.8482558024424653,0.1769717320267206,42,1.0,0.0,0.15,0.259868426394092,0,0.7363023345325572,2
196,1016,Experience 1016,Simulation,0.6327408434291123,0.2893552650923534,0.337198205686132,0.4979318527888876,53,Simulation,Social,0.8482558024424653,0.1769717320267206,42,1.0,0.0,0.1833333333333333,0.4889424032436666,1,0.6991446716279698,3
196,1010,Experience 1010,Simulation,0.8201589080775701,0.1741976609077686,0.1927429310808082,0.4388217018019487,21,Simulation,Social,0.8482558024424653,0.1769717320267206,42,1.0,0.0,0.35,0.3444871286383429,0,0.6860693939810076,4
196,1112,Experience 1112,Simulation,0.2735953131794247,0.4885963348973961,0.6296328968909383,0.135038096056236,20,Simulation,Social,0.8482558024424653,0.1769717320267206,42,1.0,0.0,0.3666666666666666,0.7813770944484729,1,0.668619866724547,5
197,1000,Experience 1000,Action,0.9096695293967186,0.6516437731703687,0.6290364009047581,0.2407530712142694,49,Action,Adventure,0.3903733236456168,0.2290562787001899,47,1.0,0.0,0.0333333333333333,0.7613369227408586,1,0.83271714893183,1
197,1032,Experience 1032,Action,0.9183909657409184,0.1782087510115781,0.2798409650960937,0.836613041032693,59,Action,Adventure,0.3903733236456168,0.2290562787001899,47,1.0,0.0,0.2,0.889467641450477,0,0.8047016788533442,2
197,1009,Experience 1009,Action,0.7987178764315418,0.3460501829476273,0.2238314684756084,0.130890330850495,53,Action,Adventure,0.3903733236456168,0.2290562787001899,47,1.0,0.0,0.1,0.8334581448299917,0,0.7967132268982775,3
197,1119,Experience 1119,Action,0.8086136050725224,0.7572883677081093,0.5086964614589882,0.1619415702496311,9,Action,Adventure,0.3903733236456168,0.2290562787001899,47,1.0,0.0,0.6333333333333333,0.8816768621866287,1,0.7890048745232008,4
197,1103,Experience 1103,Action,0.6677544964493587,0.4461723957193605,0.794276194278496,0.1853752728024856,59,Action,Adventure,0.3903733236456168,0.2290562787001899,47,1.0,0.0,0.2,0.5960971293671207,1,0.7585056359433046,5
198,1080,Experience 1080,Strategy,0.4960287753620589,0.3772823688301061,0.669450532879556,0.5189146424870842,16,Strategy,Adventure,0.5157890951581322,0.5754262149790318,20,1.0,0.0,0.0666666666666666,0.8463385622785762,1,0.7149229701049354,1
198,1017,Experience 1017,Adventure,0.8986224157650411,0.4138920991005588,0.5580723954683906,0.6429984233408326,53,Strategy,Adventure,0.5157890951581322,0.5754262149790318,20,0.0,1.0,0.55,0.9577166996897416,0,0.5888910900212107,2
198,1111,Experience 1111,Sports,0.9428982678236224,0.8155250577848677,0.575778764164542,0.2547283501174674,25,Strategy,Adventure,0.5157890951581322,0.5754262149790318,20,0.0,0.0,0.0833333333333333,0.9400103309935902,0,0.5396683461876907,3
198,1071,Experience 1071,Adventure,0.5432545608778258,0.5917055303234199,0.8111881708009158,0.7718493432291552,17,Strategy,Adventure,0.5157890951581322,0.5754262149790318,20,0.0,1.0,0.05,0.7046009243572164,0,0.5220758801487876,4
198,1022,Experience 1022,Adventure,0.5006486309375991,0.407575941114626,0.4697425498140824,0.908608246555642,36,Strategy,Adventure,0.5157890951581322,0.5754262149790318,20,0.0,1.0,0.2666666666666666,0.9539534546559504,0,0.5071947596407984,5
199,1017,Experience 1017,Adventure,0.8986224157650411,0.4138920991005588,0.5580723954683906,0.6429984233408326,53,Adventure,Strategy,0.8398545397058611,0.789995253886308,51,1.0,0.0,0.0333333333333333,0.7182178557625295,0,0.8050720761959912,1
199,1073,Experience 1073,Adventure,0.687693407311507,0.5642695337399875,0.7523432280065728,0.8351257910807337,50,Adventure,Strategy,0.8398545397058611,0.789995253886308,51,1.0,0.0,0.0166666666666666,0.9124886883007116,1,0.8041285285377515,2
199,1031,Experience 1031,Adventure,0.6267069522672452,0.6020379288394027,0.9395582128996094,0.5521627033044271,46,Adventure,Strategy,0.8398545397058611,0.789995253886308,51,1.0,0.0,0.0833333333333333,0.9002963268062517,0,0.7963312591109765,3
199,1008,Experience 1008,Adventure,0.8415828324170402,0.3364498304651394,0.599089106012921,0.2728043301458357,40,Adventure,Strategy,0.8398545397058611,0.789995253886308,51,1.0,0.0,0.1833333333333333,0.7592345663070599,1,0.7882826817314552,4
199,1051,Experience 1051,Adventure,0.7608650542535511,0.4945204429565272,0.5049786641965721,0.9492935230092574,34,Adventure,Strategy,0.8398545397058611,0.789995253886308,51,1.0,0.0,0.2833333333333333,0.665124124490711,1,0.7544315566287197,5
200,1023,Experience 1023,Strategy,0.934275144868182,0.4241492862896971,0.2179097364670654,0.7914514878076223,48,Strategy,Creative,0.5411571108741182,0.2342880955996645,50,1.0,0.0,0.0333333333333333,0.6767526255929472,0,0.7824433236732323,1
200,1045,Experience 1045,Strategy,0.6865679540637682,0.4124899761623172,0.8858497306039471,0.3446408865116177,23,Strategy,Creative,0.5411571108741182,0.2342880955996645,50,1.0,0.0,0.45,0.6553073802701711,0,0.7184494846206991,2
200,1080,Experience 1080,Strategy,0.4960287753620589,0.3772823688301061,0.669450532879556,0.5189146424870842,16,Strategy,Creative,0.5411571108741182,0.2342880955996645,50,1.0,0.0,0.5666666666666667,0.8717065779945622,1,0.6873560887310436,3
200,1067,Experience 1067,Creative,0.788764048918011,0.4580972487220676,0.5921026845821029,0.4299570499000478,43,Strategy,Creative,0.5411571108741182,0.2342880955996645,50,0.0,1.0,0.1166666666666666,0.9490544262920152,0,0.6377414096878647,4
200,1047,Experience 1047,Strategy,0.22550606962591,0.2148767550411004,0.6209051459122696,0.296299630453485,14,Strategy,Creative,0.5411571108741182,0.2342880955996645,50,1.0,0.0,0.6,0.9202519649618486,0,0.6184187156693752,5
201,1000,Experience 1000,Action,0.9096695293967186,0.6516437731703687,0.6290364009047581,0.2407530712142694,49,Action,Adventure,0.8576517309795767,0.8810642964966328,43,1.0,0.0,0.1,0.7713846699251814,1,0.8426729400968846,1
201,1044,Experience 1044,Action,0.8578996664042653,0.7405382156713768,0.540545681694017,0.9388053542070384,40,Action,Adventure,0.8576517309795767,0.8810642964966328,43,1.0,0.0,0.05,0.6828939507144403,0,0.82623005962131,2
201,1116,Experience 1116,Action,0.6678760843020042,0.5482724230839826,0.6479003468582198,0.8466710505082435,57,Action,Adventure,0.8576517309795767,0.8810642964966328,43,1.0,0.0,0.2333333333333333,0.7902486158786431,1,0.7923333435171499,3
201,1119,Experience 1119,Action,0.8086136050725224,0.7572883677081093,0.5086964614589882,0.1619415702496311,9,Action,Adventure,0.8576517309795767,0.8810642964966328,43,1.0,0.0,0.5666666666666667,0.6510447304794115,1,0.782227637530074,4
201,1055,Experience 1055,Action,0.9121309206982589,0.3826203354113438,0.2499073592941251,0.1919211614110854,38,Action,Adventure,0.8576517309795767,0.8810642964966328,43,1.0,0.0,0.0833333333333333,0.3922556283145484,1,0.7811598863785683,5
202,1043,Experience 1043,Creative,0.8838983032607785,0.7641225701636372,0.5942808569171103,0.6062993981927156,47,Creative,Puzzle,0.4504563202776564,0.6525663720510116,32,1.0,0.0,0.25,0.8561754633605461,1,0.8372284700877339,1
202,1052,Experience 1052,Creative,0.6879474895864814,0.8150878066775633,0.5427584275418881,0.4028796085076296,43,Creative,Puzzle,0.4504563202776564,0.6525663720510116,32,1.0,0.0,0.1833333333333333,0.9076978927357684,0,0.8198931872740309,2
202,1110,Experience 1110,Creative,0.8487034770737338,0.6513439158584452,0.7080979103356375,0.2741343936886083,18,Creative,Puzzle,0.4504563202776564,0.6525663720510116,32,1.0,0.0,0.2333333333333333,0.7423584099420188,1,0.8180995673324644,3
202,1067,Experience 1067,Creative,0.788764048918011,0.4580972487220676,0.5921026845821029,0.4299570499000478,43,Creative,Puzzle,0.4504563202776564,0.6525663720510116,32,1.0,0.0,0.1833333333333333,0.8583536356955535,1,0.8147112397100649,4
202,1062,Experience 1062,Creative,0.7566608128373626,0.2501254620138091,0.431135077105207,0.8144738760309339,50,Creative,Puzzle,0.4504563202776564,0.6525663720510116,32,1.0,0.0,0.3,0.9806787568275506,1,0.7997658967662747,5
203,1044,Experience 1044,Action,0.8578996664042653,0.7405382156713768,0.540545681694017,0.9388053542070384,40,Action,Adventure,0.4374656090968227,0.4046199104465032,29,1.0,0.0,0.1833333333333333,0.8969199274028058,1,0.8254470104176534,1
203,1000,Experience 1000,Action,0.9096695293967186,0.6516437731703687,0.6290364009047581,0.2407530712142694,49,Action,Adventure,0.4374656090968227,0.4046199104465032,29,1.0,0.0,0.3333333333333333,0.8084292081920647,1,0.8184449515721024,2
203,1032,Experience 1032,Action,0.9183909657409184,0.1782087510115781,0.2798409650960937,0.836613041032693,59,Action,Adventure,0.4374656090968227,0.4046199104465032,29,1.0,0.0,0.5,0.8423753559992709,1,0.7773640829182502,3
203,1051,Experience 1051,Adventure,0.7608650542535511,0.4945204429565272,0.5049786641965721,0.9492935230092574,34,Action,Adventure,0.4374656090968227,0.4046199104465032,29,0.0,1.0,0.0833333333333333,0.9324869449002506,0,0.6171494237876094,4
203,1096,Experience 1096,Adventure,0.7903170826018652,0.4751627362769494,0.5362341337297925,0.9233469677258124,13,Action,Adventure,0.4374656090968227,0.4046199104465032,29,0.0,1.0,0.2666666666666666,0.9012314753670304,0,0.5966569926089135,5
204,1088,Experience 1088,Sports,0.931739259022481,0.4207879774878386,0.5549692853271866,0.4100487869149942,11,Sports,Puzzle,0.4115911614786445,0.3121809161310906,28,1.0,0.0,0.2833333333333333,0.8566218761514579,0,0.8218893748702453,1
204,1092,Experience 1092,Sports,0.8280410369904486,0.5343815491606264,0.7426691928850321,0.6904019545155015,39,Sports,Puzzle,0.4115911614786445,0.3121809161310906,28,1.0,0.0,0.1833333333333333,0.6689219685936124,1,0.8032847854065732,2
204,1001,Experience 1001,Sports,0.6452560499996463,0.8044840559110404,0.5776422262968883,0.3608105614175153,41,Sports,Puzzle,0.4115911614786445,0.3121809161310906,28,1.0,0.0,0.2166666666666666,0.8339489351817562,1,0.8015451193218512,3
204,1005,Experience 1005,Sports,0.725440926488475,0.5102685875213342,0.2459903544501388,0.2409271164143122,19,Sports,Puzzle,0.4115911614786445,0.3121809161310906,28,1.0,0.0,0.15,0.8343991929714943,0,0.7945121557029037,4
204,1049,Experience 1049,Sports,0.4370836638665348,0.2536527377340197,0.5512982630814426,0.1951855298186556,20,Sports,Puzzle,0.4115911614786445,0.3121809161310906,28,1.0,0.0,0.1333333333333333,0.8602928983972019,0,0.7417447469312867,5
205,1041,Experience 1041,Sports,0.6879201981801872,0.7175911275892214,0.4277301159158936,0.4016616340093764,51,Sports,Social,0.4795845788790152,0.4037450557067505,52,1.0,0.0,0.0166666666666666,0.9481455370368784,1,0.8495586513843354,1
205,1106,Experience 1106,Sports,0.8146785788760947,0.3647619692710552,0.6750256601127794,0.7960604476258709,49,Sports,Social,0.4795845788790152,0.4037450557067505,52,1.0,0.0,0.05,0.8045589187662359,1,0.839768963268739,2
205,1037,Experience 1037,Sports,0.7994490651436071,0.7023148063737304,0.3263399911584964,0.9948242136208678,35,Sports,Social,0.4795845788790152,0.4037450557067505,52,1.0,0.0,0.2833333333333333,0.8467554122794811,0,0.8322039092442871,3
205,1036,Experience 1036,Sports,0.9655169972756756,0.2298411882545339,0.2550485289661252,0.8478368672236546,17,Sports,Social,0.4795845788790152,0.4037450557067505,52,1.0,0.0,0.5833333333333334,0.7754639500871099,1,0.8069861999059725,4
205,1015,Experience 1015,Sports,0.9316862802198296,0.7502302540767141,0.1563447605350174,0.9300033473547172,10,Sports,Social,0.4795845788790152,0.4037450557067505,52,1.0,0.0,0.7,0.6767601816560023,1,0.8040709652657726,5
206,1028,Experience 1028,Simulation,0.7474374024719366,0.7598079156453001,0.9057260947827066,0.4943145335346177,16,Simulation,Adventure,0.8545601021204936,0.2460036670421549,20,1.0,0.0,0.0666666666666666,0.948834007337787,1,0.7885800463768184,1
206,1020,Experience 1020,Simulation,0.8220634578382588,0.5054615596538111,0.3982077558970217,0.6135164847298321,13,Simulation,Adventure,0.8545601021204936,0.2460036670421549,20,1.0,0.0,0.1166666666666666,0.543647653776528,1,0.7152706429652623,2
206,1033,Experience 1033,Simulation,0.8859147305780027,0.259942782541492,0.2648265360525452,0.1086571032622624,31,Simulation,Adventure,0.8545601021204936,0.2460036670421549,20,1.0,0.0,0.1833333333333333,0.4102664339320516,0,0.6910654459653346,3
206,1114,Experience 1114,Simulation,0.9094073794904848,0.2867325336723821,0.0751050358773748,0.4020477981570693,23,Simulation,Adventure,0.8545601021204936,0.2460036670421549,20,1.0,0.0,0.05,0.2205449337568812,0,0.6705540795059899,4
206,1010,Experience 1010,Simulation,0.8201589080775701,0.1741976609077686,0.1927429310808082,0.4388217018019487,21,Simulation,Adventure,0.8545601021204936,0.2460036670421549,20,1.0,0.0,0.0166666666666666,0.3381828289603147,1,0.6675684382083112,5
207,1052,Experience 1052,Creative,0.6879474895864814,0.8150878066775633,0.5427584275418881,0.4028796085076296,43,Creative,Simulation,0.4802482526267393,0.2794041178476135,43,1.0,0.0,0.0,0.9374898250848512,1,0.8093898677943269,1
207,1038,Experience 1038,Creative,0.8025898263845425,0.4058560569474049,0.8087225901435202,0.8729120163870842,60,Creative,Simulation,0.4802482526267393,0.2794041178476135,43,1.0,0.0,0.2833333333333333,0.6715256624832191,0,0.7621923083296561,2
207,1021,Experience 1021,Creative,0.6317033375365485,0.227795161908673,0.5969784094803497,0.8897794665398687,40,Creative,Simulation,0.4802482526267393,0.2794041178476135,43,1.0,0.0,0.05,0.8832698431463896,1,0.7565330354285693,3
207,1076,Experience 1076,Creative,0.7805257487778566,0.3562342599893083,0.7812983230640933,0.571167362055741,8,Creative,Simulation,0.4802482526267393,0.2794041178476135,43,1.0,0.0,0.5833333333333334,0.698949929562646,0,0.7286191780812209,4
207,1115,Experience 1115,Simulation,0.626658707429628,0.7075065986188209,0.5404405149990236,0.2246894745458737,42,Creative,Simulation,0.4802482526267393,0.2794041178476135,43,0.0,1.0,0.0166666666666666,0.9398077376277156,0,0.6014153634436825,5
208,1082,Experience 1082,Adventure,0.940069744877272,0.6645999956719907,0.1368397110942475,0.0890420050750532,28,Adventure,Creative,0.6513687193128596,0.464780571231674,27,1.0,0.0,0.0166666666666666,0.485470991781388,0,0.7811903125751597,1
208,1057,Experience 1057,Adventure,0.6456559365327232,0.2179960435691,0.3788184780326499,0.8119882015105448,28,Adventure,Creative,0.6513687193128596,0.464780571231674,27,1.0,0.0,0.0166666666666666,0.7274497587197903,1,0.7332711171582073,2
208,1040,Experience 1040,Adventure,0.8007594991172722,0.3266907558049443,0.1528993913771743,0.3143479426299048,10,Adventure,Creative,0.6513687193128596,0.464780571231674,27,1.0,0.0,0.2833333333333333,0.5015306720643147,0,0.7117462449611827,3
208,1117,Experience 1117,Adventure,0.4143954852484882,0.5042520610293434,0.5381695778516243,0.3991953026577904,51,Adventure,Creative,0.6513687193128596,0.464780571231674,27,1.0,0.0,0.4,0.8868008585387648,1,0.7058195786005173,4
208,1087,Experience 1087,Creative,0.7417160017369715,0.3980069401610766,0.5803538931422866,0.1954958273965873,33,Adventure,Creative,0.6513687193128596,0.464780571231674,27,0.0,1.0,0.1,0.928985173829427,0,0.6221491927963113,5
209,1020,Experience 1020,Simulation,0.8220634578382588,0.5054615596538111,0.3982077558970217,0.6135164847298321,13,Creative,Simulation,0.5415935889246869,0.4126187850030679,22,0.0,1.0,0.15,0.8566141669723348,0,0.5865304541149241,1
209,1028,Experience 1028,Simulation,0.7474374024719366,0.7598079156453001,0.9057260947827066,0.4943145335346177,16,Creative,Simulation,0.5415935889246869,0.4126187850030679,22,0.0,1.0,0.1,0.6358674941419803,0,0.5753093583282479,2
209,1114,Experience 1114,Simulation,0.9094073794904848,0.2867325336723821,0.0751050358773748,0.4020477981570693,23,Creative,Simulation,0.5415935889246869,0.4126187850030679,22,0.0,1.0,0.0166666666666666,0.533511446952688,0,0.5417332535707404,3
209,1097,Experience 1097,Social,0.6621084266035628,0.3766200397542547,0.5070806368539267,0.2458755870050586,23,Creative,Simulation,0.5415935889246869,0.4126187850030679,22,0.0,0.0,0.0166666666666666,0.9654870479292398,0,0.4877938481054395,4
209,1061,Experience 1061,Social,0.9515114053456256,0.4883887845440612,0.3838014404080356,0.6777086144544695,56,Creative,Simulation,0.5415935889246869,0.4126187850030679,22,0.0,0.0,0.5666666666666667,0.8422078514833486,0,0.4874518069174061,5
210,1108,Experience 1108,Puzzle,0.8425576923542274,0.4822507608830354,0.666849920378606,0.8027206052883656,21,Puzzle,Sports,0.4774709789559046,0.3613290682399556,31,1.0,0.0,0.1666666666666666,0.8106210585772986,1,0.8155773830017642,1
210,1053,Experience 1053,Puzzle,0.7426572934279929,0.7514869168546299,0.2904976508730454,0.8341208920021081,34,Puzzle,Sports,0.4774709789559046,0.3613290682399556,31,1.0,0.0,0.05,0.8130266719171408,1,0.812804740447624,2
210,1064,Experience 1064,Puzzle,0.6204758892789963,0.4435351922580418,0.6632419642315316,0.276207363456566,49,Puzzle,Sports,0.4774709789559046,0.3613290682399556,31,1.0,0.0,0.3,0.814229014724373,1,0.7755105648768275,3
210,1090,Experience 1090,Puzzle,0.5586098880458512,0.4251872277402517,0.5338484342208252,0.861814417816014,19,Puzzle,Sports,0.4774709789559046,0.3613290682399556,31,1.0,0.0,0.2,0.9436225447350794,1,0.7745306445977037,4
210,1111,Experience 1111,Sports,0.9428982678236224,0.8155250577848677,0.575778764164542,0.2547283501174674,25,Puzzle,Sports,0.4774709789559046,0.3613290682399556,31,0.0,1.0,0.1,0.9016922147913626,0,0.7202720267616545,5
211,1100,Experience 1100,Sports,0.8539423752816214,0.5771516782683807,0.6603015579098336,0.097787997445443,39,Sports,Creative,0.7557945314796483,0.3615066832779125,32,1.0,0.0,0.1166666666666666,0.9045070264301852,1,0.8370896045896288,1
211,1070,Experience 1070,Sports,0.9021629239090754,0.4240213755135868,0.7602726894428304,0.7757910864370905,50,Sports,Creative,0.7557945314796483,0.3615066832779125,32,1.0,0.0,0.3,0.9955218420368178,1,0.8347909426178427,2
211,1106,Experience 1106,Sports,0.8146785788760947,0.3647619692710552,0.6750256601127794,0.7960604476258709,49,Sports,Creative,0.7557945314796483,0.3615066832779125,32,1.0,0.0,0.2833333333333333,0.9192311286331312,1,0.8101151686668104,3
211,1050,Experience 1050,Sports,0.6444432625143321,0.2032573812502654,0.7840857883345029,0.0579453445381299,24,Sports,Creative,0.7557945314796483,0.3615066832779125,32,1.0,0.0,0.1333333333333333,0.9717087431451452,1,0.7954054745149755,4
211,1105,Experience 1105,Sports,0.6106599794863272,0.6391373818905719,0.6213931070244737,0.2894297075080649,54,Sports,Creative,0.7557945314796483,0.3615066832779125,32,1.0,0.0,0.3666666666666666,0.8655985755448254,0,0.7810523434211123,5
212,1067,Experience 1067,Creative,0.788764048918011,0.4580972487220676,0.5921026845821029,0.4299570499000478,43,Creative,Simulation,0.3720129864559743,0.2656793782718515,48,1.0,0.0,0.0833333333333333,0.7799103018738713,0,0.7882994612831462,1
212,1065,Experience 1065,Creative,0.7619316682455927,0.3645751585148475,0.2630179910479239,0.9645188861392016,47,Creative,Simulation,0.3720129864559743,0.2656793782718515,48,1.0,0.0,0.0166666666666666,0.8910050045919496,1,0.7846791470863888,2
212,1087,Experience 1087,Creative,0.7417160017369715,0.3980069401610766,0.5803538931422866,0.1954958273965873,33,Creative,Simulation,0.3720129864559743,0.2656793782718515,48,1.0,0.0,0.25,0.7916590933136878,0,0.7661969284866161,3
212,1110,Experience 1110,Creative,0.8487034770737338,0.6513439158584452,0.7080979103356375,0.2741343936886083,18,Creative,Simulation,0.3720129864559743,0.2656793782718515,48,1.0,0.0,0.5,0.6639150761203367,1,0.7654328163323102,4
212,1095,Experience 1095,Creative,0.5802362817422383,0.4006003917193433,0.7708173982045061,0.4033544032491283,54,Creative,Simulation,0.3720129864559743,0.2656793782718515,48,1.0,0.0,0.1,0.6011955882514681,0,0.7288820713161408,5
213,1051,Experience 1051,Adventure,0.7608650542535511,0.4945204429565272,0.5049786641965721,0.9492935230092574,34,Adventure,Action,0.4552106260211411,0.6365131167787211,35,1.0,0.0,0.0166666666666666,0.9502319618245688,1,0.8019606049667575,1
213,1008,Experience 1008,Adventure,0.8415828324170402,0.3364498304651394,0.599089106012921,0.2728043301458357,40,Adventure,Action,0.4552106260211411,0.6365131167787211,35,1.0,0.0,0.0833333333333333,0.8561215200082202,1,0.8002427721439836,2
213,1096,Experience 1096,Adventure,0.7903170826018652,0.4751627362769494,0.5362341337297925,0.9233469677258124,13,Adventure,Action,0.4552106260211411,0.6365131167787211,35,1.0,0.0,0.3666666666666666,0.9189764922913486,0,0.7759821676179035,3
213,1118,Experience 1118,Adventure,0.6594774101626886,0.3565880675711896,0.5086937555214479,0.0351168111096665,58,Adventure,Action,0.4552106260211411,0.6365131167787211,35,1.0,0.0,0.3833333333333333,0.9465168704996932,0,0.7606397320830721,4
213,1022,Experience 1022,Adventure,0.5006486309375991,0.407575941114626,0.4697425498140824,0.908608246555642,36,Adventure,Action,0.4552106260211411,0.6365131167787211,35,1.0,0.0,0.0166666666666666,0.9854680762070588,1,0.7556682897853314,5
214,1028,Experience 1028,Simulation,0.7474374024719366,0.7598079156453001,0.9057260947827066,0.4943145335346177,16,Simulation,Adventure,0.5842738135482076,0.4655991866340394,50,1.0,0.0,0.5666666666666667,0.678547718765501,0,0.7390697509349867,1
214,1020,Experience 1020,Simulation,0.8220634578382588,0.5054615596538111,0.3982077558970217,0.6135164847298321,13,Simulation,Adventure,0.5842738135482076,0.4655991866340394,50,1.0,0.0,0.6166666666666667,0.8139339423488141,1,0.7363423021206996,2
214,1016,Experience 1016,Simulation,0.6327408434291123,0.2893552650923534,0.337198205686132,0.4979318527888876,53,Simulation,Adventure,0.5842738135482076,0.4655991866340394,50,1.0,0.0,0.05,0.7529243921379245,1,0.7292956083084285,3
214,1056,Experience 1056,Simulation,0.5850817489192739,0.1274880872408227,0.8708251250831834,0.1754622465790878,53,Simulation,Adventure,0.5842738135482076,0.4655991866340394,50,1.0,0.0,0.05,0.7134486884650242,1,0.7236295874152026,4
214,1118,Experience 1118,Adventure,0.6594774101626886,0.3565880675711896,0.5086937555214479,0.0351168111096665,58,Simulation,Adventure,0.5842738135482076,0.4655991866340394,50,0.0,1.0,0.1333333333333333,0.9244199419732404,1,0.5659197059152666,5
215,1020,Experience 1020,Simulation,0.8220634578382588,0.5054615596538111,0.3982077558970217,0.6135164847298321,13,Simulation,Adventure,0.6173686885055913,0.6909678268925457,12,1.0,0.0,0.0166666666666666,0.7808390673914303,0,0.771888595889301,1
215,1025,Experience 1025,Social,0.838744739121835,0.7279884901895025,0.5876677647056102,0.0811540004238993,14,Simulation,Adventure,0.6173686885055913,0.6909678268925457,12,0.0,0.0,0.0333333333333333,0.9702990762000188,1,0.554544858306579,2
215,1051,Experience 1051,Adventure,0.7608650542535511,0.4945204429565272,0.5049786641965721,0.9492935230092574,34,Simulation,Adventure,0.6173686885055913,0.6909678268925457,12,0.0,1.0,0.3666666666666666,0.8876099756909808,0,0.5469477903850146,3
215,1099,Experience 1099,Adventure,0.8332801744008336,0.4077151465805127,0.8307594812615263,0.7545731382181347,49,Simulation,Adventure,0.6173686885055913,0.6909678268925457,12,0.0,1.0,0.6166666666666667,0.786609207244065,0,0.532571276102933,4
215,1107,Experience 1107,Social,0.7428970964662264,0.8045676070342606,0.8160785123357384,0.9076048913904824,23,Simulation,Adventure,0.6173686885055913,0.6909678268925457,12,0.0,0.0,0.1833333333333333,0.801290176169853,0,0.4920083546019215,5
216,1006,Experience 1006,Action,0.8770181756508404,0.5275353377269014,0.8047332447846338,0.7517807092307816,28,Action,Simulation,0.6186066920786717,0.5406744659770846,29,1.0,0.0,0.0166666666666666,0.8138734472940379,1,0.8241165556274974,1
216,1116,Experience 1116,Action,0.6678760843020042,0.5482724230839826,0.6479003468582198,0.8466710505082435,57,Action,Simulation,0.6186066920786717,0.5406744659770846,29,1.0,0.0,0.4666666666666667,0.9707063452204518,0,0.777748520878564,2
216,1103,Experience 1103,Action,0.6677544964493587,0.4461723957193605,0.794276194278496,0.1853752728024856,59,Action,Simulation,0.6186066920786717,0.5406744659770846,29,1.0,0.0,0.5,0.8243304978001756,1,0.7609503294882286,3
216,1086,Experience 1086,Action,0.6307900998772656,0.1325899003231649,0.3014212434741936,0.1888364204756389,42,Action,Simulation,0.6186066920786717,0.5406744659770846,29,1.0,0.0,0.2166666666666666,0.6828145513955219,0,0.7217870644557753,4
216,1115,Experience 1115,Simulation,0.626658707429628,0.7075065986188209,0.5404405149990236,0.2246894745458737,42,Action,Simulation,0.6186066920786717,0.5406744659770846,29,0.0,1.0,0.2166666666666666,0.921833822920352,0,0.5953724150364766,5
217,1010,Experience 1010,Simulation,0.8201589080775701,0.1741976609077686,0.1927429310808082,0.4388217018019487,21,Simulation,Sports,0.3691679637939114,0.4785859480058245,29,1.0,0.0,0.1333333333333333,0.8235749672868968,0,0.7747958171591962,1
217,1111,Experience 1111,Sports,0.9428982678236224,0.8155250577848677,0.575778764164542,0.2547283501174674,25,Simulation,Sports,0.3691679637939114,0.4785859480058245,29,0.0,1.0,0.0666666666666666,0.7933891996293694,1,0.7030144102468102,2
217,1037,Experience 1037,Sports,0.7994490651436071,0.7023148063737304,0.3263399911584964,0.9948242136208678,35,Simulation,Sports,0.3691679637939114,0.4785859480058245,29,0.0,1.0,0.1,0.957172027364585,0,0.6721735149770388,3
217,1027,Experience 1027,Sports,0.8258355726034926,0.7779980359761599,0.5071112833110228,0.4772006332829246,49,Simulation,Sports,0.3691679637939114,0.4785859480058245,29,0.0,1.0,0.3333333333333333,0.8620566804828886,0,0.6604156871694974,4
217,1036,Experience 1036,Sports,0.9655169972756756,0.2298411882545339,0.2550485289661252,0.8478368672236546,17,Simulation,Sports,0.3691679637939114,0.4785859480058245,29,0.0,1.0,0.2,0.8858805651722137,0,0.652848289325217,5
218,1027,Experience 1027,Sports,0.8258355726034926,0.7779980359761599,0.5071112833110228,0.4772006332829246,49,Sports,Simulation,0.5046743186921044,0.6588484643831866,33,1.0,0.0,0.2666666666666666,0.9975630353810816,0,0.8345644064787697,1
218,1088,Experience 1088,Sports,0.931739259022481,0.4207879774878386,0.5549692853271866,0.4100487869149942,11,Sports,Simulation,0.5046743186921044,0.6588484643831866,33,1.0,0.0,0.3666666666666666,0.9497050333649178,0,0.8207336997378636,2
218,1024,Experience 1024,Sports,0.7120515552427965,0.5535760301547662,0.4935230317114728,0.4609313910731102,39,Sports,Simulation,0.5046743186921044,0.6588484643831866,33,1.0,0.0,0.1,0.9888487130193684,1,0.8158102942299715,3
218,1001,Experience 1001,Sports,0.6452560499996463,0.8044840559110404,0.5776422262968883,0.3608105614175153,41,Sports,Simulation,0.5046743186921044,0.6588484643831866,33,1.0,0.0,0.1333333333333333,0.927032092395216,1,0.8112852505222381,4
218,1070,Experience 1070,Sports,0.9021629239090754,0.4240213755135868,0.7602726894428304,0.7757910864370905,50,Sports,Simulation,0.5046743186921044,0.6588484643831866,33,1.0,0.0,0.2833333333333333,0.744401629249274,1,0.8067779269994034,5
219,1076,Experience 1076,Creative,0.7805257487778566,0.3562342599893083,0.7812983230640933,0.571167362055741,8,Creative,Strategy,0.3954457144541962,0.7321230096079026,26,1.0,0.0,0.3,0.6141473913901029,1,0.759333562918546,1
219,1038,Experience 1038,Creative,0.8025898263845425,0.4058560569474049,0.8087225901435202,0.8729120163870842,60,Creative,Strategy,0.3954457144541962,0.7321230096079026,26,1.0,0.0,0.5666666666666667,0.586723124310676,1,0.7478524980064033,2
219,1094,Experience 1094,Strategy,0.777065958629862,0.5840090382012306,0.3016147592800985,0.4118434403009737,40,Creative,Strategy,0.3954457144541962,0.7321230096079026,26,0.0,1.0,0.2333333333333333,0.9061690448259024,1,0.603310002801168,3
219,1060,Experience 1060,Strategy,0.8620933017122632,0.1051567799118504,0.3772606570904063,0.1400554046894906,58,Creative,Strategy,0.3954457144541962,0.7321230096079026,26,0.0,1.0,0.5333333333333333,0.9818149426362102,1,0.5804378320093865,4
219,1025,Experience 1025,Social,0.838744739121835,0.7279884901895025,0.5876677647056102,0.0811540004238993,14,Creative,Strategy,0.3954457144541962,0.7321230096079026,26,0.0,0.0,0.2,0.807777949748586,0,0.5465815873298319,5
220,1088,Experience 1088,Sports,0.931739259022481,0.4207879774878386,0.5549692853271866,0.4100487869149942,11,Sports,Action,0.8088268686637847,0.9120147674203876,16,1.0,0.0,0.0833333333333333,0.7461424166634019,1,0.823078211660266,1
220,1070,Experience 1070,Sports,0.9021629239090754,0.4240213755135868,0.7602726894428304,0.7757910864370905,50,Sports,Action,0.8088268686637847,0.9120147674203876,16,1.0,0.0,0.5666666666666667,0.9514458207790456,1,0.8169483227024845,2
220,1091,Experience 1091,Sports,0.6742348817628386,0.2717222536331008,0.7498162980972818,0.6422524185679935,12,Sports,Action,0.8088268686637847,0.9120147674203876,16,1.0,0.0,0.0666666666666666,0.9409894294334972,1,0.8012285123147065,3
220,1050,Experience 1050,Sports,0.6444432625143321,0.2032573812502654,0.7840857883345029,0.0579453445381299,24,Sports,Action,0.8088268686637847,0.9120147674203876,16,1.0,0.0,0.1333333333333333,0.9752589196707182,0,0.7989407552106975,4
220,1036,Experience 1036,Sports,0.9655169972756756,0.2298411882545339,0.2550485289661252,0.8478368672236546,17,Sports,Action,0.8088268686637847,0.9120147674203876,16,1.0,0.0,0.0166666666666666,0.4462216603023404,0,0.780481956296972,5
221,1076,Experience 1076,Creative,0.7805257487778566,0.3562342599893083,0.7812983230640933,0.571167362055741,8,Creative,Sports,0.899673674331293,0.6085405359116781,19,1.0,0.0,0.1833333333333333,0.8816246487328003,1,0.8104603462954934,1
221,1043,Experience 1043,Creative,0.8838983032607785,0.7641225701636372,0.5942808569171103,0.6062993981927156,47,Creative,Sports,0.899673674331293,0.6085405359116781,19,1.0,0.0,0.4666666666666667,0.6946071825858173,0,0.807286788036789,2
221,1038,Experience 1038,Creative,0.8025898263845425,0.4058560569474049,0.8087225901435202,0.8729120163870842,60,Creative,Sports,0.899673674331293,0.6085405359116781,19,1.0,0.0,0.6833333333333333,0.9090489158122272,0,0.7910806687418441,3
221,1087,Experience 1087,Creative,0.7417160017369715,0.3980069401610766,0.5803538931422866,0.1954958273965873,33,Creative,Sports,0.899673674331293,0.6085405359116781,19,1.0,0.0,0.2333333333333333,0.6806802188109936,0,0.7805399211297703,4
221,1095,Experience 1095,Creative,0.5802362817422383,0.4006003917193433,0.7708173982045061,0.4033544032491283,54,Creative,Sports,0.899673674331293,0.6085405359116781,19,1.0,0.0,0.5833333333333334,0.8711437238732131,1,0.7555765389791335,5
222,1043,Experience 1043,Creative,0.8838983032607785,0.7641225701636372,0.5942808569171103,0.6062993981927156,47,Creative,Sports,0.3895411872046781,0.2858624457342292,48,1.0,0.0,0.0166666666666666,0.7952603302875678,0,0.8484140254741577,1
222,1087,Experience 1087,Creative,0.7417160017369715,0.3980069401610766,0.5803538931422866,0.1954958273965873,33,Creative,Sports,0.3895411872046781,0.2858624457342292,48,1.0,0.0,0.25,0.8091872940623915,1,0.7992184350990169,2
222,1021,Experience 1021,Creative,0.6317033375365485,0.227795161908673,0.5969784094803497,0.8897794665398687,40,Creative,Sports,0.3895411872046781,0.2858624457342292,48,1.0,0.0,0.1333333333333333,0.7925627777243284,1,0.7740953588038848,3
222,1095,Experience 1095,Creative,0.5802362817422383,0.4006003917193433,0.7708173982045061,0.4033544032491283,54,Creative,Sports,0.3895411872046781,0.2858624457342292,48,1.0,0.0,0.1,0.618723789000172,0,0.7655612284659244,4
222,1041,Experience 1041,Sports,0.6879201981801872,0.7175911275892214,0.4277301159158936,0.4016616340093764,51,Creative,Sports,0.3895411872046781,0.2858624457342292,48,0.0,1.0,0.05,0.9618110712887844,0,0.6855290399857444,5
223,1107,Experience 1107,Social,0.7428970964662264,0.8045676070342606,0.8160785123357384,0.9076048913904824,23,Social,Puzzle,0.979328246394342,0.4559992542657642,33,1.0,0.0,0.1666666666666666,0.8367502659413963,0,0.8479574690789848,1
223,1025,Experience 1025,Social,0.838744739121835,0.7279884901895025,0.5876677647056102,0.0811540004238993,14,Social,Puzzle,0.979328246394342,0.4559992542657642,33,1.0,0.0,0.3166666666666666,0.6083395183112682,1,0.8267777167234209,2
223,1059,Experience 1059,Social,0.7489549716721217,0.4911530499138364,0.6826986067555766,0.9132851837019758,49,Social,Puzzle,0.979328246394342,0.4559992542657642,33,1.0,0.0,0.2666666666666666,0.7033703603612346,1,0.8164316933760392,3
223,1007,Experience 1007,Social,0.6113602755027672,0.3693255620200327,0.760432490906593,0.3138467721116466,56,Social,Puzzle,0.979328246394342,0.4559992542657642,33,1.0,0.0,0.3833333333333333,0.781104244512251,1,0.7965192339718706,4
223,1084,Experience 1084,Social,0.6722561348379004,0.2863456816441453,0.5362524927433157,0.7470758006298863,26,Social,Puzzle,0.979328246394342,0.4559992542657642,33,1.0,0.0,0.1166666666666666,0.5569242463489736,0,0.7820431266974213,5
224,1025,Experience 1025,Social,0.838744739121835,0.7279884901895025,0.5876677647056102,0.0811540004238993,14,Social,Sports,0.2894563501287995,0.2564252040875889,11,1.0,0.0,0.05,0.7017885854231893,0,0.8535796475670627,1
224,1014,Experience 1014,Social,0.7084360738896248,0.6919622480914536,0.5066406143622445,0.7631554898199004,35,Social,Sports,0.2894563501287995,0.2564252040875889,11,1.0,0.0,0.4,0.782815735766555,0,0.8178819427479218,2
224,1107,Experience 1107,Social,0.7428970964662264,0.8045676070342606,0.8160785123357384,0.9076048913904824,23,Social,Sports,0.2894563501287995,0.2564252040875889,11,1.0,0.0,0.2,0.4733778377930612,0,0.813065170468347,3
224,1097,Experience 1097,Social,0.6621084266035628,0.3766200397542547,0.5070806368539267,0.2458755870050586,23,Social,Sports,0.2894563501287995,0.2564252040875889,11,1.0,0.0,0.2,0.7823757132748729,0,0.810898309673702,4
224,1084,Experience 1084,Social,0.6722561348379004,0.2863456816441453,0.5362524927433157,0.7470758006298863,26,Social,Sports,0.2894563501287995,0.2564252040875889,11,1.0,0.0,0.25,0.7532038573854839,0,0.799223761640462,5
225,1075,Experience 1075,Puzzle,0.7701763699744956,0.5714931074517187,0.7080993700732455,0.0043057756676786,58,Puzzle,Sports,0.6189521007482497,0.6037238640971894,49,1.0,0.0,0.15,0.9108527306750042,1,0.8413447928448203,1
225,1046,Experience 1046,Puzzle,0.9358581895296346,0.2937905951089806,0.3646871905132503,0.5570017818814502,30,Puzzle,Sports,0.6189521007482497,0.6037238640971894,49,1.0,0.0,0.3166666666666666,0.7457350897650006,1,0.8123199857275903,2
225,1003,Experience 1003,Puzzle,0.7658593377467232,0.3759100169419204,0.0773164253661275,0.4674845394285718,49,Puzzle,Sports,0.6189521007482497,0.6037238640971894,49,1.0,0.0,0.0,0.4583643246178779,1,0.7724187823802111,3
225,1026,Experience 1026,Puzzle,0.7847705334160814,0.4236675665053301,0.2918167090217533,0.0158055554401338,14,Puzzle,Sports,0.6189521007482497,0.6037238640971894,49,1.0,0.0,0.5833333333333334,0.6728646082735037,1,0.7661932297384078,4
225,1030,Experience 1030,Puzzle,0.5255875329645523,0.2576702884243441,0.6969604774228595,0.5681673512913645,13,Puzzle,Sports,0.6189521007482497,0.6037238640971894,49,1.0,0.0,0.6,0.9219916233253902,1,0.7460696310622406,5
226,1027,Experience 1027,Sports,0.8258355726034926,0.7779980359761599,0.5071112833110228,0.4772006332829246,49,Sports,Strategy,0.8927368906905975,0.5792254882620643,39,1.0,0.0,0.1666666666666666,0.6143743926204254,1,0.8026459623672968,1
226,1106,Experience 1106,Sports,0.8146785788760947,0.3647619692710552,0.6750256601127794,0.7960604476258709,49,Sports,Strategy,0.8927368906905975,0.5792254882620643,39,1.0,0.0,0.1666666666666666,0.782288769422182,0,0.8014351132405556,2
226,1091,Experience 1091,Sports,0.6742348817628386,0.2717222536331008,0.7498162980972818,0.6422524185679935,12,Sports,Strategy,0.8927368906905975,0.5792254882620643,39,1.0,0.0,0.45,0.8570794074066843,0,0.7587277758630034,3
226,1015,Experience 1015,Sports,0.9316862802198296,0.7502302540767141,0.1563447605350174,0.9300033473547172,10,Sports,Strategy,0.8927368906905975,0.5792254882620643,39,1.0,0.0,0.4833333333333333,0.26360786984442,1,0.7341243752123278,4
226,1083,Experience 1083,Sports,0.5638116113845065,0.5523903507798276,0.3674940432740611,0.3952346537588943,26,Sports,Strategy,0.8927368906905975,0.5792254882620643,39,1.0,0.0,0.2166666666666666,0.4747571525834636,0,0.7130769988378999,5
227,1078,Experience 1078,Simulation,0.9139745006021852,0.4875947260651535,0.1081242288365573,0.0386443098268846,51,Simulation,Sports,0.2749579276193406,0.0124456699557271,36,1.0,0.0,0.25,0.8331663012172167,1,0.792443601319757,1
227,1020,Experience 1020,Simulation,0.8220634578382588,0.5054615596538111,0.3982077558970217,0.6135164847298321,13,Simulation,Sports,0.2749579276193406,0.0124456699557271,36,1.0,0.0,0.3833333333333333,0.876750171722319,0,0.7711943250704729,2
227,1010,Experience 1010,Simulation,0.8201589080775701,0.1741976609077686,0.1927429310808082,0.4388217018019487,21,Simulation,Sports,0.2749579276193406,0.0124456699557271,36,1.0,0.0,0.25,0.9177850034614676,0,0.7647718077385208,3
227,1016,Experience 1016,Simulation,0.6327408434291123,0.2893552650923534,0.337198205686132,0.4979318527888876,53,Simulation,Sports,0.2749579276193406,0.0124456699557271,36,1.0,0.0,0.2833333333333333,0.9377597219332086,1,0.7442801136288313,4
227,1028,Experience 1028,Simulation,0.7474374024719366,0.7598079156453001,0.9057260947827066,0.4943145335346177,16,Simulation,Sports,0.2749579276193406,0.0124456699557271,36,1.0,0.0,0.3333333333333333,0.3692318328366339,0,0.7244741000328129,5
228,1095,Experience 1095,Creative,0.5802362817422383,0.4006003917193433,0.7708173982045061,0.4033544032491283,54,Creative,Action,0.8731968863917172,0.7551066612373083,49,1.0,0.0,0.0833333333333333,0.8976205118127889,0,0.7890412991064302,1
228,1076,Experience 1076,Creative,0.7805257487778566,0.3562342599893083,0.7812983230640933,0.571167362055741,8,Creative,Action,0.8731968863917172,0.7551066612373083,49,1.0,0.0,0.6833333333333333,0.908101436672376,0,0.7723998216053811,2
228,1065,Experience 1065,Creative,0.7619316682455927,0.3645751585148475,0.2630179910479239,0.9645188861392016,47,Creative,Action,0.8731968863917172,0.7551066612373083,49,1.0,0.0,0.0333333333333333,0.3898211046562068,1,0.740174624224909,3
228,1000,Experience 1000,Action,0.9096695293967186,0.6516437731703687,0.6290364009047581,0.2407530712142694,49,Creative,Action,0.8731968863917172,0.7551066612373083,49,0.0,1.0,0.0,0.7558395145130409,0,0.6803832697406524,4
228,1103,Experience 1103,Action,0.6677544964493587,0.4461723957193605,0.794276194278496,0.1853752728024856,59,Creative,Action,0.8731968863917172,0.7551066612373083,49,0.0,1.0,0.1666666666666666,0.9210793078867788,0,0.6290301587538167,5
229,1043,Experience 1043,Creative,0.8838983032607785,0.7641225701636372,0.5942808569171103,0.6062993981927156,47,Creative,Action,0.5966793887608725,0.5180968585604246,29,1.0,0.0,0.3,0.9976014681562378,1,0.8325804789186135,1
229,1087,Experience 1087,Creative,0.7417160017369715,0.3980069401610766,0.5803538931422866,0.1954958273965873,33,Creative,Action,0.5966793887608725,0.5180968585604246,29,1.0,0.0,0.0666666666666666,0.983674504381414,1,0.8085114495800259,2
229,1021,Experience 1021,Creative,0.6317033375365485,0.227795161908673,0.5969784094803497,0.8897794665398687,40,Creative,Action,0.5966793887608725,0.5180968585604246,29,1.0,0.0,0.1833333333333333,0.9997009792805228,0,0.7712116561745345,3
229,1000,Experience 1000,Action,0.9096695293967186,0.6516437731703687,0.6290364009047581,0.2407530712142694,49,Creative,Action,0.5966793887608725,0.5180968585604246,29,0.0,1.0,0.3333333333333333,0.9676429878561144,1,0.6661618293912703,4
229,1103,Experience 1103,Action,0.6677544964493587,0.4461723957193605,0.794276194278496,0.1853752728024856,59,Creative,Action,0.5966793887608725,0.5180968585604246,29,0.0,1.0,0.5,0.8024031944823764,0,0.5573397411704091,5
230,1115,Experience 1115,Simulation,0.626658707429628,0.7075065986188209,0.5404405149990236,0.2246894745458737,42,Simulation,Action,0.6444336939651063,0.5145573958674259,36,1.0,0.0,0.1,0.8960068210339173,0,0.7715382179288421,1
230,1020,Experience 1020,Simulation,0.8220634578382588,0.5054615596538111,0.3982077558970217,0.6135164847298321,13,Simulation,Action,0.6444336939651063,0.5145573958674259,36,1.0,0.0,0.3833333333333333,0.7537740619319153,0,0.7450203072023932,2
230,1000,Experience 1000,Action,0.9096695293967186,0.6516437731703687,0.6290364009047581,0.2407530712142694,49,Simulation,Action,0.6444336939651063,0.5145573958674259,36,0.0,1.0,0.2166666666666666,0.9846027069396518,1,0.6620524562704301,3
230,1119,Experience 1119,Action,0.8086136050725224,0.7572883677081093,0.5086964614589882,0.1619415702496311,9,Simulation,Action,0.6444336939651063,0.5145573958674259,36,0.0,1.0,0.45,0.8642627674938819,1,0.591769952225328,4
230,1032,Experience 1032,Action,0.9183909657409184,0.1782087510115781,0.2798409650960937,0.836613041032693,59,Simulation,Action,0.6444336939651063,0.5145573958674259,36,0.0,1.0,0.3833333333333333,0.6354072711309874,0,0.5366382612797251,5
231,1051,Experience 1051,Adventure,0.7608650542535511,0.4945204429565272,0.5049786641965721,0.9492935230092574,34,Adventure,Strategy,0.5649143342120196,0.5943517834781853,34,1.0,0.0,0.0,0.9400643299845524,0,0.7985123082972235,1
231,1082,Experience 1082,Adventure,0.940069744877272,0.6645999956719907,0.1368397110942475,0.0890420050750532,28,Adventure,Strategy,0.5649143342120196,0.5943517834781853,34,1.0,0.0,0.1,0.5719253768822279,1,0.783577544971031,2
231,1096,Experience 1096,Adventure,0.7903170826018652,0.4751627362769494,0.5362341337297925,0.9233469677258124,13,Adventure,Strategy,0.5649143342120196,0.5943517834781853,34,1.0,0.0,0.35,0.9713197995177728,0,0.7798702340012573,3
231,1117,Experience 1117,Adventure,0.4143954852484882,0.5042520610293434,0.5381695778516243,0.3991953026577904,51,Adventure,Strategy,0.5649143342120196,0.5943517834781853,34,1.0,0.0,0.2833333333333333,0.9732552436396048,0,0.7258208722436613,4
231,1063,Experience 1063,Strategy,0.7810917854701819,0.2349952712342425,0.5114173417348135,0.235256388415645,21,Adventure,Strategy,0.5649143342120196,0.5943517834781853,34,0.0,1.0,0.2166666666666666,0.9465030075227938,0,0.5808040664418184,5
232,1115,Experience 1115,Simulation,0.626658707429628,0.7075065986188209,0.5404405149990236,0.2246894745458737,42,Simulation,Puzzle,0.8885964651356233,0.7289070785127498,43,1.0,0.0,0.0166666666666666,0.6518440498634003,1,0.7671524020709183,1
232,1114,Experience 1114,Simulation,0.9094073794904848,0.2867325336723821,0.0751050358773748,0.4020477981570693,23,Simulation,Puzzle,0.8885964651356233,0.7289070785127498,43,1.0,0.0,0.3333333333333333,0.1865085707417515,0,0.6888856813843368,2
232,1010,Experience 1010,Simulation,0.8201589080775701,0.1741976609077686,0.1927429310808082,0.4388217018019487,21,Simulation,Puzzle,0.8885964651356233,0.7289070785127498,43,1.0,0.0,0.3666666666666666,0.304146465945185,1,0.6799015399472019,3
232,1075,Experience 1075,Puzzle,0.7701763699744956,0.5714931074517187,0.7080993700732455,0.0043057756676786,58,Simulation,Puzzle,0.8885964651356233,0.7289070785127498,43,0.0,1.0,0.25,0.8195029049376222,0,0.6335955790556301,4
232,1004,Experience 1004,Puzzle,0.809305382335664,0.5027055170834634,0.7716046143560276,0.3920600224154432,16,Simulation,Puzzle,0.8885964651356233,0.7289070785127498,43,0.0,1.0,0.45,0.8830081492204043,0,0.6191844379380513,5
233,1055,Experience 1055,Action,0.9121309206982589,0.3826203354113438,0.2499073592941251,0.1919211614110854,38,Action,Sports,0.6495727331986367,0.3422420543991321,24,1.0,0.0,0.2333333333333333,0.6003346260954885,0,0.7968402882528343,1
233,1116,Experience 1116,Action,0.6678760843020042,0.5482724230839826,0.6479003468582198,0.8466710505082435,57,Action,Sports,0.6495727331986367,0.3422420543991321,24,1.0,0.0,0.55,0.9983276136595832,1,0.79624572447168,2
233,1103,Experience 1103,Action,0.6677544964493587,0.4461723957193605,0.794276194278496,0.1853752728024856,59,Action,Sports,0.6495727331986367,0.3422420543991321,24,1.0,0.0,0.5833333333333334,0.8552965389201407,0,0.7808547840202562,3
233,1035,Experience 1035,Action,0.684933354468736,0.2628151072276272,0.2926692360835166,0.7930049789596304,54,Action,Sports,0.6495727331986367,0.3422420543991321,24,1.0,0.0,0.5,0.6430965028848799,1,0.7326814146157982,4
233,1092,Experience 1092,Sports,0.8280410369904486,0.5343815491606264,0.7426691928850321,0.6904019545155015,39,Action,Sports,0.6495727331986367,0.3422420543991321,24,0.0,1.0,0.25,0.9069035403136048,0,0.6836935433401286,5
234,1060,Experience 1060,Strategy,0.8620933017122632,0.1051567799118504,0.3772606570904063,0.1400554046894906,58,Strategy,Social,0.9440202300024326,0.5883266510053996,55,1.0,0.0,0.05,0.4332404270879737,1,0.7627833615751874,1
234,1063,Experience 1063,Strategy,0.7810917854701819,0.2349952712342425,0.5114173417348135,0.235256388415645,21,Strategy,Social,0.9440202300024326,0.5883266510053996,55,1.0,0.0,0.5666666666666667,0.5673971117323808,0,0.7288805911962467,2
234,1107,Experience 1107,Social,0.7428970964662264,0.8045676070342606,0.8160785123357384,0.9076048913904824,23,Strategy,Social,0.9440202300024326,0.5883266510053996,55,0.0,1.0,0.5333333333333333,0.8720582823333057,1,0.6988427489867944,3
234,1014,Experience 1014,Social,0.7084360738896248,0.6919622480914536,0.5066406143622445,0.7631554898199004,35,Strategy,Social,0.9440202300024326,0.5883266510053996,55,0.0,1.0,0.3333333333333333,0.5626203843598119,0,0.6470482598926144,4
234,1047,Experience 1047,Strategy,0.22550606962591,0.2148767550411004,0.6209051459122696,0.296299630453485,14,Strategy,Social,0.9440202300024326,0.5883266510053996,55,1.0,0.0,0.6833333333333333,0.676884915909837,0,0.6111928962312101,5
235,1017,Experience 1017,Adventure,0.8986224157650411,0.4138920991005588,0.5580723954683906,0.6429984233408326,53,Adventure,Creative,0.3925993675728778,0.8799364845474906,52,1.0,0.0,0.0166666666666666,0.8345269721044872,1,0.8340952809792537,1
235,1077,Experience 1077,Adventure,0.8965830938027713,0.1988675594053931,0.098043795325636,0.9940777724523784,46,Adventure,Creative,0.3925993675728778,0.8799364845474906,52,1.0,0.0,0.1,0.7054444277527583,0,0.790495373799089,2
235,1057,Experience 1057,Adventure,0.6456559365327232,0.2179960435691,0.3788184780326499,0.8119882015105448,28,Adventure,Creative,0.3925993675728778,0.8799364845474906,52,1.0,0.0,0.4,0.9862191104597722,0,0.7661332684361345,3
235,1052,Experience 1052,Creative,0.6879474895864814,0.8150878066775633,0.5427584275418881,0.4028796085076296,43,Adventure,Creative,0.3925993675728778,0.8799364845474906,52,0.0,1.0,0.15,0.8498409400309896,1,0.6551945508040512,4
235,1038,Experience 1038,Creative,0.8025898263845425,0.4058560569474049,0.8087225901435202,0.8729120163870842,60,Adventure,Creative,0.3925993675728778,0.8799364845474906,52,0.0,1.0,0.1333333333333333,0.5838767774293576,1,0.6194321747459243,5
236,1023,Experience 1023,Strategy,0.934275144868182,0.4241492862896971,0.2179097364670654,0.7914514878076223,48,Strategy,Adventure,0.3061334140622354,0.3735169776906947,27,1.0,0.0,0.35,0.91177632240483,1,0.7752375494080053,1
236,1080,Experience 1080,Strategy,0.4960287753620589,0.3772823688301061,0.669450532879556,0.5189146424870842,16,Strategy,Adventure,0.3061334140622354,0.3735169776906947,27,1.0,0.0,0.1833333333333333,0.6366828811826795,0,0.6703301845324637,2
236,1051,Experience 1051,Adventure,0.7608650542535511,0.4945204429565272,0.5049786641965721,0.9492935230092574,34,Strategy,Adventure,0.3061334140622354,0.3735169776906947,27,0.0,1.0,0.1166666666666666,0.8011547498656633,1,0.5660969888595616,3
236,1096,Experience 1096,Adventure,0.7903170826018652,0.4751627362769494,0.5362341337297925,0.9233469677258124,13,Strategy,Adventure,0.3061334140622354,0.3735169776906947,27,0.0,1.0,0.2333333333333333,0.7698992803324429,0,0.5518490341037917,4
236,1099,Experience 1099,Adventure,0.8332801744008336,0.4077151465805127,0.8307594812615263,0.7545731382181347,49,Strategy,Adventure,0.3061334140622354,0.3735169776906947,27,0.0,1.0,0.3666666666666666,0.4753739328007091,0,0.5123901704483392,5
237,1008,Experience 1008,Adventure,0.8415828324170402,0.3364498304651394,0.599089106012921,0.2728043301458357,40,Simulation,Adventure,0.744766883559961,0.4896720555079826,26,0.0,1.0,0.2333333333333333,0.85432222245296,1,0.5709504413526872,1
237,1017,Experience 1017,Adventure,0.8986224157650411,0.4138920991005588,0.5580723954683906,0.6429984233408326,53,Simulation,Adventure,0.744766883559961,0.4896720555079826,26,0.0,1.0,0.45,0.8133055119084296,1,0.5584354713669307,2
237,1051,Experience 1051,Adventure,0.7608650542535511,0.4945204429565272,0.5049786641965721,0.9492935230092574,34,Simulation,Adventure,0.744766883559961,0.4896720555079826,26,0.0,1.0,0.1333333333333333,0.7602117806366111,1,0.5443451775984403,3
237,1071,Experience 1071,Adventure,0.5432545608778258,0.5917055303234199,0.8111881708009158,0.7718493432291552,17,Simulation,Adventure,0.744766883559961,0.4896720555079826,26,0.0,1.0,0.15,0.9335787127590452,0,0.5356254695497602,4
237,1031,Experience 1031,Adventure,0.6267069522672452,0.6020379288394027,0.9395582128996094,0.5521627033044271,46,Simulation,Adventure,0.744766883559961,0.4896720555079826,26,0.0,1.0,0.3333333333333333,0.8052086706603516,0,0.5290210399294893,5
238,1078,Experience 1078,Simulation,0.9139745006021852,0.4875947260651535,0.1081242288365573,0.0386443098268846,51,Simulation,Sports,0.2307729458349651,0.2659033523570756,30,1.0,0.0,0.35,0.8773512830015922,0,0.7974148688461886,1
238,1114,Experience 1114,Simulation,0.9094073794904848,0.2867325336723821,0.0751050358773748,0.4020477981570693,23,Simulation,Sports,0.2307729458349651,0.2659033523570756,30,1.0,0.0,0.1166666666666666,0.8443320900424097,1,0.7917402994284671,2
238,1016,Experience 1016,Simulation,0.6327408434291123,0.2893552650923534,0.337198205686132,0.4979318527888876,53,Simulation,Sports,0.2307729458349651,0.2659033523570756,30,1.0,0.0,0.3833333333333333,0.8935747401488331,0,0.7381779445132084,3
238,1028,Experience 1028,Simulation,0.7474374024719366,0.7598079156453001,0.9057260947827066,0.4943145335346177,16,Simulation,Sports,0.2307729458349651,0.2659033523570756,30,1.0,0.0,0.2333333333333333,0.3250468510522586,1,0.7348329778135616,4
238,1111,Experience 1111,Sports,0.9428982678236224,0.8155250577848677,0.575778764164542,0.2547283501174674,25,Simulation,Sports,0.2307729458349651,0.2659033523570756,30,0.0,1.0,0.0833333333333333,0.6549941816704232,1,0.6736593681641692,5
239,1094,Experience 1094,Strategy,0.777065958629862,0.5840090382012306,0.3016147592800985,0.4118434403009737,40,Strategy,Adventure,0.2549509252526653,0.6381562190199903,40,1.0,0.0,0.0,0.9533361659725668,0,0.8040881662872904,1
239,1080,Experience 1080,Strategy,0.4960287753620589,0.3772823688301061,0.669450532879556,0.5189146424870842,16,Strategy,Adventure,0.2549509252526653,0.6381562190199903,40,1.0,0.0,0.4,0.5855003923731092,0,0.660869442983623,2
239,1082,Experience 1082,Adventure,0.940069744877272,0.6645999956719907,0.1368397110942475,0.0890420050750532,28,Strategy,Adventure,0.2549509252526653,0.6381562190199903,40,0.0,1.0,0.2,0.8818887858415823,0,0.6419970048671892,3
239,1099,Experience 1099,Adventure,0.8332801744008336,0.4077151465805127,0.8307594812615263,0.7545731382181347,49,Strategy,Adventure,0.2549509252526653,0.6381562190199903,40,0.0,1.0,0.15,0.4241914439911389,0,0.5473047762589445,4
239,1061,Experience 1061,Social,0.9515114053456256,0.4883887845440612,0.3838014404080356,0.6777086144544695,56,Strategy,Adventure,0.2549509252526653,0.6381562190199903,40,0.0,0.0,0.2666666666666666,0.8711494848446297,0,0.5462769073072875,5
240,1075,Experience 1075,Puzzle,0.7701763699744956,0.5714931074517187,0.7080993700732455,0.0043057756676786,58,Puzzle,Strategy,0.5951466584505001,0.2835675197672453,50,1.0,0.0,0.1333333333333333,0.8870472883772546,0,0.8113212500056473,1
240,1069,Experience 1069,Puzzle,0.8068156107352968,0.6551858372056814,0.8842124935251735,0.2530347499296835,35,Puzzle,Strategy,0.5951466584505001,0.2835675197672453,50,1.0,0.0,0.25,0.7109341649253266,0,0.7935176684356052,2
240,1113,Experience 1113,Puzzle,0.3143534057607174,0.7407415888945685,0.7096912838106965,0.9437983681037112,40,Puzzle,Strategy,0.5951466584505001,0.2835675197672453,50,1.0,0.0,0.1666666666666666,0.8854553746398036,0,0.725876799517341,3
240,1030,Experience 1030,Puzzle,0.5255875329645523,0.2576702884243441,0.6969604774228595,0.5681673512913645,13,Puzzle,Strategy,0.5951466584505001,0.2835675197672453,50,1.0,0.0,0.6166666666666667,0.8981861810276406,0,0.7014167076586949,4
240,1029,Experience 1029,Puzzle,0.3418174116264629,0.7473540601800795,0.2448417750345193,0.4073623878629723,57,Puzzle,Strategy,0.5951466584505001,0.2835675197672453,50,1.0,0.0,0.1166666666666666,0.6496951165840192,0,0.6950481173390048,5
241,1008,Experience 1008,Adventure,0.8415828324170402,0.3364498304651394,0.599089106012921,0.2728043301458357,40,Adventure,Sports,0.3863663020124731,0.7506494240367746,28,1.0,0.0,0.2,0.7872771959995521,1,0.8080494734138414,1
241,1101,Experience 1101,Adventure,0.7760911633714107,0.1624374115097873,0.2510263664566988,0.468231405693584,28,Adventure,Sports,0.3863663020124731,0.7506494240367746,28,1.0,0.0,0.0,0.8646600644442257,0,0.7995710421956886,2
241,1022,Experience 1022,Adventure,0.5006486309375991,0.407575941114626,0.4697425498140824,0.908608246555642,36,Adventure,Sports,0.3863663020124731,0.7506494240367746,28,1.0,0.0,0.1333333333333333,0.9166237521983908,1,0.764704800300528,3
241,1073,Experience 1073,Adventure,0.687693407311507,0.5642695337399875,0.7523432280065728,0.8351257910807337,50,Adventure,Sports,0.3863663020124731,0.7506494240367746,28,1.0,0.0,0.3666666666666666,0.6340230740059003,1,0.7646597940754847,4
241,1031,Experience 1031,Adventure,0.6267069522672452,0.6020379288394027,0.9395582128996094,0.5521627033044271,46,Adventure,Sports,0.3863663020124731,0.7506494240367746,28,1.0,0.0,0.3,0.4468080891128636,1,0.743154475135205,5
242,1060,Experience 1060,Strategy,0.8620933017122632,0.1051567799118504,0.3772606570904063,0.1400554046894906,58,Strategy,Puzzle,0.1936333828344657,0.6125155834180763,17,1.0,0.0,0.6833333333333333,0.8163727257440594,0,0.7383760786214881,1
242,1011,Experience 1011,Strategy,0.8438936347604792,0.3089791482471649,0.5527453913687409,0.302964628837302,52,Strategy,Puzzle,0.1936333828344657,0.6125155834180763,17,1.0,0.0,0.5833333333333334,0.6408879914657248,1,0.7340128031323614,2
242,1066,Experience 1066,Strategy,0.5933044321129625,0.8148765601157231,0.9082281614290438,0.2645976053461583,23,Strategy,Puzzle,0.1936333828344657,0.6125155834180763,17,1.0,0.0,0.1,0.2854052214054219,1,0.7112132451728473,3
242,1034,Experience 1034,Strategy,0.5016628944231066,0.7184788322001798,0.7569144817322334,0.2251776661055454,11,Strategy,Puzzle,0.1936333828344657,0.6125155834180763,17,1.0,0.0,0.1,0.4367189011022323,0,0.7013066248856595,4
242,1047,Experience 1047,Strategy,0.22550606962591,0.2148767550411004,0.6209051459122696,0.296299630453485,14,Strategy,Puzzle,0.1936333828344657,0.6125155834180763,17,1.0,0.0,0.05,0.5727282369221961,1,0.62536678403846,5
243,1032,Experience 1032,Action,0.9183909657409184,0.1782087510115781,0.2798409650960937,0.836613041032693,59,Action,Social,0.8072104377166007,0.4963524120837911,18,1.0,0.0,0.6833333333333333,0.4726305273794929,1,0.7448027631415483,1
243,1085,Experience 1085,Social,0.715133524882573,0.3923165755464828,0.681782684374937,0.3715432084063615,41,Action,Social,0.8072104377166007,0.4963524120837911,18,0.0,1.0,0.3833333333333333,0.8745722466583363,0,0.6863178752905958,2
243,1014,Experience 1014,Social,0.7084360738896248,0.6919622480914536,0.5066406143622445,0.7631554898199004,35,Action,Social,0.8072104377166007,0.4963524120837911,18,0.0,1.0,0.2833333333333333,0.6994301766456438,0,0.6763343299606177,3
243,1074,Experience 1074,Social,0.7411737446379107,0.1336446501121093,0.5667526591354218,0.2130749343990023,32,Action,Social,0.8072104377166007,0.4963524120837911,18,0.0,1.0,0.2333333333333333,0.7595422214188211,1,0.6669606205684566,4
243,1097,Experience 1097,Social,0.6621084266035628,0.3766200397542547,0.5070806368539267,0.2458755870050586,23,Action,Social,0.8072104377166007,0.4963524120837911,18,0.0,1.0,0.0833333333333333,0.699870199137326,1,0.6662764786739352,5
244,1076,Experience 1076,Creative,0.7805257487778566,0.3562342599893083,0.7812983230640933,0.571167362055741,8,Creative,Social,0.4261465443423204,0.6450515392506954,12,1.0,0.0,0.0666666666666666,0.6448482212782272,0,0.801744828760047,1
244,1062,Experience 1062,Creative,0.7566608128373626,0.2501254620138091,0.431135077105207,0.8144738760309339,50,Creative,Social,0.4261465443423204,0.6450515392506954,12,1.0,0.0,0.6333333333333333,0.9950114672371136,0,0.7885801424913459,2
244,1021,Experience 1021,Creative,0.6317033375365485,0.227795161908673,0.5969784094803497,0.8897794665398687,40,Creative,Social,0.4261465443423204,0.6450515392506954,12,1.0,0.0,0.4666666666666667,0.8291681348619707,0,0.7594769118434628,3
244,1095,Experience 1095,Creative,0.5802362817422383,0.4006003917193433,0.7708173982045061,0.4033544032491283,54,Creative,Social,0.4261465443423204,0.6450515392506954,12,1.0,0.0,0.7,0.6553291461378143,0,0.7289301193631077,4
244,1061,Experience 1061,Social,0.9515114053456256,0.4883887845440612,0.3838014404080356,0.6777086144544695,56,Creative,Social,0.4261465443423204,0.6450515392506954,12,0.0,1.0,0.7333333333333333,0.9576548960657152,0,0.7110886533161007,5
245,1061,Experience 1061,Social,0.9515114053456256,0.4883887845440612,0.3838014404080356,0.6777086144544695,56,Social,Simulation,0.3812062932961045,0.4344013978016682,52,1.0,0.0,0.0666666666666666,0.9974048528880688,1,0.8721701397515194,1
245,1039,Experience 1039,Social,0.8194814495513689,0.2752805682140255,0.2419454802582048,0.889899007072331,47,Social,Simulation,0.3812062932961045,0.4344013978016682,52,1.0,0.0,0.0833333333333333,0.8607391869621003,1,0.8289328762767523,2
245,1058,Experience 1058,Social,0.5666390936836835,0.5294440043668863,0.4156619036213059,0.2647117106195373,52,Social,Simulation,0.3812062932961045,0.4344013978016682,52,1.0,0.0,0.0,0.9655443896747986,1,0.8271856765028559,3
245,1007,Experience 1007,Social,0.6113602755027672,0.3693255620200327,0.760432490906593,0.3138467721116466,56,Social,Simulation,0.3812062932961045,0.4344013978016682,52,1.0,0.0,0.0666666666666666,0.6207738023895115,0,0.7934618836213642,4
245,1097,Experience 1097,Social,0.6621084266035628,0.3766200397542547,0.5070806368539267,0.2458755870050586,23,Social,Simulation,0.3812062932961045,0.4344013978016682,52,1.0,0.0,0.4833333333333333,0.8741256564421778,1,0.7925204350653662,5
246,1110,Experience 1110,Creative,0.8487034770737338,0.6513439158584452,0.7080979103356375,0.2741343936886083,18,Creative,Strategy,0.5336397957199989,0.7322561617607396,11,1.0,0.0,0.1166666666666666,0.8255418853843614,0,0.8182134888251847,1
246,1087,Experience 1087,Creative,0.7417160017369715,0.3980069401610766,0.5803538931422866,0.1954958273965873,33,Creative,Strategy,0.5336397957199989,0.7322561617607396,11,1.0,0.0,0.3666666666666666,0.9532859025777124,0,0.7854503513662323,2
246,1067,Experience 1067,Creative,0.788764048918011,0.4580972487220676,0.5921026845821029,0.4299570499000478,43,Creative,Strategy,0.5336397957199989,0.7322561617607396,11,1.0,0.0,0.5333333333333333,0.941537111137896,0,0.7832835220994849,3
246,1095,Experience 1095,Creative,0.5802362817422383,0.4006003917193433,0.7708173982045061,0.4033544032491283,54,Creative,Strategy,0.5336397957199989,0.7322561617607396,11,1.0,0.0,0.7166666666666667,0.7628223975154927,0,0.7086588317972667,4
246,1025,Experience 1025,Social,0.838744739121835,0.7279884901895025,0.5876677647056102,0.0811540004238993,14,Creative,Strategy,0.5336397957199989,0.7322561617607396,11,0.0,0.0,0.05,0.9459720310143886,0,0.5760651860364134,5
247,1033,Experience 1033,Simulation,0.8859147305780027,0.259942782541492,0.2648265360525452,0.1086571032622624,31,Simulation,Sports,0.1646235120512135,0.3402484010966263,32,1.0,0.0,0.0166666666666666,0.8997969759986684,0,0.8111046477252841,1
247,1114,Experience 1114,Simulation,0.9094073794904848,0.2867325336723821,0.0751050358773748,0.4020477981570693,23,Simulation,Sports,0.1646235120512135,0.3402484010966263,32,1.0,0.0,0.15,0.9104815238261612,1,0.8008565631352241,2
247,1020,Experience 1020,Simulation,0.8220634578382588,0.5054615596538111,0.3982077558970217,0.6135164847298321,13,Simulation,Sports,0.1646235120512135,0.3402484010966263,32,1.0,0.0,0.3166666666666666,0.7664157561541919,1,0.7739075291959695,3
247,1028,Experience 1028,Simulation,0.7474374024719366,0.7598079156453001,0.9057260947827066,0.4943145335346177,16,Simulation,Sports,0.1646235120512135,0.3402484010966263,32,1.0,0.0,0.2666666666666666,0.258897417268507,0,0.7275455910387821,4
247,1015,Experience 1015,Sports,0.9316862802198296,0.7502302540767141,0.1563447605350174,0.9300033473547172,10,Simulation,Sports,0.1646235120512135,0.3402484010966263,32,0.0,1.0,0.3666666666666666,0.9917212484838038,0,0.6742436642695729,5
248,1044,Experience 1044,Action,0.8578996664042653,0.7405382156713768,0.540545681694017,0.9388053542070384,40,Action,Simulation,0.3084980073261699,0.3726111119805251,29,1.0,0.0,0.1833333333333333,0.767952325632153,0,0.8073931115051334,1
248,1119,Experience 1119,Action,0.8086136050725224,0.7572883677081093,0.5086964614589882,0.1619415702496311,9,Action,Simulation,0.3084980073261699,0.3726111119805251,29,1.0,0.0,0.3333333333333333,0.7998015458671817,1,0.7944958145344266,2
248,1032,Experience 1032,Action,0.9183909657409184,0.1782087510115781,0.2798409650960937,0.836613041032693,59,Action,Simulation,0.3084980073261699,0.3726111119805251,29,1.0,0.0,0.5,0.9713429577699236,0,0.787799097945385,3
248,1009,Experience 1009,Action,0.7987178764315418,0.3460501829476273,0.2238314684756084,0.130890330850495,53,Action,Simulation,0.3084980073261699,0.3726111119805251,29,1.0,0.0,0.4,0.9153334611494386,1,0.7793088780244807,4
248,1086,Experience 1086,Action,0.6307900998772656,0.1325899003231649,0.3014212434741936,0.1888364204756389,42,Action,Simulation,0.3084980073261699,0.3726111119805251,29,1.0,0.0,0.2166666666666666,0.9929232361480238,0,0.7608930603836942,5
249,1076,Experience 1076,Creative,0.7805257487778566,0.3562342599893083,0.7812983230640933,0.571167362055741,8,Creative,Action,0.3994034605968367,0.3050437232681275,11,1.0,0.0,0.05,0.6181051375327433,0,0.7579916507687973,1
249,1087,Experience 1087,Creative,0.7417160017369715,0.3980069401610766,0.5803538931422866,0.1954958273965873,33,Creative,Action,0.3994034605968367,0.3050437232681275,11,1.0,0.0,0.3666666666666666,0.8190495674545502,0,0.7555522035694977,2
249,1067,Experience 1067,Creative,0.788764048918011,0.4580972487220676,0.5921026845821029,0.4299570499000478,43,Creative,Action,0.3994034605968367,0.3050437232681275,11,1.0,0.0,0.5333333333333333,0.8073007760147337,0,0.7531783068275969,3
249,1062,Experience 1062,Creative,0.7566608128373626,0.2501254620138091,0.431135077105207,0.8144738760309339,50,Creative,Action,0.3994034605968367,0.3050437232681275,11,1.0,0.0,0.65,0.9682683834916296,1,0.7401593765636569,4
249,1095,Experience 1095,Creative,0.5802362817422383,0.4006003917193433,0.7708173982045061,0.4033544032491283,54,Creative,Action,0.3994034605968367,0.3050437232681275,11,1.0,0.0,0.7166666666666667,0.6285860623923305,0,0.6725211882972615,5
250,1000,Experience 1000,Action,0.9096695293967186,0.6516437731703687,0.6290364009047581,0.2407530712142694,49,Action,Adventure,0.7265922530524958,0.7016357240989228,17,1.0,0.0,0.5333333333333333,0.9024441478522623,1,0.8181822291576114,1
250,1068,Experience 1068,Action,0.698456042052288,0.2594560290757449,0.3550613668330224,0.4325155932423661,21,Action,Adventure,0.7265922530524958,0.7016357240989228,17,1.0,0.0,0.0666666666666666,0.6284691137805267,0,0.7499561008910618,2
250,1086,Experience 1086,Action,0.6307900998772656,0.1325899003231649,0.3014212434741936,0.1888364204756389,42,Action,Adventure,0.7265922530524958,0.7016357240989228,17,1.0,0.0,0.4166666666666667,0.5748289904216979,1,0.6951514305779487,3
250,1096,Experience 1096,Adventure,0.7903170826018652,0.4751627362769494,0.5362341337297925,0.9233469677258124,13,Action,Adventure,0.7265922530524958,0.7016357240989228,17,0.0,1.0,0.0666666666666666,0.8096418806772967,1,0.6052961168717247,4
250,1082,Experience 1082,Adventure,0.940069744877272,0.6645999956719907,0.1368397110942475,0.0890420050750532,28,Action,Adventure,0.7265922530524958,0.7016357240989228,17,0.0,1.0,0.1833333333333333,0.4102474580417518,0,0.5731456774984455,5
251,1025,Experience 1025,Social,0.838744739121835,0.7279884901895025,0.5876677647056102,0.0811540004238993,14,Social,Action,0.5587640095187036,0.9034877177110798,21,1.0,0.0,0.1166666666666666,0.9710962448130934,0,0.8727956700107663,1
251,1107,Experience 1107,Social,0.7428970964662264,0.8045676070342606,0.8160785123357384,0.9076048913904824,23,Social,Action,0.5587640095187036,0.9034877177110798,21,1.0,0.0,0.0333333333333333,0.7426854971829653,1,0.8495901758506588,2
251,1014,Experience 1014,Social,0.7084360738896248,0.6919622480914536,0.5066406143622445,0.7631554898199004,35,Social,Action,0.5587640095187036,0.9034877177110798,21,1.0,0.0,0.2333333333333333,0.9478766048435407,1,0.8442103842910423,3
251,1097,Experience 1097,Social,0.6621084266035628,0.3766200397542547,0.5070806368539267,0.2458755870050586,23,Social,Action,0.5587640095187036,0.9034877177110798,21,1.0,0.0,0.0333333333333333,0.948316627335223,0,0.8381206389522032,4
251,1084,Experience 1084,Social,0.6722561348379004,0.2863456816441453,0.5362524927433157,0.7470758006298863,26,Social,Action,0.5587640095187036,0.9034877177110798,21,1.0,0.0,0.0833333333333333,0.977488483224612,1,0.8335560465123613,5
252,1061,Experience 1061,Social,0.9515114053456256,0.4883887845440612,0.3838014404080356,0.6777086144544695,56,Social,Sports,0.330090995875086,0.428882528853896,25,1.0,0.0,0.5166666666666667,0.9462895554670504,0,0.8603107436775919,1
252,1025,Experience 1025,Social,0.838744739121835,0.7279884901895025,0.5876677647056102,0.0811540004238993,14,Social,Sports,0.330090995875086,0.428882528853896,25,1.0,0.0,0.1833333333333333,0.7424232311694758,1,0.8578901512742257,2
252,1084,Experience 1084,Social,0.6722561348379004,0.2863456816441453,0.5362524927433157,0.7470758006298863,26,Social,Sports,0.330090995875086,0.428882528853896,25,1.0,0.0,0.0166666666666666,0.7938385031317703,1,0.8279233591547476,3
252,1098,Experience 1098,Social,0.534058177188557,0.4459803600128759,0.2707495249900757,0.7298152463028666,35,Social,Sports,0.330090995875086,0.428882528853896,25,1.0,0.0,0.1666666666666666,0.9406585291149898,1,0.8154217988219531,4
252,1058,Experience 1058,Social,0.5666390936836835,0.5294440043668863,0.4156619036213059,0.2647117106195373,52,Social,Sports,0.330090995875086,0.428882528853896,25,1.0,0.0,0.45,0.91442909225378,1,0.8120522037923499,5
253,1064,Experience 1064,Puzzle,0.6204758892789963,0.4435351922580418,0.6632419642315316,0.276207363456566,49,Puzzle,Simulation,0.6655924625073338,0.6745135540781678,52,1.0,0.0,0.05,0.9976495017241978,0,0.8009195195676686,1
253,1003,Experience 1003,Puzzle,0.7658593377467232,0.3759100169419204,0.0773164253661275,0.4674845394285718,49,Puzzle,Simulation,0.6655924625073338,0.6745135540781678,52,1.0,0.0,0.05,0.4117239628587936,0,0.7323925840532516,2
253,1026,Experience 1026,Puzzle,0.7847705334160814,0.4236675665053301,0.2918167090217533,0.0158055554401338,14,Puzzle,Simulation,0.6655924625073338,0.6745135540781678,52,1.0,0.0,0.6333333333333333,0.6262242465144194,0,0.725461270279227,3
253,1030,Experience 1030,Puzzle,0.5255875329645523,0.2576702884243441,0.6969604774228595,0.5681673512913645,13,Puzzle,Simulation,0.6655924625073338,0.6745135540781678,52,1.0,0.0,0.65,0.9686319850844743,1,0.7167321178198959,4
253,1019,Experience 1019,Puzzle,0.5059661119161158,0.8228200647408448,0.2570325653065184,0.9988296373336586,24,Puzzle,Simulation,0.6655924625073338,0.6745135540781678,52,1.0,0.0,0.4666666666666667,0.5914401027991847,1,0.6928878528005077,5
254,1114,Experience 1114,Simulation,0.9094073794904848,0.2867325336723821,0.0751050358773748,0.4020477981570693,23,Simulation,Sports,0.5340794784546238,0.4043754920883517,48,1.0,0.0,0.4166666666666667,0.5410255574227512,0,0.739330657758571,1
254,1027,Experience 1027,Sports,0.8258355726034926,0.7779980359761599,0.5071112833110228,0.4772006332829246,49,Simulation,Sports,0.5340794784546238,0.4043754920883517,48,0.0,1.0,0.0166666666666666,0.9730318048563992,0,0.7093116953435195,2
254,1111,Experience 1111,Sports,0.9428982678236224,0.8155250577848677,0.575778764164542,0.2547283501174674,25,Simulation,Sports,0.5340794784546238,0.4043754920883517,48,0.0,1.0,0.3833333333333333,0.9583007142900818,0,0.7025696172258314,3
254,1106,Experience 1106,Sports,0.8146785788760947,0.3647619692710552,0.6750256601127794,0.7960604476258709,49,Simulation,Sports,0.5340794784546238,0.4043754920883517,48,0.0,1.0,0.0166666666666666,0.8590538183418444,0,0.6649982116662697,4
254,1041,Experience 1041,Sports,0.6879201981801872,0.7175911275892214,0.4277301159158936,0.4016616340093764,51,Simulation,Sports,0.5340794784546238,0.4043754920883517,48,0.0,1.0,0.05,0.8936506374612698,0,0.6582082289029573,5
255,1000,Experience 1000,Action,0.9096695293967186,0.6516437731703687,0.6290364009047581,0.2407530712142694,49,Action,Adventure,0.6724903213124096,0.5394485195491708,38,1.0,0.0,0.1833333333333333,0.9565460795923484,0,0.8462223887535167,1
255,1044,Experience 1044,Action,0.8578996664042653,0.7405382156713768,0.540545681694017,0.9388053542070384,40,Action,Adventure,0.6724903213124096,0.5394485195491708,38,1.0,0.0,0.0333333333333333,0.8680553603816074,0,0.8359408220273482,2
255,1006,Experience 1006,Action,0.8770181756508404,0.5275353377269014,0.8047332447846338,0.7517807092307816,28,Action,Adventure,0.6724903213124096,0.5394485195491708,38,1.0,0.0,0.1666666666666666,0.8677570765277758,0,0.8272332590741156,3
255,1103,Experience 1103,Action,0.6677544964493587,0.4461723957193605,0.794276194278496,0.1853752728024856,59,Action,Adventure,0.6724903213124096,0.5394485195491708,38,1.0,0.0,0.35,0.8782141270339135,0,0.7868516872055052,4
255,1068,Experience 1068,Action,0.698456042052288,0.2594560290757449,0.3550613668330224,0.4325155932423661,21,Action,Adventure,0.6724903213124096,0.5394485195491708,38,1.0,0.0,0.2833333333333333,0.6825710455206129,1,0.7428102618424443,5
256,1000,Experience 1000,Action,0.9096695293967186,0.6516437731703687,0.6290364009047581,0.2407530712142694,49,Action,Simulation,0.8161760737757214,0.5635158578831865,24,1.0,0.0,0.4166666666666667,0.8128603271290367,0,0.808455193486665,1
256,1044,Experience 1044,Action,0.8578996664042653,0.7405382156713768,0.540545681694017,0.9388053542070384,40,Action,Simulation,0.8161760737757214,0.5635158578831865,24,1.0,0.0,0.2666666666666666,0.7243696079182955,0,0.7962564804468806,2
256,1055,Experience 1055,Action,0.9121309206982589,0.3826203354113438,0.2499073592941251,0.1919211614110854,38,Action,Simulation,0.8161760737757214,0.5635158578831865,24,1.0,0.0,0.2333333333333333,0.4337312855184037,0,0.7510963679565777,3
256,1009,Experience 1009,Action,0.7987178764315418,0.3460501829476273,0.2238314684756084,0.130890330850495,53,Action,Simulation,0.8161760737757214,0.5635158578831865,24,1.0,0.0,0.4833333333333333,0.4076553946998871,1,0.7035581286704051,4
256,1035,Experience 1035,Action,0.684933354468736,0.2628151072276272,0.2926692360835166,0.7930049789596304,54,Action,Simulation,0.8161760737757214,0.5635158578831865,24,1.0,0.0,0.5,0.4764931623077952,0,0.6783231104543793,5
257,1044,Experience 1044,Action,0.8578996664042653,0.7405382156713768,0.540545681694017,0.9388053542070384,40,Action,Sports,0.7151467898412124,0.3530030365997178,25,1.0,0.0,0.25,0.8253988918528046,1,0.8300804081083332,1
257,1119,Experience 1119,Action,0.8086136050725224,0.7572883677081093,0.5086964614589882,0.1619415702496311,9,Action,Sports,0.7151467898412124,0.3530030365997178,25,1.0,0.0,0.2666666666666666,0.7935496716177758,1,0.8200352865312837,2
257,1103,Experience 1103,Action,0.6677544964493587,0.4461723957193605,0.794276194278496,0.1853752728024856,59,Action,Sports,0.7151467898412124,0.3530030365997178,25,1.0,0.0,0.5666666666666667,0.9208705955627164,0,0.789858753551475,3
257,1032,Experience 1032,Action,0.9183909657409184,0.1782087510115781,0.2798409650960937,0.836613041032693,59,Action,Sports,0.7151467898412124,0.3530030365997178,25,1.0,0.0,0.5666666666666667,0.5646941752548813,1,0.7572209708293228,4
257,1035,Experience 1035,Action,0.684933354468736,0.2628151072276272,0.2926692360835166,0.7930049789596304,54,Action,Sports,0.7151467898412124,0.3530030365997178,25,1.0,0.0,0.4833333333333333,0.5775224462423043,0,0.7249628001315835,5
258,1085,Experience 1085,Social,0.715133524882573,0.3923165755464828,0.681782684374937,0.3715432084063615,41,Social,Action,0.879241143656798,0.5131923085675016,39,1.0,0.0,0.0333333333333333,0.8025415407181391,1,0.8285207126917327,1
258,1025,Experience 1025,Social,0.838744739121835,0.7279884901895025,0.5876677647056102,0.0811540004238993,14,Social,Action,0.879241143656798,0.5131923085675016,39,1.0,0.0,0.4166666666666667,0.7084266210488123,0,0.825341711545796,2
258,1061,Experience 1061,Social,0.9515114053456256,0.4883887845440612,0.3838014404080356,0.6777086144544695,56,Social,Action,0.879241143656798,0.5131923085675016,39,1.0,0.0,0.2833333333333333,0.5045602967512377,0,0.8149108969759309,3
258,1109,Experience 1109,Social,0.5415451963988065,0.6320276759129257,0.4602651355822746,0.2660308726216652,48,Social,Action,0.879241143656798,0.5131923085675016,39,1.0,0.0,0.15,0.5810239919254767,1,0.775869573104496,4
258,1048,Experience 1048,Social,0.2304789954244207,0.8328371585656826,0.2699649703256335,0.1697999737727075,60,Social,Action,0.879241143656798,0.5131923085675016,39,1.0,0.0,0.35,0.3907238266688355,0,0.679477355320821,5
259,1013,Experience 1013,Sports,0.8486275995976889,0.743877614526904,0.1274827038621261,0.2359972626205526,20,Sports,Strategy,0.0690062268536944,0.0608436248312828,48,1.0,0.0,0.4666666666666667,0.9415235229915684,1,0.8045186997687469,1
259,1015,Experience 1015,Sports,0.9316862802198296,0.7502302540767141,0.1563447605350174,0.9300033473547172,10,Sports,Strategy,0.0690062268536944,0.0608436248312828,48,1.0,0.0,0.6333333333333333,0.9126614663186772,1,0.7984110261083301,2
259,1018,Experience 1018,Sports,0.595787399703456,0.7252492811161741,0.1405053734195307,0.867172276606706,36,Sports,Strategy,0.0690062268536944,0.0608436248312828,48,1.0,0.0,0.2,0.9285008534341638,1,0.775697555935478,3
259,1092,Experience 1092,Sports,0.8280410369904486,0.5343815491606264,0.7426691928850321,0.6904019545155015,39,Sports,Strategy,0.0690062268536944,0.0608436248312828,48,1.0,0.0,0.15,0.3263370339686624,1,0.7539921549288024,4
259,1088,Experience 1088,Sports,0.931739259022481,0.4207879774878386,0.5549692853271866,0.4100487869149942,11,Sports,Strategy,0.0690062268536944,0.0608436248312828,48,1.0,0.0,0.6166666666666667,0.5140369415265079,1,0.7479398910957629,5
260,1087,Experience 1087,Creative,0.7417160017369715,0.3980069401610766,0.5803538931422866,0.1954958273965873,33,Creative,Puzzle,0.3749557178870924,0.8792288207020822,52,1.0,0.0,0.3166666666666666,0.7946018247448059,1,0.8034126163075012,1
260,1095,Experience 1095,Creative,0.5802362817422383,0.4006003917193433,0.7708173982045061,0.4033544032491283,54,Creative,Puzzle,0.3749557178870924,0.8792288207020822,52,1.0,0.0,0.0333333333333333,0.6041383196825862,0,0.7800541653566063,2
260,1021,Experience 1021,Creative,0.6317033375365485,0.227795161908673,0.5969784094803497,0.8897794665398687,40,Creative,Puzzle,0.3749557178870924,0.8792288207020822,52,1.0,0.0,0.2,0.7779773084067427,1,0.7786690069448567,3
260,1076,Experience 1076,Creative,0.7805257487778566,0.3562342599893083,0.7812983230640933,0.571167362055741,8,Creative,Puzzle,0.3749557178870924,0.8792288207020822,52,1.0,0.0,0.7333333333333333,0.5936573948229991,1,0.752462664951361,4
260,1075,Experience 1075,Puzzle,0.7701763699744956,0.5714931074517187,0.7080993700732455,0.0043057756676786,58,Creative,Puzzle,0.3749557178870924,0.8792288207020822,52,0.0,1.0,0.1,0.666856347813847,1,0.6629987793811724,5
261,1043,Experience 1043,Creative,0.8838983032607785,0.7641225701636372,0.5942808569171103,0.6062993981927156,47,Creative,Social,0.7592044925266476,0.3099214834916943,54,1.0,0.0,0.1166666666666666,0.8350763643904627,1,0.8509060513290172,1
261,1067,Experience 1067,Creative,0.788764048918011,0.4580972487220676,0.5921026845821029,0.4299570499000478,43,Creative,Social,0.7592044925266476,0.3099214834916943,54,1.0,0.0,0.1833333333333333,0.8328981920554553,1,0.8213615610752649,2
261,1087,Experience 1087,Creative,0.7417160017369715,0.3980069401610766,0.5803538931422866,0.1954958273965873,33,Creative,Social,0.7592044925266476,0.3099214834916943,54,1.0,0.0,0.35,0.821149400615639,1,0.7991973903843046,3
261,1107,Experience 1107,Social,0.7428970964662264,0.8045676070342606,0.8160785123357384,0.9076048913904824,23,Creative,Social,0.7592044925266476,0.3099214834916943,54,0.0,1.0,0.5166666666666667,0.9431259801909092,1,0.7103360865900823,4
261,1109,Experience 1109,Social,0.5415451963988065,0.6320276759129257,0.4602651355822746,0.2660308726216652,48,Creative,Social,0.7592044925266476,0.3099214834916943,54,0.0,1.0,0.1,0.701060643055627,1,0.6540307242797052,5
262,1000,Experience 1000,Action,0.9096695293967186,0.6516437731703687,0.6290364009047581,0.2407530712142694,49,Action,Sports,0.5328110266947298,0.7171180935545427,54,1.0,0.0,0.0833333333333333,0.9037746257899716,1,0.8740614911016719,1
262,1044,Experience 1044,Action,0.8578996664042653,0.7405382156713768,0.540545681694017,0.9388053542070384,40,Action,Sports,0.5328110266947298,0.7171180935545427,54,1.0,0.0,0.2333333333333333,0.9922653450007128,0,0.865145994577354,2
262,1055,Experience 1055,Action,0.9121309206982589,0.3826203354113438,0.2499073592941251,0.1919211614110854,38,Action,Sports,0.5328110266947298,0.7171180935545427,54,1.0,0.0,0.2666666666666666,0.7170963325993953,0,0.8296163524740493,3
262,1009,Experience 1009,Action,0.7987178764315418,0.3460501829476273,0.2238314684756084,0.130890330850495,53,Action,Sports,0.5328110266947298,0.7171180935545427,54,1.0,0.0,0.0166666666666666,0.6910204417808787,1,0.8254297298808023,4
262,1035,Experience 1035,Action,0.684933354468736,0.2628151072276272,0.2926692360835166,0.7930049789596304,54,Action,Sports,0.5328110266947298,0.7171180935545427,54,1.0,0.0,0.0,0.7598582093887869,0,0.8099074976782233,5
263,1044,Experience 1044,Action,0.8578996664042653,0.7405382156713768,0.540545681694017,0.9388053542070384,40,Action,Strategy,0.7792252848720757,0.1666298735463137,26,1.0,0.0,0.2333333333333333,0.7613203968219413,1,0.7973415483476506,1
263,1119,Experience 1119,Action,0.8086136050725224,0.7572883677081093,0.5086964614589882,0.1619415702496311,9,Action,Strategy,0.7792252848720757,0.1666298735463137,26,1.0,0.0,0.2833333333333333,0.7294711765869125,1,0.7834854521420651,2
263,1055,Experience 1055,Action,0.9121309206982589,0.3826203354113438,0.2499073592941251,0.1919211614110854,38,Action,Strategy,0.7792252848720757,0.1666298735463137,26,1.0,0.0,0.2,0.4706820744220494,1,0.7523471401719114,3
263,1116,Experience 1116,Action,0.6678760843020042,0.5482724230839826,0.6479003468582198,0.8466710505082435,57,Action,Strategy,0.7792252848720757,0.1666298735463137,26,1.0,0.0,0.5166666666666667,0.8686750619861442,0,0.75166294463479,4
263,1009,Experience 1009,Action,0.7987178764315418,0.3460501829476273,0.2238314684756084,0.130890330850495,53,Action,Strategy,0.7792252848720757,0.1666298735463137,26,1.0,0.0,0.45,0.4446061836035329,1,0.7049539473618456,5
264,1099,Experience 1099,Adventure,0.8332801744008336,0.4077151465805127,0.8307594812615263,0.7545731382181347,49,Adventure,Action,0.4440207741113665,0.9211027744080204,23,1.0,0.0,0.4333333333333333,0.6132612928498402,1,0.757115789380339,1
264,1040,Experience 1040,Adventure,0.8007594991172722,0.3266907558049443,0.1528993913771743,0.3143479426299048,10,Adventure,Action,0.4440207741113665,0.9211027744080204,23,1.0,0.0,0.2166666666666666,0.7088786172658078,1,0.7541197416262205,2
264,1022,Experience 1022,Adventure,0.5006486309375991,0.407575941114626,0.4697425498140824,0.908608246555642,36,Adventure,Action,0.4440207741113665,0.9211027744080204,23,1.0,0.0,0.2166666666666666,0.974278224297284,1,0.7445458513781446,3
264,1071,Experience 1071,Adventure,0.5432545608778258,0.5917055303234199,0.8111881708009158,0.7718493432291552,17,Adventure,Action,0.4440207741113665,0.9211027744080204,23,1.0,0.0,0.1,0.6328326033104508,0,0.7354023839264655,4
264,1031,Experience 1031,Adventure,0.6267069522672452,0.6020379288394027,0.9395582128996094,0.5521627033044271,46,Adventure,Action,0.4440207741113665,0.9211027744080204,23,1.0,0.0,0.3833333333333333,0.504462561211757,0,0.721820843535439,5
265,1014,Experience 1014,Social,0.7084360738896248,0.6919622480914536,0.5066406143622445,0.7631554898199004,35,Social,Sports,0.4228872306687573,0.3194153124645484,31,1.0,0.0,0.0666666666666666,0.9162466163065128,0,0.8561746529310775,1
265,1074,Experience 1074,Social,0.7411737446379107,0.1336446501121093,0.5667526591354218,0.2130749343990023,32,Social,Sports,0.4228872306687573,0.3194153124645484,31,1.0,0.0,0.0166666666666666,0.8561345715333355,1,0.8397805051029944,2
265,1058,Experience 1058,Social,0.5666390936836835,0.5294440043668863,0.4156619036213059,0.2647117106195373,52,Social,Sports,0.4228872306687573,0.3194153124645484,31,1.0,0.0,0.35,0.9927746729525486,0,0.8242616864475445,3
265,1002,Experience 1002,Social,0.5654662227449457,0.1419781043952984,0.4876512775379703,0.1763555764178013,30,Social,Sports,0.4228872306687573,0.3194153124645484,31,1.0,0.0,0.0166666666666666,0.935235953130787,1,0.8210185363535871,4
265,1098,Experience 1098,Social,0.534058177188557,0.4459803600128759,0.2707495249900757,0.7298152463028666,35,Social,Sports,0.4228872306687573,0.3194153124645484,31,1.0,0.0,0.0666666666666666,0.8478622943213184,0,0.8095437042497825,5
266,1103,Experience 1103,Action,0.6677544964493587,0.4461723957193605,0.794276194278496,0.1853752728024856,59,Action,Social,0.6375702211557664,0.3151664345285936,10,1.0,0.0,0.8166666666666667,0.8432940268772704,0,0.7628662529849362,1
266,1086,Experience 1086,Action,0.6307900998772656,0.1325899003231649,0.3014212434741936,0.1888364204756389,42,Action,Social,0.6375702211557664,0.3151664345285936,10,1.0,0.0,0.5333333333333333,0.6638510223184272,1,0.7185260095688571,2
266,1035,Experience 1035,Action,0.684933354468736,0.2628151072276272,0.2926692360835166,0.7930049789596304,54,Action,Social,0.6375702211557664,0.3151664345285936,10,1.0,0.0,0.7333333333333333,0.6550990149277502,1,0.7156530050772049,3
266,1107,Experience 1107,Social,0.7428970964662264,0.8045676070342606,0.8160785123357384,0.9076048913904824,23,Action,Social,0.6375702211557664,0.3151664345285936,10,0.0,1.0,0.2166666666666666,0.8214917088200281,0,0.7129621871550078,4
266,1085,Experience 1085,Social,0.715133524882573,0.3923165755464828,0.681782684374937,0.3715432084063615,41,Action,Social,0.6375702211557664,0.3151664345285936,10,0.0,1.0,0.5166666666666667,0.9557875367808294,0,0.6771745333415963,5
267,1111,Experience 1111,Sports,0.9428982678236224,0.8155250577848677,0.575778764164542,0.2547283501174674,25,Sports,Social,0.3462957346228282,0.2929870806339115,28,1.0,0.0,0.05,0.7705169704582862,1,0.8612351307077595,1
267,1102,Experience 1102,Sports,0.9402838286695968,0.4125021221616953,0.1907643304361418,0.200562471321554,40,Sports,Social,0.3462957346228282,0.2929870806339115,28,1.0,0.0,0.2,0.8444685958133136,1,0.8379155943065821,2
267,1015,Experience 1015,Sports,0.9316862802198296,0.7502302540767141,0.1563447605350174,0.9300033473547172,10,Sports,Social,0.3462957346228282,0.2929870806339115,28,1.0,0.0,0.3,0.8100490259121893,1,0.8332893580552432,3
267,1013,Experience 1013,Sports,0.8486275995976889,0.743877614526904,0.1274827038621261,0.2359972626205526,20,Sports,Social,0.3462957346228282,0.2929870806339115,28,1.0,0.0,0.1333333333333333,0.781186969239298,1,0.8329674067910512,4
267,1104,Experience 1104,Sports,0.7763284069557427,0.7928984171430337,0.1707069630824686,0.4638281104628762,33,Sports,Social,0.3462957346228282,0.2929870806339115,28,1.0,0.0,0.0833333333333333,0.8244112284596404,0,0.8329212682452589,5
268,1075,Experience 1075,Puzzle,0.7701763699744956,0.5714931074517187,0.7080993700732455,0.0043057756676786,58,Puzzle,Sports,0.5793591793566846,0.6220625182131355,53,1.0,0.0,0.0833333333333333,0.871259809283439,0,0.8433391316360339,1
268,1064,Experience 1064,Puzzle,0.6204758892789963,0.4435351922580418,0.6632419642315316,0.276207363456566,49,Puzzle,Sports,0.5793591793566846,0.6220625182131355,53,1.0,0.0,0.0666666666666666,0.916117215125153,1,0.8181123851595146,2
268,1004,Experience 1004,Puzzle,0.809305382335664,0.5027055170834634,0.7716046143560276,0.3920600224154432,16,Puzzle,Sports,0.5793591793566846,0.6220625182131355,53,1.0,0.0,0.6166666666666667,0.807754565000657,1,0.8008453361136076,3
268,1081,Experience 1081,Puzzle,0.5738102986510725,0.5468042713764619,0.3811493240377567,0.8099407364448706,60,Puzzle,Sports,0.5793591793566846,0.6220625182131355,53,1.0,0.0,0.1166666666666666,0.8017901446810721,0,0.7903197846397386,4
268,1072,Experience 1072,Puzzle,0.7449779069249327,0.3414623639761886,0.973475515285742,0.3783180142237856,25,Puzzle,Sports,0.5793591793566846,0.6220625182131355,53,1.0,0.0,0.4666666666666667,0.6058836640709425,1,0.7749852474888647,5
269,1055,Experience 1055,Action,0.9121309206982589,0.3826203354113438,0.2499073592941251,0.1919211614110854,38,Action,Sports,0.8038832112434618,0.3482562584236965,33,1.0,0.0,0.0833333333333333,0.4460241480506632,0,0.7911355162954813,1
269,1032,Experience 1032,Action,0.9183909657409184,0.1782087510115781,0.2798409650960937,0.836613041032693,59,Action,Sports,0.8038832112434618,0.3482562584236965,33,1.0,0.0,0.4333333333333333,0.4759577538526318,1,0.7579881514724636,2
269,1068,Experience 1068,Action,0.698456042052288,0.2594560290757449,0.3550613668330224,0.4325155932423661,21,Action,Sports,0.8038832112434618,0.3482562584236965,33,1.0,0.0,0.2,0.5511781555895605,1,0.7489366488757165,3
269,1102,Experience 1102,Sports,0.9402838286695968,0.4125021221616953,0.1907643304361418,0.200562471321554,40,Action,Sports,0.8038832112434618,0.3482562584236965,33,0.0,1.0,0.1166666666666666,0.38688111919268,0,0.6189309386316187,4
269,1083,Experience 1083,Sports,0.5638116113845065,0.5523903507798276,0.3674940432740611,0.3952346537588943,26,Action,Sports,0.8038832112434618,0.3482562584236965,33,0.0,1.0,0.1166666666666666,0.5636108320305993,0,0.5685117339350823,5
270,1046,Experience 1046,Puzzle,0.9358581895296346,0.2937905951089806,0.3646871905132503,0.5570017818814502,30,Puzzle,Sports,0.5043957338997924,0.7382814210076418,42,1.0,0.0,0.2,0.8602914566134579,1,0.8340756201344555,1
270,1069,Experience 1069,Puzzle,0.8068156107352968,0.6551858372056814,0.8842124935251735,0.2530347499296835,35,Puzzle,Sports,0.5043957338997924,0.7382814210076418,42,1.0,0.0,0.1166666666666666,0.6201832403746189,1,0.8260733785367004,2
270,1075,Experience 1075,Puzzle,0.7701763699744956,0.5714931074517187,0.7080993700732455,0.0043057756676786,58,Puzzle,Sports,0.5043957338997924,0.7382814210076418,42,1.0,0.0,0.2666666666666666,0.7962963638265469,1,0.8260607399412964,3
270,1064,Experience 1064,Puzzle,0.6204758892789963,0.4435351922580418,0.6632419642315316,0.276207363456566,49,Puzzle,Sports,0.5043957338997924,0.7382814210076418,42,1.0,0.0,0.1166666666666666,0.8411537696682608,1,0.8076030111532585,4
270,1019,Experience 1019,Puzzle,0.5059661119161158,0.8228200647408448,0.2570325653065184,0.9988296373336586,24,Puzzle,Sports,0.5043957338997924,0.7382814210076418,42,1.0,0.0,0.3,0.752636831406726,1,0.7646807416745081,5
271,1075,Experience 1075,Puzzle,0.7701763699744956,0.5714931074517187,0.7080993700732455,0.0043057756676786,58,Puzzle,Social,0.7165432500352743,0.5462709607784835,44,1.0,0.0,0.2333333333333333,0.9915561200379712,0,0.8456415085660025,1
271,1004,Experience 1004,Puzzle,0.809305382335664,0.5027055170834634,0.7716046143560276,0.3920600224154432,16,Puzzle,Social,0.7165432500352743,0.5462709607784835,44,1.0,0.0,0.4666666666666667,0.9449386356792469,1,0.8245562600686447,2
271,1046,Experience 1046,Puzzle,0.9358581895296346,0.2937905951089806,0.3646871905132503,0.5570017818814502,30,Puzzle,Social,0.7165432500352743,0.5462709607784835,44,1.0,0.0,0.2333333333333333,0.6481439404779761,1,0.8088050356880595,3
271,1026,Experience 1026,Puzzle,0.7847705334160814,0.4236675665053301,0.2918167090217533,0.0158055554401338,14,Puzzle,Social,0.7165432500352743,0.5462709607784835,44,1.0,0.0,0.5,0.575273458986479,1,0.7620674335757843,4
271,1081,Experience 1081,Puzzle,0.5738102986510725,0.5468042713764619,0.3811493240377567,0.8099407364448706,60,Puzzle,Social,0.7165432500352743,0.5462709607784835,44,1.0,0.0,0.2666666666666666,0.6646060740024824,0,0.7618467178638899,5
272,1025,Experience 1025,Social,0.838744739121835,0.7279884901895025,0.5876677647056102,0.0811540004238993,14,Social,Puzzle,0.6530950591953089,0.10414794787365,43,1.0,0.0,0.4833333333333333,0.9345727055103014,0,0.8446663773203908,1
272,1014,Experience 1014,Social,0.7084360738896248,0.6919622480914536,0.5066406143622445,0.7631554898199004,35,Social,Puzzle,0.6530950591953089,0.10414794787365,43,1.0,0.0,0.1333333333333333,0.8535455551669356,1,0.833879133458554,2
272,1074,Experience 1074,Social,0.7411737446379107,0.1336446501121093,0.5667526591354218,0.2130749343990023,32,Social,Puzzle,0.6530950591953089,0.10414794787365,43,1.0,0.0,0.1833333333333333,0.913657599940113,1,0.8218159851494264,3
272,1084,Experience 1084,Social,0.6722561348379004,0.2863456816441453,0.5362524927433157,0.7470758006298863,26,Social,Puzzle,0.6530950591953089,0.10414794787365,43,1.0,0.0,0.2833333333333333,0.8831574335480068,0,0.8034532941077693,4
272,1097,Experience 1097,Social,0.6621084266035628,0.3766200397542547,0.5070806368539267,0.2458755870050586,23,Social,Puzzle,0.6530950591953089,0.10414794787365,43,1.0,0.0,0.3333333333333333,0.8539855776586178,0,0.8020442662474357,5
273,1080,Experience 1080,Strategy,0.4960287753620589,0.3772823688301061,0.669450532879556,0.5189146424870842,16,Strategy,Adventure,0.7207196075492638,0.1869144827638652,11,1.0,0.0,0.0833333333333333,0.9487309253302922,1,0.7054163550686467,1
273,1060,Experience 1060,Strategy,0.8620933017122632,0.1051567799118504,0.3772606570904063,0.1400554046894906,58,Strategy,Adventure,0.7207196075492638,0.1869144827638652,11,1.0,0.0,0.7833333333333333,0.6565410495411426,0,0.660902562486906,2
273,1008,Experience 1008,Adventure,0.8415828324170402,0.3364498304651394,0.599089106012921,0.2728043301458357,40,Strategy,Adventure,0.7207196075492638,0.1869144827638652,11,0.0,1.0,0.4833333333333333,0.8783694984636572,1,0.5376324313251546,3
273,1099,Experience 1099,Adventure,0.8332801744008336,0.4077151465805127,0.8307594812615263,0.7545731382181347,49,Strategy,Adventure,0.7207196075492638,0.1869144827638652,11,0.0,1.0,0.6333333333333333,0.8899601262877375,0,0.5326551878479474,4
273,1071,Experience 1071,Adventure,0.5432545608778258,0.5917055303234199,0.8111881708009158,0.7718493432291552,17,Strategy,Adventure,0.7207196075492638,0.1869144827638652,11,0.0,1.0,0.1,0.909531436748348,0,0.525083199255516,5
274,1010,Experience 1010,Simulation,0.8201589080775701,0.1741976609077686,0.1927429310808082,0.4388217018019487,21,Simulation,Adventure,0.6308472095239188,0.3065428518678583,48,1.0,0.0,0.45,0.5618957215568895,1,0.6810925857313279,1
274,1017,Experience 1017,Adventure,0.8986224157650411,0.4138920991005588,0.5580723954683906,0.6429984233408326,53,Simulation,Adventure,0.6308472095239188,0.3065428518678583,48,0.0,1.0,0.0833333333333333,0.9272251859444718,0,0.6193783661323946,2
274,1051,Experience 1051,Adventure,0.7608650542535511,0.4945204429565272,0.5049786641965721,0.9492935230092574,34,Simulation,Adventure,0.6308472095239188,0.3065428518678583,48,0.0,1.0,0.2333333333333333,0.8741314546726533,1,0.5580284513327073,3
274,1031,Experience 1031,Adventure,0.6267069522672452,0.6020379288394027,0.9395582128996094,0.5521627033044271,46,Simulation,Adventure,0.6308472095239188,0.3065428518678583,48,0.0,1.0,0.0333333333333333,0.6912889966243094,0,0.5447659272645544,4
274,1118,Experience 1118,Adventure,0.6594774101626886,0.3565880675711896,0.5086937555214479,0.0351168111096665,58,Simulation,Adventure,0.6308472095239188,0.3065428518678583,48,0.0,1.0,0.1666666666666666,0.8778465459975291,0,0.5445623665726417,5
275,1070,Experience 1070,Sports,0.9021629239090754,0.4240213755135868,0.7602726894428304,0.7757910864370905,50,Sports,Simulation,0.8310543868641102,0.3481454171224177,46,1.0,0.0,0.0666666666666666,0.9292183025787204,1,0.8312847859647546,1
275,1092,Experience 1092,Sports,0.8280410369904486,0.5343815491606264,0.7426691928850321,0.6904019545155015,39,Sports,Simulation,0.8310543868641102,0.3481454171224177,46,1.0,0.0,0.1166666666666666,0.911614806020922,1,0.8193119722637885,2
275,1106,Experience 1106,Sports,0.8146785788760947,0.3647619692710552,0.6750256601127794,0.7960604476258709,49,Sports,Simulation,0.8310543868641102,0.3481454171224177,46,1.0,0.0,0.05,0.8439712732486693,1,0.8052183060486148,3
275,1001,Experience 1001,Sports,0.6452560499996463,0.8044840559110404,0.5776422262968883,0.3608105614175153,41,Sports,Simulation,0.8310543868641102,0.3481454171224177,46,1.0,0.0,0.0833333333333333,0.7465878394327782,0,0.785178418257303,4
275,1041,Experience 1041,Sports,0.6879201981801872,0.7175911275892214,0.4277301159158936,0.4016616340093764,51,Sports,Simulation,0.8310543868641102,0.3481454171224177,46,1.0,0.0,0.0833333333333333,0.5966757290517835,0,0.7667654867710825,5
276,1100,Experience 1100,Sports,0.8539423752816214,0.5771516782683807,0.6603015579098336,0.097787997445443,39,Sports,Adventure,0.9863661217086545,0.4390801672885033,23,1.0,0.0,0.2666666666666666,0.6739354362011792,1,0.7899576509228209,1
276,1088,Experience 1088,Sports,0.931739259022481,0.4207879774878386,0.5549692853271866,0.4100487869149942,11,Sports,Adventure,0.9863661217086545,0.4390801672885033,23,1.0,0.0,0.2,0.5686031636185322,0,0.7785731799564733,2
276,1105,Experience 1105,Sports,0.6106599794863272,0.6391373818905719,0.6213931070244737,0.2894297075080649,54,Sports,Adventure,0.9863661217086545,0.4390801672885033,23,1.0,0.0,0.5166666666666667,0.6350269853158194,1,0.7230715183697382,3
276,1083,Experience 1083,Sports,0.5638116113845065,0.5523903507798276,0.3674940432740611,0.3952346537588943,26,Sports,Adventure,0.9863661217086545,0.4390801672885033,23,1.0,0.0,0.05,0.3811279215654067,1,0.6977294716643206,4
276,1049,Experience 1049,Sports,0.4370836638665348,0.2536527377340197,0.5512982630814426,0.1951855298186556,20,Sports,Adventure,0.9863661217086545,0.4390801672885033,23,1.0,0.0,0.05,0.5649321413727882,1,0.6852595986552,5
277,1103,Experience 1103,Action,0.6677544964493587,0.4461723957193605,0.794276194278496,0.1853752728024856,59,Action,Social,0.816715068008436,0.7007896542281495,33,1.0,0.0,0.4333333333333333,0.97756112627006,0,0.8236216872891413,1
277,1119,Experience 1119,Action,0.8086136050725224,0.7572883677081093,0.5086964614589882,0.1619415702496311,9,Action,Social,0.816715068008436,0.7007896542281495,33,1.0,0.0,0.4,0.6919813934505522,0,0.8189953031322583,2
277,1035,Experience 1035,Action,0.684933354468736,0.2628151072276272,0.2926692360835166,0.7930049789596304,54,Action,Social,0.816715068008436,0.7007896542281495,33,1.0,0.0,0.35,0.4759541680750807,1,0.7454760438352817,3
277,1025,Experience 1025,Social,0.838744739121835,0.7279884901895025,0.5876677647056102,0.0811540004238993,14,Action,Social,0.816715068008436,0.7007896542281495,33,0.0,1.0,0.3166666666666666,0.7709526966971743,1,0.7343714777294925,4
277,1085,Experience 1085,Social,0.715133524882573,0.3923165755464828,0.681782684374937,0.3715432084063615,41,Action,Social,0.816715068008436,0.7007896542281495,33,0.0,1.0,0.1333333333333333,0.8650676163665011,1,0.7220785757643047,5
278,1051,Experience 1051,Adventure,0.7608650542535511,0.4945204429565272,0.5049786641965721,0.9492935230092574,34,Adventure,Creative,0.401460732312596,0.3251218617863144,27,1.0,0.0,0.1166666666666666,0.8964820681160239,1,0.785230657946086,1
278,1008,Experience 1008,Adventure,0.8415828324170402,0.3364498304651394,0.599089106012921,0.2728043301458357,40,Adventure,Creative,0.401460732312596,0.3251218617863144,27,1.0,0.0,0.2166666666666666,0.802371626299675,1,0.7810124295472072,2
278,1057,Experience 1057,Adventure,0.6456559365327232,0.2179960435691,0.3788184780326499,0.8119882015105448,28,Adventure,Creative,0.401460732312596,0.3251218617863144,27,1.0,0.0,0.0166666666666666,0.977357745720054,1,0.7640501993669914,3
278,1040,Experience 1040,Adventure,0.8007594991172722,0.3266907558049443,0.1528993913771743,0.3143479426299048,10,Adventure,Creative,0.401460732312596,0.3251218617863144,27,1.0,0.0,0.2833333333333333,0.7514386590645783,0,0.7441424999559265,4
278,1073,Experience 1073,Adventure,0.687693407311507,0.5642695337399875,0.7523432280065728,0.8351257910807337,50,Adventure,Creative,0.401460732312596,0.3251218617863144,27,1.0,0.0,0.3833333333333333,0.6491175043060231,1,0.733526581448439,5
279,1051,Experience 1051,Adventure,0.7608650542535511,0.4945204429565272,0.5049786641965721,0.9492935230092574,34,Adventure,Puzzle,0.5014272641843919,0.27624328291849,23,1.0,0.0,0.1833333333333333,0.9964485999878198,0,0.7905487009962028,1
279,1082,Experience 1082,Adventure,0.940069744877272,0.6645999956719907,0.1368397110942475,0.0890420050750532,28,Adventure,Puzzle,0.5014272641843919,0.27624328291849,23,1.0,0.0,0.0833333333333333,0.6354124469098557,0,0.7903761006661507,2
279,1099,Experience 1099,Adventure,0.8332801744008336,0.4077151465805127,0.8307594812615263,0.7545731382181347,49,Adventure,Puzzle,0.5014272641843919,0.27624328291849,23,1.0,0.0,0.4333333333333333,0.6706677829228656,1,0.7524761673337342,3
279,1118,Experience 1118,Adventure,0.6594774101626886,0.3565880675711896,0.5086937555214479,0.0351168111096665,58,Adventure,Puzzle,0.5014272641843919,0.27624328291849,23,1.0,0.0,0.5833333333333334,0.992733508662944,0,0.7449346792105269,4
279,1040,Experience 1040,Adventure,0.8007594991172722,0.3266907558049443,0.1528993913771743,0.3143479426299048,10,Adventure,Puzzle,0.5014272641843919,0.27624328291849,23,1.0,0.0,0.2166666666666666,0.6514721271927824,0,0.7339351079234343,5
280,1075,Experience 1075,Puzzle,0.7701763699744956,0.5714931074517187,0.7080993700732455,0.0043057756676786,58,Puzzle,Simulation,0.6552889477052802,0.6126879227274646,41,1.0,0.0,0.2833333333333333,0.9471895776320348,1,0.8085975872360244,1
280,1004,Experience 1004,Puzzle,0.809305382335664,0.5027055170834634,0.7716046143560276,0.3920600224154432,16,Puzzle,Simulation,0.6552889477052802,0.6126879227274646,41,1.0,0.0,0.4166666666666667,0.8836843333492527,0,0.7888306965939321,2
280,1064,Experience 1064,Puzzle,0.6204758892789963,0.4435351922580418,0.6632419642315316,0.276207363456566,49,Puzzle,Simulation,0.6552889477052802,0.6126879227274646,41,1.0,0.0,0.1333333333333333,0.9920469834737486,1,0.7887606171360859,3
280,1046,Experience 1046,Puzzle,0.9358581895296346,0.2937905951089806,0.3646871905132503,0.5570017818814502,30,Puzzle,Simulation,0.6552889477052802,0.6126879227274646,41,1.0,0.0,0.1833333333333333,0.7093982428079701,1,0.7856687176459335,4
280,1054,Experience 1054,Puzzle,0.6795756146978778,0.2537314254122666,0.2509959349159629,0.6813294726896911,34,Puzzle,Simulation,0.6552889477052802,0.6126879227274646,41,1.0,0.0,0.1166666666666666,0.5957069872106827,1,0.7217105139963017,5
281,1082,Experience 1082,Adventure,0.940069744877272,0.6645999956719907,0.1368397110942475,0.0890420050750532,28,Adventure,Social,0.2453891050264243,0.347517906393472,36,1.0,0.0,0.1333333333333333,0.8914506060678232,0,0.8389127548592555,1
281,1101,Experience 1101,Adventure,0.7760911633714107,0.1624374115097873,0.2510263664566988,0.468231405693584,28,Adventure,Social,0.2453891050264243,0.347517906393472,36,1.0,0.0,0.1333333333333333,0.9943627385697256,0,0.8025615643609086,2
281,1051,Experience 1051,Adventure,0.7608650542535511,0.4945204429565272,0.5049786641965721,0.9492935230092574,34,Adventure,Social,0.2453891050264243,0.347517906393472,36,1.0,0.0,0.0333333333333333,0.7404104408298522,0,0.798099800798925,3
281,1073,Experience 1073,Adventure,0.687693407311507,0.5642695337399875,0.7523432280065728,0.8351257910807337,50,Adventure,Social,0.2453891050264243,0.347517906393472,36,1.0,0.0,0.2333333333333333,0.4930458770198515,0,0.7537563937682203,4
281,1061,Experience 1061,Social,0.9515114053456256,0.4883887845440612,0.3838014404080356,0.6777086144544695,56,Adventure,Social,0.2453891050264243,0.347517906393472,36,0.0,1.0,0.3333333333333333,0.8615876646183886,0,0.7259896272557265,5
282,1028,Experience 1028,Simulation,0.7474374024719366,0.7598079156453001,0.9057260947827066,0.4943145335346177,16,Simulation,Adventure,0.3009813401724052,0.3398114678495063,15,1.0,0.0,0.0166666666666666,0.3952552453896986,0,0.729238417991612,1
282,1016,Experience 1016,Simulation,0.6327408434291123,0.2893552650923534,0.337198205686132,0.4979318527888876,53,Simulation,Adventure,0.3009813401724052,0.3398114678495063,15,1.0,0.0,0.6333333333333333,0.9637831344862732,0,0.6923692772140325,2
282,1112,Experience 1112,Simulation,0.2735953131794247,0.4885963348973961,0.6296328968909383,0.135038096056236,20,Simulation,Adventure,0.3009813401724052,0.3398114678495063,15,1.0,0.0,0.0833333333333333,0.6713484432814669,1,0.6380153803445178,3
282,1096,Experience 1096,Adventure,0.7903170826018652,0.4751627362769494,0.5362341337297925,0.9233469677258124,13,Simulation,Adventure,0.3009813401724052,0.3398114678495063,15,0.0,1.0,0.0333333333333333,0.7647472064426127,0,0.5525221802329172,4
282,1051,Experience 1051,Adventure,0.7608650542535511,0.4945204429565272,0.5049786641965721,0.9492935230092574,34,Simulation,Adventure,0.3009813401724052,0.3398114678495063,15,0.0,1.0,0.3166666666666666,0.7960026759758331,0,0.5249788719416575,5
283,1025,Experience 1025,Social,0.838744739121835,0.7279884901895025,0.5876677647056102,0.0811540004238993,14,Social,Creative,0.9780622564393596,0.7597180563415548,34,1.0,0.0,0.3333333333333333,0.6096055082662507,1,0.8329240908218459,1
283,1074,Experience 1074,Social,0.7411737446379107,0.1336446501121093,0.5667526591354218,0.2130749343990023,32,Social,Creative,0.9780622564393596,0.7597180563415548,34,1.0,0.0,0.0333333333333333,0.5886904026960623,1,0.80873748056135,2
283,1097,Experience 1097,Social,0.6621084266035628,0.3766200397542547,0.5070806368539267,0.2458755870050586,23,Social,Creative,0.9780622564393596,0.7597180563415548,34,1.0,0.0,0.1833333333333333,0.5290183804145672,0,0.7878891005911416,3
283,1002,Experience 1002,Social,0.5654662227449457,0.1419781043952984,0.4876512775379703,0.1763555764178013,30,Social,Creative,0.9780622564393596,0.7597180563415548,34,1.0,0.0,0.0666666666666666,0.5095890210986108,1,0.7654665095849169,4
283,1012,Experience 1012,Social,0.4912469181469279,0.4504706076181689,0.5423234103127773,0.3692728413409686,11,Social,Creative,0.9780622564393596,0.7597180563415548,34,1.0,0.0,0.3833333333333333,0.5642611538734178,1,0.7486358946247635,5
284,1020,Experience 1020,Simulation,0.8220634578382588,0.5054615596538111,0.3982077558970217,0.6135164847298321,13,Simulation,Adventure,0.5139333490449528,0.8036704933785355,10,1.0,0.0,0.05,0.8842744068520689,1,0.7863581383786579,1
284,1114,Experience 1114,Simulation,0.9094073794904848,0.2867325336723821,0.0751050358773748,0.4020477981570693,23,Simulation,Adventure,0.5139333490449528,0.8036704933785355,10,1.0,0.0,0.2166666666666666,0.5611716868324221,1,0.729934821684055,2
284,1010,Experience 1010,Simulation,0.8201589080775701,0.1741976609077686,0.1927429310808082,0.4388217018019487,21,Simulation,Adventure,0.5139333490449528,0.8036704933785355,10,1.0,0.0,0.1833333333333333,0.6788095820358555,1,0.727268447862988,3
284,1016,Experience 1016,Simulation,0.6327408434291123,0.2893552650923534,0.337198205686132,0.4979318527888876,53,Simulation,Adventure,0.5139333490449528,0.8036704933785355,10,1.0,0.0,0.7166666666666667,0.8232648566411793,0,0.678537799237728,4
284,1096,Experience 1096,Adventure,0.7903170826018652,0.4751627362769494,0.5362341337297925,0.9233469677258124,13,Simulation,Adventure,0.5139333490449528,0.8036704933785355,10,0.0,1.0,0.05,0.9776992153151604,1,0.6044540329442308,5
285,1067,Experience 1067,Creative,0.788764048918011,0.4580972487220676,0.5921026845821029,0.4299570499000478,43,Creative,Action,0.6213069699337507,0.7234079420162327,26,1.0,0.0,0.2833333333333333,0.9707957146483522,0,0.8083672260042671,1
285,1062,Experience 1062,Creative,0.7566608128373626,0.2501254620138091,0.431135077105207,0.8144738760309339,50,Creative,Action,0.6213069699337507,0.7234079420162327,26,1.0,0.0,0.4,0.8098281071714564,1,0.758338721769605,2
285,1065,Experience 1065,Creative,0.7619316682455927,0.3645751585148475,0.2630179910479239,0.9645188861392016,47,Creative,Action,0.6213069699337507,0.7234079420162327,26,1.0,0.0,0.35,0.6417110211141732,1,0.7410192529443723,3
285,1068,Experience 1068,Action,0.698456042052288,0.2594560290757449,0.3550613668330224,0.4325155932423661,21,Creative,Action,0.6213069699337507,0.7234079420162327,26,0.0,1.0,0.0833333333333333,0.7337543968992717,0,0.5636130639990825,4
285,1009,Experience 1009,Action,0.7987178764315418,0.3460501829476273,0.2238314684756084,0.130890330850495,53,Creative,Action,0.6213069699337507,0.7234079420162327,26,0.0,1.0,0.45,0.6025244985418579,1,0.5389496178577028,5
286,1032,Experience 1032,Action,0.9183909657409184,0.1782087510115781,0.2798409650960937,0.836613041032693,59,Action,Adventure,0.2534794983421334,0.6608304834347939,54,1.0,0.0,0.0833333333333333,0.9736385332460398,1,0.8369939066949703,1
286,1119,Experience 1119,Action,0.8086136050725224,0.7572883677081093,0.5086964614589882,0.1619415702496311,9,Action,Adventure,0.2534794983421334,0.6608304834347939,54,1.0,0.0,0.75,0.7447830368831453,1,0.7832582663444415,2
286,1082,Experience 1082,Adventure,0.940069744877272,0.6645999956719907,0.1368397110942475,0.0890420050750532,28,Action,Adventure,0.2534794983421334,0.6608304834347939,54,0.0,1.0,0.4333333333333333,0.8833602127521141,1,0.6511307155840487,3
286,1008,Experience 1008,Adventure,0.8415828324170402,0.3364498304651394,0.599089106012921,0.2728043301458357,40,Action,Adventure,0.2534794983421334,0.6608304834347939,54,0.0,1.0,0.2333333333333333,0.6543903923292125,1,0.6032964054303122,4
286,1118,Experience 1118,Adventure,0.6594774101626886,0.3565880675711896,0.5086937555214479,0.0351168111096665,58,Action,Adventure,0.2534794983421334,0.6608304834347939,54,0.0,1.0,0.0666666666666666,0.7447857428206855,0,0.5949281270173578,5
287,1055,Experience 1055,Action,0.9121309206982589,0.3826203354113438,0.2499073592941251,0.1919211614110854,38,Action,Social,0.6935501728086988,0.2704929219327261,15,1.0,0.0,0.3833333333333333,0.5563571864854264,0,0.7816180979456256,1
287,1116,Experience 1116,Action,0.6678760843020042,0.5482724230839826,0.6479003468582198,0.8466710505082435,57,Action,Social,0.6935501728086988,0.2704929219327261,15,1.0,0.0,0.7,0.954350174049521,0,0.7809912292978896,2
287,1085,Experience 1085,Social,0.715133524882573,0.3923165755464828,0.681782684374937,0.3715432084063615,41,Action,Social,0.6935501728086988,0.2704929219327261,15,0.0,1.0,0.4333333333333333,0.9882325115662384,1,0.6893101921868401,3
287,1074,Experience 1074,Social,0.7411737446379107,0.1336446501121093,0.5667526591354218,0.2130749343990023,32,Action,Social,0.6935501728086988,0.2704929219327261,15,0.0,1.0,0.2833333333333333,0.873202486326723,0,0.670048818646108,4
287,1097,Experience 1097,Social,0.6621084266035628,0.3766200397542547,0.5070806368539267,0.2458755870050586,23,Action,Social,0.6935501728086988,0.2704929219327261,15,0.0,1.0,0.1333333333333333,0.8135304640452279,1,0.6693678757882591,5
288,1066,Experience 1066,Strategy,0.5933044321129625,0.8148765601157231,0.9082281614290438,0.2645976053461583,23,Strategy,Social,0.9115249017256418,0.2631922661196382,38,1.0,0.0,0.25,0.996703259703402,0,0.7978078233033694,1
288,1045,Experience 1045,Strategy,0.6865679540637682,0.4124899761623172,0.8858497306039471,0.3446408865116177,23,Strategy,Social,0.9115249017256418,0.2631922661196382,38,1.0,0.0,0.25,0.9743248288783052,1,0.789481833933413,2
288,1011,Experience 1011,Strategy,0.8438936347604792,0.3089791482471649,0.5527453913687409,0.302964628837302,52,Strategy,Social,0.9115249017256418,0.2631922661196382,38,1.0,0.0,0.2333333333333333,0.6412204896430991,0,0.7678054539584563,3
288,1023,Experience 1023,Strategy,0.934275144868182,0.4241492862896971,0.2179097364670654,0.7914514878076223,48,Strategy,Social,0.9115249017256418,0.2631922661196382,38,1.0,0.0,0.1666666666666666,0.3063848347414236,1,0.7385268589814619,4
288,1063,Experience 1063,Strategy,0.7810917854701819,0.2349952712342425,0.5114173417348135,0.235256388415645,21,Strategy,Social,0.9115249017256418,0.2631922661196382,38,1.0,0.0,0.2833333333333333,0.5998924400091716,1,0.7370802286693684,5
289,1061,Experience 1061,Social,0.9515114053456256,0.4883887845440612,0.3838014404080356,0.6777086144544695,56,Social,Strategy,0.4605967999812054,0.387668270709502,32,1.0,0.0,0.4,0.92320464042683,0,0.8469217696187071,1
289,1014,Experience 1014,Social,0.7084360738896248,0.6919622480914536,0.5066406143622445,0.7631554898199004,35,Social,Strategy,0.4605967999812054,0.387668270709502,32,1.0,0.0,0.05,0.9539561856189608,1,0.8445762492742149,2
289,1107,Experience 1107,Social,0.7428970964662264,0.8045676070342606,0.8160785123357384,0.9076048913904824,23,Social,Strategy,0.4605967999812054,0.387668270709502,32,1.0,0.0,0.15,0.6445182876454671,1,0.8226152067223618,3
289,1097,Experience 1097,Social,0.6621084266035628,0.3766200397542547,0.5070806368539267,0.2458755870050586,23,Social,Strategy,0.4605967999812054,0.387668270709502,32,1.0,0.0,0.15,0.9535161631272788,1,0.8205346110946924,4
289,1085,Experience 1085,Social,0.715133524882573,0.3923165755464828,0.681782684374937,0.3715432084063615,41,Social,Strategy,0.4605967999812054,0.387668270709502,32,1.0,0.0,0.15,0.7788141156062685,0,0.8163289341482749,5
290,1053,Experience 1053,Puzzle,0.7426572934279929,0.7514869168546299,0.2904976508730454,0.8341208920021081,34,Puzzle,Strategy,0.2447503189171952,0.4734283194355015,31,1.0,0.0,0.05,0.9542526680441498,0,0.8126178799967523,1
290,1003,Experience 1003,Puzzle,0.7658593377467232,0.3759100169419204,0.0773164253661275,0.4674845394285718,49,Puzzle,Strategy,0.2447503189171952,0.4734283194355015,31,1.0,0.0,0.3,0.8325661064489324,1,0.7648951482091411,2
290,1075,Experience 1075,Puzzle,0.7701763699744956,0.5714931074517187,0.7080993700732455,0.0043057756676786,58,Puzzle,Strategy,0.2447503189171952,0.4734283194355015,31,1.0,0.0,0.45,0.5366509488439497,1,0.7499301110084923,3
290,1113,Experience 1113,Puzzle,0.3143534057607174,0.7407415888945685,0.7096912838106965,0.9437983681037112,40,Puzzle,Strategy,0.2447503189171952,0.4734283194355015,31,1.0,0.0,0.15,0.5350590351064988,0,0.6800454245818721,4
290,1063,Experience 1063,Strategy,0.7810917854701819,0.2349952712342425,0.5114173417348135,0.235256388415645,21,Puzzle,Strategy,0.2447503189171952,0.4734283194355015,31,0.0,1.0,0.1666666666666666,0.7333329771823818,0,0.5432276700498614,5
291,1107,Experience 1107,Social,0.7428970964662264,0.8045676070342606,0.8160785123357384,0.9076048913904824,23,Social,Adventure,0.8522526421160231,0.1539201228314673,10,1.0,0.0,0.2166666666666666,0.9638258702197152,1,0.8323256362650826,1
291,1014,Experience 1014,Social,0.7084360738896248,0.6919622480914536,0.5066406143622445,0.7631554898199004,35,Social,Adventure,0.8522526421160231,0.1539201228314673,10,1.0,0.0,0.4166666666666667,0.6543879722462214,0,0.7681382473663709,2
291,1074,Experience 1074,Social,0.7411737446379107,0.1336446501121093,0.5667526591354218,0.2130749343990023,32,Social,Adventure,0.8522526421160231,0.1539201228314673,10,1.0,0.0,0.3666666666666666,0.7145000170193987,1,0.7604817076226608,3
291,1097,Experience 1097,Social,0.6621084266035628,0.3766200397542547,0.5070806368539267,0.2458755870050586,23,Social,Adventure,0.8522526421160231,0.1539201228314673,10,1.0,0.0,0.2166666666666666,0.6548279947379035,0,0.7599205265977638,4
291,1007,Experience 1007,Social,0.6113602755027672,0.3693255620200327,0.760432490906593,0.3138467721116466,56,Social,Adventure,0.8522526421160231,0.1539201228314673,10,1.0,0.0,0.7666666666666667,0.90817984879057,0,0.7516912975662041,5
292,1094,Experience 1094,Strategy,0.777065958629862,0.5840090382012306,0.3016147592800985,0.4118434403009737,40,Strategy,Adventure,0.4786935056963743,0.6174979906423858,33,1.0,0.0,0.1166666666666666,0.8229212535837243,0,0.7751171242378552,1
292,1060,Experience 1060,Strategy,0.8620933017122632,0.1051567799118504,0.3772606570904063,0.1400554046894906,58,Strategy,Adventure,0.4786935056963743,0.6174979906423858,33,1.0,0.0,0.4166666666666667,0.898567151394032,0,0.7581804020048335,2
292,1066,Experience 1066,Strategy,0.5933044321129625,0.8148765601157231,0.9082281614290438,0.2645976053461583,23,Strategy,Adventure,0.4786935056963743,0.6174979906423858,33,1.0,0.0,0.1666666666666666,0.5704653442673304,1,0.7328158797466289,3
292,1034,Experience 1034,Strategy,0.5016628944231066,0.7184788322001798,0.7569144817322334,0.2251776661055454,11,Strategy,Adventure,0.4786935056963743,0.6174979906423858,33,1.0,0.0,0.3666666666666666,0.7217790239641408,1,0.7061724453298339,4
292,1082,Experience 1082,Adventure,0.940069744877272,0.6645999956719907,0.1368397110942475,0.0890420050750532,28,Strategy,Adventure,0.4786935056963743,0.6174979906423858,33,0.0,1.0,0.0833333333333333,0.6581462053978732,0,0.6087389887038743,5
293,1067,Experience 1067,Creative,0.788764048918011,0.4580972487220676,0.5921026845821029,0.4299570499000478,43,Creative,Action,0.6794343487100252,0.2202058363761716,50,1.0,0.0,0.1166666666666666,0.9126683358720776,0,0.8044131908416633,1
293,1062,Experience 1062,Creative,0.7566608128373626,0.2501254620138091,0.431135077105207,0.8144738760309339,50,Creative,Action,0.6794343487100252,0.2202058363761716,50,1.0,0.0,0.0,0.7517007283951818,1,0.7714745119565315,2
293,1021,Experience 1021,Creative,0.6317033375365485,0.227795161908673,0.5969784094803497,0.8897794665398687,40,Creative,Action,0.6794343487100252,0.2202058363761716,50,1.0,0.0,0.1666666666666666,0.9175440607703246,0,0.7583042159810829,3
293,1006,Experience 1006,Action,0.8770181756508404,0.5275353377269014,0.8047332447846338,0.7517807092307816,28,Creative,Action,0.6794343487100252,0.2202058363761716,50,0.0,1.0,0.3666666666666666,0.8747011039253914,0,0.6240739048608563,4
293,1116,Experience 1116,Action,0.6678760843020042,0.5482724230839826,0.6479003468582198,0.8466710505082435,57,Creative,Action,0.6794343487100252,0.2202058363761716,50,0.0,1.0,0.1166666666666666,0.9684659981481948,1,0.6143602038087512,5
294,1025,Experience 1025,Social,0.838744739121835,0.7279884901895025,0.5876677647056102,0.0811540004238993,14,Social,Simulation,0.4740676511517148,0.4615776999713349,18,1.0,0.0,0.0666666666666666,0.8863998864461047,1,0.8521997959665258,1
294,1061,Experience 1061,Social,0.9515114053456256,0.4883887845440612,0.3838014404080356,0.6777086144544695,56,Social,Simulation,0.4740676511517148,0.4615776999713349,18,1.0,0.0,0.6333333333333333,0.9097337892563208,0,0.8243743695629233,2
294,1107,Experience 1107,Social,0.7428970964662264,0.8045676070342606,0.8160785123357384,0.9076048913904824,23,Social,Simulation,0.4740676511517148,0.4615776999713349,18,1.0,0.0,0.0833333333333333,0.6579891388159764,1,0.8198418256128198,3
294,1002,Experience 1002,Social,0.5654662227449457,0.1419781043952984,0.4876512775379703,0.1763555764178013,30,Social,Simulation,0.4740676511517148,0.4615776999713349,18,1.0,0.0,0.2,0.9864163736137446,0,0.7859581960136962,4
294,1058,Experience 1058,Social,0.5666390936836835,0.5294440043668863,0.4156619036213059,0.2647117106195373,52,Social,Simulation,0.4740676511517148,0.4615776999713349,18,1.0,0.0,0.5666666666666667,0.941594252469591,0,0.7749940087903596,5
295,1066,Experience 1066,Strategy,0.5933044321129625,0.8148765601157231,0.9082281614290438,0.2645976053461583,23,Strategy,Social,0.7154794527761755,0.8526058583698367,20,1.0,0.0,0.05,0.8072512913471317,0,0.8048980092099052,1
295,1023,Experience 1023,Strategy,0.934275144868182,0.4241492862896971,0.2179097364670654,0.7914514878076223,48,Strategy,Social,0.7154794527761755,0.8526058583698367,20,1.0,0.0,0.4666666666666667,0.5024302836908899,0,0.7583872477894108,2
295,1060,Experience 1060,Strategy,0.8620933017122632,0.1051567799118504,0.3772606570904063,0.1400554046894906,58,Strategy,Social,0.7154794527761755,0.8526058583698367,20,1.0,0.0,0.6333333333333333,0.6617812043142308,1,0.7458279020518065,3
295,1014,Experience 1014,Social,0.7084360738896248,0.6919622480914536,0.5066406143622445,0.7631554898199004,35,Strategy,Social,0.7154794527761755,0.8526058583698367,20,0.0,1.0,0.25,0.791161161586069,0,0.6890508643656227,4
295,1061,Experience 1061,Social,0.9515114053456256,0.4883887845440612,0.3838014404080356,0.6777086144544695,56,Strategy,Social,0.7154794527761755,0.8526058583698367,20,0.0,1.0,0.6,0.66832198763186,1,0.6789023812797735,5
296,1103,Experience 1103,Action,0.6677544964493587,0.4461723957193605,0.794276194278496,0.1853752728024856,59,Action,Puzzle,0.8290815387190762,0.2393649700820181,43,1.0,0.0,0.2666666666666666,0.96519465555942,0,0.806056347449953,1
296,1116,Experience 1116,Action,0.6678760843020042,0.5482724230839826,0.6479003468582198,0.8466710505082435,57,Action,Puzzle,0.8290815387190762,0.2393649700820181,43,1.0,0.0,0.2333333333333333,0.8188188081391437,1,0.7879908732626436,2
296,1035,Experience 1035,Action,0.684933354468736,0.2628151072276272,0.2926692360835166,0.7930049789596304,54,Action,Puzzle,0.8290815387190762,0.2393649700820181,43,1.0,0.0,0.1833333333333333,0.4635876973644404,1,0.722748026593749,3
296,1046,Experience 1046,Puzzle,0.9358581895296346,0.2937905951089806,0.3646871905132503,0.5570017818814502,30,Action,Puzzle,0.8290815387190762,0.2393649700820181,43,0.0,1.0,0.2166666666666666,0.5356056517941741,0,0.5981389393265708,4
296,1113,Experience 1113,Puzzle,0.3143534057607174,0.7407415888945685,0.7096912838106965,0.9437983681037112,40,Action,Puzzle,0.8290815387190762,0.2393649700820181,43,0.0,1.0,0.05,0.8806097450916203,0,0.5641528267752072,5
297,1032,Experience 1032,Action,0.9183909657409184,0.1782087510115781,0.2798409650960937,0.836613041032693,59,Action,Adventure,0.8904330393827692,0.6387449913053125,54,1.0,0.0,0.0833333333333333,0.3894079257133245,0,0.7647687429640352,1
297,1055,Experience 1055,Action,0.9121309206982589,0.3826203354113438,0.2499073592941251,0.1919211614110854,38,Action,Adventure,0.8904330393827692,0.6387449913053125,54,1.0,0.0,0.2666666666666666,0.3594743199113559,0,0.7584529397331039,2
297,1086,Experience 1086,Action,0.6307900998772656,0.1325899003231649,0.3014212434741936,0.1888364204756389,42,Action,Adventure,0.8904330393827692,0.6387449913053125,54,1.0,0.0,0.2,0.4109882040914244,1,0.7018679540550825,3
297,1031,Experience 1031,Adventure,0.6267069522672452,0.6020379288394027,0.9395582128996094,0.5521627033044271,46,Action,Adventure,0.8904330393827692,0.6387449913053125,54,0.0,1.0,0.1333333333333333,0.9508748264831598,0,0.6301023994478908,4
297,1073,Experience 1073,Adventure,0.687693407311507,0.5642695337399875,0.7523432280065728,0.8351257910807337,50,Action,Adventure,0.8904330393827692,0.6387449913053125,54,0.0,1.0,0.0666666666666666,0.8619101886238036,1,0.6248318152122543,5
298,1028,Experience 1028,Simulation,0.7474374024719366,0.7598079156453001,0.9057260947827066,0.4943145335346177,16,Simulation,Puzzle,0.4389531654580382,0.6732154918821903,18,1.0,0.0,0.0333333333333333,0.5332270706753316,1,0.7736136695294569,1
298,1115,Experience 1115,Simulation,0.626658707429628,0.7075065986188209,0.5404405149990236,0.2246894745458737,42,Simulation,Puzzle,0.4389531654580382,0.6732154918821903,18,1.0,0.0,0.4,0.8985126504590146,1,0.7628443688907581,2
298,1010,Experience 1010,Simulation,0.8201589080775701,0.1741976609077686,0.1927429310808082,0.4388217018019487,21,Simulation,Puzzle,0.4389531654580382,0.6732154918821903,18,1.0,0.0,0.05,0.7537897656227701,0,0.7627193083853081,3
298,1016,Experience 1016,Simulation,0.6327408434291123,0.2893552650923534,0.337198205686132,0.4979318527888876,53,Simulation,Puzzle,0.4389531654580382,0.6732154918821903,18,1.0,0.0,0.5833333333333334,0.8982450402280939,1,0.7178656049596391,4
298,1075,Experience 1075,Puzzle,0.7701763699744956,0.5714931074517187,0.7080993700732455,0.0043057756676786,58,Simulation,Puzzle,0.4389531654580382,0.6732154918821903,18,0.0,1.0,0.6666666666666666,0.7308537953847927,1,0.5678816667298907,5
299,1110,Experience 1110,Creative,0.8487034770737338,0.6513439158584452,0.7080979103356375,0.2741343936886083,18,Creative,Puzzle,0.7474719426315511,0.2254426568910995,22,1.0,0.0,0.0666666666666666,0.9606259677040864,0,0.8320860176371374,1
299,1067,Experience 1067,Creative,0.788764048918011,0.4580972487220676,0.5921026845821029,0.4299570499000478,43,Creative,Puzzle,0.7474719426315511,0.2254426568910995,22,1.0,0.0,0.35,0.8446307419505518,0,0.7813822038594777,2
299,1062,Experience 1062,Creative,0.7566608128373626,0.2501254620138091,0.431135077105207,0.8144738760309339,50,Creative,Puzzle,0.7474719426315511,0.2254426568910995,22,1.0,0.0,0.4666666666666667,0.6836631344736559,0,0.7266907294332107,3
299,1065,Experience 1065,Creative,0.7619316682455927,0.3645751585148475,0.2630179910479239,0.9645188861392016,47,Creative,Puzzle,0.7474719426315511,0.2254426568910995,22,1.0,0.0,0.4166666666666667,0.5155460484163727,0,0.7079765308932201,4
299,1108,Experience 1108,Puzzle,0.8425576923542274,0.4822507608830354,0.666849920378606,0.8027206052883656,21,Creative,Puzzle,0.7474719426315511,0.2254426568910995,22,0.0,1.0,0.0166666666666666,0.9193779777470548,1,0.6556237398617515,5
300,1045,Experience 1045,Strategy,0.6865679540637682,0.4124899761623172,0.8858497306039471,0.3446408865116177,23,Strategy,Adventure,0.2222263323573183,0.4334253980963043,44,1.0,0.0,0.35,0.3363766017533711,0,0.6756818691146143,1
300,1080,Experience 1080,Strategy,0.4960287753620589,0.3772823688301061,0.669450532879556,0.5189146424870842,16,Strategy,Adventure,0.2222263323573183,0.4334253980963043,44,1.0,0.0,0.4666666666666667,0.5527757994777622,0,0.6422174437633842,2
300,1099,Experience 1099,Adventure,0.8332801744008336,0.4077151465805127,0.8307594812615263,0.7545731382181347,49,Strategy,Adventure,0.2222263323573183,0.4334253980963043,44,0.0,1.0,0.0833333333333333,0.3914668510957919,0,0.540868552418695,3
300,1118,Experience 1118,Adventure,0.6594774101626886,0.3565880675711896,0.5086937555214479,0.0351168111096665,58,Strategy,Adventure,0.2222263323573183,0.4334253980963043,44,0.0,1.0,0.2333333333333333,0.7135325768358705,0,0.5308991098660106,4
300,1039,Experience 1039,Social,0.8194814495513689,0.2752805682140255,0.2419454802582048,0.889899007072331,47,Strategy,Adventure,0.2222263323573183,0.4334253980963043,44,0.0,0.0,0.05,0.9802808520991136,1,0.5210278057277875,5
301,1110,Experience 1110,Creative,0.8487034770737338,0.6513439158584452,0.7080979103356375,0.2741343936886083,18,Creative,Sports,0.3786447711778564,0.4136007987866604,31,1.0,0.0,0.2166666666666666,0.6705468608422189,0,0.8144502625442067,1
301,1052,Experience 1052,Creative,0.6879474895864814,0.8150878066775633,0.5427584275418881,0.4028796085076296,43,Creative,Sports,0.3786447711778564,0.4136007987866604,31,1.0,0.0,0.2,0.8358863436359684,1,0.8141544501611953,2
301,1087,Experience 1087,Creative,0.7417160017369715,0.3980069401610766,0.5803538931422866,0.1954958273965873,33,Creative,Sports,0.3786447711778564,0.4136007987866604,31,1.0,0.0,0.0333333333333333,0.7982908780355699,1,0.8108188601795541,3
301,1062,Experience 1062,Creative,0.7566608128373626,0.2501254620138091,0.431135077105207,0.8144738760309339,50,Creative,Sports,0.3786447711778564,0.4136007987866604,31,1.0,0.0,0.3166666666666666,0.9475096940726496,0,0.7979756236995473,4
301,1102,Experience 1102,Sports,0.9402838286695968,0.4125021221616953,0.1907643304361418,0.200562471321554,40,Creative,Sports,0.3786447711778564,0.4136007987866604,31,0.0,1.0,0.15,0.8121195592582854,0,0.6790392037687656,5
302,1060,Experience 1060,Strategy,0.8620933017122632,0.1051567799118504,0.3772606570904063,0.1400554046894906,58,Strategy,Simulation,0.3768805001632741,0.6708325319749654,53,1.0,0.0,0.0833333333333333,0.9996198430728678,1,0.7995410333090893,1
302,1023,Experience 1023,Strategy,0.934275144868182,0.4241492862896971,0.2179097364670654,0.7914514878076223,48,Strategy,Simulation,0.3768805001632741,0.6708325319749654,53,1.0,0.0,0.0833333333333333,0.8410292363037913,1,0.7991613004784172,2
302,1094,Experience 1094,Strategy,0.777065958629862,0.5840090382012306,0.3016147592800985,0.4118434403009737,40,Strategy,Simulation,0.3768805001632741,0.6708325319749654,53,1.0,0.0,0.2166666666666666,0.9247342591168244,1,0.7851518954359149,3
302,1066,Experience 1066,Strategy,0.5933044321129625,0.8148765601157231,0.9082281614290438,0.2645976053461583,23,Strategy,Simulation,0.3768805001632741,0.6708325319749654,53,1.0,0.0,0.5,0.4686523387342303,0,0.6954019711309457,4
302,1045,Experience 1045,Strategy,0.6865679540637682,0.4124899761623172,0.8858497306039471,0.3446408865116177,23,Strategy,Simulation,0.3768805001632741,0.6708325319749654,53,1.0,0.0,0.5,0.491030769559327,1,0.691301695099082,5
303,1067,Experience 1067,Creative,0.788764048918011,0.4580972487220676,0.5921026845821029,0.4299570499000478,43,Creative,Puzzle,0.6630358384558991,0.4324904808250934,50,1.0,0.0,0.1166666666666666,0.9290668461262038,1,0.8233426183805064,1
303,1062,Experience 1062,Creative,0.7566608128373626,0.2501254620138091,0.431135077105207,0.8144738760309339,50,Creative,Puzzle,0.6630358384558991,0.4324904808250934,50,1.0,0.0,0.0,0.768099238649308,1,0.7927705833654252,2
303,1081,Experience 1081,Puzzle,0.5738102986510725,0.5468042713764619,0.3811493240377567,0.8099407364448706,60,Creative,Puzzle,0.6630358384558991,0.4324904808250934,50,0.0,1.0,0.1666666666666666,0.7181134855818576,0,0.5690130838320555,3
303,1113,Experience 1113,Puzzle,0.3143534057607174,0.7407415888945685,0.7096912838106965,0.9437983681037112,40,Creative,Puzzle,0.6630358384558991,0.4324904808250934,50,0.0,1.0,0.1666666666666666,0.9533445546452026,1,0.5664658869076534,4
303,1061,Experience 1061,Social,0.9515114053456256,0.4883887845440612,0.3838014404080356,0.6777086144544695,56,Creative,Puzzle,0.6630358384558991,0.4324904808250934,50,0.0,0.0,0.1,0.7207656019521365,0,0.5574737907405729,5
304,1004,Experience 1004,Puzzle,0.809305382335664,0.5027055170834634,0.7716046143560276,0.3920600224154432,16,Puzzle,Action,0.8117352356591269,0.4225003533976286,29,1.0,0.0,0.2166666666666666,0.9598693786969008,0,0.8062737385476197,1
304,1072,Experience 1072,Puzzle,0.7449779069249327,0.3414623639761886,0.973475515285742,0.3783180142237856,25,Puzzle,Action,0.8117352356591269,0.4225003533976286,29,1.0,0.0,0.0666666666666666,0.8382597203733848,1,0.7904538191692049,2
304,1075,Experience 1075,Puzzle,0.7701763699744956,0.5714931074517187,0.7080993700732455,0.0043057756676786,58,Puzzle,Action,0.8117352356591269,0.4225003533976286,29,1.0,0.0,0.4833333333333333,0.8963641344141187,0,0.7842797084542198,3
304,1046,Experience 1046,Puzzle,0.9358581895296346,0.2937905951089806,0.3646871905132503,0.5570017818814502,30,Puzzle,Action,0.8117352356591269,0.4225003533976286,29,1.0,0.0,0.0166666666666666,0.5529519548541235,1,0.7736450420338787,4
304,1026,Experience 1026,Puzzle,0.7847705334160814,0.4236675665053301,0.2918167090217533,0.0158055554401338,14,Puzzle,Action,0.8117352356591269,0.4225003533976286,29,1.0,0.0,0.25,0.4800814733626264,1,0.7240913975648855,5
305,1041,Experience 1041,Sports,0.6879201981801872,0.7175911275892214,0.4277301159158936,0.4016616340093764,51,Sports,Social,0.4936766912514721,0.4013517388855139,43,1.0,0.0,0.1333333333333333,0.9340534246644216,0,0.839072212479135,1
305,1015,Experience 1015,Sports,0.9316862802198296,0.7502302540767141,0.1563447605350174,0.9300033473547172,10,Sports,Social,0.4936766912514721,0.4013517388855139,43,1.0,0.0,0.55,0.6626680692835454,0,0.8091625209282871,2
305,1013,Experience 1013,Sports,0.8486275995976889,0.743877614526904,0.1274827038621261,0.2359972626205526,20,Sports,Social,0.4936766912514721,0.4013517388855139,43,1.0,0.0,0.3833333333333333,0.6338060126106541,0,0.8088046667254969,3
305,1083,Experience 1083,Sports,0.5638116113845065,0.5523903507798276,0.3674940432740611,0.3952346537588943,26,Sports,Social,0.4936766912514721,0.4013517388855139,43,1.0,0.0,0.2833333333333333,0.8738173520225889,0,0.7923753450430747,4
305,1050,Experience 1050,Sports,0.6444432625143321,0.2032573812502654,0.7840857883345029,0.0579453445381299,24,Sports,Social,0.4936766912514721,0.4013517388855139,43,1.0,0.0,0.3166666666666666,0.7095909029169691,1,0.7795832089043861,5
306,1082,Experience 1082,Adventure,0.940069744877272,0.6645999956719907,0.1368397110942475,0.0890420050750532,28,Adventure,Simulation,0.3968415799655809,0.2001258164347115,30,1.0,0.0,0.0333333333333333,0.7399981311286666,1,0.7882721151277681,1
306,1096,Experience 1096,Adventure,0.7903170826018652,0.4751627362769494,0.5362341337297925,0.9233469677258124,13,Adventure,Simulation,0.3968415799655809,0.2001258164347115,30,1.0,0.0,0.2833333333333333,0.8606074462357884,1,0.7495542643600742,2
306,1101,Experience 1101,Adventure,0.7760911633714107,0.1624374115097873,0.2510263664566988,0.468231405693584,28,Adventure,Simulation,0.3968415799655809,0.2001258164347115,30,1.0,0.0,0.0333333333333333,0.8541847864911178,0,0.7454920760242139,3
306,1057,Experience 1057,Adventure,0.6456559365327232,0.2179960435691,0.3788184780326499,0.8119882015105448,28,Adventure,Simulation,0.3968415799655809,0.2001258164347115,30,1.0,0.0,0.0333333333333333,0.981976898067069,0,0.7413904082797814,4
306,1099,Experience 1099,Adventure,0.8332801744008336,0.4077151465805127,0.8307594812615263,0.7545731382181347,49,Adventure,Simulation,0.3968415799655809,0.2001258164347115,30,1.0,0.0,0.3166666666666666,0.5660820987040546,1,0.7270744594115518,5
307,1017,Experience 1017,Adventure,0.8986224157650411,0.4138920991005588,0.5580723954683906,0.6429984233408326,53,Adventure,Action,0.4731780255873225,0.2794882143899236,25,1.0,0.0,0.4666666666666667,0.915105630118932,1,0.7759019455132405,1
307,1101,Experience 1101,Adventure,0.7760911633714107,0.1624374115097873,0.2510263664566988,0.468231405693584,28,Adventure,Action,0.4731780255873225,0.2794882143899236,25,1.0,0.0,0.05,0.7778483408693763,0,0.7424646085893617,2
307,1040,Experience 1040,Adventure,0.8007594991172722,0.3266907558049443,0.1528993913771743,0.3143479426299048,10,Adventure,Action,0.4731780255873225,0.2794882143899236,25,1.0,0.0,0.25,0.6797213657898518,1,0.7227256237800044,3
307,1119,Experience 1119,Action,0.8086136050725224,0.7572883677081093,0.5086964614589882,0.1619415702496311,9,Adventure,Action,0.4731780255873225,0.2794882143899236,25,0.0,1.0,0.2666666666666666,0.9644815641283344,0,0.6271321948361612,4
307,1006,Experience 1006,Action,0.8770181756508404,0.5275353377269014,0.8047332447846338,0.7517807092307816,28,Adventure,Action,0.4731780255873225,0.2794882143899236,25,0.0,1.0,0.05,0.6684447808026888,1,0.6075260606283056,5
308,1119,Experience 1119,Action,0.8086136050725224,0.7572883677081093,0.5086964614589882,0.1619415702496311,9,Action,Simulation,0.5784382915548223,0.5222408747065599,21,1.0,0.0,0.2,0.930258169904166,1,0.8170584665770624,1
308,1103,Experience 1103,Action,0.6677544964493587,0.4461723957193605,0.794276194278496,0.1853752728024856,59,Action,Simulation,0.5784382915548223,0.5222408747065599,21,1.0,0.0,0.6333333333333333,0.7841620972763262,0,0.7417370631887565,2
308,1086,Experience 1086,Action,0.6307900998772656,0.1325899003231649,0.3014212434741936,0.1888364204756389,42,Action,Simulation,0.5784382915548223,0.5222408747065599,21,1.0,0.0,0.35,0.7229829519193713,0,0.7124085304417075,3
308,1035,Experience 1035,Action,0.684933354468736,0.2628151072276272,0.2926692360835166,0.7930049789596304,54,Action,Simulation,0.5784382915548223,0.5222408747065599,21,1.0,0.0,0.55,0.7142309445286943,0,0.7094983299274255,4
308,1033,Experience 1033,Simulation,0.8859147305780027,0.259942782541492,0.2648265360525452,0.1086571032622624,31,Action,Simulation,0.5784382915548223,0.5222408747065599,21,0.0,1.0,0.1666666666666666,0.686388244497723,0,0.575437452267667,5
309,1021,Experience 1021,Creative,0.6317033375365485,0.227795161908673,0.5969784094803497,0.8897794665398687,40,Creative,Action,0.603661117458002,0.931493513861694,37,1.0,0.0,0.05,0.9933172920223478,1,0.7970028525121151,1
309,1095,Experience 1095,Creative,0.5802362817422383,0.4006003917193433,0.7708173982045061,0.4033544032491283,54,Creative,Action,0.603661117458002,0.931493513861694,37,1.0,0.0,0.2833333333333333,0.8328437192534959,1,0.7714431432675688,2
309,1000,Experience 1000,Action,0.9096695293967186,0.6516437731703687,0.6290364009047581,0.2407530712142694,49,Creative,Action,0.603661117458002,0.931493513861694,37,0.0,1.0,0.2,0.974624716553244,1,0.7011544513027853,3
309,1119,Experience 1119,Action,0.8086136050725224,0.7572883677081093,0.5086964614589882,0.1619415702496311,9,Creative,Action,0.603661117458002,0.931493513861694,37,0.0,1.0,0.4666666666666667,0.9050353440009862,0,0.6395390419146055,4
309,1025,Experience 1025,Social,0.838744739121835,0.7279884901895025,0.5876677647056102,0.0811540004238993,14,Creative,Action,0.603661117458002,0.931493513861694,37,0.0,0.0,0.3833333333333333,0.9840066472476082,0,0.5716056503171921,5
310,1043,Experience 1043,Creative,0.8838983032607785,0.7641225701636372,0.5942808569171103,0.6062993981927156,47,Creative,Social,0.6228038697848408,0.815484952759553,28,1.0,0.0,0.3166666666666666,0.9714769871322696,0,0.8592856439785077,1
310,1110,Experience 1110,Creative,0.8487034770737338,0.6513439158584452,0.7080979103356375,0.2741343936886083,18,Creative,Social,0.6228038697848408,0.815484952759553,28,1.0,0.0,0.1666666666666666,0.9147059594492032,0,0.854655492549591,2
310,1067,Experience 1067,Creative,0.788764048918011,0.4580972487220676,0.5921026845821029,0.4299570499000478,43,Creative,Social,0.6228038697848408,0.815484952759553,28,1.0,0.0,0.25,0.969298814797262,1,0.8388189309842685,3
310,1038,Experience 1038,Creative,0.8025898263845425,0.4058560569474049,0.8087225901435202,0.8729120163870842,60,Creative,Social,0.6228038697848408,0.815484952759553,28,1.0,0.0,0.5333333333333333,0.8140812796413206,0,0.8094058862880495,4
310,1065,Experience 1065,Creative,0.7619316682455927,0.3645751585148475,0.2630179910479239,0.9645188861392016,47,Creative,Social,0.6228038697848408,0.815484952759553,28,1.0,0.0,0.3166666666666666,0.6402141212630832,0,0.7792504730167503,5
311,1088,Experience 1088,Sports,0.931739259022481,0.4207879774878386,0.5549692853271866,0.4100487869149942,11,Sports,Strategy,0.6090956780082067,0.3935865999449646,15,1.0,0.0,0.0666666666666666,0.9458736073189798,0,0.8301403209388136,1
311,1100,Experience 1100,Sports,0.8539423752816214,0.5771516782683807,0.6603015579098336,0.097787997445443,39,Sports,Strategy,0.6090956780082067,0.3935865999449646,15,1.0,0.0,0.4,0.9487941200983732,1,0.8129453868277035,2
311,1001,Experience 1001,Sports,0.6452560499996463,0.8044840559110404,0.5776422262968883,0.3608105614175153,41,Sports,Strategy,0.6090956780082067,0.3935865999449646,15,1.0,0.0,0.4333333333333333,0.9685465482886816,0,0.7862808789228831,3
311,1005,Experience 1005,Sports,0.725440926488475,0.5102685875213342,0.2459903544501388,0.2409271164143122,19,Sports,Strategy,0.6090956780082067,0.3935865999449646,15,1.0,0.0,0.0666666666666666,0.6368946764419321,0,0.7597558861888837,4
311,1049,Experience 1049,Sports,0.4370836638665348,0.2536527377340197,0.5512982630814426,0.1951855298186556,20,Sports,Strategy,0.6090956780082067,0.3935865999449646,15,1.0,0.0,0.0833333333333333,0.9422025850732358,0,0.7382750888080521,5
312,1108,Experience 1108,Puzzle,0.8425576923542274,0.4822507608830354,0.666849920378606,0.8027206052883656,21,Puzzle,Action,0.6986763645829261,0.4564175622385303,13,1.0,0.0,0.1333333333333333,0.96817355579568,0,0.8090389651957188,1
312,1046,Experience 1046,Puzzle,0.9358581895296346,0.2937905951089806,0.3646871905132503,0.5570017818814502,30,Puzzle,Action,0.6986763645829261,0.4564175622385303,13,1.0,0.0,0.2833333333333333,0.6660108259303241,0,0.7642454224929898,2
312,1090,Experience 1090,Puzzle,0.5586098880458512,0.4251872277402517,0.5338484342208252,0.861814417816014,19,Puzzle,Action,0.6986763645829261,0.4564175622385303,13,1.0,0.0,0.1,0.835172069637899,0,0.7372513413719748,3
312,1019,Experience 1019,Puzzle,0.5059661119161158,0.8228200647408448,0.2570325653065184,0.9988296373336586,24,Puzzle,Action,0.6986763645829261,0.4564175622385303,13,1.0,0.0,0.1833333333333333,0.5583562007235923,1,0.6951176037661027,4
312,1093,Experience 1093,Puzzle,0.5054580561223759,0.3724006037822283,0.1444497473739812,0.982987171535907,29,Puzzle,Action,0.6986763645829261,0.4564175622385303,13,1.0,0.0,0.2666666666666666,0.4457733827910551,0,0.6360690866383446,5
313,1033,Experience 1033,Simulation,0.8859147305780027,0.259942782541492,0.2648265360525452,0.1086571032622624,31,Simulation,Sports,0.6055248845564541,0.4411342744259532,19,1.0,0.0,0.2,0.6593016514960911,1,0.7640279575828312,1
313,1114,Experience 1114,Simulation,0.9094073794904848,0.2867325336723821,0.0751050358773748,0.4020477981570693,23,Simulation,Sports,0.6055248845564541,0.4411342744259532,19,1.0,0.0,0.0666666666666666,0.4695801513209207,0,0.7465844511114652,2
313,1056,Experience 1056,Simulation,0.5850817489192739,0.1274880872408227,0.8708251250831834,0.1754622465790878,53,Simulation,Sports,0.6055248845564541,0.4411342744259532,19,1.0,0.0,0.5666666666666667,0.7346997594732707,0,0.6973481200373939,3
313,1100,Experience 1100,Sports,0.8539423752816214,0.5771516782683807,0.6603015579098336,0.097787997445443,39,Simulation,Sports,0.6055248845564541,0.4411342744259532,19,0.0,1.0,0.3333333333333333,0.9452233266466206,0,0.6636795075702671,4
313,1106,Experience 1106,Sports,0.8146785788760947,0.3647619692710552,0.6750256601127794,0.7960604476258709,49,Simulation,Sports,0.6055248845564541,0.4411342744259532,19,0.0,1.0,0.5,0.9304992244436748,1,0.6160931243087453,5
314,1108,Experience 1108,Puzzle,0.8425576923542274,0.4822507608830354,0.666849920378606,0.8027206052883656,21,Puzzle,Action,0.6459511791228955,0.5143876288591537,17,1.0,0.0,0.0666666666666666,0.9791012587442894,0,0.8180684803955106,1
314,1053,Experience 1053,Puzzle,0.7426572934279929,0.7514869168546299,0.2904976508730454,0.8341208920021081,34,Puzzle,Action,0.6459511791228955,0.5143876288591537,17,1.0,0.0,0.2833333333333333,0.64454647175015,1,0.7515382344468529,2
314,1019,Experience 1019,Puzzle,0.5059661119161158,0.8228200647408448,0.2570325653065184,0.9988296373336586,24,Puzzle,Action,0.6459511791228955,0.5143876288591537,17,1.0,0.0,0.1166666666666666,0.6110813861836231,0,0.7136474420854413,3
314,1054,Experience 1054,Puzzle,0.6795756146978778,0.2537314254122666,0.2509959349159629,0.6813294726896911,34,Puzzle,Action,0.6459511791228955,0.5143876288591537,17,1.0,0.0,0.2833333333333333,0.6050447557930675,1,0.7032526733956741,4
314,1093,Experience 1093,Puzzle,0.5054580561223759,0.3724006037822283,0.1444497473739812,0.982987171535907,29,Puzzle,Action,0.6459511791228955,0.5143876288591537,17,1.0,0.0,0.2,0.4984985682510858,0,0.6564138310405,5
315,1038,Experience 1038,Creative,0.8025898263845425,0.4058560569474049,0.8087225901435202,0.8729120163870842,60,Creative,Social,0.4472193245512152,0.4809830483818709,44,1.0,0.0,0.2666666666666666,0.638496734407695,0,0.8041174817276323,1
315,1021,Experience 1021,Creative,0.6317033375365485,0.227795161908673,0.5969784094803497,0.8897794665398687,40,Creative,Social,0.4472193245512152,0.4809830483818709,44,1.0,0.0,0.0666666666666666,0.8502409150708655,0,0.7969278815394641,2
315,1095,Experience 1095,Creative,0.5802362817422383,0.4006003917193433,0.7708173982045061,0.4033544032491283,54,Creative,Social,0.4472193245512152,0.4809830483818709,44,1.0,0.0,0.1666666666666666,0.6764019263467091,1,0.7795099737302716,3
315,1085,Experience 1085,Social,0.715133524882573,0.3923165755464828,0.681782684374937,0.3715432084063615,41,Creative,Social,0.4472193245512152,0.4809830483818709,44,0.0,1.0,0.05,0.7654366401762782,0,0.7036104945930604,4
315,1074,Experience 1074,Social,0.7411737446379107,0.1336446501121093,0.5667526591354218,0.2130749343990023,32,Creative,Social,0.4472193245512152,0.4809830483818709,44,0.0,1.0,0.2,0.8804666654157934,0,0.6924885788203554,5
316,1060,Experience 1060,Strategy,0.8620933017122632,0.1051567799118504,0.3772606570904063,0.1400554046894906,58,Strategy,Adventure,0.3384788125799188,0.5204628265284188,54,1.0,0.0,0.0666666666666666,0.9612181554895124,0,0.7971683161023102,1
316,1063,Experience 1063,Strategy,0.7810917854701819,0.2349952712342425,0.5114173417348135,0.235256388415645,21,Strategy,Adventure,0.3384788125799188,0.5204628265284188,54,1.0,0.0,0.55,0.8270614708451054,0,0.7339001884451067,2
316,1066,Experience 1066,Strategy,0.5933044321129625,0.8148765601157231,0.9082281614290438,0.2645976053461583,23,Strategy,Adventure,0.3384788125799188,0.5204628265284188,54,1.0,0.0,0.5166666666666667,0.430250651150875,1,0.6892686713418187,3
316,1045,Experience 1045,Strategy,0.6865679540637682,0.4124899761623172,0.8858497306039471,0.3446408865116177,23,Strategy,Adventure,0.3384788125799188,0.5204628265284188,54,1.0,0.0,0.5166666666666667,0.4526290819759717,0,0.6851232172381574,4
316,1008,Experience 1008,Adventure,0.8415828324170402,0.3364498304651394,0.599089106012921,0.2728043301458357,40,Strategy,Adventure,0.3384788125799188,0.5204628265284188,54,0.0,1.0,0.2333333333333333,0.7393897065669979,0,0.584815578406882,5
317,1061,Experience 1061,Social,0.9515114053456256,0.4883887845440612,0.3838014404080356,0.6777086144544695,56,Social,Action,0.4039523570792578,0.28772419089315,28,1.0,0.0,0.4666666666666667,0.9798490833287776,1,0.8456550078517789,1
317,1097,Experience 1097,Social,0.6621084266035628,0.3766200397542547,0.5070806368539267,0.2458755870050586,23,Social,Action,0.4039523570792578,0.28772419089315,28,1.0,0.0,0.0833333333333333,0.8968717202253311,0,0.8155637586299828,2
317,1109,Experience 1109,Social,0.5415451963988065,0.6320276759129257,0.4602651355822746,0.2660308726216652,48,Social,Action,0.4039523570792578,0.28772419089315,28,1.0,0.0,0.3333333333333333,0.9436872214969833,1,0.7991549641354712,3
317,1042,Experience 1042,Social,0.3938579788705362,0.1390150525777733,0.8546241607610466,0.268085104820551,16,Social,Action,0.4039523570792578,0.28772419089315,28,1.0,0.0,0.2,0.5493281963182113,1,0.7095633876406018,4
317,1044,Experience 1044,Action,0.8578996664042653,0.7405382156713768,0.540545681694017,0.9388053542070384,40,Social,Action,0.4039523570792578,0.28772419089315,28,0.0,1.0,0.2,0.863406675385241,0,0.6333447053012837,5
318,1000,Experience 1000,Action,0.9096695293967186,0.6516437731703687,0.6290364009047581,0.2407530712142694,49,Action,Adventure,0.5889286927220243,0.0825365333055364,55,1.0,0.0,0.1,0.9598922918172662,1,0.8444339417540091,1
318,1055,Experience 1055,Action,0.9121309206982589,0.3826203354113438,0.2499073592941251,0.1919211614110854,38,Action,Adventure,0.5889286927220243,0.0825365333055364,55,1.0,0.0,0.2833333333333333,0.6609786665721009,0,0.7786833793761525,2
318,1086,Experience 1086,Action,0.6307900998772656,0.1325899003231649,0.3014212434741936,0.1888364204756389,42,Action,Adventure,0.5889286927220243,0.0825365333055364,55,1.0,0.0,0.2166666666666666,0.7124925507521693,1,0.7251200017395677,3
318,1017,Experience 1017,Adventure,0.8986224157650411,0.4138920991005588,0.5580723954683906,0.6429984233408326,53,Action,Adventure,0.5889286927220243,0.0825365333055364,55,0.0,1.0,0.0333333333333333,0.9691437027463664,0,0.658814268760092,4
318,1008,Experience 1008,Adventure,0.8415828324170402,0.3364498304651394,0.599089106012921,0.2728043301458357,40,Action,Adventure,0.5889286927220243,0.0825365333055364,55,0.0,1.0,0.25,0.9898395867091032,0,0.6252465042589115,5
319,1046,Experience 1046,Puzzle,0.9358581895296346,0.2937905951089806,0.3646871905132503,0.5570017818814502,30,Puzzle,Creative,0.3415878257726254,0.7765319647671018,28,1.0,0.0,0.0333333333333333,0.9769006352593752,1,0.8423305430743002,1
319,1108,Experience 1108,Puzzle,0.8425576923542274,0.4822507608830354,0.666849920378606,0.8027206052883656,21,Puzzle,Creative,0.3415878257726254,0.7765319647671018,28,1.0,0.0,0.1166666666666666,0.6747379053940195,1,0.8051563022159328,2
319,1069,Experience 1069,Puzzle,0.8068156107352968,0.6551858372056814,0.8842124935251735,0.2530347499296835,35,Puzzle,Creative,0.3415878257726254,0.7765319647671018,28,1.0,0.0,0.1166666666666666,0.4573753322474518,1,0.7943957172201404,3
319,1004,Experience 1004,Puzzle,0.809305382335664,0.5027055170834634,0.7716046143560276,0.3920600224154432,16,Puzzle,Creative,0.3415878257726254,0.7765319647671018,28,1.0,0.0,0.2,0.5699832114165979,0,0.7879884324799161,4
319,1075,Experience 1075,Puzzle,0.7701763699744956,0.5714931074517187,0.7080993700732455,0.0043057756676786,58,Puzzle,Creative,0.3415878257726254,0.7765319647671018,28,1.0,0.0,0.5,0.6334884556993798,1,0.7778448013187265,5
320,1082,Experience 1082,Adventure,0.940069744877272,0.6645999956719907,0.1368397110942475,0.0890420050750532,28,Adventure,Puzzle,0.4728144699626622,0.3751627475101245,41,1.0,0.0,0.2166666666666666,0.6640252411315853,1,0.7944012337168193,1
320,1099,Experience 1099,Adventure,0.8332801744008336,0.4077151465805127,0.8307594812615263,0.7545731382181347,49,Adventure,Puzzle,0.4728144699626622,0.3751627475101245,41,1.0,0.0,0.1333333333333333,0.6420549887011359,1,0.7822289438484591,2
320,1118,Experience 1118,Adventure,0.6594774101626886,0.3565880675711896,0.5086937555214479,0.0351168111096665,58,Adventure,Puzzle,0.4728144699626622,0.3751627475101245,41,1.0,0.0,0.2833333333333333,0.9641207144412144,1,0.7753232896856759,3
320,1073,Experience 1073,Adventure,0.687693407311507,0.5642695337399875,0.7523432280065728,0.8351257910807337,50,Adventure,Puzzle,0.4728144699626622,0.3751627475101245,41,1.0,0.0,0.15,0.7204712419560894,0,0.7705206084252615,4
320,1077,Experience 1077,Adventure,0.8965830938027713,0.1988675594053931,0.098043795325636,0.9940777724523784,46,Adventure,Puzzle,0.4728144699626622,0.3751627475101245,41,1.0,0.0,0.0833333333333333,0.6252293253629739,0,0.7615796468335023,5
321,1053,Experience 1053,Puzzle,0.7426572934279929,0.7514869168546299,0.2904976508730454,0.8341208920021081,34,Puzzle,Adventure,0.4268514020797153,0.4422305015559268,28,1.0,0.0,0.1,0.8636462487933302,1,0.7938671328864036,1
321,1075,Experience 1075,Puzzle,0.7701763699744956,0.5714931074517187,0.7080993700732455,0.0043057756676786,58,Puzzle,Adventure,0.4268514020797153,0.4422305015559268,28,1.0,0.0,0.5,0.7187520320064698,0,0.7634730874254552,2
321,1019,Experience 1019,Puzzle,0.5059661119161158,0.8228200647408448,0.2570325653065184,0.9988296373336586,24,Puzzle,Adventure,0.4268514020797153,0.4422305015559268,28,1.0,0.0,0.0666666666666666,0.8301811632268032,1,0.7499798280121381,3
321,1090,Experience 1090,Puzzle,0.5586098880458512,0.4251872277402517,0.5338484342208252,0.861814417816014,19,Puzzle,Adventure,0.4268514020797153,0.4422305015559268,28,1.0,0.0,0.15,0.8930029678588901,1,0.7474221141386507,4
321,1072,Experience 1072,Puzzle,0.7449779069249327,0.3414623639761886,0.973475515285742,0.3783180142237856,25,Puzzle,Adventure,0.4268514020797153,0.4422305015559268,28,1.0,0.0,0.05,0.4533758867939732,0,0.7458499457555676,5
322,1099,Experience 1099,Adventure,0.8332801744008336,0.4077151465805127,0.8307594812615263,0.7545731382181347,49,Adventure,Strategy,0.728461668181391,0.5167414689838953,49,1.0,0.0,0.0,0.8977021869198647,1,0.813338546342735,1
322,1017,Experience 1017,Adventure,0.8986224157650411,0.4138920991005588,0.5580723954683906,0.6429984233408326,53,Adventure,Strategy,0.728461668181391,0.5167414689838953,49,1.0,0.0,0.0666666666666666,0.8296107272869996,1,0.8069053022347025,2
322,1051,Experience 1051,Adventure,0.7608650542535511,0.4945204429565272,0.5049786641965721,0.9492935230092574,34,Adventure,Strategy,0.728461668181391,0.5167414689838953,49,1.0,0.0,0.25,0.7765169960151811,0,0.7617365598715459,3
322,1077,Experience 1077,Adventure,0.8965830938027713,0.1988675594053931,0.098043795325636,0.9940777724523784,46,Adventure,Strategy,0.728461668181391,0.5167414689838953,49,1.0,0.0,0.05,0.3695821271442451,1,0.7214800560713556,4
322,1022,Experience 1022,Adventure,0.5006486309375991,0.407575941114626,0.4697425498140824,0.908608246555642,36,Adventure,Strategy,0.728461668181391,0.5167414689838953,49,1.0,0.0,0.2166666666666666,0.7412808816326915,0,0.7020481639680496,5
323,1025,Experience 1025,Social,0.838744739121835,0.7279884901895025,0.5876677647056102,0.0811540004238993,14,Social,Strategy,0.2389536520215662,0.3166463048277639,15,1.0,0.0,0.0166666666666666,0.651285887315956,1,0.8357589087983616,1
323,1061,Experience 1061,Social,0.9515114053456256,0.4883887845440612,0.3838014404080356,0.6777086144544695,56,Social,Strategy,0.2389536520215662,0.3166463048277639,15,1.0,0.0,0.6833333333333333,0.8551522116135306,1,0.8185338718777752,2
323,1039,Experience 1039,Social,0.8194814495513689,0.2752805682140255,0.2419454802582048,0.889899007072331,47,Social,Strategy,0.2389536520215662,0.3166463048277639,15,1.0,0.0,0.5333333333333333,0.9970081717633614,1,0.8070437965737058,3
323,1097,Experience 1097,Social,0.6621084266035628,0.3766200397542547,0.5070806368539267,0.2458755870050586,23,Social,Strategy,0.2389536520215662,0.3166463048277639,15,1.0,0.0,0.1333333333333333,0.7318730151676396,0,0.7914950632500893,4
323,1085,Experience 1085,Social,0.715133524882573,0.3923165755464828,0.681782684374937,0.3715432084063615,41,Social,Strategy,0.2389536520215662,0.3166463048277639,15,1.0,0.0,0.4333333333333333,0.5571709676466292,1,0.7647962300105202,5
324,1107,Experience 1107,Social,0.7428970964662264,0.8045676070342606,0.8160785123357384,0.9076048913904824,23,Social,Puzzle,0.777153445791389,0.6495296671988612,26,1.0,0.0,0.05,0.9610749334556506,1,0.869071100165309,1
324,1025,Experience 1025,Social,0.838744739121835,0.7279884901895025,0.5876677647056102,0.0811540004238993,14,Social,Puzzle,0.777153445791389,0.6495296671988612,26,1.0,0.0,0.2,0.8105143189142212,0,0.8571667280265289,2
324,1085,Experience 1085,Social,0.715133524882573,0.3923165755464828,0.681782684374937,0.3715432084063615,41,Social,Puzzle,0.777153445791389,0.6495296671988612,26,1.0,0.0,0.25,0.904629238583548,1,0.8363673780402715,3
324,1074,Experience 1074,Social,0.7411737446379107,0.1336446501121093,0.5667526591354218,0.2130749343990023,32,Social,Puzzle,0.777153445791389,0.6495296671988612,26,1.0,0.0,0.1,0.7895992133440328,1,0.8238936903087218,4
324,1084,Experience 1084,Social,0.6722561348379004,0.2863456816441453,0.5362524927433157,0.7470758006298863,26,Social,Puzzle,0.777153445791389,0.6495296671988612,26,1.0,0.0,0.0,0.7590990469519266,1,0.8185578006877539,5
325,1067,Experience 1067,Creative,0.788764048918011,0.4580972487220676,0.5921026845821029,0.4299570499000478,43,Creative,Social,0.4674936218264769,0.0193257586104697,49,1.0,0.0,0.1,0.875390937244374,0,0.8233871622918617,1
325,1065,Experience 1065,Creative,0.7619316682455927,0.3645751585148475,0.2630179910479239,0.9645188861392016,47,Creative,Social,0.4674936218264769,0.0193257586104697,49,1.0,0.0,0.0333333333333333,0.7955243692214471,1,0.7995133867077042,2
325,1095,Experience 1095,Creative,0.5802362817422383,0.4006003917193433,0.7708173982045061,0.4033544032491283,54,Creative,Social,0.4674936218264769,0.0193257586104697,49,1.0,0.0,0.0833333333333333,0.6966762236219708,0,0.7734288992409138,3
325,1076,Experience 1076,Creative,0.7805257487778566,0.3562342599893083,0.7812983230640933,0.571167362055741,8,Creative,Social,0.4674936218264769,0.0193257586104697,49,1.0,0.0,0.6833333333333333,0.6861952987623836,0,0.7531995015625511,4
325,1014,Experience 1014,Social,0.7084360738896248,0.6919622480914536,0.5066406143622445,0.7631554898199004,35,Creative,Social,0.4674936218264769,0.0193257586104697,49,0.0,1.0,0.2333333333333333,0.9608530074642324,0,0.7059737434635173,5
326,1059,Experience 1059,Social,0.7489549716721217,0.4911530499138364,0.6826986067555766,0.9132851837019758,49,Social,Simulation,0.4198993416894621,0.6131975831985421,50,1.0,0.0,0.0166666666666666,0.7372007349338855,0,0.83368988417636,1
326,1025,Experience 1025,Social,0.838744739121835,0.7279884901895025,0.5876677647056102,0.0811540004238993,14,Social,Simulation,0.4198993416894621,0.6131975831985421,50,1.0,0.0,0.6,0.8322315769838519,0,0.8308603922085999,2
326,1085,Experience 1085,Social,0.715133524882573,0.3923165755464828,0.681782684374937,0.3715432084063615,41,Social,Simulation,0.4198993416894621,0.6131975831985421,50,1.0,0.0,0.15,0.738116657314525,1,0.8189629070325214,3
326,1074,Experience 1074,Social,0.7411737446379107,0.1336446501121093,0.5667526591354218,0.2130749343990023,32,Social,Simulation,0.4198993416894621,0.6131975831985421,50,1.0,0.0,0.3,0.8531466825540402,1,0.8110068796296612,4
326,1007,Experience 1007,Social,0.6113602755027672,0.3693255620200327,0.760432490906593,0.3138467721116466,56,Social,Simulation,0.4198993416894621,0.6131975831985421,50,1.0,0.0,0.1,0.659466850782869,0,0.8003946121078505,5
327,1023,Experience 1023,Strategy,0.934275144868182,0.4241492862896971,0.2179097364670654,0.7914514878076223,48,Strategy,Action,0.1149145876548805,0.0920044979435785,42,1.0,0.0,0.1,0.8970048511878151,1,0.7913839971662874,1
327,1011,Experience 1011,Strategy,0.8438936347604792,0.3089791482471649,0.5527453913687409,0.302964628837302,52,Strategy,Action,0.1149145876548805,0.0920044979435785,42,1.0,0.0,0.1666666666666666,0.5621691962861397,1,0.7347237254103091,2
327,1045,Experience 1045,Strategy,0.6865679540637682,0.4124899761623172,0.8858497306039471,0.3446408865116177,23,Strategy,Action,0.1149145876548805,0.0920044979435785,42,1.0,0.0,0.3166666666666666,0.2290648570509335,1,0.6498967733528642,3
327,1034,Experience 1034,Strategy,0.5016628944231066,0.7184788322001798,0.7569144817322334,0.2251776661055454,11,Strategy,Action,0.1149145876548805,0.0920044979435785,42,1.0,0.0,0.5166666666666667,0.3580001059226472,0,0.6238168361219252,4
327,1035,Experience 1035,Action,0.684933354468736,0.2628151072276272,0.2926692360835166,0.7930049789596304,54,Strategy,Action,0.1149145876548805,0.0920044979435785,42,0.0,1.0,0.2,0.8222453515713639,0,0.5373745258991369,5
328,1023,Experience 1023,Strategy,0.934275144868182,0.4241492862896971,0.2179097364670654,0.7914514878076223,48,Strategy,Sports,0.2693752217368652,0.3428522912368572,36,1.0,0.0,0.2,0.9485345147302002,1,0.8161517987842902,1
328,1094,Experience 1094,Strategy,0.777065958629862,0.5840090382012306,0.3016147592800985,0.4118434403009737,40,Strategy,Sports,0.2693752217368652,0.3428522912368572,36,1.0,0.0,0.0666666666666666,0.9677604624567666,1,0.8134150349986821,2
328,1011,Experience 1011,Strategy,0.8438936347604792,0.3089791482471649,0.5527453913687409,0.302964628837302,52,Strategy,Sports,0.2693752217368652,0.3428522912368572,36,1.0,0.0,0.2666666666666666,0.7166298303681242,1,0.7770407089019464,3
328,1066,Experience 1066,Strategy,0.5933044321129625,0.8148765601157231,0.9082281614290438,0.2645976053461583,23,Strategy,Sports,0.2693752217368652,0.3428522912368572,36,1.0,0.0,0.2166666666666666,0.3611470603078213,0,0.7215142936274639,4
328,1102,Experience 1102,Sports,0.9402838286695968,0.4125021221616953,0.1907643304361418,0.200562471321554,40,Strategy,Sports,0.2693752217368652,0.3428522912368572,36,0.0,1.0,0.0666666666666666,0.9213891086992766,0,0.6941845625100911,5
329,1060,Experience 1060,Strategy,0.8620933017122632,0.1051567799118504,0.3772606570904063,0.1400554046894906,58,Strategy,Simulation,0.2130992155218816,0.3710361233878825,31,1.0,0.0,0.45,0.8358385584314754,1,0.7341231872012888,1
329,1063,Experience 1063,Strategy,0.7810917854701819,0.2349952712342425,0.5114173417348135,0.235256388415645,21,Strategy,Simulation,0.2130992155218816,0.3710361233878825,31,1.0,0.0,0.1666666666666666,0.7016818737870683,0,0.7280469501702562,2
329,1034,Experience 1034,Strategy,0.5016628944231066,0.7184788322001798,0.7569144817322334,0.2251776661055454,11,Strategy,Simulation,0.2130992155218816,0.3710361233878825,31,1.0,0.0,0.3333333333333333,0.4561847337896483,1,0.6535876842509705,3
329,1080,Experience 1080,Strategy,0.4960287753620589,0.3772823688301061,0.669450532879556,0.5189146424870842,16,Strategy,Simulation,0.2130992155218816,0.3710361233878825,31,1.0,0.0,0.25,0.5436486826423257,0,0.6453487428160993,4
329,1033,Experience 1033,Simulation,0.8859147305780027,0.259942782541492,0.2648265360525452,0.1086571032622624,31,Strategy,Simulation,0.2130992155218816,0.3710361233878825,31,0.0,1.0,0.0,0.9482726794693364,1,0.61546542450374,5
330,1095,Experience 1095,Creative,0.5802362817422383,0.4006003917193433,0.7708173982045061,0.4033544032491283,54,Creative,Adventure,0.5869919047505022,0.3213981632775549,52,1.0,0.0,0.0333333333333333,0.8161745065459961,0,0.7696205392883907,1
330,1073,Experience 1073,Adventure,0.687693407311507,0.5642695337399875,0.7523432280065728,0.8351257910807337,50,Creative,Adventure,0.5869919047505022,0.3213981632775549,52,0.0,1.0,0.0333333333333333,0.8346486767439294,1,0.598183858568155,2
330,1118,Experience 1118,Adventure,0.6594774101626886,0.3565880675711896,0.5086937555214479,0.0351168111096665,58,Creative,Adventure,0.5869919047505022,0.3213981632775549,52,0.0,1.0,0.1,0.9217018507709456,0,0.5849092870131686,3
330,1031,Experience 1031,Adventure,0.6267069522672452,0.6020379288394027,0.9395582128996094,0.5521627033044271,46,Creative,Adventure,0.5869919047505022,0.3213981632775549,52,0.0,1.0,0.1,0.6474336918508928,1,0.5561894359091154,4
330,1117,Experience 1117,Adventure,0.4143954852484882,0.5042520610293434,0.5381695778516243,0.3991953026577904,51,Creative,Adventure,0.5869919047505022,0.3213981632775549,52,0.0,1.0,0.0166666666666666,0.951177673101122,1,0.5440414456215392,5
331,1115,Experience 1115,Simulation,0.626658707429628,0.7075065986188209,0.5404405149990236,0.2246894745458737,42,Simulation,Puzzle,0.4952131690038654,0.2137327474674393,46,1.0,0.0,0.0666666666666666,0.954772654004842,1,0.7877688835949469,1
331,1020,Experience 1020,Simulation,0.8220634578382588,0.5054615596538111,0.3982077558970217,0.6135164847298321,13,Simulation,Puzzle,0.4952131690038654,0.2137327474674393,46,1.0,0.0,0.55,0.902994586893156,0,0.7588137467667924,2
331,1016,Experience 1016,Simulation,0.6327408434291123,0.2893552650923534,0.337198205686132,0.4979318527888876,53,Simulation,Puzzle,0.4952131690038654,0.2137327474674393,46,1.0,0.0,0.1166666666666666,0.8419850366822665,0,0.7415370077014105,3
331,1114,Experience 1114,Simulation,0.9094073794904848,0.2867325336723821,0.0751050358773748,0.4020477981570693,23,Simulation,Puzzle,0.4952131690038654,0.2137327474674393,46,1.0,0.0,0.3833333333333333,0.5798918668735094,1,0.7266961203051763,4
331,1053,Experience 1053,Puzzle,0.7426572934279929,0.7514869168546299,0.2904976508730454,0.8341208920021081,34,Simulation,Puzzle,0.4952131690038654,0.2137327474674393,46,0.0,1.0,0.2,0.79528448186918,0,0.5948693627070162,5
332,1003,Experience 1003,Puzzle,0.7658593377467232,0.3759100169419204,0.0773164253661275,0.4674845394285718,49,Puzzle,Strategy,0.0850714360966424,0.8398898105977717,25,1.0,0.0,0.4,0.9922449892694852,0,0.789511401138465,1
332,1004,Experience 1004,Puzzle,0.809305382335664,0.5027055170834634,0.7716046143560276,0.3920600224154432,16,Puzzle,Strategy,0.0850714360966424,0.8398898105977717,25,1.0,0.0,0.15,0.3134668217406149,0,0.7534666802218176,2
332,1072,Experience 1072,Puzzle,0.7449779069249327,0.3414623639761886,0.973475515285742,0.3783180142237856,25,Puzzle,Strategy,0.0850714360966424,0.8398898105977717,25,1.0,0.0,0.0,0.1115959208109003,1,0.7235779780991834,3
332,1029,Experience 1029,Puzzle,0.3418174116264629,0.7473540601800795,0.2448417750345193,0.4073623878629723,57,Puzzle,Strategy,0.0850714360966424,0.8398898105977717,25,1.0,0.0,0.5333333333333333,0.8402296610621232,0,0.7056922685442684,4
332,1023,Experience 1023,Strategy,0.934275144868182,0.4241492862896971,0.2179097364670654,0.7914514878076223,48,Puzzle,Strategy,0.0850714360966424,0.8398898105977717,25,0.0,1.0,0.3833333333333333,0.867161699629577,0,0.6019121493072906,5
333,1055,Experience 1055,Action,0.9121309206982589,0.3826203354113438,0.2499073592941251,0.1919211614110854,38,Action,Adventure,0.8106062048830321,0.1783209478195007,27,1.0,0.0,0.1833333333333333,0.4393011544110929,0,0.7482354755059389,1
333,1068,Experience 1068,Action,0.698456042052288,0.2594560290757449,0.3550613668330224,0.4325155932423661,21,Action,Adventure,0.8106062048830321,0.1783209478195007,27,1.0,0.0,0.1,0.5444551619499902,0,0.7180324799390737,2
333,1032,Experience 1032,Action,0.9183909657409184,0.1782087510115781,0.2798409650960937,0.836613041032693,59,Action,Adventure,0.8106062048830321,0.1783209478195007,27,1.0,0.0,0.5333333333333333,0.4692347602130615,0,0.7107688224628596,3
333,1009,Experience 1009,Action,0.7987178764315418,0.3460501829476273,0.2238314684756084,0.130890330850495,53,Action,Adventure,0.8106062048830321,0.1783209478195007,27,1.0,0.0,0.4333333333333333,0.4132252635925764,0,0.7003688068525988,4
333,1035,Experience 1035,Action,0.684933354468736,0.2628151072276272,0.2926692360835166,0.7930049789596304,54,Action,Adventure,0.8106062048830321,0.1783209478195007,27,1.0,0.0,0.45,0.4820630312004845,1,0.6749877119484902,5
334,1075,Experience 1075,Puzzle,0.7701763699744956,0.5714931074517187,0.7080993700732455,0.0043057756676786,58,Puzzle,Creative,0.8227579943986534,0.3527269803465357,21,1.0,0.0,0.6166666666666667,0.8853413756745921,1,0.7772463182028521,1
334,1030,Experience 1030,Puzzle,0.5255875329645523,0.2576702884243441,0.6969604774228595,0.5681673512913645,13,Puzzle,Creative,0.8227579943986534,0.3527269803465357,21,1.0,0.0,0.1333333333333333,0.8742024830242061,1,0.7382767677135944,2
334,1026,Experience 1026,Puzzle,0.7847705334160814,0.4236675665053301,0.2918167090217533,0.0158055554401338,14,Puzzle,Creative,0.8227579943986534,0.3527269803465357,21,1.0,0.0,0.1166666666666666,0.4690587146231,1,0.7381162902472931,3
334,1053,Experience 1053,Puzzle,0.7426572934279929,0.7514869168546299,0.2904976508730454,0.8341208920021081,34,Puzzle,Creative,0.8227579943986534,0.3527269803465357,21,1.0,0.0,0.2166666666666666,0.4677396564743921,0,0.7368463908141654,4
334,1043,Experience 1043,Creative,0.8838983032607785,0.7641225701636372,0.5942808569171103,0.6062993981927156,47,Puzzle,Creative,0.8227579943986534,0.3527269803465357,21,0.0,1.0,0.4333333333333333,0.7715228625184569,1,0.6082301429101313,5
335,1087,Experience 1087,Creative,0.7417160017369715,0.3980069401610766,0.5803538931422866,0.1954958273965873,33,Creative,Adventure,0.6433504428454876,0.4841782213204317,25,1.0,0.0,0.1333333333333333,0.937003450296799,1,0.7937716494504025,1
335,1076,Experience 1076,Creative,0.7805257487778566,0.3562342599893083,0.7812983230640933,0.571167362055741,8,Creative,Adventure,0.6433504428454876,0.4841782213204317,25,1.0,0.0,0.2833333333333333,0.8620521197813943,0,0.7778405452596061,2
335,1095,Experience 1095,Creative,0.5802362817422383,0.4006003917193433,0.7708173982045061,0.4033544032491283,54,Creative,Adventure,0.6433504428454876,0.4841782213204317,25,1.0,0.0,0.4833333333333333,0.8725330446409815,0,0.736492163314288,3
335,1008,Experience 1008,Adventure,0.8415828324170402,0.3364498304651394,0.599089106012921,0.2728043301458357,40,Creative,Adventure,0.6433504428454876,0.4841782213204317,25,0.0,1.0,0.25,0.9557386631674334,0,0.6092660076931771,4
335,1101,Experience 1101,Adventure,0.7760911633714107,0.1624374115097873,0.2510263664566988,0.468231405693584,28,Creative,Adventure,0.6433504428454876,0.4841782213204317,25,0.0,1.0,0.05,0.6076759236112113,0,0.5226012489455647,5
336,1039,Experience 1039,Social,0.8194814495513689,0.2752805682140255,0.2419454802582048,0.889899007072331,47,Social,Simulation,0.232495507504168,0.6967037905084932,39,1.0,0.0,0.1333333333333333,0.9905500272459632,1,0.843367076874277,1
336,1014,Experience 1014,Social,0.7084360738896248,0.6919622480914536,0.5066406143622445,0.7631554898199004,35,Social,Simulation,0.232495507504168,0.6967037905084932,39,1.0,0.0,0.0666666666666666,0.7258548931419235,1,0.8287119540643051,2
336,1074,Experience 1074,Social,0.7411737446379107,0.1336446501121093,0.5667526591354218,0.2130749343990023,32,Social,Simulation,0.232495507504168,0.6967037905084932,39,1.0,0.0,0.1166666666666666,0.6657428483687462,0,0.803305003437431,3
336,1107,Experience 1107,Social,0.7428970964662264,0.8045676070342606,0.8160785123357384,0.9076048913904824,23,Social,Simulation,0.232495507504168,0.6967037905084932,39,1.0,0.0,0.2666666666666666,0.4164169951684296,1,0.7983230978159751,4
336,1048,Experience 1048,Social,0.2304789954244207,0.8328371585656826,0.2699649703256335,0.1697999737727075,60,Social,Simulation,0.232495507504168,0.6967037905084932,39,1.0,0.0,0.35,0.9625305371785344,0,0.7665076219108555,5
337,1096,Experience 1096,Adventure,0.7903170826018652,0.4751627362769494,0.5362341337297925,0.9233469677258124,13,Adventure,Strategy,0.5933828931550288,0.3679824427083856,12,1.0,0.0,0.0166666666666666,0.9428512405747635,1,0.7842137281532849,1
337,1082,Experience 1082,Adventure,0.940069744877272,0.6645999956719907,0.1368397110942475,0.0890420050750532,28,Adventure,Strategy,0.5933828931550288,0.3679824427083856,12,1.0,0.0,0.2666666666666666,0.5434568179392187,1,0.7505009281735774,2
337,1099,Experience 1099,Adventure,0.8332801744008336,0.4077151465805127,0.8307594812615263,0.7545731382181347,49,Adventure,Strategy,0.5933828931550288,0.3679824427083856,12,1.0,0.0,0.6166666666666667,0.7626234118935025,1,0.7341213136006862,3
337,1101,Experience 1101,Adventure,0.7760911633714107,0.1624374115097873,0.2510263664566988,0.468231405693584,28,Adventure,Strategy,0.5933828931550288,0.3679824427083856,12,1.0,0.0,0.2666666666666666,0.6576434733016701,0,0.7029649236114806,4
337,1057,Experience 1057,Adventure,0.6456559365327232,0.2179960435691,0.3788184780326499,0.8119882015105448,28,Adventure,Strategy,0.5933828931550288,0.3679824427083856,12,1.0,0.0,0.2666666666666666,0.7854355848776211,0,0.698455111553488,5
338,1066,Experience 1066,Strategy,0.5933044321129625,0.8148765601157231,0.9082281614290438,0.2645976053461583,23,Strategy,Social,0.4269052523504748,0.7701057525967734,34,1.0,0.0,0.1833333333333333,0.5186770909214309,1,0.7665794347569634,1
338,1061,Experience 1061,Social,0.9515114053456256,0.4883887845440612,0.3838014404080356,0.6777086144544695,56,Strategy,Social,0.4269052523504748,0.7701057525967734,34,0.0,1.0,0.3666666666666666,0.9568961880575608,1,0.7469116069035432,2
338,1034,Experience 1034,Strategy,0.5016628944231066,0.7184788322001798,0.7569144817322334,0.2251776661055454,11,Strategy,Social,0.4269052523504748,0.7701057525967734,34,1.0,0.0,0.3833333333333333,0.6699907706182413,1,0.7421180571985457,3
338,1025,Experience 1025,Social,0.838744739121835,0.7279884901895025,0.5876677647056102,0.0811540004238993,14,Strategy,Social,0.4269052523504748,0.7701057525967734,34,0.0,1.0,0.3333333333333333,0.8392374876448645,0,0.7303691856456722,4
338,1074,Experience 1074,Social,0.7411737446379107,0.1336446501121093,0.5667526591354218,0.2130749343990023,32,Strategy,Social,0.4269052523504748,0.7701057525967734,34,0.0,1.0,0.0333333333333333,0.8601525932150529,0,0.7029374247122996,5
339,1094,Experience 1094,Strategy,0.777065958629862,0.5840090382012306,0.3016147592800985,0.4118434403009737,40,Strategy,Puzzle,0.3894822405099846,0.3138241513578917,38,1.0,0.0,0.0333333333333333,0.912132518770114,1,0.7977790979525812,1
339,1011,Experience 1011,Strategy,0.8438936347604792,0.3089791482471649,0.5527453913687409,0.302964628837302,52,Strategy,Puzzle,0.3894822405099846,0.3138241513578917,38,1.0,0.0,0.2333333333333333,0.8367368491412437,0,0.781176302900717,2
339,1045,Experience 1045,Strategy,0.6865679540637682,0.4124899761623172,0.8858497306039471,0.3446408865116177,23,Strategy,Puzzle,0.3894822405099846,0.3138241513578917,38,1.0,0.0,0.25,0.5036325099060375,0,0.7167952104129804,3
339,1080,Experience 1080,Strategy,0.4960287753620589,0.3772823688301061,0.669450532879556,0.5189146424870842,16,Strategy,Puzzle,0.3894822405099846,0.3138241513578917,38,1.0,0.0,0.3666666666666666,0.7200317076304286,0,0.6855990704809074,4
339,1047,Experience 1047,Strategy,0.22550606962591,0.2148767550411004,0.6209051459122696,0.296299630453485,14,Strategy,Puzzle,0.3894822405099846,0.3138241513578917,38,1.0,0.0,0.4,0.7685770945977151,1,0.6164904383733611,5
340,1044,Experience 1044,Action,0.8578996664042653,0.7405382156713768,0.540545681694017,0.9388053542070384,40,Action,Adventure,0.4225549949557426,0.1208446930272781,20,1.0,0.0,0.3333333333333333,0.8820093132617257,1,0.802798677250817,1
340,1000,Experience 1000,Action,0.9096695293967186,0.6516437731703687,0.6290364009047581,0.2407530712142694,49,Action,Adventure,0.4225549949557426,0.1208446930272781,20,1.0,0.0,0.4833333333333333,0.7935185940509846,1,0.7951136042261511,2
340,1009,Experience 1009,Action,0.7987178764315418,0.3460501829476273,0.2238314684756084,0.130890330850495,53,Action,Adventure,0.4225549949557426,0.1208446930272781,20,1.0,0.0,0.55,0.8012764735198659,1,0.7448848293338127,3
340,1116,Experience 1116,Action,0.6678760843020042,0.5482724230839826,0.6479003468582198,0.8466710505082435,57,Action,Adventure,0.4225549949557426,0.1208446930272781,20,1.0,0.0,0.6166666666666667,0.7746546480975228,1,0.7291318649753367,4
340,1035,Experience 1035,Action,0.684933354468736,0.2628151072276272,0.2926692360835166,0.7930049789596304,54,Action,Adventure,0.4225549949557426,0.1208446930272781,20,1.0,0.0,0.5666666666666667,0.870114241127774,0,0.7217766063436784,5
341,1071,Experience 1071,Adventure,0.5432545608778258,0.5917055303234199,0.8111881708009158,0.7718493432291552,17,Adventure,Creative,0.8520961690353287,0.4570212311520882,24,1.0,0.0,0.1166666666666666,0.9590920017655872,0,0.7652943576045232,1
341,1017,Experience 1017,Adventure,0.8986224157650411,0.4138920991005588,0.5580723954683906,0.6429984233408326,53,Adventure,Creative,0.8520961690353287,0.4570212311520882,24,1.0,0.0,0.4833333333333333,0.7059762264330619,1,0.7599158016429592,2
341,1096,Experience 1096,Adventure,0.7903170826018652,0.4751627362769494,0.5362341337297925,0.9233469677258124,13,Adventure,Creative,0.8520961690353287,0.4570212311520882,24,1.0,0.0,0.1833333333333333,0.6841379646944638,0,0.7546736184468492,3
341,1101,Experience 1101,Adventure,0.7760911633714107,0.1624374115097873,0.2510263664566988,0.468231405693584,28,Adventure,Creative,0.8520961690353287,0.4570212311520882,24,1.0,0.0,0.0666666666666666,0.3989301974213701,0,0.7004353268679647,4
341,1057,Experience 1057,Adventure,0.6456559365327232,0.2179960435691,0.3788184780326499,0.8119882015105448,28,Adventure,Creative,0.8520961690353287,0.4570212311520882,24,1.0,0.0,0.0666666666666666,0.5267223089973212,0,0.6959037227521002,5
342,1011,Experience 1011,Strategy,0.8438936347604792,0.3089791482471649,0.5527453913687409,0.302964628837302,52,Strategy,Creative,0.305738819038768,0.7550764735091808,35,1.0,0.0,0.2833333333333333,0.7529934276700271,1,0.7801818294173498,1
342,1034,Experience 1034,Strategy,0.5016628944231066,0.7184788322001798,0.7569144817322334,0.2251776661055454,11,Strategy,Creative,0.305738819038768,0.7550764735091808,35,1.0,0.0,0.4,0.5488243373065346,0,0.7010229517451521,2
342,1043,Experience 1043,Creative,0.8838983032607785,0.7641225701636372,0.5942808569171103,0.6062993981927156,47,Strategy,Creative,0.305738819038768,0.7550764735091808,35,0.0,1.0,0.2,0.7114579621216577,1,0.6543364277039891,3
342,1052,Experience 1052,Creative,0.6879474895864814,0.8150878066775633,0.5427584275418881,0.4028796085076296,43,Strategy,Creative,0.305738819038768,0.7550764735091808,35,0.0,1.0,0.1333333333333333,0.7629803914968799,0,0.6262190325225794,4
342,1067,Experience 1067,Creative,0.788764048918011,0.4580972487220676,0.5921026845821029,0.4299570499000478,43,Strategy,Creative,0.305738819038768,0.7550764735091808,35,0.0,1.0,0.1333333333333333,0.7136361344566651,0,0.6180605873458473,5
343,1031,Experience 1031,Adventure,0.6267069522672452,0.6020379288394027,0.9395582128996094,0.5521627033044271,46,Adventure,Sports,0.6312557656729918,0.716920502683792,17,1.0,0.0,0.4833333333333333,0.6916975527733824,0,0.7524582100340322,1
343,1057,Experience 1057,Adventure,0.6456559365327232,0.2179960435691,0.3788184780326499,0.8119882015105448,28,Adventure,Sports,0.6312557656729918,0.716920502683792,17,1.0,0.0,0.1833333333333333,0.7475627123596581,1,0.7438533260703512,2
343,1092,Experience 1092,Sports,0.8280410369904486,0.5343815491606264,0.7426691928850321,0.6904019545155015,39,Adventure,Sports,0.6312557656729918,0.716920502683792,17,0.0,1.0,0.3666666666666666,0.8885865727879597,1,0.6645983087529779,3
343,1013,Experience 1013,Sports,0.8486275995976889,0.743877614526904,0.1274827038621261,0.2359972626205526,20,Adventure,Sports,0.6312557656729918,0.716920502683792,17,0.0,1.0,0.05,0.4962269381891343,0,0.6307018725525559,4
343,1024,Experience 1024,Sports,0.7120515552427965,0.5535760301547662,0.4935230317114728,0.4609313910731102,39,Adventure,Sports,0.6312557656729918,0.716920502683792,17,0.0,1.0,0.3666666666666666,0.862267266038481,1,0.6281300083089666,5
344,1069,Experience 1069,Puzzle,0.8068156107352968,0.6551858372056814,0.8842124935251735,0.2530347499296835,35,Puzzle,Creative,0.7323315766355128,0.6687395332542919,52,1.0,0.0,0.2833333333333333,0.8481190831103393,1,0.8265664902290416,1
344,1004,Experience 1004,Puzzle,0.809305382335664,0.5027055170834634,0.7716046143560276,0.3920600224154432,16,Puzzle,Creative,0.7323315766355128,0.6687395332542919,52,1.0,0.0,0.6,0.9607269622794852,1,0.8060133050490097,2
344,1046,Experience 1046,Puzzle,0.9358581895296346,0.2937905951089806,0.3646871905132503,0.5570017818814502,30,Puzzle,Creative,0.7323315766355128,0.6687395332542919,52,1.0,0.0,0.3666666666666666,0.6323556138777375,0,0.7852929931024409,3
344,1081,Experience 1081,Puzzle,0.5738102986510725,0.5468042713764619,0.3811493240377567,0.8099407364448706,60,Puzzle,Creative,0.7323315766355128,0.6687395332542919,52,1.0,0.0,0.1333333333333333,0.6488177474022438,1,0.7558009632694366,4
344,1026,Experience 1026,Puzzle,0.7847705334160814,0.4236675665053301,0.2918167090217533,0.0158055554401338,14,Puzzle,Creative,0.7323315766355128,0.6687395332542919,52,1.0,0.0,0.6333333333333333,0.5594851323862404,0,0.7346931922053864,5
345,1025,Experience 1025,Social,0.838744739121835,0.7279884901895025,0.5876677647056102,0.0811540004238993,14,Social,Sports,0.3972507862334924,0.4463164806783735,18,1.0,0.0,0.0666666666666666,0.8095830215278822,0,0.8674609268091263,1
345,1014,Experience 1014,Social,0.7084360738896248,0.6919622480914536,0.5066406143622445,0.7631554898199004,35,Social,Sports,0.3972507862334924,0.4463164806783735,18,1.0,0.0,0.2833333333333333,0.8906101718712479,0,0.8421112181179085,2
345,1107,Experience 1107,Social,0.7428970964662264,0.8045676070342606,0.8160785123357384,0.9076048913904824,23,Social,Sports,0.3972507862334924,0.4463164806783735,18,1.0,0.0,0.0833333333333333,0.581172273897754,1,0.8378081955175832,3
345,1097,Experience 1097,Social,0.6621084266035628,0.3766200397542547,0.5070806368539267,0.2458755870050586,23,Social,Sports,0.3972507862334924,0.4463164806783735,18,1.0,0.0,0.0833333333333333,0.8901701493795657,1,0.8358702473243553,4
345,1085,Experience 1085,Social,0.715133524882573,0.3923165755464828,0.681782684374937,0.3715432084063615,41,Social,Sports,0.3972507862334924,0.4463164806783735,18,1.0,0.0,0.3833333333333333,0.7154681018585554,1,0.8135148194811758,5
346,1092,Experience 1092,Sports,0.8280410369904486,0.5343815491606264,0.7426691928850321,0.6904019545155015,39,Sports,Creative,0.8637583587235652,0.2829636182287967,20,1.0,0.0,0.3166666666666666,0.8789108341614669,1,0.8073025463699545,1
346,1070,Experience 1070,Sports,0.9021629239090754,0.4240213755135868,0.7602726894428304,0.7757910864370905,50,Sports,Creative,0.8637583587235652,0.2829636182287967,20,1.0,0.0,0.5,0.8965143307192652,1,0.8049076971882017,2
346,1091,Experience 1091,Sports,0.6742348817628386,0.2717222536331008,0.7498162980972818,0.6422524185679935,12,Sports,Creative,0.8637583587235652,0.2829636182287967,20,1.0,0.0,0.1333333333333333,0.8860579393737166,0,0.7788909747481407,3
346,1106,Experience 1106,Sports,0.8146785788760947,0.3647619692710552,0.6750256601127794,0.7960604476258709,49,Sports,Creative,0.8637583587235652,0.2829636182287967,20,1.0,0.0,0.4833333333333333,0.8112673013892142,0,0.77586475188001,4
346,1001,Experience 1001,Sports,0.6452560499996463,0.8044840559110404,0.5776422262968883,0.3608105614175153,41,Sports,Creative,0.8637583587235652,0.2829636182287967,20,1.0,0.0,0.35,0.7138838675733231,0,0.7665399737863342,5
347,1033,Experience 1033,Simulation,0.8859147305780027,0.259942782541492,0.2648265360525452,0.1086571032622624,31,Simulation,Sports,0.3089055460005646,0.525544504754568,23,1.0,0.0,0.1333333333333333,0.9559209900519808,0,0.8110415598646501,1
347,1010,Experience 1010,Simulation,0.8201589080775701,0.1741976609077686,0.1927429310808082,0.4388217018019487,21,Simulation,Sports,0.3089055460005646,0.525544504754568,23,1.0,0.0,0.0333333333333333,0.8838373850802437,0,0.7893120664525534,2
347,1036,Experience 1036,Sports,0.9655169972756756,0.2298411882545339,0.2550485289661252,0.8478368672236546,17,Simulation,Sports,0.3089055460005646,0.525544504754568,23,0.0,1.0,0.1,0.9461429829655604,0,0.6718963522102694,3
347,1056,Experience 1056,Simulation,0.5850817489192739,0.1274880872408227,0.8708251250831834,0.1754622465790878,53,Simulation,Sports,0.3089055460005646,0.525544504754568,23,1.0,0.0,0.5,0.4380804209173812,1,0.6678100387597714,4
347,1037,Experience 1037,Sports,0.7994490651436071,0.7023148063737304,0.3263399911584964,0.9948242136208678,35,Simulation,Sports,0.3089055460005646,0.525544504754568,23,0.0,1.0,0.2,0.9825655548420682,0,0.6669234487552004,5
348,1043,Experience 1043,Creative,0.8838983032607785,0.7641225701636372,0.5942808569171103,0.6062993981927156,47,Creative,Adventure,0.36043785281113,0.6441427059372501,28,1.0,0.0,0.3166666666666666,0.7661569958940198,1,0.8114187551782737,1
348,1052,Experience 1052,Creative,0.6879474895864814,0.8150878066775633,0.5427584275418881,0.4028796085076296,43,Creative,Adventure,0.36043785281113,0.6441427059372501,28,1.0,0.0,0.25,0.817679425269242,1,0.792017558604294,2
348,1087,Experience 1087,Creative,0.7417160017369715,0.3980069401610766,0.5803538931422866,0.1954958273965873,33,Creative,Adventure,0.36043785281113,0.6441427059372501,28,1.0,0.0,0.0833333333333333,0.7800839596688435,1,0.7883879208302932,3
348,1082,Experience 1082,Adventure,0.940069744877272,0.6645999956719907,0.1368397110942475,0.0890420050750532,28,Creative,Adventure,0.36043785281113,0.6441427059372501,28,0.0,1.0,0.0,0.7764018582831175,0,0.6474512808126949,4
348,1101,Experience 1101,Adventure,0.7760911633714107,0.1624374115097873,0.2510263664566988,0.468231405693584,28,Creative,Adventure,0.36043785281113,0.6441427059372501,28,0.0,1.0,0.0,0.8905885136455687,0,0.5909818546579533,5
349,1033,Experience 1033,Simulation,0.8859147305780027,0.259942782541492,0.2648265360525452,0.1086571032622624,31,Simulation,Social,0.6630007927269038,0.8634267523996264,38,1.0,0.0,0.1166666666666666,0.6018257433256414,0,0.7911460550004846,1
349,1056,Experience 1056,Simulation,0.5850817489192739,0.1274880872408227,0.8708251250831834,0.1754622465790878,53,Simulation,Social,0.6630007927269038,0.8634267523996264,38,1.0,0.0,0.25,0.7921756676437204,1,0.7633442544389196,2
349,1016,Experience 1016,Simulation,0.6327408434291123,0.2893552650923534,0.337198205686132,0.4979318527888876,53,Simulation,Social,0.6630007927269038,0.8634267523996264,38,1.0,0.0,0.25,0.6741974129592283,1,0.7481165677091629,3
349,1112,Experience 1112,Simulation,0.2735953131794247,0.4885963348973961,0.6296328968909383,0.135038096056236,20,Simulation,Social,0.6630007927269038,0.8634267523996264,38,1.0,0.0,0.3,0.9666321041640344,0,0.7317533048625298,4
349,1059,Experience 1059,Social,0.7489549716721217,0.4911530499138364,0.6826986067555766,0.9132851837019758,49,Simulation,Social,0.6630007927269038,0.8634267523996264,38,0.0,1.0,0.1833333333333333,0.9803021859713272,0,0.7245798392453949,5
350,1020,Experience 1020,Simulation,0.8220634578382588,0.5054615596538111,0.3982077558970217,0.6135164847298321,13,Simulation,Strategy,0.8394372150627668,0.8055923706691214,25,1.0,0.0,0.2,0.5587705408342549,0,0.7372080152599366,1
350,1033,Experience 1033,Simulation,0.8859147305780027,0.259942782541492,0.2648265360525452,0.1086571032622624,31,Simulation,Strategy,0.8394372150627668,0.8055923706691214,25,1.0,0.0,0.1,0.4253893209897784,0,0.7282513692666763,2
350,1056,Experience 1056,Simulation,0.5850817489192739,0.1274880872408227,0.8708251250831834,0.1754622465790878,53,Simulation,Strategy,0.8394372150627668,0.8055923706691214,25,1.0,0.0,0.4666666666666667,0.9686120899795834,1,0.726205039690196,3
350,1112,Experience 1112,Simulation,0.2735953131794247,0.4885963348973961,0.6296328968909383,0.135038096056236,20,Simulation,Strategy,0.8394372150627668,0.8055923706691214,25,1.0,0.0,0.0833333333333333,0.7901956818281715,0,0.6773875272825689,4
350,1016,Experience 1016,Simulation,0.6327408434291123,0.2893552650923534,0.337198205686132,0.4979318527888876,53,Simulation,Strategy,0.8394372150627668,0.8055923706691214,25,1.0,0.0,0.4666666666666667,0.4977609906233653,0,0.6556851370974263,5
351,1111,Experience 1111,Sports,0.9428982678236224,0.8155250577848677,0.575778764164542,0.2547283501174674,25,Sports,Simulation,0.5158399373662297,0.3085560430507696,38,1.0,0.0,0.2166666666666666,0.9400611732016876,1,0.841594956876311,1
351,1027,Experience 1027,Sports,0.8258355726034926,0.7779980359761599,0.5071112833110228,0.4772006332829246,49,Sports,Simulation,0.5158399373662297,0.3085560430507696,38,1.0,0.0,0.1833333333333333,0.9912713459447932,1,0.8303047116271033,2
351,1092,Experience 1092,Sports,0.8280410369904486,0.5343815491606264,0.7426691928850321,0.6904019545155015,39,Sports,Simulation,0.5158399373662297,0.3085560430507696,38,1.0,0.0,0.0166666666666666,0.7731707444811976,0,0.8101716306046393,3
351,1088,Experience 1088,Sports,0.931739259022481,0.4207879774878386,0.5549692853271866,0.4100487869149942,11,Sports,Simulation,0.5158399373662297,0.3085560430507696,38,1.0,0.0,0.45,0.9608706520390432,0,0.8073400005301941,4
351,1102,Experience 1102,Sports,0.9402838286695968,0.4125021221616953,0.1907643304361418,0.200562471321554,40,Sports,Simulation,0.5158399373662297,0.3085560430507696,38,1.0,0.0,0.0333333333333333,0.6749243930699121,1,0.8004029634756726,5
352,1008,Experience 1008,Adventure,0.8415828324170402,0.3364498304651394,0.599089106012921,0.2728043301458357,40,Adventure,Action,0.5306528175317812,0.5475106100693061,54,1.0,0.0,0.2333333333333333,0.9315637115188602,1,0.8014792899059381,1
352,1118,Experience 1118,Adventure,0.6594774101626886,0.3565880675711896,0.5086937555214479,0.0351168111096665,58,Adventure,Action,0.5306528175317812,0.5475106100693061,54,1.0,0.0,0.0666666666666666,0.9780409379896668,0,0.7908000897012422,2
352,1051,Experience 1051,Adventure,0.7608650542535511,0.4945204429565272,0.5049786641965721,0.9492935230092574,34,Adventure,Action,0.5306528175317812,0.5475106100693061,54,1.0,0.0,0.3333333333333333,0.9743258466647908,0,0.7858117075359006,3
352,1117,Experience 1117,Adventure,0.4143954852484882,0.5042520610293434,0.5381695778516243,0.3991953026577904,51,Adventure,Action,0.5306528175317812,0.5475106100693061,54,1.0,0.0,0.05,0.9924832396801568,1,0.7548607613492658,4
352,1031,Experience 1031,Adventure,0.6267069522672452,0.6020379288394027,0.9395582128996094,0.5521627033044271,46,Adventure,Action,0.5306528175317812,0.5475106100693061,54,1.0,0.0,0.1333333333333333,0.5910946046321718,1,0.7511851525471596,5
353,1011,Experience 1011,Strategy,0.8438936347604792,0.3089791482471649,0.5527453913687409,0.302964628837302,52,Strategy,Puzzle,0.4970259705232384,0.046551948948759,53,1.0,0.0,0.0166666666666666,0.9442805791544976,0,0.8038700903542783,1
353,1066,Experience 1066,Strategy,0.5933044321129625,0.8148765601157231,0.9082281614290438,0.2645976053461583,23,Strategy,Puzzle,0.4970259705232384,0.046551948948759,53,1.0,0.0,0.5,0.5887978090941945,1,0.7087357512750803,2
353,1045,Experience 1045,Strategy,0.6865679540637682,0.4124899761623172,0.8858497306039471,0.3446408865116177,23,Strategy,Puzzle,0.4970259705232384,0.046551948948759,53,1.0,0.0,0.5,0.6111762399192913,0,0.7047387552207237,3
353,1047,Experience 1047,Strategy,0.22550606962591,0.2148767550411004,0.6209051459122696,0.296299630453485,14,Strategy,Puzzle,0.4970259705232384,0.046551948948759,53,1.0,0.0,0.65,0.8761208246109689,0,0.6025316743361204,4
353,1004,Experience 1004,Puzzle,0.809305382335664,0.5027055170834634,0.7716046143560276,0.3920600224154432,16,Strategy,Puzzle,0.4970259705232384,0.046551948948759,53,0.0,1.0,0.6166666666666667,0.7254213561672109,0,0.5641494291881436,5
354,1111,Experience 1111,Sports,0.9428982678236224,0.8155250577848677,0.575778764164542,0.2547283501174674,25,Sports,Simulation,0.6841401964454974,0.3512884206828245,30,1.0,0.0,0.0833333333333333,0.8916385677190446,0,0.8419817677631806,1
354,1100,Experience 1100,Sports,0.8539423752816214,0.5771516782683807,0.6603015579098336,0.097787997445443,39,Sports,Simulation,0.6841401964454974,0.3512884206828245,30,1.0,0.0,0.15,0.9761613614643362,0,0.8280777626993913,2
354,1027,Experience 1027,Sports,0.8258355726034926,0.7779980359761599,0.5071112833110228,0.4772006332829246,49,Sports,Simulation,0.6841401964454974,0.3512884206828245,30,1.0,0.0,0.3166666666666666,0.8229710868655254,0,0.8011853085950082,3
354,1024,Experience 1024,Sports,0.7120515552427965,0.5535760301547662,0.4935230317114728,0.4609313910731102,39,Sports,Simulation,0.6841401964454974,0.3512884206828245,30,1.0,0.0,0.15,0.8093828352659754,1,0.7790553715957289,4
354,1102,Experience 1102,Sports,0.9402838286695968,0.4125021221616953,0.1907643304361418,0.200562471321554,40,Sports,Simulation,0.6841401964454974,0.3512884206828245,30,1.0,0.0,0.1666666666666666,0.5066241339906444,0,0.7675887212367647,5
355,1061,Experience 1061,Social,0.9515114053456256,0.4883887845440612,0.3838014404080356,0.6777086144544695,56,Social,Puzzle,0.4307427071576286,0.391909260332754,27,1.0,0.0,0.4833333333333333,0.953058733250407,0,0.8534112739878597,1
355,1014,Experience 1014,Social,0.7084360738896248,0.6919622480914536,0.5066406143622445,0.7631554898199004,35,Social,Puzzle,0.4307427071576286,0.391909260332754,27,1.0,0.0,0.1333333333333333,0.924102092795384,1,0.8457344104043334,2
355,1107,Experience 1107,Social,0.7428970964662264,0.8045676070342606,0.8160785123357384,0.9076048913904824,23,Social,Puzzle,0.4307427071576286,0.391909260332754,27,1.0,0.0,0.0666666666666666,0.6146641948218903,1,0.8338684034256988,3
355,1074,Experience 1074,Social,0.7411737446379107,0.1336446501121093,0.5667526591354218,0.2130749343990023,32,Social,Puzzle,0.4307427071576286,0.391909260332754,27,1.0,0.0,0.0833333333333333,0.8639900480222067,1,0.8283887482884914,4
355,1084,Experience 1084,Social,0.6722561348379004,0.2863456816441453,0.5362524927433157,0.7470758006298863,26,Social,Puzzle,0.4307427071576286,0.391909260332754,27,1.0,0.0,0.0166666666666666,0.894490214414313,0,0.8273356650151911,5
356,1097,Experience 1097,Social,0.6621084266035628,0.3766200397542547,0.5070806368539267,0.2458755870050586,23,Social,Simulation,0.5395257155392911,0.5919538111194621,19,1.0,0.0,0.0666666666666666,0.9675549213146356,1,0.8224449624470286,1
356,1085,Experience 1085,Social,0.715133524882573,0.3923165755464828,0.681782684374937,0.3715432084063615,41,Social,Simulation,0.5395257155392911,0.5919538111194621,19,1.0,0.0,0.3666666666666666,0.857743031164354,1,0.8059573274376419,2
356,1012,Experience 1012,Social,0.4912469181469279,0.4504706076181689,0.5423234103127773,0.3692728413409686,11,Social,Simulation,0.5395257155392911,0.5919538111194621,19,1.0,0.0,0.1333333333333333,0.9972023052265138,1,0.7964706842441416,3
356,1042,Experience 1042,Social,0.3938579788705362,0.1390150525777733,0.8546241607610466,0.268085104820551,16,Social,Simulation,0.5395257155392911,0.5919538111194621,19,1.0,0.0,0.05,0.6849015547782444,1,0.7391716767010778,4
356,1028,Experience 1028,Simulation,0.7474374024719366,0.7598079156453001,0.9057260947827066,0.4943145335346177,16,Social,Simulation,0.5395257155392911,0.5919538111194621,19,0.0,1.0,0.05,0.6337996207565845,0,0.5843996785024901,5
357,1028,Experience 1028,Simulation,0.7474374024719366,0.7598079156453001,0.9057260947827066,0.4943145335346177,16,Simulation,Strategy,0.8413991058614791,0.3943896792101694,21,1.0,0.0,0.0833333333333333,0.9356730110787724,1,0.7929187378624252,1
357,1016,Experience 1016,Simulation,0.6327408434291123,0.2893552650923534,0.337198205686132,0.4979318527888876,53,Simulation,Strategy,0.8413991058614791,0.3943896792101694,21,1.0,0.0,0.5333333333333333,0.4957990998246528,0,0.6276850347853041,2
357,1066,Experience 1066,Strategy,0.5933044321129625,0.8148765601157231,0.9082281614290438,0.2645976053461583,23,Simulation,Strategy,0.8413991058614791,0.3943896792101694,21,0.0,1.0,0.0333333333333333,0.9331709444324352,1,0.5731308419617019,3
357,1107,Experience 1107,Social,0.7428970964662264,0.8045676070342606,0.8160785123357384,0.9076048913904824,23,Simulation,Strategy,0.8413991058614791,0.3943896792101694,21,0.0,0.0,0.0333333333333333,0.9746794064742592,0,0.5268749367079716,4
357,1034,Experience 1034,Strategy,0.5016628944231066,0.7184788322001798,0.7569144817322334,0.2251776661055454,11,Simulation,Strategy,0.8413991058614791,0.3943896792101694,21,0.0,1.0,0.1666666666666666,0.9155153758707544,0,0.5178708220300683,5
358,1061,Experience 1061,Social,0.9515114053456256,0.4883887845440612,0.3838014404080356,0.6777086144544695,56,Social,Action,0.1754573666362209,0.5869277409745547,25,1.0,0.0,0.5166666666666667,0.7916559262281854,0,0.8342595202392303,1
358,1025,Experience 1025,Social,0.838744739121835,0.7279884901895025,0.5876677647056102,0.0811540004238993,14,Social,Action,0.1754573666362209,0.5869277409745547,25,1.0,0.0,0.1833333333333333,0.5877896019306107,1,0.8314759303392623,2
358,1097,Experience 1097,Social,0.6621084266035628,0.3766200397542547,0.5070806368539267,0.2458755870050586,23,Social,Action,0.1754573666362209,0.5869277409745547,25,1.0,0.0,0.0333333333333333,0.6683767297822942,0,0.8046359476085558,3
358,1098,Experience 1098,Social,0.534058177188557,0.4459803600128759,0.2707495249900757,0.7298152463028666,35,Social,Action,0.1754573666362209,0.5869277409745547,25,1.0,0.0,0.1666666666666666,0.9047078416461451,0,0.7969866744614735,4
358,1085,Experience 1085,Social,0.715133524882573,0.3923165755464828,0.681782684374937,0.3715432084063615,41,Social,Action,0.1754573666362209,0.5869277409745547,25,1.0,0.0,0.2666666666666666,0.4936746822612838,0,0.7839495565706169,5
359,1043,Experience 1043,Creative,0.8838983032607785,0.7641225701636372,0.5942808569171103,0.6062993981927156,47,Creative,Action,0.9201673450587274,0.7590818966572539,15,1.0,0.0,0.5333333333333333,0.6741135118583829,1,0.7817583395562874,1
359,1038,Experience 1038,Creative,0.8025898263845425,0.4058560569474049,0.8087225901435202,0.8729120163870842,60,Creative,Action,0.9201673450587274,0.7590818966572539,15,1.0,0.0,0.75,0.8885552450847928,1,0.7640329210097906,2
359,1067,Experience 1067,Creative,0.788764048918011,0.4580972487220676,0.5921026845821029,0.4299570499000478,43,Creative,Action,0.9201673450587274,0.7590818966572539,15,1.0,0.0,0.4666666666666667,0.6719353395233755,1,0.7532533935428712,3
359,1095,Experience 1095,Creative,0.5802362817422383,0.4006003917193433,0.7708173982045061,0.4033544032491283,54,Creative,Action,0.9201673450587274,0.7590818966572539,15,1.0,0.0,0.65,0.8506500531457787,0,0.7255270622440285,4
359,1021,Experience 1021,Creative,0.6317033375365485,0.227795161908673,0.5969784094803497,0.8897794665398687,40,Creative,Action,0.9201673450587274,0.7590818966572539,15,1.0,0.0,0.4166666666666667,0.6768110644216223,1,0.7083745681657106,5
360,1076,Experience 1076,Creative,0.7805257487778566,0.3562342599893083,0.7812983230640933,0.571167362055741,8,Creative,Adventure,0.7353118613480741,0.4607177429489869,28,1.0,0.0,0.3333333333333333,0.9540135382839808,0,0.7846013657656097,1
360,1052,Experience 1052,Creative,0.6879474895864814,0.8150878066775633,0.5427584275418881,0.4028796085076296,43,Creative,Adventure,0.7353118613480741,0.4607177429489869,28,1.0,0.0,0.25,0.8074465661938139,1,0.780524487267898,2
360,1099,Experience 1099,Adventure,0.8332801744008336,0.4077151465805127,0.8307594812615263,0.7545731382181347,49,Creative,Adventure,0.7353118613480741,0.4607177429489869,28,0.0,1.0,0.35,0.9045523800865478,0,0.5979274014175312,3
360,1031,Experience 1031,Adventure,0.6267069522672452,0.6020379288394027,0.9395582128996094,0.5521627033044271,46,Creative,Adventure,0.7353118613480741,0.4607177429489869,28,0.0,1.0,0.3,0.7957536484484647,0,0.5531526396377324,4
360,1111,Experience 1111,Sports,0.9428982678236224,0.8155250577848677,0.575778764164542,0.2547283501174674,25,Creative,Adventure,0.7353118613480741,0.4607177429489869,28,0.0,0.0,0.05,0.8404669028164679,0,0.5319012944083169,5
361,1119,Experience 1119,Action,0.8086136050725224,0.7572883677081093,0.5086964614589882,0.1619415702496311,9,Action,Social,0.797252846343212,0.5975645816629432,30,1.0,0.0,0.35,0.7114436151157761,0,0.8202700572838407,1
361,1068,Experience 1068,Action,0.698456042052288,0.2594560290757449,0.3550613668330224,0.4325155932423661,21,Action,Social,0.797252846343212,0.5975645816629432,30,1.0,0.0,0.15,0.5578085204898104,0,0.7690239987694378,2
361,1025,Experience 1025,Social,0.838744739121835,0.7279884901895025,0.5876677647056102,0.0811540004238993,14,Action,Social,0.797252846343212,0.5975645816629432,30,0.0,1.0,0.2666666666666666,0.7904149183623982,0,0.736050134221813,3
361,1061,Experience 1061,Social,0.9515114053456256,0.4883887845440612,0.3838014404080356,0.6777086144544695,56,Action,Social,0.797252846343212,0.5975645816629432,30,0.0,1.0,0.4333333333333333,0.5865485940648236,0,0.6959982087103287,4
361,1097,Experience 1097,Social,0.6621084266035628,0.3766200397542547,0.5070806368539267,0.2458755870050586,23,Action,Social,0.797252846343212,0.5975645816629432,30,0.0,1.0,0.1166666666666666,0.7098277905107147,1,0.6750889246241238,5
362,1053,Experience 1053,Puzzle,0.7426572934279929,0.7514869168546299,0.2904976508730454,0.8341208920021081,34,Puzzle,Adventure,0.5547728965251262,0.5132876482019503,55,1.0,0.0,0.35,0.7357247543479193,1,0.7715246027535912,1
362,1081,Experience 1081,Puzzle,0.5738102986510725,0.5468042713764619,0.3811493240377567,0.8099407364448706,60,Puzzle,Adventure,0.5547728965251262,0.5132876482019503,55,1.0,0.0,0.0833333333333333,0.8263764275126305,1,0.7674862411357615,2
362,1090,Experience 1090,Puzzle,0.5586098880458512,0.4251872277402517,0.5338484342208252,0.861814417816014,19,Puzzle,Adventure,0.5547728965251262,0.5132876482019503,55,1.0,0.0,0.6,0.979075537695699,1,0.7349752038311347,3
362,1073,Experience 1073,Adventure,0.687693407311507,0.5642695337399875,0.7523432280065728,0.8351257910807337,50,Puzzle,Adventure,0.5547728965251262,0.5132876482019503,55,0.0,1.0,0.0833333333333333,0.8024296685185534,0,0.5888143958694904,4
362,1096,Experience 1096,Adventure,0.7903170826018652,0.4751627362769494,0.5362341337297925,0.9233469677258124,13,Puzzle,Adventure,0.5547728965251262,0.5132876482019503,55,0.0,1.0,0.7,0.9814612372046664,1,0.558645206894721,5
363,1033,Experience 1033,Simulation,0.8859147305780027,0.259942782541492,0.2648265360525452,0.1086571032622624,31,Simulation,Creative,0.4247397679024594,0.9878094719606008,29,1.0,0.0,0.0333333333333333,0.8400867681500859,0,0.8079907835715513,1
363,1020,Experience 1020,Simulation,0.8220634578382588,0.5054615596538111,0.3982077558970217,0.6135164847298321,13,Simulation,Creative,0.4247397679024594,0.9878094719606008,29,1.0,0.0,0.2666666666666666,0.9734679879945622,0,0.8063590073263457,2
363,1115,Experience 1115,Simulation,0.626658707429628,0.7075065986188209,0.5404405149990236,0.2246894745458737,42,Simulation,Creative,0.4247397679024594,0.9878094719606008,29,1.0,0.0,0.2166666666666666,0.8842992529034359,0,0.7874724714025362,3
363,1052,Experience 1052,Creative,0.6879474895864814,0.8150878066775633,0.5427584275418881,0.4028796085076296,43,Simulation,Creative,0.4247397679024594,0.9878094719606008,29,0.0,1.0,0.2333333333333333,0.8819813403605714,1,0.6315643316310066,4
363,1087,Experience 1087,Creative,0.7417160017369715,0.3980069401610766,0.5803538931422866,0.1954958273965873,33,Simulation,Creative,0.4247397679024594,0.9878094719606008,29,0.0,1.0,0.0666666666666666,0.8443858747601729,0,0.6264551854506965,5
364,1079,Experience 1079,Social,0.6252808613431486,0.1651788036494796,0.2355254260756802,0.2079980737084605,56,Social,Creative,0.0992858698481255,0.2591057242237811,55,1.0,0.0,0.0166666666666666,0.8637604437724453,0,0.817734629130484,1
364,1058,Experience 1058,Social,0.5666390936836835,0.5294440043668863,0.4156619036213059,0.2647117106195373,52,Social,Creative,0.0992858698481255,0.2591057242237811,55,1.0,0.0,0.05,0.6836239662268196,0,0.807525619724431,2
364,1059,Experience 1059,Social,0.7489549716721217,0.4911530499138364,0.6826986067555766,0.9132851837019758,49,Social,Creative,0.0992858698481255,0.2591057242237811,55,1.0,0.0,0.1,0.416587263092549,1,0.8036482934896708,3
364,1107,Experience 1107,Social,0.7428970964662264,0.8045676070342606,0.8160785123357384,0.9076048913904824,23,Social,Creative,0.0992858698481255,0.2591057242237811,55,1.0,0.0,0.5333333333333333,0.2832073575123872,1,0.7725171210077687,4
364,1084,Experience 1084,Social,0.6722561348379004,0.2863456816441453,0.5362524927433157,0.7470758006298863,26,Social,Creative,0.0992858698481255,0.2591057242237811,55,1.0,0.0,0.4833333333333333,0.5630333771048099,0,0.7642539321122651,5
365,1070,Experience 1070,Sports,0.9021629239090754,0.4240213755135868,0.7602726894428304,0.7757910864370905,50,Sports,Strategy,0.77377245472322,0.3809225149817947,36,1.0,0.0,0.2333333333333333,0.9865002347196103,1,0.8312388318378273,1
365,1106,Experience 1106,Sports,0.8146785788760947,0.3647619692710552,0.6750256601127794,0.7960604476258709,49,Sports,Strategy,0.77377245472322,0.3809225149817947,36,1.0,0.0,0.2166666666666666,0.9012532053895594,0,0.8051669160614853,2
365,1024,Experience 1024,Sports,0.7120515552427965,0.5535760301547662,0.4935230317114728,0.4609313910731102,39,Sports,Strategy,0.77377245472322,0.3809225149817947,36,1.0,0.0,0.05,0.7197505769882528,0,0.7846517837948088,3
365,1091,Experience 1091,Sports,0.6742348817628386,0.2717222536331008,0.7498162980972818,0.6422524185679935,12,Sports,Strategy,0.77377245472322,0.3809225149817947,36,1.0,0.0,0.4,0.9760438433740618,1,0.7705646878002957,4
365,1104,Experience 1104,Sports,0.7763284069557427,0.7928984171430337,0.1707069630824686,0.4638281104628762,33,Sports,Strategy,0.77377245472322,0.3809225149817947,36,1.0,0.0,0.05,0.3969345083592486,0,0.7593402883622078,5
366,1100,Experience 1100,Sports,0.8539423752816214,0.5771516782683807,0.6603015579098336,0.097787997445443,39,Sports,Action,0.7264910323017161,0.0857351305004636,53,1.0,0.0,0.2333333333333333,0.9338105256081176,0,0.8240510779520169,1
366,1092,Experience 1092,Sports,0.8280410369904486,0.5343815491606264,0.7426691928850321,0.6904019545155015,39,Sports,Action,0.7264910323017161,0.0857351305004636,53,1.0,0.0,0.2333333333333333,0.983821839416684,0,0.8214349931636346,2
366,1050,Experience 1050,Sports,0.6444432625143321,0.2032573812502654,0.7840857883345029,0.0579453445381299,24,Sports,Action,0.7264910323017161,0.0857351305004636,53,1.0,0.0,0.4833333333333333,0.9424052439672131,1,0.7549917974547147,3
366,1104,Experience 1104,Sports,0.7763284069557427,0.7928984171430337,0.1707069630824686,0.4638281104628762,33,Sports,Action,0.7264910323017161,0.0857351305004636,53,1.0,0.0,0.3333333333333333,0.4442159307807525,1,0.7400174721309527,4
366,1036,Experience 1036,Sports,0.9655169972756756,0.2298411882545339,0.2550485289661252,0.8478368672236546,17,Sports,Action,0.7264910323017161,0.0857351305004636,53,1.0,0.0,0.6,0.5285574966644091,0,0.7304758755506424,5
367,1100,Experience 1100,Sports,0.8539423752816214,0.5771516782683807,0.6603015579098336,0.097787997445443,39,Sports,Strategy,0.4206517655324749,0.8157873506410609,36,1.0,0.0,0.05,0.7603502076226414,1,0.8357377124567286,1
367,1102,Experience 1102,Sports,0.9402838286695968,0.4125021221616953,0.1907643304361418,0.200562471321554,40,Sports,Strategy,0.4206517655324749,0.8157873506410609,36,1.0,0.0,0.0666666666666666,0.7701125649036669,1,0.8302635081916558,2
367,1024,Experience 1024,Sports,0.7120515552427965,0.5535760301547662,0.4935230317114728,0.4609313910731102,39,Sports,Strategy,0.4206517655324749,0.8157873506410609,36,1.0,0.0,0.05,0.927128733821002,1,0.8249359888756587,3
367,1092,Experience 1092,Sports,0.8280410369904486,0.5343815491606264,0.7426691928850321,0.6904019545155015,39,Sports,Strategy,0.4206517655324749,0.8157873506410609,36,1.0,0.0,0.05,0.6779825726474429,0,0.8198849632503089,4
367,1106,Experience 1106,Sports,0.8146785788760947,0.3647619692710552,0.6750256601127794,0.7960604476258709,49,Sports,Strategy,0.4206517655324749,0.8157873506410609,36,1.0,0.0,0.2166666666666666,0.7456261054196955,0,0.8053562344697898,5
368,1017,Experience 1017,Adventure,0.8986224157650411,0.4138920991005588,0.5580723954683906,0.6429984233408326,53,Adventure,Action,0.4841505221362015,0.5432745653313108,41,1.0,0.0,0.2,0.9260781266678108,1,0.8099005904084878,1
368,1051,Experience 1051,Adventure,0.7608650542535511,0.4945204429565272,0.5049786641965721,0.9492935230092574,34,Adventure,Action,0.4841505221362015,0.5432745653313108,41,1.0,0.0,0.1166666666666666,0.9791718579396294,0,0.7971996294845506,2
368,1082,Experience 1082,Adventure,0.940069744877272,0.6645999956719907,0.1368397110942475,0.0890420050750532,28,Adventure,Action,0.4841505221362015,0.5432745653313108,41,1.0,0.0,0.2166666666666666,0.652689188958046,0,0.7871567527112533,3
368,1096,Experience 1096,Adventure,0.7903170826018652,0.4751627362769494,0.5362341337297925,0.9233469677258124,13,Adventure,Action,0.4841505221362015,0.5432745653313108,41,1.0,0.0,0.4666666666666667,0.947916388406409,0,0.7707751676996282,4
368,1031,Experience 1031,Adventure,0.6267069522672452,0.6020379288394027,0.9395582128996094,0.5521627033044271,46,Adventure,Action,0.4841505221362015,0.5432745653313108,41,1.0,0.0,0.0833333333333333,0.5445923092365921,1,0.7441172558910052,5
369,1052,Experience 1052,Creative,0.6879474895864814,0.8150878066775633,0.5427584275418881,0.4028796085076296,43,Creative,Action,0.5446470100926569,0.8495331133214674,28,1.0,0.0,0.25,0.9981114174492312,1,0.8186883885904277,1
369,1076,Experience 1076,Creative,0.7805257487778566,0.3562342599893083,0.7812983230640933,0.571167362055741,8,Creative,Action,0.5446470100926569,0.8495331133214674,28,1.0,0.0,0.3333333333333333,0.7633486870285636,1,0.7794668546337903,2
369,1062,Experience 1062,Creative,0.7566608128373626,0.2501254620138091,0.431135077105207,0.8144738760309339,50,Creative,Action,0.5446470100926569,0.8495331133214674,28,1.0,0.0,0.3666666666666666,0.8864880670125501,0,0.7766978587899794,3
369,1065,Experience 1065,Creative,0.7619316682455927,0.3645751585148475,0.2630179910479239,0.9645188861392016,47,Creative,Action,0.5446470100926569,0.8495331133214674,28,1.0,0.0,0.3166666666666666,0.718370980955267,0,0.7602782256986251,4
369,1095,Experience 1095,Creative,0.5802362817422383,0.4006003917193433,0.7708173982045061,0.4033544032491283,54,Creative,Action,0.5446470100926569,0.8495331133214674,28,1.0,0.0,0.4333333333333333,0.7738296118881508,1,0.7463839173376086,5
370,1043,Experience 1043,Creative,0.8838983032607785,0.7641225701636372,0.5942808569171103,0.6062993981927156,47,Creative,Adventure,0.7788080896009123,0.4413733735474889,30,1.0,0.0,0.2833333333333333,0.815472767316198,1,0.8091468374865437,1
370,1038,Experience 1038,Creative,0.8025898263845425,0.4058560569474049,0.8087225901435202,0.8729120163870842,60,Creative,Adventure,0.7788080896009123,0.4413733735474889,30,1.0,0.0,0.5,0.970085499457392,1,0.786047834638962,2
370,1052,Experience 1052,Creative,0.6879474895864814,0.8150878066775633,0.5427584275418881,0.4028796085076296,43,Creative,Adventure,0.7788080896009123,0.4413733735474889,30,1.0,0.0,0.2166666666666666,0.7639503379409758,1,0.7772464322943259,3
370,1095,Experience 1095,Creative,0.5802362817422383,0.4006003917193433,0.7708173982045061,0.4033544032491283,54,Creative,Adventure,0.7788080896009123,0.4413733735474889,30,1.0,0.0,0.4,0.9920093086035938,0,0.7577859427622354,4
370,1008,Experience 1008,Adventure,0.8415828324170402,0.3364498304651394,0.599089106012921,0.2728043301458357,40,Creative,Adventure,0.7788080896009123,0.4413733735474889,30,0.0,1.0,0.1666666666666666,0.8202810164120087,0,0.5932053091227772,5
371,1017,Experience 1017,Adventure,0.8986224157650411,0.4138920991005588,0.5580723954683906,0.6429984233408326,53,Adventure,Puzzle,0.7248859494973519,0.7440544810732606,26,1.0,0.0,0.45,0.8331864459710387,1,0.7926658111449083,1
371,1082,Experience 1082,Adventure,0.940069744877272,0.6645999956719907,0.1368397110942475,0.0890420050750532,28,Adventure,Puzzle,0.7248859494973519,0.7440544810732606,26,1.0,0.0,0.0333333333333333,0.4119537615968957,1,0.7821180805324134,2
371,1031,Experience 1031,Adventure,0.6267069522672452,0.6020379288394027,0.9395582128996094,0.5521627033044271,46,Adventure,Puzzle,0.7248859494973519,0.7440544810732606,26,1.0,0.0,0.3333333333333333,0.7853277365977425,0,0.7675329064498336,3
371,1101,Experience 1101,Adventure,0.7760911633714107,0.1624374115097873,0.2510263664566988,0.468231405693584,28,Adventure,Puzzle,0.7248859494973519,0.7440544810732606,26,1.0,0.0,0.0333333333333333,0.5261404169593469,1,0.738507090245638,4
371,1057,Experience 1057,Adventure,0.6456559365327232,0.2179960435691,0.3788184780326499,0.8119882015105448,28,Adventure,Puzzle,0.7248859494973519,0.7440544810732606,26,1.0,0.0,0.0333333333333333,0.653932528535298,0,0.7343329681327054,5
372,1025,Experience 1025,Social,0.838744739121835,0.7279884901895025,0.5876677647056102,0.0811540004238993,14,Social,Simulation,0.9420675812135187,0.5008622094308346,34,1.0,0.0,0.3333333333333333,0.6456001834920915,1,0.8149021354940384,1
372,1061,Experience 1061,Social,0.9515114053456256,0.4883887845440612,0.3838014404080356,0.6777086144544695,56,Social,Simulation,0.9420675812135187,0.5008622094308346,34,1.0,0.0,0.3666666666666666,0.4417338591945168,0,0.7926839936825917,2
372,1007,Experience 1007,Social,0.6113602755027672,0.3693255620200327,0.760432490906593,0.3138467721116466,56,Social,Simulation,0.9420675812135187,0.5008622094308346,34,1.0,0.0,0.3666666666666666,0.8183649096930743,1,0.7854912120178539,3
372,1079,Experience 1079,Social,0.6252808613431486,0.1651788036494796,0.2355254260756802,0.2079980737084605,56,Social,Simulation,0.9420675812135187,0.5008622094308346,34,1.0,0.0,0.3666666666666666,0.2934578448621615,0,0.6905084652773211,4
372,1028,Experience 1028,Simulation,0.7474374024719366,0.7598079156453001,0.9057260947827066,0.4943145335346177,16,Social,Simulation,0.9420675812135187,0.5008622094308346,34,0.0,1.0,0.3,0.963658513569188,0,0.6120664739479672,5
373,1085,Experience 1085,Social,0.715133524882573,0.3923165755464828,0.681782684374937,0.3715432084063615,41,Social,Simulation,0.8353046683338565,0.8119374016333243,39,1.0,0.0,0.0333333333333333,0.8464780160410805,0,0.8355280998972786,1
373,1007,Experience 1007,Social,0.6113602755027672,0.3693255620200327,0.760432490906593,0.3138467721116466,56,Social,Simulation,0.8353046683338565,0.8119374016333243,39,1.0,0.0,0.2833333333333333,0.9251278225727364,0,0.8159528308993178,2
373,1074,Experience 1074,Social,0.7411737446379107,0.1336446501121093,0.5667526591354218,0.2130749343990023,32,Social,Simulation,0.8353046683338565,0.8119374016333243,39,1.0,0.0,0.1166666666666666,0.7314479908015653,0,0.8082136020489329,3
373,1109,Experience 1109,Social,0.5415451963988065,0.6320276759129257,0.4602651355822746,0.2660308726216652,48,Social,Simulation,0.8353046683338565,0.8119374016333243,39,1.0,0.0,0.15,0.6249604672484181,1,0.7844688094334964,4
373,1058,Experience 1058,Social,0.5666390936836835,0.5294440043668863,0.4156619036213059,0.2647117106195373,52,Social,Simulation,0.8353046683338565,0.8119374016333243,39,1.0,0.0,0.2166666666666666,0.5803572352874493,0,0.7725637349714286,5
374,1111,Experience 1111,Sports,0.9428982678236224,0.8155250577848677,0.575778764164542,0.2547283501174674,25,Sports,Action,0.2933105758218123,0.458423683213463,32,1.0,0.0,0.1166666666666666,0.7175318116572704,1,0.8363883002519799,1
374,1013,Experience 1013,Sports,0.8486275995976889,0.743877614526904,0.1274827038621261,0.2359972626205526,20,Sports,Action,0.2933105758218123,0.458423683213463,32,1.0,0.0,0.2,0.8341721280403138,1,0.8157084514407634,2
374,1100,Experience 1100,Sports,0.8539423752816214,0.5771516782683807,0.6603015579098336,0.097787997445443,39,Sports,Action,0.2933105758218123,0.458423683213463,32,1.0,0.0,0.1166666666666666,0.6330090179119787,1,0.808381454343604,3
374,1024,Experience 1024,Sports,0.7120515552427965,0.5535760301547662,0.4935230317114728,0.4609313910731102,39,Sports,Action,0.2933105758218123,0.458423683213463,32,1.0,0.0,0.1166666666666666,0.7997875441103395,1,0.7962194469691987,4
374,1018,Experience 1018,Sports,0.595787399703456,0.7252492811161741,0.1405053734195307,0.867172276606706,36,Sports,Action,0.2933105758218123,0.458423683213463,32,1.0,0.0,0.0666666666666666,0.8471947975977183,0,0.7817115381241202,5
375,1034,Experience 1034,Strategy,0.5016628944231066,0.7184788322001798,0.7569144817322334,0.2251776661055454,11,Strategy,Social,0.8421065990648325,0.4926766510663687,11,1.0,0.0,0.0,0.9148078826674008,1,0.7788723136012122,1
375,1063,Experience 1063,Strategy,0.7810917854701819,0.2349952712342425,0.5114173417348135,0.235256388415645,21,Strategy,Social,0.8421065990648325,0.4926766510663687,11,1.0,0.0,0.1666666666666666,0.6693107426699809,0,0.7544018104559537,2
375,1011,Experience 1011,Strategy,0.8438936347604792,0.3089791482471649,0.5527453913687409,0.302964628837302,52,Strategy,Social,0.8421065990648325,0.4926766510663687,11,1.0,0.0,0.6833333333333333,0.7106387923039084,1,0.7404665986055068,3
375,1107,Experience 1107,Social,0.7428970964662264,0.8045676070342606,0.8160785123357384,0.9076048913904824,23,Strategy,Social,0.8421065990648325,0.4926766510663687,11,0.0,1.0,0.2,0.9739719132709058,0,0.7205033204376406,4
375,1094,Experience 1094,Strategy,0.777065958629862,0.5840090382012306,0.3016147592800985,0.4118434403009737,40,Strategy,Social,0.8421065990648325,0.4926766510663687,11,1.0,0.0,0.4833333333333333,0.4595081602152659,0,0.7146529088886326,5
376,1111,Experience 1111,Sports,0.9428982678236224,0.8155250577848677,0.575778764164542,0.2547283501174674,25,Sports,Simulation,0.8839258519014205,0.5044595642635266,19,1.0,0.0,0.1,0.6918529122631215,0,0.8205384456908874,1
376,1050,Experience 1050,Sports,0.6444432625143321,0.2032573812502654,0.7840857883345029,0.0579453445381299,24,Sports,Simulation,0.8839258519014205,0.5044595642635266,19,1.0,0.0,0.0833333333333333,0.9001599364330825,1,0.7724456119211593,2
376,1106,Experience 1106,Sports,0.8146785788760947,0.3647619692710552,0.6750256601127794,0.7960604476258709,49,Sports,Simulation,0.8839258519014205,0.5044595642635266,19,1.0,0.0,0.5,0.791099808211359,1,0.7618349892176681,3
376,1036,Experience 1036,Sports,0.9655169972756756,0.2298411882545339,0.2550485289661252,0.8478368672236546,17,Sports,Simulation,0.8839258519014205,0.5044595642635266,19,1.0,0.0,0.0333333333333333,0.3711226770647047,1,0.7470331324452819,4
376,1024,Experience 1024,Sports,0.7120515552427965,0.5535760301547662,0.4935230317114728,0.4609313910731102,39,Sports,Simulation,0.8839258519014205,0.5044595642635266,19,1.0,0.0,0.3333333333333333,0.6095971798100523,1,0.7382405054776041,5
377,1020,Experience 1020,Simulation,0.8220634578382588,0.5054615596538111,0.3982077558970217,0.6135164847298321,13,Simulation,Puzzle,0.1801930539805434,0.7562505392598083,27,1.0,0.0,0.2333333333333333,0.7819852980835217,1,0.7831442735413378,1
377,1115,Experience 1115,Simulation,0.626658707429628,0.7075065986188209,0.5404405149990236,0.2246894745458737,42,Simulation,Puzzle,0.1801930539805434,0.7562505392598083,27,1.0,0.0,0.25,0.6397525389815198,1,0.7505954275490292,2
377,1028,Experience 1028,Simulation,0.7474374024719366,0.7598079156453001,0.9057260947827066,0.4943145335346177,16,Simulation,Puzzle,0.1801930539805434,0.7562505392598083,27,1.0,0.0,0.1833333333333333,0.2744669591978368,1,0.7380352652732716,3
377,1054,Experience 1054,Puzzle,0.6795756146978778,0.2537314254122666,0.2509959349159629,0.6813294726896911,34,Simulation,Puzzle,0.1801930539805434,0.7562505392598083,27,0.0,1.0,0.1166666666666666,0.9291971190645804,1,0.5956198510965611,4
377,1003,Experience 1003,Puzzle,0.7658593377467232,0.3759100169419204,0.0773164253661275,0.4674845394285718,49,Simulation,Puzzle,0.1801930539805434,0.7562505392598083,27,0.0,1.0,0.3666666666666666,0.8971233713855842,1,0.5936742802451116,5
378,1033,Experience 1033,Simulation,0.8859147305780027,0.259942782541492,0.2648265360525452,0.1086571032622624,31,Simulation,Social,0.2743526903111704,0.7218345660907569,33,1.0,0.0,0.0333333333333333,0.9904738457413748,0,0.8356590844443812,1
378,1010,Experience 1010,Simulation,0.8201589080775701,0.1741976609077686,0.1927429310808082,0.4388217018019487,21,Simulation,Social,0.2743526903111704,0.7218345660907569,33,1.0,0.0,0.2,0.9183902407696378,1,0.7986412917360436,2
378,1115,Experience 1115,Simulation,0.626658707429628,0.7075065986188209,0.5404405149990236,0.2246894745458737,42,Simulation,Social,0.2743526903111704,0.7218345660907569,33,1.0,0.0,0.15,0.7339121753121469,1,0.788357985013325,3
378,1061,Experience 1061,Social,0.9515114053456256,0.4883887845440612,0.3838014404080356,0.6777086144544695,56,Simulation,Social,0.2743526903111704,0.7218345660907569,33,0.0,1.0,0.3833333333333333,0.8905512499031348,1,0.7271916686435279,4
378,1025,Experience 1025,Social,0.838744739121835,0.7279884901895025,0.5876677647056102,0.0811540004238993,14,Simulation,Social,0.2743526903111704,0.7218345660907569,33,0.0,1.0,0.3166666666666666,0.6866849256055603,1,0.7001427643660175,5
379,1111,Experience 1111,Sports,0.9428982678236224,0.8155250577848677,0.575778764164542,0.2547283501174674,25,Sports,Strategy,0.763203745705095,0.8721789422418657,22,1.0,0.0,0.05,0.812575018459447,1,0.852681709530462,1
379,1088,Experience 1088,Sports,0.931739259022481,0.4207879774878386,0.5549692853271866,0.4100487869149942,11,Sports,Strategy,0.763203745705095,0.8721789422418657,22,1.0,0.0,0.1833333333333333,0.7917655396220916,0,0.822194356724453,2
379,1050,Experience 1050,Sports,0.6444432625143321,0.2032573812502654,0.7840857883345029,0.0579453445381299,24,Sports,Strategy,0.763203745705095,0.8721789422418657,22,1.0,0.0,0.0333333333333333,0.979117957370592,0,0.8066697702329381,3
379,1001,Experience 1001,Sports,0.6452560499996463,0.8044840559110404,0.5776422262968883,0.3608105614175153,41,Sports,Strategy,0.763203745705095,0.8721789422418657,22,1.0,0.0,0.3166666666666666,0.8144384805917934,1,0.7934265170759175,4
379,1105,Experience 1105,Sports,0.6106599794863272,0.6391373818905719,0.6213931070244737,0.2894297075080649,54,Sports,Strategy,0.763203745705095,0.8721789422418657,22,1.0,0.0,0.5333333333333333,0.8581893613193787,0,0.7719945761127459,5
380,1116,Experience 1116,Action,0.6678760843020042,0.5482724230839826,0.6479003468582198,0.8466710505082435,57,Action,Puzzle,0.724638032160877,0.7515094468172049,39,1.0,0.0,0.3,0.9232623146973428,1,0.8116302593848749,1
380,1032,Experience 1032,Action,0.9183909657409184,0.1782087510115781,0.2798409650960937,0.836613041032693,59,Action,Puzzle,0.724638032160877,0.7515094468172049,39,1.0,0.0,0.3333333333333333,0.5552029329352167,0,0.7814616093353375,2
380,1086,Experience 1086,Action,0.6307900998772656,0.1325899003231649,0.3014212434741936,0.1888364204756389,42,Action,Puzzle,0.724638032160877,0.7515094468172049,39,1.0,0.0,0.05,0.5767832113133167,1,0.7540029285411947,3
380,1075,Experience 1075,Puzzle,0.7701763699744956,0.5714931074517187,0.7080993700732455,0.0043057756676786,58,Action,Puzzle,0.724638032160877,0.7515094468172049,39,0.0,1.0,0.3166666666666666,0.9834613379123686,0,0.6878303639085811,4
380,1064,Experience 1064,Puzzle,0.6204758892789963,0.4435351922580418,0.6632419642315316,0.276207363456566,49,Action,Puzzle,0.724638032160877,0.7515094468172049,39,0.0,1.0,0.1666666666666666,0.9386039320706546,1,0.6464070805809699,5
381,1063,Experience 1063,Strategy,0.7810917854701819,0.2349952712342425,0.5114173417348135,0.235256388415645,21,Strategy,Adventure,0.7394883439619975,0.8551350851610658,37,1.0,0.0,0.2666666666666666,0.771928997772816,0,0.7504831385569402,1
381,1023,Experience 1023,Strategy,0.934275144868182,0.4241492862896971,0.2179097364670654,0.7914514878076223,48,Strategy,Adventure,0.7394883439619975,0.8551350851610658,37,1.0,0.0,0.1833333333333333,0.478421392505068,1,0.7492494073947182,2
381,1080,Experience 1080,Strategy,0.4960287753620589,0.3772823688301061,0.669450532879556,0.5189146424870842,16,Strategy,Adventure,0.7394883439619975,0.8551350851610658,37,1.0,0.0,0.35,0.9299621889175586,1,0.718690637915027,3
381,1017,Experience 1017,Adventure,0.8986224157650411,0.4138920991005588,0.5580723954683906,0.6429984233408326,53,Strategy,Adventure,0.7394883439619975,0.8551350851610658,37,0.0,1.0,0.2666666666666666,0.8185840515063931,0,0.612971346356128,4
381,1051,Experience 1051,Adventure,0.7608650542535511,0.4945204429565272,0.5049786641965721,0.9492935230092574,34,Strategy,Adventure,0.7394883439619975,0.8551350851610658,37,0.0,1.0,0.05,0.7654903202345746,0,0.5892063860700895,5
382,1103,Experience 1103,Action,0.6677544964493587,0.4461723957193605,0.794276194278496,0.1853752728024856,59,Action,Strategy,0.3557351691078016,0.6671717711683298,28,1.0,0.0,0.5166666666666667,0.5614589748293055,0,0.7401057292903711,1
382,1063,Experience 1063,Strategy,0.7810917854701819,0.2349952712342425,0.5114173417348135,0.235256388415645,21,Action,Strategy,0.3557351691078016,0.6671717711683298,28,0.0,1.0,0.1166666666666666,0.8443178273729881,1,0.5983690364455497,2
382,1111,Experience 1111,Sports,0.9428982678236224,0.8155250577848677,0.575778764164542,0.2547283501174674,25,Action,Strategy,0.3557351691078016,0.6671717711683298,28,0.0,0.0,0.05,0.7799564049432597,0,0.5543322187063628,3
382,1045,Experience 1045,Strategy,0.6865679540637682,0.4124899761623172,0.8858497306039471,0.3446408865116177,23,Action,Strategy,0.3557351691078016,0.6671717711683298,28,0.0,1.0,0.0833333333333333,0.4698854385038544,0,0.5403097650754753,4
382,1046,Experience 1046,Puzzle,0.9358581895296346,0.2937905951089806,0.3646871905132503,0.5570017818814502,30,Action,Strategy,0.3557351691078016,0.6671717711683298,28,0.0,0.0,0.0333333333333333,0.9910479785945512,0,0.5300019876994169,5
383,1052,Experience 1052,Creative,0.6879474895864814,0.8150878066775633,0.5427584275418881,0.4028796085076296,43,Creative,Sports,0.1940890957788676,0.2474164822837347,34,1.0,0.0,0.15,0.6513306682369795,1,0.7945494107077745,1
383,1110,Experience 1110,Creative,0.8487034770737338,0.6513439158584452,0.7080979103356375,0.2741343936886083,18,Creative,Sports,0.1940890957788676,0.2474164822837347,34,1.0,0.0,0.2666666666666666,0.4859911854432301,0,0.7879076154540282,2
383,1038,Experience 1038,Creative,0.8025898263845425,0.4058560569474049,0.8087225901435202,0.8729120163870842,60,Creative,Sports,0.1940890957788676,0.2474164822837347,34,1.0,0.0,0.4333333333333333,0.3853665056353474,0,0.7448356256667513,3
383,1076,Experience 1076,Creative,0.7805257487778566,0.3562342599893083,0.7812983230640933,0.571167362055741,8,Creative,Sports,0.1940890957788676,0.2474164822837347,34,1.0,0.0,0.4333333333333333,0.4127907727147744,0,0.7350988206432784,4
383,1095,Experience 1095,Creative,0.5802362817422383,0.4006003917193433,0.7708173982045061,0.4033544032491283,54,Creative,Sports,0.1940890957788676,0.2474164822837347,34,1.0,0.0,0.3333333333333333,0.4232716975743615,0,0.7154165319110565,5
384,1000,Experience 1000,Action,0.9096695293967186,0.6516437731703687,0.6290364009047581,0.2407530712142694,49,Action,Social,0.428115807036473,0.5807883083036592,16,1.0,0.0,0.55,0.799079406131715,1,0.8325299293913044,1
384,1055,Experience 1055,Action,0.9121309206982589,0.3826203354113438,0.2499073592941251,0.1919211614110854,38,Action,Social,0.428115807036473,0.5807883083036592,16,1.0,0.0,0.3666666666666666,0.8217915522576521,0,0.8251268678386663,2
384,1009,Experience 1009,Action,0.7987178764315418,0.3460501829476273,0.2238314684756084,0.130890330850495,53,Action,Social,0.428115807036473,0.5807883083036592,16,1.0,0.0,0.6166666666666667,0.7957156614391354,1,0.7877318810058713,3
384,1086,Experience 1086,Action,0.6307900998772656,0.1325899003231649,0.3014212434741936,0.1888364204756389,42,Action,Social,0.428115807036473,0.5807883083036592,16,1.0,0.0,0.4333333333333333,0.8733054364377206,0,0.7698113206731637,4
384,1061,Experience 1061,Social,0.9515114053456256,0.4883887845440612,0.3838014404080356,0.6777086144544695,56,Action,Social,0.428115807036473,0.5807883083036592,16,0.0,1.0,0.6666666666666666,0.9556856333715624,1,0.7271705094129945,5
385,1111,Experience 1111,Sports,0.9428982678236224,0.8155250577848677,0.575778764164542,0.2547283501174674,25,Sports,Puzzle,0.6002609136687257,0.1877854712895993,16,1.0,0.0,0.15,0.9755178504958164,1,0.8531887565216373,1
385,1036,Experience 1036,Sports,0.9655169972756756,0.2298411882545339,0.2550485289661252,0.8478368672236546,17,Sports,Puzzle,0.6002609136687257,0.1877854712895993,16,1.0,0.0,0.0166666666666666,0.6547876152973995,1,0.7942596806799669,2
385,1106,Experience 1106,Sports,0.8146785788760947,0.3647619692710552,0.6750256601127794,0.7960604476258709,49,Sports,Puzzle,0.6002609136687257,0.1877854712895993,16,1.0,0.0,0.55,0.9252352535559464,1,0.7853571290799085,3
385,1024,Experience 1024,Sports,0.7120515552427965,0.5535760301547662,0.4935230317114728,0.4609313910731102,39,Sports,Puzzle,0.6002609136687257,0.1877854712895993,16,1.0,0.0,0.3833333333333333,0.8932621180427471,1,0.7818835768152154,4
385,1102,Experience 1102,Sports,0.9402838286695968,0.4125021221616953,0.1907643304361418,0.200562471321554,40,Sports,Puzzle,0.6002609136687257,0.1877854712895993,16,1.0,0.0,0.4,0.5905034167674161,1,0.7705204700774776,5
386,1063,Experience 1063,Strategy,0.7810917854701819,0.2349952712342425,0.5114173417348135,0.235256388415645,21,Strategy,Adventure,0.7645307742375849,0.6573773669372732,45,1.0,0.0,0.4,0.7468865674972286,1,0.7315766325533566,1
386,1080,Experience 1080,Strategy,0.4960287753620589,0.3772823688301061,0.669450532879556,0.5189146424870842,16,Strategy,Adventure,0.7645307742375849,0.6573773669372732,45,1.0,0.0,0.4833333333333333,0.9049197586419712,1,0.6983434314799803,2
386,1099,Experience 1099,Adventure,0.8332801744008336,0.4077151465805127,0.8307594812615263,0.7545731382181347,49,Strategy,Adventure,0.7645307742375849,0.6573773669372732,45,0.0,1.0,0.0666666666666666,0.9337712929760584,0,0.6379325648592812,3
386,1051,Experience 1051,Adventure,0.7608650542535511,0.4945204429565272,0.5049786641965721,0.9492935230092574,34,Strategy,Adventure,0.7645307742375849,0.6573773669372732,45,0.0,1.0,0.1833333333333333,0.7404478899589872,0,0.5651601679669788,4
386,1082,Experience 1082,Adventure,0.940069744877272,0.6645999956719907,0.1368397110942475,0.0890420050750532,28,Strategy,Adventure,0.7645307742375849,0.6573773669372732,45,0.0,1.0,0.2833333333333333,0.3723089368566626,0,0.542831530305979,5
387,1011,Experience 1011,Strategy,0.8438936347604792,0.3089791482471649,0.5527453913687409,0.302964628837302,52,Strategy,Social,0.6494131433087701,0.5233598220639041,16,1.0,0.0,0.6,0.9033322480599708,1,0.7770640382729057,1
387,1094,Experience 1094,Strategy,0.777065958629862,0.5840090382012306,0.3016147592800985,0.4118434403009737,40,Strategy,Social,0.6494131433087701,0.5233598220639041,16,1.0,0.0,0.4,0.6522016159713284,1,0.7536795159463299,2
387,1023,Experience 1023,Strategy,0.934275144868182,0.4241492862896971,0.2179097364670654,0.7914514878076223,48,Strategy,Social,0.6494131433087701,0.5233598220639041,16,1.0,0.0,0.5333333333333333,0.5684965931582954,1,0.7485706024656242,3
387,1025,Experience 1025,Social,0.838744739121835,0.7279884901895025,0.5876677647056102,0.0811540004238993,14,Strategy,Social,0.6494131433087701,0.5233598220639041,16,0.0,1.0,0.0333333333333333,0.93825462139684,0,0.7483595652470979,4
387,1060,Experience 1060,Strategy,0.8620933017122632,0.1051567799118504,0.3772606570904063,0.1400554046894906,58,Strategy,Social,0.6494131433087701,0.5233598220639041,16,1.0,0.0,0.7,0.7278475137816363,0,0.7356788236177126,5
388,1066,Experience 1066,Strategy,0.5933044321129625,0.8148765601157231,0.9082281614290438,0.2645976053461583,23,Strategy,Sports,0.6866188142420376,0.5170718944267106,34,1.0,0.0,0.1833333333333333,0.7783906528129938,0,0.7798540160044629,1
388,1080,Experience 1080,Strategy,0.4960287753620589,0.3772823688301061,0.669450532879556,0.5189146424870842,16,Strategy,Sports,0.6866188142420376,0.5170718944267106,34,1.0,0.0,0.3,0.9828317186375184,0,0.7450384868810076,2
388,1100,Experience 1100,Sports,0.8539423752816214,0.5771516782683807,0.6603015579098336,0.097787997445443,39,Strategy,Sports,0.6866188142420376,0.5170718944267106,34,0.0,1.0,0.0833333333333333,0.973682743667796,1,0.7095869575606921,3
388,1092,Experience 1092,Sports,0.8280410369904486,0.5343815491606264,0.7426691928850321,0.6904019545155015,39,Strategy,Sports,0.6866188142420376,0.5170718944267106,34,0.0,1.0,0.0833333333333333,0.9439496213570056,1,0.6940687412358905,4
388,1070,Experience 1070,Sports,0.9021629239090754,0.4240213755135868,0.7602726894428304,0.7757910864370905,50,Strategy,Sports,0.6866188142420376,0.5170718944267106,34,0.0,1.0,0.2666666666666666,0.9263461247992072,0,0.6854781360476184,5
389,1052,Experience 1052,Creative,0.6879474895864814,0.8150878066775633,0.5427584275418881,0.4028796085076296,43,Creative,Action,0.3235307304068742,0.1727998332612388,17,1.0,0.0,0.4333333333333333,0.7807723028649861,1,0.7558026058838847,1
389,1044,Experience 1044,Action,0.8578996664042653,0.7405382156713768,0.540545681694017,0.9388053542070384,40,Creative,Action,0.3235307304068742,0.1727998332612388,17,0.0,1.0,0.3833333333333333,0.7829850487128572,1,0.5946554934935699,2
389,1006,Experience 1006,Action,0.8770181756508404,0.5275353377269014,0.8047332447846338,0.7517807092307816,28,Creative,Action,0.3235307304068742,0.1727998332612388,17,0.0,1.0,0.1833333333333333,0.5187974856222404,0,0.5684526931178374,3
389,1025,Experience 1025,Social,0.838744739121835,0.7279884901895025,0.5876677647056102,0.0811540004238993,14,Creative,Action,0.3235307304068742,0.1727998332612388,17,0.0,0.0,0.05,0.735862965701264,0,0.5186580798114454,4
389,1061,Experience 1061,Social,0.9515114053456256,0.4883887845440612,0.3838014404080356,0.6777086144544695,56,Creative,Action,0.3235307304068742,0.1727998332612388,17,0.0,0.0,0.65,0.9397292899988384,1,0.4955549425619139,5
390,1073,Experience 1073,Adventure,0.687693407311507,0.5642695337399875,0.7523432280065728,0.8351257910807337,50,Adventure,Strategy,0.5725077033210729,0.303162685306629,12,1.0,0.0,0.6333333333333333,0.8201644753145001,1,0.715370214971244,1
390,1031,Experience 1031,Adventure,0.6267069522672452,0.6020379288394027,0.9395582128996094,0.5521627033044271,46,Adventure,Strategy,0.5725077033210729,0.303162685306629,12,1.0,0.0,0.5666666666666667,0.6329494904214635,0,0.6911798686220252,2
390,1022,Experience 1022,Adventure,0.5006486309375991,0.407575941114626,0.4697425498140824,0.908608246555642,36,Adventure,Strategy,0.5725077033210729,0.303162685306629,12,1.0,0.0,0.4,0.8972348464930096,1,0.6850195807317109,3
390,1077,Experience 1077,Adventure,0.8965830938027713,0.1988675594053931,0.098043795325636,0.9940777724523784,46,Adventure,Strategy,0.5725077033210729,0.303162685306629,12,1.0,0.0,0.5666666666666667,0.5255360920045631,0,0.6750521575233582,4
390,1011,Experience 1011,Strategy,0.8438936347604792,0.3089791482471649,0.5527453913687409,0.302964628837302,52,Adventure,Strategy,0.5725077033210729,0.303162685306629,12,0.0,1.0,0.6666666666666666,0.980237688047668,1,0.5419375466687689,5
391,1067,Experience 1067,Creative,0.788764048918011,0.4580972487220676,0.5921026845821029,0.4299570499000478,43,Creative,Sports,0.5309050657005182,0.1722005091784924,52,1.0,0.0,0.15,0.9388023811184152,0,0.8259480070202796,1
391,1087,Experience 1087,Creative,0.7417160017369715,0.3980069401610766,0.5803538931422866,0.1954958273965873,33,Creative,Sports,0.5309050657005182,0.1722005091784924,52,1.0,0.0,0.3166666666666666,0.9505511725582316,0,0.8068128736470562,2
391,1111,Experience 1111,Sports,0.9428982678236224,0.8155250577848677,0.575778764164542,0.2547283501174674,25,Creative,Sports,0.5309050657005182,0.1722005091784924,52,0.0,1.0,0.45,0.9551263015359762,1,0.7071497177584544,3
391,1100,Experience 1100,Sports,0.8539423752816214,0.5771516782683807,0.6603015579098336,0.097787997445443,39,Creative,Sports,0.5309050657005182,0.1722005091784924,52,0.0,1.0,0.2166666666666666,0.8706035077906846,0,0.6873804275897591,4
391,1106,Experience 1106,Sports,0.8146785788760947,0.3647619692710552,0.6750256601127794,0.7960604476258709,49,Creative,Sports,0.5309050657005182,0.1722005091784924,52,0.0,1.0,0.05,0.8558794055877388,0,0.6729858244071045,5
392,1108,Experience 1108,Puzzle,0.8425576923542274,0.4822507608830354,0.666849920378606,0.8027206052883656,21,Puzzle,Sports,0.3733902248992331,0.4147647454489345,30,1.0,0.0,0.15,0.7065403045206271,0,0.8077817620296225,1
392,1003,Experience 1003,Puzzle,0.7658593377467232,0.3759100169419204,0.0773164253661275,0.4674845394285718,49,Puzzle,Sports,0.3733902248992331,0.4147647454489345,30,1.0,0.0,0.3166666666666666,0.7039262004668945,0,0.7681933328520849,2
392,1090,Experience 1090,Puzzle,0.5586098880458512,0.4251872277402517,0.5338484342208252,0.861814417816014,19,Puzzle,Sports,0.3733902248992331,0.4147647454489345,30,1.0,0.0,0.1833333333333333,0.839541790678408,1,0.7654988396223659,3
392,1072,Experience 1072,Puzzle,0.7449779069249327,0.3414623639761886,0.973475515285742,0.3783180142237856,25,Puzzle,Sports,0.3733902248992331,0.4147647454489345,30,1.0,0.0,0.0833333333333333,0.399914709613491,0,0.7640036622759077,4
392,1064,Experience 1064,Puzzle,0.6204758892789963,0.4435351922580418,0.6632419642315316,0.276207363456566,49,Puzzle,Sports,0.3733902248992331,0.4147647454489345,30,1.0,0.0,0.3166666666666666,0.7101482606677015,1,0.7639811591391416,5
393,1056,Experience 1056,Simulation,0.5850817489192739,0.1274880872408227,0.8708251250831834,0.1754622465790878,53,Simulation,Action,0.9234794838805558,0.8566816535137465,35,1.0,0.0,0.3,0.9473456412026277,0,0.7428672659101081,1
393,1006,Experience 1006,Action,0.8770181756508404,0.5275353377269014,0.8047332447846338,0.7517807092307816,28,Simulation,Action,0.9234794838805558,0.8566816535137465,35,0.0,1.0,0.1166666666666666,0.881253760904078,0,0.6474526051279811,2
393,1103,Experience 1103,Action,0.6677544964493587,0.4461723957193605,0.794276194278496,0.1853752728024856,59,Simulation,Action,0.9234794838805558,0.8566816535137465,35,0.0,1.0,0.4,0.8707967103979403,0,0.5722051344663596,3
393,1055,Experience 1055,Action,0.9121309206982589,0.3826203354113438,0.2499073592941251,0.1919211614110854,38,Simulation,Action,0.9234794838805558,0.8566816535137465,35,0.0,1.0,0.05,0.3264278754135694,0,0.5455716026916219,4
393,1069,Experience 1069,Puzzle,0.8068156107352968,0.6551858372056814,0.8842124935251735,0.2530347499296835,35,Simulation,Action,0.9234794838805558,0.8566816535137465,35,0.0,0.0,0.0,0.9607330096446176,1,0.5157454961328152,5
394,1020,Experience 1020,Simulation,0.8220634578382588,0.5054615596538111,0.3982077558970217,0.6135164847298321,13,Simulation,Adventure,0.4085616346415379,0.2181477255034297,38,1.0,0.0,0.4166666666666667,0.9896461212554838,0,0.7632219406352556,1
394,1016,Experience 1016,Simulation,0.6327408434291123,0.2893552650923534,0.337198205686132,0.4979318527888876,53,Simulation,Adventure,0.4085616346415379,0.2181477255034297,38,1.0,0.0,0.25,0.9286365710445942,0,0.7242747730809466,2
394,1010,Experience 1010,Simulation,0.8201589080775701,0.1741976609077686,0.1927429310808082,0.4388217018019487,21,Simulation,Adventure,0.4085616346415379,0.2181477255034297,38,1.0,0.0,0.2833333333333333,0.7841812964392704,1,0.7232353732898751,3
394,1082,Experience 1082,Adventure,0.940069744877272,0.6645999956719907,0.1368397110942475,0.0890420050750532,28,Simulation,Adventure,0.4085616346415379,0.2181477255034297,38,0.0,1.0,0.1666666666666666,0.7282780764527096,1,0.5852953334907315,4
394,1008,Experience 1008,Adventure,0.8415828324170402,0.3364498304651394,0.599089106012921,0.2728043301458357,40,Simulation,Adventure,0.4085616346415379,0.2181477255034297,38,0.0,1.0,0.0333333333333333,0.8094725286286168,0,0.5818441785775631,5
395,1103,Experience 1103,Action,0.6677544964493587,0.4461723957193605,0.794276194278496,0.1853752728024856,59,Action,Creative,0.5615847859142159,0.3239669365078859,18,1.0,0.0,0.6833333333333333,0.7673085916357198,1,0.7456800403265983,1
395,1009,Experience 1009,Action,0.7987178764315418,0.3460501829476273,0.2238314684756084,0.130890330850495,53,Action,Creative,0.5615847859142159,0.3239669365078859,18,1.0,0.0,0.5833333333333334,0.6622466825613926,0,0.7418538625898895,2
395,1052,Experience 1052,Creative,0.6879474895864814,0.8150878066775633,0.5427584275418881,0.4028796085076296,43,Action,Creative,0.5615847859142159,0.3239669365078859,18,0.0,1.0,0.4166666666666667,0.9811736416276722,1,0.6254188895041031,3
395,1076,Experience 1076,Creative,0.7805257487778566,0.3562342599893083,0.7812983230640933,0.571167362055741,8,Action,Creative,0.5615847859142159,0.3239669365078859,18,0.0,1.0,0.1666666666666666,0.7802864628501226,0,0.6063826707667493,4
395,1088,Experience 1088,Sports,0.931739259022481,0.4207879774878386,0.5549692853271866,0.4100487869149942,11,Action,Creative,0.5615847859142159,0.3239669365078859,18,0.0,0.0,0.1166666666666666,0.9933844994129708,1,0.5352606648023249,5
396,1025,Experience 1025,Social,0.838744739121835,0.7279884901895025,0.5876677647056102,0.0811540004238993,14,Social,Puzzle,0.3161902131739861,0.3591831099395907,35,1.0,0.0,0.35,0.7285224484683759,0,0.8403037292923775,1
396,1074,Experience 1074,Social,0.7411737446379107,0.1336446501121093,0.5667526591354218,0.2130749343990023,32,Social,Puzzle,0.3161902131739861,0.3591831099395907,35,1.0,0.0,0.05,0.7494375540385643,1,0.8213202931454808,2
396,1098,Experience 1098,Social,0.534058177188557,0.4459803600128759,0.2707495249900757,0.7298152463028666,35,Social,Puzzle,0.3161902131739861,0.3591831099395907,35,1.0,0.0,0.0,0.9545593118160896,0,0.8188249101073859,3
396,1059,Experience 1059,Social,0.7489549716721217,0.4911530499138364,0.6826986067555766,0.9132851837019758,49,Social,Puzzle,0.3161902131739861,0.3591831099395907,35,1.0,0.0,0.2333333333333333,0.6334916064184095,0,0.8151730513915536,4
396,1109,Experience 1109,Social,0.5415451963988065,0.6320276759129257,0.4602651355822746,0.2660308726216652,48,Social,Puzzle,0.3161902131739861,0.3591831099395907,35,1.0,0.0,0.2166666666666666,0.8559250775917115,1,0.8134713990549534,5
397,1046,Experience 1046,Puzzle,0.9358581895296346,0.2937905951089806,0.3646871905132503,0.5570017818814502,30,Puzzle,Social,0.6296935751904981,0.3913656715453105,24,1.0,0.0,0.1,0.7349936153227523,1,0.8162124487405499,1
397,1053,Experience 1053,Puzzle,0.7426572934279929,0.7514869168546299,0.2904976508730454,0.8341208920021081,34,Puzzle,Social,0.6296935751904981,0.3913656715453105,24,1.0,0.0,0.1666666666666666,0.6608040756825474,0,0.7912735702517328,2
397,1030,Experience 1030,Puzzle,0.5255875329645523,0.2576702884243441,0.6969604774228595,0.5681673512913645,13,Puzzle,Social,0.6296935751904981,0.3913656715453105,24,1.0,0.0,0.1833333333333333,0.9327330977676386,0,0.7690543467544128,3
397,1019,Experience 1019,Puzzle,0.5059661119161158,0.8228200647408448,0.2570325653065184,0.9988296373336586,24,Puzzle,Social,0.6296935751904981,0.3913656715453105,24,1.0,0.0,0.0,0.6273389901160205,0,0.7574870798827004,4
397,1025,Experience 1025,Social,0.838744739121835,0.7279884901895025,0.5876677647056102,0.0811540004238993,14,Puzzle,Social,0.6296935751904981,0.3913656715453105,24,0.0,1.0,0.1666666666666666,0.9579741895151122,1,0.7391684229779258,5
398,1114,Experience 1114,Simulation,0.9094073794904848,0.2867325336723821,0.0751050358773748,0.4020477981570693,23,Simulation,Sports,0.8295034862653644,0.1918642649032614,55,1.0,0.0,0.5333333333333333,0.2456015496120104,0,0.6765463345742424,1
398,1010,Experience 1010,Simulation,0.8201589080775701,0.1741976609077686,0.1927429310808082,0.4388217018019487,21,Simulation,Sports,0.8295034862653644,0.1918642649032614,55,1.0,0.0,0.5666666666666667,0.3632394448154439,0,0.6673779153273326,2
398,1027,Experience 1027,Sports,0.8258355726034926,0.7779980359761599,0.5071112833110228,0.4772006332829246,49,Simulation,Sports,0.8295034862653644,0.1918642649032614,55,0.0,1.0,0.1,0.6776077970456584,0,0.6460112206994746,3
398,1106,Experience 1106,Sports,0.8146785788760947,0.3647619692710552,0.6750256601127794,0.7960604476258709,49,Simulation,Sports,0.8295034862653644,0.1918642649032614,55,0.0,1.0,0.1,0.845522173847415,0,0.6442652784552537,4
398,1041,Experience 1041,Sports,0.6879201981801872,0.7175911275892214,0.4277301159158936,0.4016616340093764,51,Simulation,Sports,0.8295034862653644,0.1918642649032614,55,0.0,1.0,0.0666666666666666,0.5982266296505292,0,0.5969900355079624,5
399,1028,Experience 1028,Simulation,0.7474374024719366,0.7598079156453001,0.9057260947827066,0.4943145335346177,16,Simulation,Creative,0.4273274984830028,0.726408962355452,13,1.0,0.0,0.05,0.5216014037002962,1,0.7685463933935812,1
399,1114,Experience 1114,Simulation,0.9094073794904848,0.2867325336723821,0.0751050358773748,0.4020477981570693,23,Simulation,Creative,0.4273274984830028,0.726408962355452,13,1.0,0.0,0.1666666666666666,0.6477775373943722,0,0.7578092526947738,2
399,1010,Experience 1010,Simulation,0.8201589080775701,0.1741976609077686,0.1927429310808082,0.4388217018019487,21,Simulation,Creative,0.4273274984830028,0.726408962355452,13,1.0,0.0,0.1333333333333333,0.7654154325978055,0,0.7553258360535695,3
399,1115,Experience 1115,Simulation,0.626658707429628,0.7075065986188209,0.5404405149990236,0.2246894745458737,42,Simulation,Creative,0.4273274984830028,0.726408962355452,13,1.0,0.0,0.4833333333333333,0.8868869834839792,0,0.7524119973835598,4
399,1078,Experience 1078,Simulation,0.9139745006021852,0.4875947260651535,0.1081242288365573,0.0386443098268846,51,Simulation,Creative,0.4273274984830028,0.726408962355452,13,1.0,0.0,0.6333333333333333,0.6807967303535545,0,0.7459417204079397,5
400,1033,Experience 1033,Simulation,0.8859147305780027,0.259942782541492,0.2648265360525452,0.1086571032622624,31,Simulation,Action,0.4871428151418747,0.592587408568616,55,1.0,0.0,0.4,0.7776837209106705,1,0.7603885506423247,1
400,1028,Experience 1028,Simulation,0.7474374024719366,0.7598079156453001,0.9057260947827066,0.4943145335346177,16,Simulation,Action,0.4871428151418747,0.592587408568616,55,1.0,0.0,0.65,0.5814167203591681,1,0.7297456976564012,2
400,1010,Experience 1010,Simulation,0.8201589080775701,0.1741976609077686,0.1927429310808082,0.4388217018019487,21,Simulation,Action,0.4871428151418747,0.592587408568616,55,1.0,0.0,0.5666666666666667,0.7056001159389336,0,0.7122541455888031,3
400,1014,Experience 1014,Social,0.7084360738896248,0.6919622480914536,0.5066406143622445,0.7631554898199004,35,Simulation,Action,0.4871428151418747,0.592587408568616,55,0.0,0.0,0.3333333333333333,0.9805022007796302,0,0.5057062075384245,4
400,1111,Experience 1111,Sports,0.9428982678236224,0.8155250577848677,0.575778764164542,0.2547283501174674,25,Simulation,Action,0.4871428151418747,0.592587408568616,55,0.0,0.0,0.5,0.9113640509773328,1,0.5026966078286217,5
401,1006,Experience 1006,Action,0.8770181756508404,0.5275353377269014,0.8047332447846338,0.7517807092307816,28,Action,Social,0.926607953674778,0.3283058998065573,30,1.0,0.0,0.0333333333333333,0.8781252911098557,1,0.8507638403675898,1
401,1119,Experience 1119,Action,0.8086136050725224,0.7572883677081093,0.5086964614589882,0.1619415702496311,9,Action,Social,0.926607953674778,0.3283058998065573,30,1.0,0.0,0.35,0.5820885077842101,1,0.7964028292354352,2
401,1068,Experience 1068,Action,0.698456042052288,0.2594560290757449,0.3550613668330224,0.4325155932423661,21,Action,Social,0.926607953674778,0.3283058998065573,30,1.0,0.0,0.15,0.4284534131582442,1,0.7405044099203097,3
401,1009,Experience 1009,Action,0.7987178764315418,0.3460501829476273,0.2238314684756084,0.130890330850495,53,Action,Social,0.926607953674778,0.3283058998065573,30,1.0,0.0,0.3833333333333333,0.2972235148008304,1,0.7320582806670484,4
401,1035,Experience 1035,Action,0.684933354468736,0.2628151072276272,0.2926692360835166,0.7930049789596304,54,Action,Social,0.926607953674778,0.3283058998065573,30,1.0,0.0,0.4,0.3660612824087386,1,0.7082432976647034,5
402,1025,Experience 1025,Social,0.838744739121835,0.7279884901895025,0.5876677647056102,0.0811540004238993,14,Social,Creative,0.755078938856771,0.2593937242508968,32,1.0,0.0,0.3,0.8325888258488392,1,0.8436894213394964,1
402,1059,Experience 1059,Social,0.7489549716721217,0.4911530499138364,0.6826986067555766,0.9132851837019758,49,Social,Creative,0.755078938856771,0.2593937242508968,32,1.0,0.0,0.2833333333333333,0.9276196678988056,0,0.8321972131305884,2
402,1014,Experience 1014,Social,0.7084360738896248,0.6919622480914536,0.5066406143622445,0.7631554898199004,35,Social,Creative,0.755078938856771,0.2593937242508968,32,1.0,0.0,0.05,0.7515616755054735,0,0.8268949267736599,3
402,1061,Experience 1061,Social,0.9515114053456256,0.4883887845440612,0.3838014404080356,0.6777086144544695,56,Social,Creative,0.755078938856771,0.2593937242508968,32,1.0,0.0,0.4,0.6287225015512645,1,0.8200705116299049,4
402,1097,Experience 1097,Social,0.6621084266035628,0.3766200397542547,0.5070806368539267,0.2458755870050586,23,Social,Creative,0.755078938856771,0.2593937242508968,32,1.0,0.0,0.15,0.7520016979971557,1,0.8008624418973652,5
403,1044,Experience 1044,Action,0.8578996664042653,0.7405382156713768,0.540545681694017,0.9388053542070384,40,Action,Creative,0.5199633347922504,0.2334986376810801,35,1.0,0.0,0.0833333333333333,0.9794176530982336,1,0.8448626531241028,1
403,1000,Experience 1000,Action,0.9096695293967186,0.6516437731703687,0.6290364009047581,0.2407530712142694,49,Action,Creative,0.5199633347922504,0.2334986376810801,35,1.0,0.0,0.2333333333333333,0.8909269338874923,1,0.838487043656075,2
403,1116,Experience 1116,Action,0.6678760843020042,0.5482724230839826,0.6479003468582198,0.8466710505082435,57,Action,Creative,0.5199633347922504,0.2334986376810801,35,1.0,0.0,0.3666666666666666,0.8720629879340306,1,0.7826551483445306,3
403,1032,Experience 1032,Action,0.9183909657409184,0.1782087510115781,0.2798409650960937,0.836613041032693,59,Action,Creative,0.5199633347922504,0.2334986376810801,35,1.0,0.0,0.4,0.7598776303038433,1,0.7816308481272883,4
403,1068,Experience 1068,Action,0.698456042052288,0.2594560290757449,0.3550613668330224,0.4325155932423661,21,Action,Creative,0.5199633347922504,0.2334986376810801,35,1.0,0.0,0.2333333333333333,0.8350980320407719,0,0.7682315358509715,5
404,1011,Experience 1011,Strategy,0.8438936347604792,0.3089791482471649,0.5527453913687409,0.302964628837302,52,Strategy,Sports,0.8791793566613043,0.4661704464893443,46,1.0,0.0,0.1,0.6735660347074366,1,0.785174285071921,1
404,1080,Experience 1080,Strategy,0.4960287753620589,0.3772823688301061,0.669450532879556,0.5189146424870842,16,Strategy,Sports,0.8791793566613043,0.4661704464893443,46,1.0,0.0,0.5,0.7902711762182517,0,0.7016789475510348,2
404,1092,Experience 1092,Sports,0.8280410369904486,0.5343815491606264,0.7426691928850321,0.6904019545155015,39,Strategy,Sports,0.8791793566613043,0.4661704464893443,46,0.0,1.0,0.1166666666666666,0.8634898362237278,1,0.6795089472178443,3
404,1100,Experience 1100,Sports,0.8539423752816214,0.5771516782683807,0.6603015579098336,0.097787997445443,39,Strategy,Sports,0.8791793566613043,0.4661704464893443,46,0.0,1.0,0.1166666666666666,0.7811222012485293,0,0.6784460377502244,4
404,1027,Experience 1027,Sports,0.8258355726034926,0.7779980359761599,0.5071112833110228,0.4772006332829246,49,Strategy,Sports,0.8791793566613043,0.4661704464893443,46,0.0,1.0,0.05,0.6279319266497185,0,0.6607601306278682,5
405,1025,Experience 1025,Social,0.838744739121835,0.7279884901895025,0.5876677647056102,0.0811540004238993,14,Social,Sports,0.6071639393681885,0.5775298112314492,29,1.0,0.0,0.25,0.9805038253374218,0,0.8764023602764149,1
405,1074,Experience 1074,Social,0.7411737446379107,0.1336446501121093,0.5667526591354218,0.2130749343990023,32,Social,Sports,0.6071639393681885,0.5775298112314492,29,1.0,0.0,0.05,0.9595887197672334,1,0.8521998519597036,2
405,1085,Experience 1085,Social,0.715133524882573,0.3923165755464828,0.681782684374937,0.3715432084063615,41,Social,Sports,0.6071639393681885,0.5775298112314492,29,1.0,0.0,0.2,0.9253812549932514,1,0.8500788804819429,3
405,1059,Experience 1059,Social,0.7489549716721217,0.4911530499138364,0.6826986067555766,0.9132851837019758,49,Social,Sports,0.6071639393681885,0.5775298112314492,29,1.0,0.0,0.3333333333333333,0.924465332612612,0,0.8488288615564216,4
405,1109,Experience 1109,Social,0.5415451963988065,0.6320276759129257,0.4602651355822746,0.2660308726216652,48,Social,Sports,0.6071639393681885,0.5775298112314492,29,1.0,0.0,0.3166666666666666,0.8531011962140862,0,0.8186202631318914,5
406,1039,Experience 1039,Social,0.8194814495513689,0.2752805682140255,0.2419454802582048,0.889899007072331,47,Social,Sports,0.3047321391496208,0.4175839543663441,23,1.0,0.0,0.4,0.937213341108584,0,0.8343661269041122,1
406,1097,Experience 1097,Social,0.6621084266035628,0.3766200397542547,0.5070806368539267,0.2458755870050586,23,Social,Sports,0.3047321391496208,0.4175839543663441,23,1.0,0.0,0.0,0.7976515022956941,1,0.8332007089848604,2
406,1085,Experience 1085,Social,0.715133524882573,0.3923165755464828,0.681782684374937,0.3715432084063615,41,Social,Sports,0.3047321391496208,0.4175839543663441,23,1.0,0.0,0.3,0.6229494547746838,1,0.8105640798075012,3
406,1059,Experience 1059,Social,0.7489549716721217,0.4911530499138364,0.6826986067555766,0.9132851837019758,49,Social,Sports,0.3047321391496208,0.4175839543663441,23,1.0,0.0,0.4333333333333333,0.6220335323940442,1,0.8090585965066843,4
406,1104,Experience 1104,Sports,0.7763284069557427,0.7928984171430337,0.1707069630824686,0.4638281104628762,33,Social,Sports,0.3047321391496208,0.4175839543663441,23,0.0,1.0,0.1666666666666666,0.8659748239328477,0,0.6648124739562824,5
407,1088,Experience 1088,Sports,0.931739259022481,0.4207879774878386,0.5549692853271866,0.4100487869149942,11,Sports,Creative,0.7302261256935801,0.526254083197062,27,1.0,0.0,0.2666666666666666,0.8247431596336064,0,0.820615120492582,1
407,1027,Experience 1027,Sports,0.8258355726034926,0.7779980359761599,0.5071112833110228,0.4772006332829246,49,Sports,Creative,0.7302261256935801,0.526254083197062,27,1.0,0.0,0.3666666666666666,0.7768851576174427,1,0.8124024361295688,2
407,1106,Experience 1106,Sports,0.8146785788760947,0.3647619692710552,0.6750256601127794,0.7960604476258709,49,Sports,Creative,0.7302261256935801,0.526254083197062,27,1.0,0.0,0.3666666666666666,0.9447995344191992,1,0.8112373694195449,3
407,1050,Experience 1050,Sports,0.6444432625143321,0.2032573812502654,0.7840857883345029,0.0579453445381299,24,Sports,Creative,0.7302261256935801,0.526254083197062,27,1.0,0.0,0.05,0.9461403373590772,0,0.8020813913982969,4
407,1037,Experience 1037,Sports,0.7994490651436071,0.7023148063737304,0.3263399911584964,0.9948242136208678,35,Sports,Creative,0.7302261256935801,0.526254083197062,27,1.0,0.0,0.1333333333333333,0.5961138654649163,1,0.7898543632039853,5
408,1094,Experience 1094,Strategy,0.777065958629862,0.5840090382012306,0.3016147592800985,0.4118434403009737,40,Strategy,Social,0.5029765093865148,0.1706611892038512,36,1.0,0.0,0.0666666666666666,0.7986382498935838,1,0.792917053057528,1
408,1063,Experience 1063,Strategy,0.7810917854701819,0.2349952712342425,0.5114173417348135,0.235256388415645,21,Strategy,Social,0.5029765093865148,0.1706611892038512,36,1.0,0.0,0.25,0.9915591676517014,0,0.7898461525744731,2
408,1023,Experience 1023,Strategy,0.934275144868182,0.4241492862896971,0.2179097364670654,0.7914514878076223,48,Strategy,Social,0.5029765093865148,0.1706611892038512,36,1.0,0.0,0.2,0.7149332270805506,0,0.788393469613445,3
408,1034,Experience 1034,Strategy,0.5016628944231066,0.7184788322001798,0.7569144817322334,0.2251776661055454,11,Strategy,Social,0.5029765093865148,0.1706611892038512,36,1.0,0.0,0.4166666666666667,0.7460620276542814,1,0.7259377877698654,4
408,1025,Experience 1025,Social,0.838744739121835,0.7279884901895025,0.5876677647056102,0.0811540004238993,14,Strategy,Social,0.5029765093865148,0.1706611892038512,36,0.0,1.0,0.3666666666666666,0.9153087446809046,1,0.7137361084160055,5
409,1023,Experience 1023,Strategy,0.934275144868182,0.4241492862896971,0.2179097364670654,0.7914514878076223,48,Strategy,Simulation,0.2302114532073285,0.3312847408673101,49,1.0,0.0,0.0166666666666666,0.9876982832597369,1,0.8091201549406016,1
409,1060,Experience 1060,Strategy,0.8620933017122632,0.1051567799118504,0.3772606570904063,0.1400554046894906,58,Strategy,Simulation,0.2302114532073285,0.3312847408673101,49,1.0,0.0,0.15,0.8529507961169223,1,0.765596085224739,2
409,1063,Experience 1063,Strategy,0.7810917854701819,0.2349952712342425,0.5114173417348135,0.235256388415645,21,Strategy,Simulation,0.2302114532073285,0.3312847408673101,49,1.0,0.0,0.4666666666666667,0.7187941114725152,1,0.7108877400763347,3
409,1034,Experience 1034,Strategy,0.5016628944231066,0.7184788322001798,0.7569144817322334,0.2251776661055454,11,Strategy,Simulation,0.2302114532073285,0.3312847408673101,49,1.0,0.0,0.6333333333333333,0.4732969714750952,0,0.6340915884831415,4
409,1016,Experience 1016,Simulation,0.6327408434291123,0.2893552650923534,0.337198205686132,0.4979318527888876,53,Strategy,Simulation,0.2302114532073285,0.3312847408673101,49,0.0,1.0,0.0666666666666666,0.8930132475211965,0,0.5484980120490776,5
410,1108,Experience 1108,Puzzle,0.8425576923542274,0.4822507608830354,0.666849920378606,0.8027206052883656,21,Puzzle,Sports,0.6730226494683224,0.2502370805214505,33,1.0,0.0,0.2,0.9938272709102836,0,0.8279298723763296,1
410,1046,Experience 1046,Puzzle,0.9358581895296346,0.2937905951089806,0.3646871905132503,0.5570017818814502,30,Puzzle,Sports,0.6730226494683224,0.2502370805214505,33,1.0,0.0,0.05,0.691664541044928,0,0.8068775093168087,2
410,1072,Experience 1072,Puzzle,0.7449779069249327,0.3414623639761886,0.973475515285742,0.3783180142237856,25,Puzzle,Sports,0.6730226494683224,0.2502370805214505,33,1.0,0.0,0.1333333333333333,0.6995471341825803,0,0.7889865095259231,3
410,1053,Experience 1053,Puzzle,0.7426572934279929,0.7514869168546299,0.2904976508730454,0.8341208920021081,34,Puzzle,Sports,0.6730226494683224,0.2502370805214505,33,1.0,0.0,0.0166666666666666,0.6174750014047231,1,0.7881382049004059,4
410,1026,Experience 1026,Puzzle,0.7847705334160814,0.4236675665053301,0.2918167090217533,0.0158055554401338,14,Puzzle,Sports,0.6730226494683224,0.2502370805214505,33,1.0,0.0,0.3166666666666666,0.6187940595534309,0,0.7598086511929363,5
411,1111,Experience 1111,Sports,0.9428982678236224,0.8155250577848677,0.575778764164542,0.2547283501174674,25,Sports,Adventure,0.3370621449679273,0.8085641440932488,55,1.0,0.0,0.5,0.7612833808033853,1,0.8327761790348459,1
411,1102,Experience 1102,Sports,0.9402838286695968,0.4125021221616953,0.1907643304361418,0.200562471321554,40,Sports,Adventure,0.3370621449679273,0.8085641440932488,55,1.0,0.0,0.25,0.8537021854682145,1,0.8326233580262751,2
411,1100,Experience 1100,Sports,0.8539423752816214,0.5771516782683807,0.6603015579098336,0.097787997445443,39,Sports,Adventure,0.3370621449679273,0.8085641440932488,55,1.0,0.0,0.2666666666666666,0.6767605870580937,1,0.8193206642405005,3
411,1104,Experience 1104,Sports,0.7763284069557427,0.7928984171430337,0.1707069630824686,0.4638281104628762,33,Sports,Adventure,0.3370621449679273,0.8085641440932488,55,1.0,0.0,0.3666666666666666,0.8336448181145413,1,0.8129994678306195,4
411,1106,Experience 1106,Sports,0.8146785788760947,0.3647619692710552,0.6750256601127794,0.7960604476258709,49,Sports,Adventure,0.3370621449679273,0.8085641440932488,55,1.0,0.0,0.1,0.6620364848551479,0,0.8093159611011078,5
412,1100,Experience 1100,Sports,0.8539423752816214,0.5771516782683807,0.6603015579098336,0.097787997445443,39,Sports,Simulation,0.6226615164238164,0.4096912678160422,32,1.0,0.0,0.1166666666666666,0.9623599585139828,0,0.8315244244024831,1
412,1105,Experience 1105,Sports,0.6106599794863272,0.6391373818905719,0.6213931070244737,0.2894297075080649,54,Sports,Simulation,0.6226615164238164,0.4096912678160422,32,1.0,0.0,0.3666666666666666,0.9987315906006572,1,0.7832369156567477,2
412,1102,Experience 1102,Sports,0.9402838286695968,0.4125021221616953,0.1907643304361418,0.200562471321554,40,Sports,Simulation,0.6226615164238164,0.4096912678160422,32,1.0,0.0,0.1333333333333333,0.5681028140123254,1,0.7811246365370176,3
412,1036,Experience 1036,Sports,0.9655169972756756,0.2298411882545339,0.2550485289661252,0.8478368672236546,17,Sports,Simulation,0.6226615164238164,0.4096912678160422,32,1.0,0.0,0.25,0.6323870125423088,0,0.7686920843259331,4
412,1050,Experience 1050,Sports,0.6444432625143321,0.2032573812502654,0.7840857883345029,0.0579453445381299,24,Sports,Simulation,0.6226615164238164,0.4096912678160422,32,1.0,0.0,0.1333333333333333,0.8385757280893135,0,0.765467492381999,5
413,1063,Experience 1063,Strategy,0.7810917854701819,0.2349952712342425,0.5114173417348135,0.235256388415645,21,Strategy,Sports,0.6754774896899995,0.414602431598926,38,1.0,0.0,0.2833333333333333,0.8359398520448139,0,0.769186431353946,1
413,1034,Experience 1034,Strategy,0.5016628944231066,0.7184788322001798,0.7569144817322334,0.2251776661055454,11,Strategy,Sports,0.6754774896899995,0.414602431598926,38,1.0,0.0,0.45,0.918563007957766,0,0.7474765642098882,2
413,1092,Experience 1092,Sports,0.8280410369904486,0.5343815491606264,0.7426691928850321,0.6904019545155015,39,Strategy,Sports,0.6754774896899995,0.414602431598926,38,0.0,1.0,0.0166666666666666,0.9328082968049676,0,0.6959120462198306,3
413,1027,Experience 1027,Sports,0.8258355726034926,0.7779980359761599,0.5071112833110228,0.4772006332829246,49,Strategy,Sports,0.6754774896899995,0.414602431598926,38,0.0,1.0,0.1833333333333333,0.8316337936210233,0,0.6768735740649378,4
413,1106,Experience 1106,Sports,0.8146785788760947,0.3647619692710552,0.6750256601127794,0.7960604476258709,49,Strategy,Sports,0.6754774896899995,0.414602431598926,38,0.0,1.0,0.1833333333333333,0.99954817042278,0,0.6752033193887796,5
414,1033,Experience 1033,Simulation,0.8859147305780027,0.259942782541492,0.2648265360525452,0.1086571032622624,31,Simulation,Action,0.2308368257350089,0.4406718461581989,18,1.0,0.0,0.2166666666666666,0.9660102896824636,1,0.7809226791369857,1
414,1114,Experience 1114,Simulation,0.9094073794904848,0.2867325336723821,0.0751050358773748,0.4020477981570693,23,Simulation,Action,0.2308368257350089,0.4406718461581989,18,1.0,0.0,0.0833333333333333,0.844268210142366,1,0.7728671861094947,2
414,1115,Experience 1115,Simulation,0.626658707429628,0.7075065986188209,0.5404405149990236,0.2246894745458737,42,Simulation,Action,0.2308368257350089,0.4406718461581989,18,1.0,0.0,0.4,0.6903963107359854,0,0.7146923742705985,3
414,1016,Experience 1016,Simulation,0.6327408434291123,0.2893552650923534,0.337198205686132,0.4979318527888876,53,Simulation,Action,0.2308368257350089,0.4406718461581989,18,1.0,0.0,0.5833333333333334,0.8936386200488768,1,0.6957932546952187,4
414,1112,Experience 1112,Simulation,0.2735953131794247,0.4885963348973961,0.6296328968909383,0.135038096056236,20,Simulation,Action,0.2308368257350089,0.4406718461581989,18,1.0,0.0,0.0333333333333333,0.6012039288440707,1,0.6417312828298345,5
415,1000,Experience 1000,Action,0.9096695293967186,0.6516437731703687,0.6290364009047581,0.2407530712142694,49,Action,Puzzle,0.8912666833131231,0.5854948383411928,38,1.0,0.0,0.1833333333333333,0.737769717591635,0,0.8360047330609872,1
415,1103,Experience 1103,Action,0.6677544964493587,0.4461723957193605,0.794276194278496,0.1853752728024856,59,Action,Puzzle,0.8912666833131231,0.5854948383411928,38,1.0,0.0,0.35,0.903009510965373,0,0.802393495786707,2
415,1035,Experience 1035,Action,0.684933354468736,0.2628151072276272,0.2926692360835166,0.7930049789596304,54,Action,Puzzle,0.8912666833131231,0.5854948383411928,38,1.0,0.0,0.2666666666666666,0.4014025527703935,1,0.7180621264674687,3
415,1053,Experience 1053,Puzzle,0.7426572934279929,0.7514869168546299,0.2904976508730454,0.8341208920021081,34,Action,Puzzle,0.8912666833131231,0.5854948383411928,38,0.0,1.0,0.0666666666666666,0.3992309675599224,1,0.584840928912378,4
415,1030,Experience 1030,Puzzle,0.5255875329645523,0.2576702884243441,0.6969604774228595,0.5681673512913645,13,Action,Puzzle,0.8912666833131231,0.5854948383411928,38,0.0,1.0,0.4166666666666667,0.8056937941097364,0,0.5417387086151816,5
416,1070,Experience 1070,Sports,0.9021629239090754,0.4240213755135868,0.7602726894428304,0.7757910864370905,50,Sports,Simulation,0.6221891860469001,0.027106435037114,41,1.0,0.0,0.15,0.8619164966040697,1,0.8099154135566478,1
416,1106,Experience 1106,Sports,0.8146785788760947,0.3647619692710552,0.6750256601127794,0.7960604476258709,49,Sports,Simulation,0.6221891860469001,0.027106435037114,41,1.0,0.0,0.1333333333333333,0.9471635259341208,1,0.8012545097971588,2
416,1024,Experience 1024,Sports,0.7120515552427965,0.5535760301547662,0.4935230317114728,0.4609313910731102,39,Sports,Simulation,0.6221891860469001,0.027106435037114,41,1.0,0.0,0.0333333333333333,0.8713338456645727,1,0.7882872134029945,3
416,1105,Experience 1105,Sports,0.6106599794863272,0.6391373818905719,0.6213931070244737,0.2894297075080649,54,Sports,Simulation,0.6221891860469001,0.027106435037114,41,1.0,0.0,0.2166666666666666,0.9992039209775736,1,0.784099239149282,4
416,1037,Experience 1037,Sports,0.7994490651436071,0.7023148063737304,0.3263399911584964,0.9948242136208678,35,Sports,Simulation,0.6221891860469001,0.027106435037114,41,1.0,0.0,0.1,0.7041508051115963,1,0.7773534105109395,5
417,1061,Experience 1061,Social,0.9515114053456256,0.4883887845440612,0.3838014404080356,0.6777086144544695,56,Social,Simulation,0.3451662716099575,0.8048302963129432,35,1.0,0.0,0.35,0.9613648312019218,0,0.8601583408016327,1
417,1085,Experience 1085,Social,0.715133524882573,0.3923165755464828,0.681782684374937,0.3715432084063615,41,Social,Simulation,0.3451662716099575,0.8048302963129432,35,1.0,0.0,0.1,0.6633835872350204,0,0.815975756283807,2
417,1097,Experience 1097,Social,0.6621084266035628,0.3766200397542547,0.5070806368539267,0.2458755870050586,23,Social,Simulation,0.3451662716099575,0.8048302963129432,35,1.0,0.0,0.2,0.8380856347560308,0,0.8138847972900528,3
417,1007,Experience 1007,Social,0.6113602755027672,0.3693255620200327,0.760432490906593,0.3138467721116466,56,Social,Simulation,0.3451662716099575,0.8048302963129432,35,1.0,0.0,0.35,0.5847337807033645,0,0.7759540050274778,4
417,1048,Experience 1048,Social,0.2304789954244207,0.8328371585656826,0.2699649703256335,0.1697999737727075,60,Social,Simulation,0.3451662716099575,0.8048302963129432,35,1.0,0.0,0.4166666666666667,0.924798698715676,0,0.7577200852157903,5
418,1092,Experience 1092,Sports,0.8280410369904486,0.5343815491606264,0.7426691928850321,0.6904019545155015,39,Sports,Social,0.877059124838986,0.4318567739927023,36,1.0,0.0,0.05,0.8656100680460461,1,0.8479406891954385,1
418,1100,Experience 1100,Sports,0.8539423752816214,0.5771516782683807,0.6603015579098336,0.097787997445443,39,Sports,Social,0.877059124838986,0.4318567739927023,36,1.0,0.0,0.05,0.7832424330708476,0,0.847310862814927,2
418,1027,Experience 1027,Sports,0.8258355726034926,0.7779980359761599,0.5071112833110228,0.4772006332829246,49,Sports,Social,0.877059124838986,0.4318567739927023,36,1.0,0.0,0.2166666666666666,0.6300521584720369,0,0.822783046762374,3
418,1102,Experience 1102,Sports,0.9402838286695968,0.4125021221616953,0.1907643304361418,0.200562471321554,40,Sports,Social,0.877059124838986,0.4318567739927023,36,1.0,0.0,0.0666666666666666,0.3137052055971558,1,0.791888117906209,4
418,1089,Experience 1089,Sports,0.3014679423689484,0.7496212264791996,0.8991409816135325,0.4794170748058911,60,Sports,Social,0.877059124838986,0.4318567739927023,36,1.0,0.0,0.4,0.9779181432254536,1,0.7736440023781639,5
419,1026,Experience 1026,Puzzle,0.7847705334160814,0.4236675665053301,0.2918167090217533,0.0158055554401338,14,Puzzle,Strategy,0.6546253737840618,0.4790299130142121,29,1.0,0.0,0.25,0.6371913352376914,1,0.7490239647726487,1
419,1113,Experience 1113,Puzzle,0.3143534057607174,0.7407415888945685,0.7096912838106965,0.9437983681037112,40,Puzzle,Strategy,0.6546253737840618,0.4790299130142121,29,1.0,0.0,0.1833333333333333,0.9449340899733654,0,0.7309953080026856,2
419,1019,Experience 1019,Puzzle,0.5059661119161158,0.8228200647408448,0.2570325653065184,0.9988296373336586,24,Puzzle,Strategy,0.6546253737840618,0.4790299130142121,29,1.0,0.0,0.0833333333333333,0.6024071915224567,0,0.7181601015416385,3
419,1093,Experience 1093,Puzzle,0.5054580561223759,0.3724006037822283,0.1444497473739812,0.982987171535907,29,Puzzle,Strategy,0.6546253737840618,0.4790299130142121,29,1.0,0.0,0.0,0.4898243735899195,0,0.6769564602955216,4
419,1094,Experience 1094,Strategy,0.777065958629862,0.5840090382012306,0.3016147592800985,0.4118434403009737,40,Puzzle,Strategy,0.6546253737840618,0.4790299130142121,29,0.0,1.0,0.1833333333333333,0.6469893854960367,1,0.5383002391179973,5
420,1043,Experience 1043,Creative,0.8838983032607785,0.7641225701636372,0.5942808569171103,0.6062993981927156,47,Creative,Sports,0.6154655772278376,0.422575647489965,25,1.0,0.0,0.3666666666666666,0.9788152796892728,1,0.8413336806340531,1
420,1067,Experience 1067,Creative,0.788764048918011,0.4580972487220676,0.5921026845821029,0.4299570499000478,43,Creative,Sports,0.6154655772278376,0.422575647489965,25,1.0,0.0,0.3,0.9766371073542652,1,0.8188064668736087,2
420,1052,Experience 1052,Creative,0.6879474895864814,0.8150878066775633,0.5427584275418881,0.4028796085076296,43,Creative,Sports,0.6154655772278376,0.422575647489965,25,1.0,0.0,0.3,0.9272928503140504,1,0.8135736634763777,3
420,1095,Experience 1095,Creative,0.5802362817422383,0.4006003917193433,0.7708173982045061,0.4033544032491283,54,Creative,Sports,0.6154655772278376,0.422575647489965,25,1.0,0.0,0.4833333333333333,0.8446481790233314,0,0.7586337993758362,4
420,1111,Experience 1111,Sports,0.9428982678236224,0.8155250577848677,0.575778764164542,0.2547283501174674,25,Creative,Sports,0.6154655772278376,0.422575647489965,25,0.0,1.0,0.0,0.9603131869367044,1,0.743199751950145,5
421,1110,Experience 1110,Creative,0.8487034770737338,0.6513439158584452,0.7080979103356375,0.2741343936886083,18,Creative,Puzzle,0.7991114951817861,0.8453571263746104,28,1.0,0.0,0.1666666666666666,0.9089864151538514,0,0.8399097653506863,1
421,1076,Experience 1076,Creative,0.7805257487778566,0.3562342599893083,0.7812983230640933,0.571167362055741,8,Creative,Puzzle,0.7991114951817861,0.8453571263746104,28,1.0,0.0,0.3333333333333333,0.9821868278823072,0,0.8129169849302486,2
421,1038,Experience 1038,Creative,0.8025898263845425,0.4058560569474049,0.8087225901435202,0.8729120163870842,60,Creative,Puzzle,0.7991114951817861,0.8453571263746104,28,1.0,0.0,0.5333333333333333,0.990388905038266,0,0.8116047108008398,3
421,1052,Experience 1052,Creative,0.6879474895864814,0.8150878066775633,0.5427584275418881,0.4028796085076296,43,Creative,Puzzle,0.7991114951817861,0.8453571263746104,28,1.0,0.0,0.25,0.7436469323601019,0,0.7990334724861622,4
421,1021,Experience 1021,Creative,0.6317033375365485,0.227795161908673,0.5969784094803497,0.8897794665398687,40,Creative,Puzzle,0.7991114951817861,0.8453571263746104,28,1.0,0.0,0.2,0.7978669142985636,1,0.7661340857440455,5
422,1062,Experience 1062,Creative,0.7566608128373626,0.2501254620138091,0.431135077105207,0.8144738760309339,50,Creative,Simulation,0.4019007389517267,0.6687496441410071,50,1.0,0.0,0.0,0.9707656618465196,0,0.8077781339821507,1
422,1110,Experience 1110,Creative,0.8487034770737338,0.6513439158584452,0.7080979103356375,0.2741343936886083,18,Creative,Simulation,0.4019007389517267,0.6687496441410071,50,1.0,0.0,0.5333333333333333,0.6938028286160892,0,0.7814404417348655,2
422,1021,Experience 1021,Creative,0.6317033375365485,0.227795161908673,0.5969784094803497,0.8897794665398687,40,Creative,Simulation,0.4019007389517267,0.6687496441410071,50,1.0,0.0,0.1666666666666666,0.804922329471377,0,0.7555631547354094,3
422,1033,Experience 1033,Simulation,0.8859147305780027,0.259942782541492,0.2648265360525452,0.1086571032622624,31,Creative,Simulation,0.4019007389517267,0.6687496441410071,50,0.0,1.0,0.3166666666666666,0.8629257971008185,0,0.6013166538665863,4
422,1115,Experience 1115,Simulation,0.626658707429628,0.7075065986188209,0.5404405149990236,0.2246894745458737,42,Creative,Simulation,0.4019007389517267,0.6687496441410071,50,0.0,1.0,0.1333333333333333,0.8614602239527032,0,0.600154143396493,5
423,1056,Experience 1056,Simulation,0.5850817489192739,0.1274880872408227,0.8708251250831834,0.1754622465790878,53,Simulation,Strategy,0.8226797532708972,0.6388721395133277,31,1.0,0.0,0.3666666666666666,0.9518546281877136,0,0.7282615016315591,1
423,1010,Experience 1010,Simulation,0.8201589080775701,0.1741976609077686,0.1927429310808082,0.4388217018019487,21,Simulation,Strategy,0.8226797532708972,0.6388721395133277,31,1.0,0.0,0.1666666666666666,0.3700631778099111,0,0.6838051255262043,2
423,1066,Experience 1066,Strategy,0.5933044321129625,0.8148765601157231,0.9082281614290438,0.2645976053461583,23,Simulation,Strategy,0.8226797532708972,0.6388721395133277,31,0.0,1.0,0.1333333333333333,0.9144515918418532,0,0.5772800041742737,3
423,1034,Experience 1034,Strategy,0.5016628944231066,0.7184788322001798,0.7569144817322334,0.2251776661055454,11,Simulation,Strategy,0.8226797532708972,0.6388721395133277,31,0.0,1.0,0.3333333333333333,0.9342347284613364,0,0.5216819507698874,4
423,1069,Experience 1069,Puzzle,0.8068156107352968,0.6551858372056814,0.8842124935251735,0.2530347499296835,35,Simulation,Strategy,0.8226797532708972,0.6388721395133277,31,0.0,0.0,0.0666666666666666,0.9384672597457236,0,0.49225521502598846,5
424,1066,Experience 1066,Strategy,0.5933044321129625,0.8148765601157231,0.9082281614290438,0.2645976053461583,23,Strategy,Adventure,0.8619519585279587,0.3258780193034644,30,1.0,0.0,0.1166666666666666,0.9537237970989147,0,0.7703212918120359,1
424,1011,Experience 1011,Strategy,0.8438936347604792,0.3089791482471649,0.5527453913687409,0.302964628837302,52,Strategy,Adventure,0.8619519585279587,0.3258780193034644,30,1.0,0.0,0.3666666666666666,0.6907934328407822,1,0.7283472765962643,2
424,1034,Experience 1034,Strategy,0.5016628944231066,0.7184788322001798,0.7569144817322334,0.2251776661055454,11,Strategy,Adventure,0.8619519585279587,0.3258780193034644,30,1.0,0.0,0.3166666666666666,0.8949625232042747,0,0.7170565531092747,3
424,1060,Experience 1060,Strategy,0.8620933017122632,0.1051567799118504,0.3772606570904063,0.1400554046894906,58,Strategy,Adventure,0.8619519585279587,0.3258780193034644,30,1.0,0.0,0.4666666666666667,0.5153086985624475,0,0.6816237510524638,4
424,1099,Experience 1099,Adventure,0.8332801744008336,0.4077151465805127,0.8307594812615263,0.7545731382181347,49,Strategy,Adventure,0.8619519585279587,0.3258780193034644,30,0.0,1.0,0.3166666666666666,0.9688075227335676,1,0.5938526362138611,5
425,1056,Experience 1056,Simulation,0.5850817489192739,0.1274880872408227,0.8708251250831834,0.1754622465790878,53,Simulation,Strategy,0.8509323396513027,0.693158385053643,21,1.0,0.0,0.5333333333333333,0.9801072145681192,1,0.7157089367506636,1
425,1010,Experience 1010,Simulation,0.8201589080775701,0.1741976609077686,0.1927429310808082,0.4388217018019487,21,Simulation,Strategy,0.8509323396513027,0.693158385053643,21,1.0,0.0,0.0,0.3418105914295056,0,0.6919992753179769,2
425,1016,Experience 1016,Simulation,0.6327408434291123,0.2893552650923534,0.337198205686132,0.4979318527888876,53,Simulation,Strategy,0.8509323396513027,0.693158385053643,21,1.0,0.0,0.5333333333333333,0.4862658660348293,1,0.6400855136656636,3
425,1107,Experience 1107,Social,0.7428970964662264,0.8045676070342606,0.8160785123357384,0.9076048913904824,23,Simulation,Strategy,0.8509323396513027,0.693158385053643,21,0.0,0.0,0.0333333333333333,0.9651461726844356,0,0.5401733264098212,4
425,1063,Experience 1063,Strategy,0.7810917854701819,0.2349952712342425,0.5114173417348135,0.235256388415645,21,Simulation,Strategy,0.8509323396513027,0.693158385053643,21,0.0,1.0,0.0,0.6604850020835108,0,0.5321129367875762,5
426,1006,Experience 1006,Action,0.8770181756508404,0.5275353377269014,0.8047332447846338,0.7517807092307816,28,Action,Adventure,0.7934337037622604,0.898449473688385,30,1.0,0.0,0.0333333333333333,0.9887004589776266,0,0.8526847698770881,1
426,1119,Experience 1119,Action,0.8086136050725224,0.7572883677081093,0.5086964614589882,0.1619415702496311,9,Action,Adventure,0.7934337037622604,0.898449473688385,30,1.0,0.0,0.35,0.7152627576967278,0,0.8014063746956352,2
426,1032,Experience 1032,Action,0.9183909657409184,0.1782087510115781,0.2798409650960937,0.836613041032693,59,Action,Adventure,0.7934337037622604,0.898449473688385,30,1.0,0.0,0.4833333333333333,0.4864072613338333,1,0.7476848458163304,3
426,1099,Experience 1099,Adventure,0.8332801744008336,0.4077151465805127,0.8307594812615263,0.7545731382181347,49,Action,Adventure,0.7934337037622604,0.898449473688385,30,0.0,1.0,0.3166666666666666,0.962674222500734,1,0.6454335751657786,4
426,1008,Experience 1008,Adventure,0.8415828324170402,0.3364498304651394,0.599089106012921,0.2728043301458357,40,Action,Adventure,0.7934337037622604,0.898449473688385,30,0.0,1.0,0.1666666666666666,0.8056554022506606,0,0.6263266241304756,5
427,1008,Experience 1008,Adventure,0.8415828324170402,0.3364498304651394,0.599089106012921,0.2728043301458357,40,Adventure,Action,0.5637159358558916,0.2192434687863659,42,1.0,0.0,0.0333333333333333,0.9646268298429708,0,0.8035490133615871,1
427,1051,Experience 1051,Adventure,0.7608650542535511,0.4945204429565272,0.5049786641965721,0.9492935230092574,34,Adventure,Action,0.5637159358558916,0.2192434687863659,42,1.0,0.0,0.1333333333333333,0.9412627283406804,1,0.7801077034180476,2
427,1031,Experience 1031,Adventure,0.6267069522672452,0.6020379288394027,0.9395582128996094,0.5521627033044271,46,Adventure,Action,0.5637159358558916,0.2192434687863659,42,1.0,0.0,0.0666666666666666,0.6241577229562822,1,0.743030559782183,3
427,1022,Experience 1022,Adventure,0.5006486309375991,0.407575941114626,0.4697425498140824,0.908608246555642,36,Adventure,Action,0.5637159358558916,0.2192434687863659,42,1.0,0.0,0.1,0.9060266139581908,1,0.7233500874540721,4
427,1057,Experience 1057,Adventure,0.6456559365327232,0.2179960435691,0.3788184780326499,0.8119882015105448,28,Adventure,Action,0.5637159358558916,0.2192434687863659,42,1.0,0.0,0.2333333333333333,0.8151025421767583,1,0.7139356594179898,5
428,1069,Experience 1069,Puzzle,0.8068156107352968,0.6551858372056814,0.8842124935251735,0.2530347499296835,35,Puzzle,Adventure,0.4246072276469493,0.5814698677093021,23,1.0,0.0,0.2,0.5403947341217759,1,0.7775282564663076,1
428,1075,Experience 1075,Puzzle,0.7701763699744956,0.5714931074517187,0.7080993700732455,0.0043057756676786,58,Puzzle,Adventure,0.4246072276469493,0.5814698677093021,23,1.0,0.0,0.5833333333333334,0.7165078575737038,0,0.7600296952549205,2
428,1019,Experience 1019,Puzzle,0.5059661119161158,0.8228200647408448,0.2570325653065184,0.9988296373336586,24,Puzzle,Adventure,0.4246072276469493,0.5814698677093021,23,1.0,0.0,0.0166666666666666,0.8324253376595692,1,0.7574810402126895,3
428,1054,Experience 1054,Puzzle,0.6795756146978778,0.2537314254122666,0.2509959349159629,0.6813294726896911,34,Puzzle,Adventure,0.4246072276469493,0.5814698677093021,23,1.0,0.0,0.1833333333333333,0.8263887072690137,0,0.7481158431602074,4
428,1081,Experience 1081,Puzzle,0.5738102986510725,0.5468042713764619,0.3811493240377567,0.8099407364448706,60,Puzzle,Adventure,0.4246072276469493,0.5814698677093021,23,1.0,0.0,0.6166666666666667,0.9565420963908072,1,0.7339289306158975,5
429,1055,Experience 1055,Action,0.9121309206982589,0.3826203354113438,0.2499073592941251,0.1919211614110854,38,Action,Adventure,0.3572614467302097,0.2759123969031643,48,1.0,0.0,0.1666666666666666,0.8926459125639155,0,0.8190089765866663,1
429,1006,Experience 1006,Action,0.8770181756508404,0.5275353377269014,0.8047332447846338,0.7517807092307816,28,Action,Adventure,0.3572614467302097,0.2759123969031643,48,1.0,0.0,0.3333333333333333,0.552528201945576,1,0.779284679537582,2
429,1061,Experience 1061,Social,0.9515114053456256,0.4883887845440612,0.3838014404080356,0.6777086144544695,56,Action,Adventure,0.3572614467302097,0.2759123969031643,48,0.0,0.0,0.1333333333333333,0.973460006322174,1,0.5874825697345714,3
429,1096,Experience 1096,Adventure,0.7903170826018652,0.4751627362769494,0.5362341337297925,0.9233469677258124,13,Action,Adventure,0.3572614467302097,0.2759123969031643,48,0.0,1.0,0.5833333333333334,0.8210273130004173,0,0.5550560155810078,4
429,1057,Experience 1057,Adventure,0.6456559365327232,0.2179960435691,0.3788184780326499,0.8119882015105448,28,Action,Adventure,0.3572614467302097,0.2759123969031643,48,0.0,1.0,0.3333333333333333,0.9784429686975598,0,0.5507023754259527,5
430,1028,Experience 1028,Simulation,0.7474374024719366,0.7598079156453001,0.9057260947827066,0.4943145335346177,16,Simulation,Social,0.7365189336763452,0.805821331714007,35,1.0,0.0,0.3166666666666666,0.8307928388936386,1,0.8128241047213258,1
430,1078,Experience 1078,Simulation,0.9139745006021852,0.4875947260651535,0.1081242288365573,0.0386443098268846,51,Simulation,Social,0.7365189336763452,0.805821331714007,35,1.0,0.0,0.2666666666666666,0.3716052951602121,1,0.7643089286392943,2
430,1025,Experience 1025,Social,0.838744739121835,0.7279884901895025,0.5876677647056102,0.0811540004238993,14,Simulation,Social,0.7365189336763452,0.805821331714007,35,0.0,1.0,0.35,0.851148831029265,0,0.7194658821976856,3
430,1014,Experience 1014,Social,0.7084360738896248,0.6919622480914536,0.5066406143622445,0.7631554898199004,35,Simulation,Social,0.7365189336763452,0.805821331714007,35,0.0,1.0,0.0,0.7701216806858993,1,0.703040778428784,4
430,1097,Experience 1097,Social,0.6621084266035628,0.3766200397542547,0.5070806368539267,0.2458755870050586,23,Simulation,Social,0.7365189336763452,0.805821331714007,35,0.0,1.0,0.2,0.7705617031775814,0,0.656462117222894,5
431,1056,Experience 1056,Simulation,0.5850817489192739,0.1274880872408227,0.8708251250831834,0.1754622465790878,53,Simulation,Social,0.7616054760018597,0.3935302910253647,46,1.0,0.0,0.1166666666666666,0.8907803509186762,1,0.7706779738123801,1
431,1112,Experience 1112,Simulation,0.2735953131794247,0.4885963348973961,0.6296328968909383,0.135038096056236,20,Simulation,Social,0.7616054760018597,0.3935302910253647,46,1.0,0.0,0.4333333333333333,0.8680274208890786,0,0.6884912467138415,2
431,1109,Experience 1109,Social,0.5415451963988065,0.6320276759129257,0.4602651355822746,0.2660308726216652,48,Simulation,Social,0.7616054760018597,0.3935302910253647,46,0.0,1.0,0.0333333333333333,0.6986596595804149,1,0.6392515286338402,3
431,1039,Experience 1039,Social,0.8194814495513689,0.2752805682140255,0.2419454802582048,0.889899007072331,47,Simulation,Social,0.7616054760018597,0.3935302910253647,46,0.0,1.0,0.0166666666666666,0.4803400042563451,0,0.6311188050856551,4
431,1002,Experience 1002,Social,0.5654662227449457,0.1419781043952984,0.4876512775379703,0.1763555764178013,30,Simulation,Social,0.7616054760018597,0.3935302910253647,46,0.0,1.0,0.2666666666666666,0.7260458015361106,0,0.5893623608982426,5
432,1090,Experience 1090,Puzzle,0.5586098880458512,0.4251872277402517,0.5338484342208252,0.861814417816014,19,Puzzle,Adventure,0.7414923243308459,0.6167383558199303,14,1.0,0.0,0.0833333333333333,0.7923561098899793,1,0.7364309378113865,1
432,1029,Experience 1029,Puzzle,0.3418174116264629,0.7473540601800795,0.2448417750345193,0.4073623878629723,57,Puzzle,Adventure,0.7414923243308459,0.6167383558199303,14,1.0,0.0,0.7166666666666667,0.5033494507036734,0,0.6081539114121958,2
432,1099,Experience 1099,Adventure,0.8332801744008336,0.4077151465805127,0.8307594812615263,0.7545731382181347,49,Puzzle,Adventure,0.7414923243308459,0.6167383558199303,14,0.0,1.0,0.5833333333333334,0.9107328430693196,0,0.5650289921712986,3
432,1008,Experience 1008,Adventure,0.8415828324170402,0.3364498304651394,0.599089106012921,0.2728043301458357,40,Puzzle,Adventure,0.7414923243308459,0.6167383558199303,14,0.0,1.0,0.4333333333333333,0.8575967816820751,0,0.5627452437493506,4
432,1017,Experience 1017,Adventure,0.8986224157650411,0.4138920991005588,0.5580723954683906,0.6429984233408326,53,Puzzle,Adventure,0.7414923243308459,0.6167383558199303,14,0.0,1.0,0.65,0.8165800711375447,1,0.5501794970626265,5
433,1067,Experience 1067,Creative,0.788764048918011,0.4580972487220676,0.5921026845821029,0.4299570499000478,43,Creative,Adventure,0.5177531338272375,0.6792104810636079,35,1.0,0.0,0.1333333333333333,0.9256504492451346,0,0.813764113903663,1
433,1110,Experience 1110,Creative,0.8487034770737338,0.6513439158584452,0.7080979103356375,0.2741343936886083,18,Creative,Adventure,0.5177531338272375,0.6792104810636079,35,1.0,0.0,0.2833333333333333,0.8096552234916,1,0.8107814448509004,2
433,1065,Experience 1065,Creative,0.7619316682455927,0.3645751585148475,0.2630179910479239,0.9645188861392016,47,Creative,Adventure,0.5177531338272375,0.6792104810636079,35,1.0,0.0,0.2,0.7452648572206864,0,0.7669815078578349,3
433,1076,Experience 1076,Creative,0.7805257487778566,0.3562342599893083,0.7812983230640933,0.571167362055741,8,Creative,Adventure,0.5177531338272375,0.6792104810636079,35,1.0,0.0,0.45,0.7364548107631442,1,0.7619472445549892,4
433,1017,Experience 1017,Adventure,0.8986224157650411,0.4138920991005588,0.5580723954683906,0.6429984233408326,53,Creative,Adventure,0.5177531338272375,0.6792104810636079,35,0.0,1.0,0.3,0.9596807383588468,0,0.6374679786263701,5
434,1060,Experience 1060,Strategy,0.8620933017122632,0.1051567799118504,0.3772606570904063,0.1400554046894906,58,Strategy,Action,0.7438923765066283,0.4316305729978879,48,1.0,0.0,0.1666666666666666,0.6333682805837779,1,0.7410985178470721,1
434,1063,Experience 1063,Strategy,0.7810917854701819,0.2349952712342425,0.5114173417348135,0.235256388415645,21,Strategy,Action,0.7438923765066283,0.4316305729978879,48,1.0,0.0,0.45,0.7675249652281851,1,0.7253239311386532,2
434,1000,Experience 1000,Action,0.9096695293967186,0.6516437731703687,0.6290364009047581,0.2407530712142694,49,Strategy,Action,0.7438923765066283,0.4316305729978879,48,0.0,1.0,0.0166666666666666,0.8851440243981298,0,0.6758810519689357,3
434,1116,Experience 1116,Action,0.6678760843020042,0.5482724230839826,0.6479003468582198,0.8466710505082435,57,Strategy,Action,0.7438923765066283,0.4316305729978879,48,0.0,1.0,0.15,0.9040079703515916,0,0.5976546914566773,4
434,1119,Experience 1119,Action,0.8086136050725224,0.7572883677081093,0.5086964614589882,0.1619415702496311,9,Strategy,Action,0.7438923765066283,0.4316305729978879,48,0.0,1.0,0.65,0.7648040849523599,0,0.5658826016594337,5
435,1000,Experience 1000,Action,0.9096695293967186,0.6516437731703687,0.6290364009047581,0.2407530712142694,49,Action,Simulation,0.4551577994349968,0.2499868443899177,29,1.0,0.0,0.3333333333333333,0.8261213985302387,1,0.8106806921728112,1
435,1068,Experience 1068,Action,0.698456042052288,0.2594560290757449,0.3550613668330224,0.4325155932423661,21,Action,Simulation,0.4551577994349968,0.2499868443899177,29,1.0,0.0,0.1333333333333333,0.8999035673980256,1,0.7652180024180141,2
435,1009,Experience 1009,Action,0.7987178764315418,0.3460501829476273,0.2238314684756084,0.130890330850495,53,Action,Simulation,0.4551577994349968,0.2499868443899177,29,1.0,0.0,0.4,0.7686736690406116,0,0.7547200082879657,3
435,1116,Experience 1116,Action,0.6678760843020042,0.5482724230839826,0.6479003468582198,0.8466710505082435,57,Action,Simulation,0.4551577994349968,0.2499868443899177,29,1.0,0.0,0.4666666666666667,0.8072574525767771,0,0.7481240961215019,4
435,1086,Experience 1086,Action,0.6307900998772656,0.1325899003231649,0.3014212434741936,0.1888364204756389,42,Action,Simulation,0.4551577994349968,0.2499868443899177,29,1.0,0.0,0.2166666666666666,0.8462634440391967,1,0.7349501956839363,5
436,1008,Experience 1008,Adventure,0.8415828324170402,0.3364498304651394,0.599089106012921,0.2728043301458357,40,Adventure,Puzzle,0.764034731864005,0.23771054859358,43,1.0,0.0,0.05,0.835054374148916,1,0.797805941855975,1
436,1073,Experience 1073,Adventure,0.687693407311507,0.5642695337399875,0.7523432280065728,0.8351257910807337,50,Adventure,Puzzle,0.764034731864005,0.23771054859358,43,1.0,0.0,0.1166666666666666,0.988308496142568,0,0.7976939762745313,2
436,1096,Experience 1096,Adventure,0.7903170826018652,0.4751627362769494,0.5362341337297925,0.9233469677258124,13,Adventure,Puzzle,0.764034731864005,0.23771054859358,43,1.0,0.0,0.5,0.7721994018657875,1,0.7442753508029684,3
436,1101,Experience 1101,Adventure,0.7760911633714107,0.1624374115097873,0.2510263664566988,0.468231405693584,28,Adventure,Puzzle,0.764034731864005,0.23771054859358,43,1.0,0.0,0.25,0.4869916345926939,0,0.7006108265961545,4
436,1057,Experience 1057,Adventure,0.6456559365327232,0.2179960435691,0.3788184780326499,0.8119882015105448,28,Adventure,Puzzle,0.764034731864005,0.23771054859358,43,1.0,0.0,0.25,0.614783746168645,1,0.696080725381886,5
437,1078,Experience 1078,Simulation,0.9139745006021852,0.4875947260651535,0.1081242288365573,0.0386443098268846,51,Simulation,Puzzle,0.7027970371024337,0.3822332819141529,55,1.0,0.0,0.0666666666666666,0.4053271917341237,1,0.757417167133874,1
437,1020,Experience 1020,Simulation,0.8220634578382588,0.5054615596538111,0.3982077558970217,0.6135164847298321,13,Simulation,Puzzle,0.7027970371024337,0.3822332819141529,55,1.0,0.0,0.7,0.6954107187945879,0,0.7264921986845712,2
437,1075,Experience 1075,Puzzle,0.7701763699744956,0.5714931074517187,0.7080993700732455,0.0043057756676786,58,Simulation,Puzzle,0.7027970371024337,0.3822332819141529,55,0.0,1.0,0.05,0.9946976670291882,0,0.6731756426386394,3
437,1064,Experience 1064,Puzzle,0.6204758892789963,0.4435351922580418,0.6632419642315316,0.276207363456566,49,Simulation,Puzzle,0.7027970371024337,0.3822332819141529,55,0.0,1.0,0.1,0.960444927129098,0,0.612780405844978,4
437,1004,Experience 1004,Puzzle,0.809305382335664,0.5027055170834634,0.7716046143560276,0.3920600224154432,16,Simulation,Puzzle,0.7027970371024337,0.3822332819141529,55,0.0,1.0,0.65,0.931192422746406,1,0.5993535786449626,5
438,1095,Experience 1095,Creative,0.5802362817422383,0.4006003917193433,0.7708173982045061,0.4033544032491283,54,Creative,Sports,0.4430191327133971,0.3181630409671357,32,1.0,0.0,0.3666666666666666,0.672201734508891,0,0.7460306856272094,1
438,1027,Experience 1027,Sports,0.8258355726034926,0.7779980359761599,0.5071112833110228,0.4772006332829246,49,Creative,Sports,0.4430191327133971,0.3181630409671357,32,0.0,1.0,0.2833333333333333,0.9359078494023744,1,0.6895924424981542,2
438,1037,Experience 1037,Sports,0.7994490651436071,0.7023148063737304,0.3263399911584964,0.9948242136208678,35,Creative,Sports,0.4430191327133971,0.3181630409671357,32,0.0,1.0,0.05,0.8833208584450993,1,0.6785140286646241,3
438,1088,Experience 1088,Sports,0.931739259022481,0.4207879774878386,0.5549692853271866,0.4100487869149942,11,Creative,Sports,0.4430191327133971,0.3181630409671357,32,0.0,1.0,0.35,0.8880498473862105,0,0.671564281601039,4
438,1102,Experience 1102,Sports,0.9402838286695968,0.4125021221616953,0.1907643304361418,0.200562471321554,40,Creative,Sports,0.4430191327133971,0.3181630409671357,32,0.0,1.0,0.1333333333333333,0.7477451977227447,1,0.6658838760249209,5
439,1085,Experience 1085,Social,0.715133524882573,0.3923165755464828,0.681782684374937,0.3715432084063615,41,Social,Simulation,0.5215252259333211,0.5160220244566948,54,1.0,0.0,0.2166666666666666,0.839742541558384,1,0.8227683745611681,1
439,1058,Experience 1058,Social,0.5666390936836835,0.5294440043668863,0.4156619036213059,0.2647117106195373,52,Social,Simulation,0.5215252259333211,0.5160220244566948,54,1.0,0.0,0.0333333333333333,0.8941366776879849,0,0.8195574311893888,2
439,1107,Experience 1107,Social,0.7428970964662264,0.8045676070342606,0.8160785123357384,0.9076048913904824,23,Social,Simulation,0.5215252259333211,0.5160220244566948,54,1.0,0.0,0.5166666666666667,0.7054467135975827,0,0.8101849831164798,3
439,1084,Experience 1084,Social,0.6722561348379004,0.2863456816441453,0.5362524927433157,0.7470758006298863,26,Social,Simulation,0.5215252259333211,0.5160220244566948,54,1.0,0.0,0.4666666666666667,0.9852727331900054,0,0.8029410321364783,4
439,1098,Experience 1098,Social,0.534058177188557,0.4459803600128759,0.2707495249900757,0.7298152463028666,35,Social,Simulation,0.5215252259333211,0.5160220244566948,54,1.0,0.0,0.3166666666666666,0.7492242990567547,0,0.764220935248834,5
440,1116,Experience 1116,Action,0.6678760843020042,0.5482724230839826,0.6479003468582198,0.8466710505082435,57,Action,Adventure,0.6079457932126583,0.3615648765916063,27,1.0,0.0,0.5,0.9600454463544384,1,0.7724663606318155,1
440,1068,Experience 1068,Action,0.698456042052288,0.2594560290757449,0.3550613668330224,0.4325155932423661,21,Action,Adventure,0.6079457932126583,0.3615648765916063,27,1.0,0.0,0.1,0.7471155736203641,1,0.7554334472484482,2
440,1032,Experience 1032,Action,0.9183909657409184,0.1782087510115781,0.2798409650960937,0.836613041032693,59,Action,Adventure,0.6079457932126583,0.3615648765916063,27,1.0,0.0,0.5333333333333333,0.6718951718834354,0,0.7487961909094306,3
440,1086,Experience 1086,Action,0.6307900998772656,0.1325899003231649,0.3014212434741936,0.1888364204756389,42,Action,Adventure,0.6079457932126583,0.3615648765916063,27,1.0,0.0,0.25,0.6934754502615353,0,0.7187105587766736,4
440,1035,Experience 1035,Action,0.684933354468736,0.2628151072276272,0.2926692360835166,0.7930049789596304,54,Action,Adventure,0.6079457932126583,0.3615648765916063,27,1.0,0.0,0.45,0.6847234428708584,0,0.7158386930189296,5
441,1070,Experience 1070,Sports,0.9021629239090754,0.4240213755135868,0.7602726894428304,0.7757910864370905,50,Sports,Strategy,0.8297063587321386,0.2185832417590195,42,1.0,0.0,0.1333333333333333,0.9305663307106918,1,0.8282728295720648,1
441,1092,Experience 1092,Sports,0.8280410369904486,0.5343815491606264,0.7426691928850321,0.6904019545155015,39,Sports,Strategy,0.8297063587321386,0.2185832417590195,42,1.0,0.0,0.05,0.9129628341528936,0,0.8244208145747263,2
441,1111,Experience 1111,Sports,0.9428982678236224,0.8155250577848677,0.575778764164542,0.2547283501174674,25,Sports,Strategy,0.8297063587321386,0.2185832417590195,42,1.0,0.0,0.2833333333333333,0.7460724054324034,1,0.8199777430469607,3
441,1027,Experience 1027,Sports,0.8258355726034926,0.7779980359761599,0.5071112833110228,0.4772006332829246,49,Sports,Strategy,0.8297063587321386,0.2185832417590195,42,1.0,0.0,0.1166666666666666,0.6774049245788842,0,0.8030608565402427,4
441,1001,Experience 1001,Sports,0.6452560499996463,0.8044840559110404,0.5776422262968883,0.3608105614175153,41,Sports,Strategy,0.8297063587321386,0.2185832417590195,42,1.0,0.0,0.0166666666666666,0.7479358675647497,1,0.7910061823099829,5
442,1069,Experience 1069,Puzzle,0.8068156107352968,0.6551858372056814,0.8842124935251735,0.2530347499296835,35,Puzzle,Strategy,0.5130844584814124,0.4441527159540384,19,1.0,0.0,0.2666666666666666,0.6288719649562389,0,0.777788815336392,1
442,1026,Experience 1026,Puzzle,0.7847705334160814,0.4236675665053301,0.2918167090217533,0.0158055554401338,14,Puzzle,Strategy,0.5130844584814124,0.4441527159540384,19,1.0,0.0,0.0833333333333333,0.7787322505403409,0,0.776257674218178,2
442,1003,Experience 1003,Puzzle,0.7658593377467232,0.3759100169419204,0.0773164253661275,0.4674845394285718,49,Puzzle,Strategy,0.5130844584814124,0.4441527159540384,19,1.0,0.0,0.5,0.5642319668847151,0,0.7021171596302075,3
442,1111,Experience 1111,Sports,0.9428982678236224,0.8155250577848677,0.575778764164542,0.2547283501174674,25,Puzzle,Strategy,0.5130844584814124,0.4441527159540384,19,0.0,0.0,0.1,0.9373056943168704,0,0.5332765961298984,4
442,1045,Experience 1045,Strategy,0.6865679540637682,0.4124899761623172,0.8858497306039471,0.3446408865116177,23,Puzzle,Strategy,0.5130844584814124,0.4441527159540384,19,0.0,1.0,0.0666666666666666,0.6272347278774653,0,0.5261795648871221,5
443,1031,Experience 1031,Adventure,0.6267069522672452,0.6020379288394027,0.9395582128996094,0.5521627033044271,46,Adventure,Puzzle,0.8089969367965653,0.4022312810715497,26,1.0,0.0,0.3333333333333333,0.8694387238969559,0,0.7647426668307086,1
443,1101,Experience 1101,Adventure,0.7760911633714107,0.1624374115097873,0.2510263664566988,0.468231405693584,28,Adventure,Puzzle,0.8089969367965653,0.4022312810715497,26,1.0,0.0,0.0333333333333333,0.4420294296601335,1,0.7117776258091596,2
443,1077,Experience 1077,Adventure,0.8965830938027713,0.1988675594053931,0.098043795325636,0.9940777724523784,46,Adventure,Puzzle,0.8089969367965653,0.4022312810715497,26,1.0,0.0,0.3333333333333333,0.2890468585290708,0,0.6837016933330807,3
443,1072,Experience 1072,Puzzle,0.7449779069249327,0.3414623639761886,0.973475515285742,0.3783180142237856,25,Adventure,Puzzle,0.8089969367965653,0.4022312810715497,26,0.0,1.0,0.0166666666666666,0.8355214215108232,0,0.6278157388435742,4
443,1026,Experience 1026,Puzzle,0.7847705334160814,0.4236675665053301,0.2918167090217533,0.0158055554401338,14,Adventure,Puzzle,0.8089969367965653,0.4022312810715497,26,0.0,1.0,0.2,0.4828197722251881,0,0.5408845634496047,5
444,1111,Experience 1111,Sports,0.9428982678236224,0.8155250577848677,0.575778764164542,0.2547283501174674,25,Sports,Creative,0.694588827462303,0.3622388675193256,24,1.0,0.0,0.0166666666666666,0.881189936702239,1,0.8559228857692406,1
444,1092,Experience 1092,Sports,0.8280410369904486,0.5343815491606264,0.7426691928850321,0.6904019545155015,39,Sports,Creative,0.694588827462303,0.3622388675193256,24,1.0,0.0,0.25,0.9519196345772708,1,0.8245728404379203,2
444,1088,Experience 1088,Sports,0.931739259022481,0.4207879774878386,0.5549692853271866,0.4100487869149942,11,Sports,Creative,0.694588827462303,0.3622388675193256,24,1.0,0.0,0.2166666666666666,0.8603804578648836,1,0.8218914593848228,3
444,1070,Experience 1070,Sports,0.9021629239090754,0.4240213755135868,0.7602726894428304,0.7757910864370905,50,Sports,Creative,0.694588827462303,0.3622388675193256,24,1.0,0.0,0.4333333333333333,0.9343161380194726,1,0.8186895219007696,4
444,1091,Experience 1091,Sports,0.6742348817628386,0.2717222536331008,0.7498162980972818,0.6422524185679935,12,Sports,Creative,0.694588827462303,0.3622388675193256,24,1.0,0.0,0.2,0.9447725293650212,1,0.7871745730436683,5
445,1043,Experience 1043,Creative,0.8838983032607785,0.7641225701636372,0.5942808569171103,0.6062993981927156,47,Creative,Simulation,0.214386285946864,0.5682931542869954,33,1.0,0.0,0.2333333333333333,0.6201054290297537,0,0.7965220762493724,1
445,1052,Experience 1052,Creative,0.6879474895864814,0.8150878066775633,0.5427584275418881,0.4028796085076296,43,Creative,Simulation,0.214386285946864,0.5682931542869954,33,1.0,0.0,0.1666666666666666,0.671627858404976,0,0.7760113711364789,2
445,1021,Experience 1021,Creative,0.6317033375365485,0.227795161908673,0.5969784094803497,0.8897794665398687,40,Creative,Simulation,0.214386285946864,0.5682931542869954,33,1.0,0.0,0.1166666666666666,0.6174078764665143,0,0.7256082089223238,3
445,1076,Experience 1076,Creative,0.7805257487778566,0.3562342599893083,0.7812983230640933,0.571167362055741,8,Creative,Simulation,0.214386285946864,0.5682931542869954,33,1.0,0.0,0.4166666666666667,0.4330879628827707,1,0.7160000195994671,4
445,1078,Experience 1078,Simulation,0.9139745006021852,0.4875947260651535,0.1081242288365573,0.0386443098268846,51,Creative,Simulation,0.214386285946864,0.5682931542869954,33,0.0,1.0,0.3,0.8937379428896932,0,0.6195899166661469,5
446,1017,Experience 1017,Adventure,0.8986224157650411,0.4138920991005588,0.5580723954683906,0.6429984233408326,53,Adventure,Sports,0.4926486803267961,0.1436113943174309,46,1.0,0.0,0.1166666666666666,0.9345762848584056,0,0.8255042821793107,1
446,1118,Experience 1118,Adventure,0.6594774101626886,0.3565880675711896,0.5086937555214479,0.0351168111096665,58,Adventure,Sports,0.4926486803267961,0.1436113943174309,46,1.0,0.0,0.2,0.9839549248053482,0,0.7884392822239706,2
446,1073,Experience 1073,Adventure,0.687693407311507,0.5642695337399875,0.7523432280065728,0.8351257910807337,50,Adventure,Sports,0.4926486803267961,0.1436113943174309,46,1.0,0.0,0.0666666666666666,0.7403054523202233,1,0.78383880124686,3
446,1071,Experience 1071,Adventure,0.5432545608778258,0.5917055303234199,0.8111881708009158,0.7718493432291552,17,Adventure,Sports,0.4926486803267961,0.1436113943174309,46,1.0,0.0,0.4833333333333333,0.6814605095258803,1,0.7145579399897626,4
446,1111,Experience 1111,Sports,0.9428982678236224,0.8155250577848677,0.575778764164542,0.2547283501174674,25,Adventure,Sports,0.4926486803267961,0.1436113943174309,46,0.0,1.0,0.35,0.916869916162254,1,0.7007495231684594,5
447,1096,Experience 1096,Adventure,0.7903170826018652,0.4751627362769494,0.5362341337297925,0.9233469677258124,13,Adventure,Action,0.441553596407942,0.6409214065225729,23,1.0,0.0,0.1666666666666666,0.9053194626781496,0,0.7846814191482482,1
447,1008,Experience 1008,Adventure,0.8415828324170402,0.3364498304651394,0.599089106012921,0.2728043301458357,40,Adventure,Action,0.441553596407942,0.6409214065225729,23,1.0,0.0,0.2833333333333333,0.8424644903950211,1,0.7807255775405976,2
447,1073,Experience 1073,Adventure,0.687693407311507,0.5642695337399875,0.7523432280065728,0.8351257910807337,50,Adventure,Action,0.441553596407942,0.6409214065225729,23,1.0,0.0,0.45,0.6892103684013693,0,0.7331987763950937,3
447,1031,Experience 1031,Adventure,0.6267069522672452,0.6020379288394027,0.9395582128996094,0.5521627033044271,46,Adventure,Action,0.441553596407942,0.6409214065225729,23,1.0,0.0,0.3833333333333333,0.5019953835083326,0,0.709909215920743,4
447,1055,Experience 1055,Action,0.9121309206982589,0.3826203354113438,0.2499073592941251,0.1919211614110854,38,Adventure,Action,0.441553596407942,0.6409214065225729,23,0.0,1.0,0.25,0.8083537628861831,1,0.6131390642976231,5
448,1061,Experience 1061,Social,0.9515114053456256,0.4883887845440612,0.3838014404080356,0.6777086144544695,56,Social,Creative,0.2326757708395452,0.8685762494196203,33,1.0,0.0,0.3833333333333333,0.8488743304315096,1,0.8627608426430782,1
448,1025,Experience 1025,Social,0.838744739121835,0.7279884901895025,0.5876677647056102,0.0811540004238993,14,Social,Creative,0.2326757708395452,0.8685762494196203,33,1.0,0.0,0.3166666666666666,0.6450080061339349,1,0.846312793617795,2
448,1098,Experience 1098,Social,0.534058177188557,0.4459803600128759,0.2707495249900757,0.7298152463028666,35,Social,Creative,0.2326757708395452,0.8685762494196203,33,1.0,0.0,0.0333333333333333,0.9619262458494696,0,0.8305960465117227,3
448,1107,Experience 1107,Social,0.7428970964662264,0.8045676070342606,0.8160785123357384,0.9076048913904824,23,Social,Creative,0.2326757708395452,0.8685762494196203,33,1.0,0.0,0.1666666666666666,0.4165972585038069,1,0.823401408165804,4
448,1085,Experience 1085,Social,0.715133524882573,0.3923165755464828,0.681782684374937,0.3715432084063615,41,Social,Creative,0.2326757708395452,0.8685762494196203,33,1.0,0.0,0.1333333333333333,0.5508930864646082,0,0.819227705270143,5
449,1046,Experience 1046,Puzzle,0.9358581895296346,0.2937905951089806,0.3646871905132503,0.5570017818814502,30,Puzzle,Action,0.3650676470576111,0.7883225000558702,21,1.0,0.0,0.15,0.9996195434556392,1,0.8282760595007558,1
449,1026,Experience 1026,Puzzle,0.7847705334160814,0.4236675665053301,0.2918167090217533,0.0158055554401338,14,Puzzle,Action,0.3650676470576111,0.7883225000558702,21,1.0,0.0,0.1166666666666666,0.9267490619641422,1,0.8056114794836149,2
449,1053,Experience 1053,Puzzle,0.7426572934279929,0.7514869168546299,0.2904976508730454,0.8341208920021081,34,Puzzle,Action,0.3650676470576111,0.7883225000558702,21,1.0,0.0,0.2166666666666666,0.9254300038154344,1,0.8045822198755898,3
449,1069,Experience 1069,Puzzle,0.8068156107352968,0.6551858372056814,0.8842124935251735,0.2530347499296835,35,Puzzle,Action,0.3650676470576111,0.7883225000558702,21,1.0,0.0,0.2333333333333333,0.4808551535324377,1,0.7772914652601537,4
449,1072,Experience 1072,Puzzle,0.7449779069249327,0.3414623639761886,0.973475515285742,0.3783180142237856,25,Puzzle,Action,0.3650676470576111,0.7883225000558702,21,1.0,0.0,0.0666666666666666,0.3915921317718691,0,0.7499648073282329,5
450,1108,Experience 1108,Puzzle,0.8425576923542274,0.4822507608830354,0.666849920378606,0.8027206052883656,21,Puzzle,Action,0.6083179141084735,0.4296118338190628,50,1.0,0.0,0.4833333333333333,0.9414679937298674,0,0.7952646187278909,1
450,1004,Experience 1004,Puzzle,0.809305382335664,0.5027055170834634,0.7716046143560276,0.3920600224154432,16,Puzzle,Action,0.6083179141084735,0.4296118338190628,50,1.0,0.0,0.5666666666666667,0.8367132997524459,1,0.7774660716631754,2
450,1054,Experience 1054,Puzzle,0.6795756146978778,0.2537314254122666,0.2509959349159629,0.6813294726896911,34,Puzzle,Action,0.6083179141084735,0.4296118338190628,50,1.0,0.0,0.2666666666666666,0.6426780208074895,0,0.7215718224006382,3
450,1029,Experience 1029,Puzzle,0.3418174116264629,0.7473540601800795,0.2448417750345193,0.4073623878629723,57,Puzzle,Action,0.6083179141084735,0.4296118338190628,50,1.0,0.0,0.1166666666666666,0.6365238609260458,0,0.6999641681669267,4
450,1044,Experience 1044,Action,0.8578996664042653,0.7405382156713768,0.540545681694017,0.9388053542070384,40,Puzzle,Action,0.6083179141084735,0.4296118338190628,50,0.0,1.0,0.1666666666666666,0.9322277675855436,1,0.6552287591497592,5
451,1023,Experience 1023,Strategy,0.934275144868182,0.4241492862896971,0.2179097364670654,0.7914514878076223,48,Strategy,Adventure,0.3529600312484053,0.2566810318627223,55,1.0,0.0,0.1166666666666666,0.8649497052186601,0,0.7919554626755164,1
451,1011,Experience 1011,Strategy,0.8438936347604792,0.3089791482471649,0.5527453913687409,0.302964628837302,52,Strategy,Adventure,0.3529600312484053,0.2566810318627223,55,1.0,0.0,0.05,0.8002146398796645,0,0.7805482637415898,2
451,1094,Experience 1094,Strategy,0.777065958629862,0.5840090382012306,0.3016147592800985,0.4118434403009737,40,Strategy,Adventure,0.3529600312484053,0.2566810318627223,55,1.0,0.0,0.25,0.9486547280316932,0,0.7775833089263205,3
451,1034,Experience 1034,Strategy,0.5016628944231066,0.7184788322001798,0.7569144817322334,0.2251776661055454,11,Strategy,Adventure,0.3529600312484053,0.2566810318627223,55,1.0,0.0,0.7333333333333333,0.596045549516172,0,0.6491637904065424,4
451,1061,Experience 1061,Social,0.9515114053456256,0.4883887845440612,0.3838014404080356,0.6777086144544695,56,Strategy,Adventure,0.3529600312484053,0.2566810318627223,55,0.0,0.0,0.0166666666666666,0.9691585908403696,0,0.5765135134277253,5
452,1044,Experience 1044,Action,0.8578996664042653,0.7405382156713768,0.540545681694017,0.9388053542070384,40,Action,Sports,0.321359358585036,0.5349858402599401,55,1.0,0.0,0.25,0.780813676891019,1,0.8430565684768966,1
452,1116,Experience 1116,Action,0.6678760843020042,0.5482724230839826,0.6479003468582198,0.8466710505082435,57,Action,Sports,0.321359358585036,0.5349858402599401,55,1.0,0.0,0.0333333333333333,0.6734590117268162,1,0.8143197752058002,2
452,1006,Experience 1006,Action,0.8770181756508404,0.5275353377269014,0.8047332447846338,0.7517807092307816,28,Action,Sports,0.321359358585036,0.5349858402599401,55,1.0,0.0,0.45,0.5166261138004022,1,0.802940799852479,3
452,1068,Experience 1068,Action,0.698456042052288,0.2594560290757449,0.3550613668330224,0.4325155932423661,21,Action,Sports,0.321359358585036,0.5349858402599401,55,1.0,0.0,0.5666666666666667,0.9662979917520136,0,0.7936242428670368,4
452,1102,Experience 1102,Sports,0.9402838286695968,0.4125021221616953,0.1907643304361418,0.200562471321554,40,Action,Sports,0.321359358585036,0.5349858402599401,55,0.0,1.0,0.25,0.8694049718511058,0,0.7078351846026011,5
453,1119,Experience 1119,Action,0.8086136050725224,0.7572883677081093,0.5086964614589882,0.1619415702496311,9,Action,Creative,0.9602152379080492,0.4342194404821345,24,1.0,0.0,0.25,0.5484812235509389,1,0.7807087419183371,1
453,1055,Experience 1055,Action,0.9121309206982589,0.3826203354113438,0.2499073592941251,0.1919211614110854,38,Action,Creative,0.9602152379080492,0.4342194404821345,24,1.0,0.0,0.2333333333333333,0.2896921213860759,0,0.7439812451208827,2
453,1086,Experience 1086,Action,0.6307900998772656,0.1325899003231649,0.3014212434741936,0.1888364204756389,42,Action,Creative,0.9602152379080492,0.4342194404821345,24,1.0,0.0,0.3,0.3412060055661443,1,0.6731649640629794,3
453,1035,Experience 1035,Action,0.684933354468736,0.2628151072276272,0.2926692360835166,0.7930049789596304,54,Action,Creative,0.9602152379080492,0.4342194404821345,24,1.0,0.0,0.5,0.3324539981754673,0,0.6700415763824153,4
453,1110,Experience 1110,Creative,0.8487034770737338,0.6513439158584452,0.7080979103356375,0.2741343936886083,18,Action,Creative,0.9602152379080492,0.4342194404821345,24,0.0,1.0,0.1,0.7478826724275882,0,0.6495582859991933,5
454,1111,Experience 1111,Sports,0.9428982678236224,0.8155250577848677,0.575778764164542,0.2547283501174674,25,Sports,Adventure,0.7474333341403444,0.0775207498799154,22,1.0,0.0,0.05,0.8283454300241976,1,0.8315877661934794,1
454,1092,Experience 1092,Sports,0.8280410369904486,0.5343815491606264,0.7426691928850321,0.6904019545155015,39,Sports,Adventure,0.7474333341403444,0.0775207498799154,22,1.0,0.0,0.2833333333333333,0.9952358587446876,1,0.8069849947568534,2
454,1091,Experience 1091,Sports,0.6742348817628386,0.2717222536331008,0.7498162980972818,0.6422524185679935,12,Sports,Adventure,0.7474333341403444,0.0775207498799154,22,1.0,0.0,0.1666666666666666,0.9976170360430626,0,0.7730656661496283,3
454,1001,Experience 1001,Sports,0.6452560499996463,0.8044840559110404,0.5776422262968883,0.3608105614175153,41,Sports,Adventure,0.7474333341403444,0.0775207498799154,22,1.0,0.0,0.3166666666666666,0.8302088921565439,0,0.7661747044400058,4
454,1015,Experience 1015,Sports,0.9316862802198296,0.7502302540767141,0.1563447605350174,0.9300033473547172,10,Sports,Adventure,0.7474333341403444,0.0775207498799154,22,1.0,0.0,0.2,0.408911426394673,1,0.750072033526328,5
455,1115,Experience 1115,Simulation,0.626658707429628,0.7075065986188209,0.5404405149990236,0.2246894745458737,42,Simulation,Social,0.4475190597376211,0.85413584886393,39,1.0,0.0,0.05,0.9070785447385976,1,0.8187736605968432,1
455,1020,Experience 1020,Simulation,0.8220634578382588,0.5054615596538111,0.3982077558970217,0.6135164847298321,13,Simulation,Social,0.4475190597376211,0.85413584886393,39,1.0,0.0,0.4333333333333333,0.9506886961594004,0,0.8103285270566537,2
455,1010,Experience 1010,Simulation,0.8201589080775701,0.1741976609077686,0.1927429310808082,0.4388217018019487,21,Simulation,Social,0.4475190597376211,0.85413584886393,39,1.0,0.0,0.3,0.7452238713431871,0,0.7759620127358406,3
455,1056,Experience 1056,Simulation,0.5850817489192739,0.1274880872408227,0.8708251250831834,0.1754622465790878,53,Simulation,Social,0.4475190597376211,0.85413584886393,39,1.0,0.0,0.2333333333333333,0.5766939346544377,0,0.7388829072013531,4
455,1109,Experience 1109,Social,0.5415451963988065,0.6320276759129257,0.4602651355822746,0.2660308726216652,48,Simulation,Social,0.4475190597376211,0.85413584886393,39,0.0,1.0,0.15,0.9872539241553464,0,0.6953195165188147,5
456,1036,Experience 1036,Sports,0.9655169972756756,0.2298411882545339,0.2550485289661252,0.8478368672236546,17,Sports,Creative,0.1583126819097695,0.1875742514695449,19,1.0,0.0,0.0333333333333333,0.9032641529436444,1,0.8233466431129891,1
456,1102,Experience 1102,Sports,0.9402838286695968,0.4125021221616953,0.1907643304361418,0.200562471321554,40,Sports,Creative,0.1583126819097695,0.1875742514695449,19,1.0,0.0,0.35,0.9675483514736276,1,0.8203045821271848,2
456,1005,Experience 1005,Sports,0.725440926488475,0.5102685875213342,0.2459903544501388,0.2409271164143122,19,Sports,Creative,0.1583126819097695,0.1875742514695449,19,1.0,0.0,0.0,0.9123223274596308,1,0.8065450348178257,3
456,1037,Experience 1037,Sports,0.7994490651436071,0.7023148063737304,0.3263399911584964,0.9948242136208678,35,Sports,Creative,0.1583126819097695,0.1875742514695449,19,1.0,0.0,0.2666666666666666,0.8319726907512731,1,0.7997194925220694,4
456,1027,Experience 1027,Sports,0.8258355726034926,0.7779980359761599,0.5071112833110228,0.4772006332829246,49,Sports,Creative,0.1583126819097695,0.1875742514695449,19,1.0,0.0,0.5,0.6512013985987467,0,0.780958249268396,5
457,1078,Experience 1078,Simulation,0.9139745006021852,0.4875947260651535,0.1081242288365573,0.0386443098268846,51,Simulation,Adventure,0.5774698471945927,0.2078718606966162,51,1.0,0.0,0.0,0.5306543816419647,1,0.7570629346427944,1
457,1020,Experience 1020,Simulation,0.8220634578382588,0.5054615596538111,0.3982077558970217,0.6135164847298321,13,Simulation,Adventure,0.5774698471945927,0.2078718606966162,51,1.0,0.0,0.6333333333333333,0.8207379087024289,0,0.7261091376596092,2
457,1114,Experience 1114,Simulation,0.9094073794904848,0.2867325336723821,0.0751050358773748,0.4020477981570693,23,Simulation,Adventure,0.5774698471945927,0.2078718606966162,51,1.0,0.0,0.4666666666666667,0.4976351886827821,0,0.691407522128439,3
457,1010,Experience 1010,Simulation,0.8201589080775701,0.1741976609077686,0.1927429310808082,0.4388217018019487,21,Simulation,Adventure,0.5774698471945927,0.2078718606966162,51,1.0,0.0,0.5,0.6152730838862156,1,0.6824626369169823,4
457,1017,Experience 1017,Adventure,0.8986224157650411,0.4138920991005588,0.5580723954683906,0.6429984233408326,53,Simulation,Adventure,0.5774698471945927,0.2078718606966162,51,0.0,1.0,0.0333333333333333,0.980602548273798,0,0.6307399184314736,5
458,1104,Experience 1104,Sports,0.7763284069557427,0.7928984171430337,0.1707069630824686,0.4638281104628762,33,Sports,Creative,0.0543002820049277,0.6954371562393364,38,1.0,0.0,0.0833333333333333,0.8835933189224591,1,0.8390150320616064,1
458,1013,Experience 1013,Sports,0.8486275995976889,0.743877614526904,0.1274827038621261,0.2359972626205526,20,Sports,Creative,0.0543002820049277,0.6954371562393364,38,1.0,0.0,0.3,0.9268175781428016,1,0.837797069933962,2
458,1037,Experience 1037,Sports,0.7994490651436071,0.7023148063737304,0.3263399911584964,0.9948242136208678,35,Sports,Creative,0.0543002820049277,0.6954371562393364,38,1.0,0.0,0.05,0.7279602908464313,1,0.8253752891064625,3
458,1111,Experience 1111,Sports,0.9428982678236224,0.8155250577848677,0.575778764164542,0.2547283501174674,25,Sports,Creative,0.0543002820049277,0.6954371562393364,38,1.0,0.0,0.2166666666666666,0.4785215178403857,1,0.825220992912033,4
458,1036,Experience 1036,Sports,0.9655169972756756,0.2298411882545339,0.2550485289661252,0.8478368672236546,17,Sports,Creative,0.0543002820049277,0.6954371562393364,38,1.0,0.0,0.35,0.7992517530388026,1,0.8150183972579166,5
459,1107,Experience 1107,Social,0.7428970964662264,0.8045676070342606,0.8160785123357384,0.9076048913904824,23,Social,Simulation,0.686885572361243,0.2256800500629467,19,1.0,0.0,0.0666666666666666,0.8708070600255047,1,0.8338236639065103,1
459,1012,Experience 1012,Social,0.4912469181469279,0.4504706076181689,0.5423234103127773,0.3692728413409686,11,Social,Simulation,0.686885572361243,0.2256800500629467,19,1.0,0.0,0.1333333333333333,0.8554378379515343,0,0.765043945118214,2
459,1058,Experience 1058,Social,0.5666390936836835,0.5294440043668863,0.4156619036213059,0.2647117106195373,52,Social,Simulation,0.686885572361243,0.2256800500629467,19,1.0,0.0,0.55,0.7287763312600628,0,0.7377485256027293,3
459,1098,Experience 1098,Social,0.534058177188557,0.4459803600128759,0.2707495249900757,0.7298152463028666,35,Social,Simulation,0.686885572361243,0.2256800500629467,19,1.0,0.0,0.2666666666666666,0.5838639526288327,0,0.7182616533304655,4
459,1028,Experience 1028,Simulation,0.7474374024719366,0.7598079156453001,0.9057260947827066,0.4943145335346177,16,Social,Simulation,0.686885572361243,0.2256800500629467,19,0.0,1.0,0.05,0.7811594775785364,0,0.589254322199247,5
460,1028,Experience 1028,Simulation,0.7474374024719366,0.7598079156453001,0.9057260947827066,0.4943145335346177,16,Simulation,Puzzle,0.8035098941489688,0.3724198361022435,23,1.0,0.0,0.1166666666666666,0.8977837993662622,0,0.7985181982481372,1
460,1020,Experience 1020,Simulation,0.8220634578382588,0.5054615596538111,0.3982077558970217,0.6135164847298321,13,Simulation,Puzzle,0.8035098941489688,0.3724198361022435,23,1.0,0.0,0.1666666666666666,0.594697861748053,0,0.7415013308539753,2
460,1078,Experience 1078,Simulation,0.9139745006021852,0.4875947260651535,0.1081242288365573,0.0386443098268846,51,Simulation,Puzzle,0.8035098941489688,0.3724198361022435,23,1.0,0.0,0.4666666666666667,0.3046143346875886,0,0.6946397932101005,3
460,1016,Experience 1016,Simulation,0.6327408434291123,0.2893552650923534,0.337198205686132,0.4979318527888876,53,Simulation,Puzzle,0.8035098941489688,0.3724198361022435,23,1.0,0.0,0.5,0.5336883115371633,1,0.6543672505456952,4
460,1004,Experience 1004,Puzzle,0.809305382335664,0.5027055170834634,0.7716046143560276,0.3920600224154432,16,Simulation,Puzzle,0.8035098941489688,0.3724198361022435,23,0.0,1.0,0.1166666666666666,0.9680947202070588,0,0.6403069745053581,5
461,1082,Experience 1082,Adventure,0.940069744877272,0.6645999956719907,0.1368397110942475,0.0890420050750532,28,Adventure,Sports,0.6300170448783261,0.512275593593948,41,1.0,0.0,0.2166666666666666,0.5068226662159214,0,0.7898684111878238,1
461,1096,Experience 1096,Adventure,0.7903170826018652,0.4751627362769494,0.5362341337297925,0.9233469677258124,13,Adventure,Sports,0.6300170448783261,0.512275593593948,41,1.0,0.0,0.4666666666666667,0.9062170888514663,1,0.7862394649358563,2
461,1118,Experience 1118,Adventure,0.6594774101626886,0.3565880675711896,0.5086937555214479,0.0351168111096665,58,Adventure,Sports,0.6300170448783261,0.512275593593948,41,1.0,0.0,0.2833333333333333,0.8786767106431218,0,0.7793162794650385,3
461,1077,Experience 1077,Adventure,0.8965830938027713,0.1988675594053931,0.098043795325636,0.9940777724523784,46,Adventure,Sports,0.6300170448783261,0.512275593593948,41,1.0,0.0,0.0833333333333333,0.46802675044731,1,0.7565449706723157,4
461,1117,Experience 1117,Adventure,0.4143954852484882,0.5042520610293434,0.5381695778516243,0.3991953026577904,51,Adventure,Sports,0.6300170448783261,0.512275593593948,41,1.0,0.0,0.1666666666666666,0.9081525329732982,0,0.7520183375740629,5
462,1045,Experience 1045,Strategy,0.6865679540637682,0.4124899761623172,0.8858497306039471,0.3446408865116177,23,Strategy,Adventure,0.4956272952608427,0.600276746661477,12,1.0,0.0,0.1833333333333333,0.6097775646568956,0,0.7201085815881193,1
462,1060,Experience 1060,Strategy,0.8620933017122632,0.1051567799118504,0.3772606570904063,0.1400554046894906,58,Strategy,Adventure,0.4956272952608427,0.600276746661477,12,1.0,0.0,0.7666666666666667,0.8816333618295635,1,0.7178093283369352,2
462,1080,Experience 1080,Strategy,0.4960287753620589,0.3772823688301061,0.669450532879556,0.5189146424870842,16,Strategy,Adventure,0.4956272952608427,0.600276746661477,12,1.0,0.0,0.0666666666666666,0.8261767623812867,0,0.7097960998212721,3
462,1017,Experience 1017,Adventure,0.8986224157650411,0.4138920991005588,0.5580723954683906,0.6429984233408326,53,Strategy,Adventure,0.4956272952608427,0.600276746661477,12,0.0,1.0,0.6833333333333333,0.937554899792452,0,0.5690899278961927,4
462,1025,Experience 1025,Social,0.838744739121835,0.7279884901895025,0.5876677647056102,0.0811540004238993,14,Strategy,Adventure,0.4956272952608427,0.600276746661477,12,0.0,0.0,0.0333333333333333,0.9079595305552324,0,0.5523426770395956,5
463,1099,Experience 1099,Adventure,0.8332801744008336,0.4077151465805127,0.8307594812615263,0.7545731382181347,49,Adventure,Simulation,0.1674324710838318,0.4007181890028843,33,1.0,0.0,0.2666666666666666,0.3366729898223055,0,0.7111537751568489,1
463,1022,Experience 1022,Adventure,0.5006486309375991,0.407575941114626,0.4697425498140824,0.908608246555642,36,Adventure,Simulation,0.1674324710838318,0.4007181890028843,33,1.0,0.0,0.05,0.6976899212697494,1,0.6971566301385538,2
463,1073,Experience 1073,Adventure,0.687693407311507,0.5642695337399875,0.7523432280065728,0.8351257910807337,50,Adventure,Simulation,0.1674324710838318,0.4007181890028843,33,1.0,0.0,0.2833333333333333,0.415089243077259,0,0.697103821277833,3
463,1031,Experience 1031,Adventure,0.6267069522672452,0.6020379288394027,0.9395582128996094,0.5521627033044271,46,Adventure,Simulation,0.1674324710838318,0.4007181890028843,33,1.0,0.0,0.2166666666666666,0.2278742581842223,0,0.672072677451914,4
463,1033,Experience 1033,Simulation,0.8859147305780027,0.259942782541492,0.2648265360525452,0.1086571032622624,31,Adventure,Simulation,0.1674324710838318,0.4007181890028843,33,0.0,1.0,0.0333333333333333,0.9026059350312864,0,0.6112884347122856,5
464,1044,Experience 1044,Action,0.8578996664042653,0.7405382156713768,0.540545681694017,0.9388053542070384,40,Action,Adventure,0.4006844912805637,0.6073816518314187,16,1.0,0.0,0.4,0.8601388095865468,0,0.8103251235928176,1
464,1032,Experience 1032,Action,0.9183909657409184,0.1782087510115781,0.2798409650960937,0.836613041032693,59,Action,Adventure,0.4006844912805637,0.6073816518314187,16,1.0,0.0,0.7166666666666667,0.87915647381553,0,0.7686437436602092,2
464,1009,Experience 1009,Action,0.7987178764315418,0.3460501829476273,0.2238314684756084,0.130890330850495,53,Action,Adventure,0.4006844912805637,0.6073816518314187,16,1.0,0.0,0.6166666666666667,0.8231469771950447,1,0.7596209654677921,3
464,1116,Experience 1116,Action,0.6678760843020042,0.5482724230839826,0.6479003468582198,0.8466710505082435,57,Action,Adventure,0.4006844912805637,0.6073816518314187,16,1.0,0.0,0.6833333333333333,0.752784144422344,0,0.7385542569094778,4
464,1103,Experience 1103,Action,0.6677544964493587,0.4461723957193605,0.794276194278496,0.1853752728024856,59,Action,Adventure,0.4006844912805637,0.6073816518314187,16,1.0,0.0,0.7166666666666667,0.6064082970020677,1,0.719860714658944,5
465,1051,Experience 1051,Adventure,0.7608650542535511,0.4945204429565272,0.5049786641965721,0.9492935230092574,34,Adventure,Simulation,0.5452994663506783,0.5512873584035372,14,1.0,0.0,0.3333333333333333,0.9596791978458938,1,0.7611971895868205,1
465,1099,Experience 1099,Adventure,0.8332801744008336,0.4077151465805127,0.8307594812615263,0.7545731382181347,49,Adventure,Simulation,0.5452994663506783,0.5512873584035372,14,1.0,0.0,0.5833333333333334,0.714539985089152,1,0.731008033528411,2
465,1118,Experience 1118,Adventure,0.6594774101626886,0.3565880675711896,0.5086937555214479,0.0351168111096665,58,Adventure,Simulation,0.5452994663506783,0.5512873584035372,14,1.0,0.0,0.7333333333333333,0.9633942891707696,1,0.7125977577715462,3
465,1117,Experience 1117,Adventure,0.4143954852484882,0.5042520610293434,0.5381695778516243,0.3991953026577904,51,Adventure,Simulation,0.5452994663506783,0.5512873584035372,14,1.0,0.0,0.6166666666666667,0.992870111500946,1,0.6804311321132336,4
465,1033,Experience 1033,Simulation,0.8859147305780027,0.259942782541492,0.2648265360525452,0.1086571032622624,31,Adventure,Simulation,0.5452994663506783,0.5512873584035372,14,0.0,1.0,0.2833333333333333,0.719527069701867,0,0.5458845025673429,5
466,1065,Experience 1065,Creative,0.7619316682455927,0.3645751585148475,0.2630179910479239,0.9645188861392016,47,Creative,Strategy,0.2516399027026223,0.3899983982367731,30,1.0,0.0,0.2833333333333333,0.9886219116546984,0,0.7832294934159515,1
466,1110,Experience 1110,Creative,0.8487034770737338,0.6513439158584452,0.7080979103356375,0.2741343936886083,18,Creative,Strategy,0.2516399027026223,0.3899983982367731,30,1.0,0.0,0.2,0.5435419923669849,1,0.7789188154618848,2
466,1067,Experience 1067,Creative,0.788764048918011,0.4580972487220676,0.5921026845821029,0.4299570499000478,43,Creative,Strategy,0.2516399027026223,0.3899983982367731,30,1.0,0.0,0.2166666666666666,0.6595372181205195,1,0.7700616251483949,3
466,1021,Experience 1021,Creative,0.6317033375365485,0.227795161908673,0.5969784094803497,0.8897794665398687,40,Creative,Strategy,0.2516399027026223,0.3899983982367731,30,1.0,0.0,0.1666666666666666,0.6546614932222725,0,0.7257660765443895,4
466,1038,Experience 1038,Creative,0.8025898263845425,0.4058560569474049,0.8087225901435202,0.8729120163870842,60,Creative,Strategy,0.2516399027026223,0.3899983982367731,30,1.0,0.0,0.5,0.4429173125591021,1,0.7235322484473728,5
467,1107,Experience 1107,Social,0.7428970964662264,0.8045676070342606,0.8160785123357384,0.9076048913904824,23,Social,Sports,0.8954984631497246,0.2594011996836779,30,1.0,0.0,0.1166666666666666,0.9205800491860138,1,0.8609538109033545,1
467,1085,Experience 1085,Social,0.715133524882573,0.3923165755464828,0.681782684374937,0.3715432084063615,41,Social,Sports,0.8954984631497246,0.2594011996836779,30,1.0,0.0,0.1833333333333333,0.7862842212252125,0,0.826817363392824,2
467,1074,Experience 1074,Social,0.7411737446379107,0.1336446501121093,0.5667526591354218,0.2130749343990023,32,Social,Sports,0.8954984631497246,0.2594011996836779,30,1.0,0.0,0.0333333333333333,0.6712541959856972,0,0.8137777723198822,3
467,1061,Experience 1061,Social,0.9515114053456256,0.4883887845440612,0.3838014404080356,0.6777086144544695,56,Social,Sports,0.8954984631497246,0.2594011996836779,30,1.0,0.0,0.4333333333333333,0.4883029772583109,1,0.8131028538132786,4
467,1084,Experience 1084,Social,0.6722561348379004,0.2863456816441453,0.5362524927433157,0.7470758006298863,26,Social,Sports,0.8954984631497246,0.2594011996836779,30,1.0,0.0,0.0666666666666666,0.6407540295935911,0,0.79934043531768,5
468,1111,Experience 1111,Sports,0.9428982678236224,0.8155250577848677,0.575778764164542,0.2547283501174674,25,Sports,Action,0.3798200674746326,0.7255227400219585,31,1.0,0.0,0.1,0.8040413033100906,0,0.8514849509316506,1
468,1037,Experience 1037,Sports,0.7994490651436071,0.7023148063737304,0.3263399911584964,0.9948242136208678,35,Sports,Action,0.3798200674746326,0.7255227400219585,31,1.0,0.0,0.0666666666666666,0.9465199236838638,1,0.8342044423057189,2
468,1102,Experience 1102,Sports,0.9402838286695968,0.4125021221616953,0.1907643304361418,0.200562471321554,40,Sports,Action,0.3798200674746326,0.7255227400219585,31,1.0,0.0,0.15,0.8109442629615092,0,0.8261234275066646,3
468,1036,Experience 1036,Sports,0.9655169972756756,0.2298411882545339,0.2550485289661252,0.8478368672236546,17,Sports,Action,0.3798200674746326,0.7255227400219585,31,1.0,0.0,0.2333333333333333,0.8752284614914926,1,0.8177478053761722,4
468,1015,Experience 1015,Sports,0.9316862802198296,0.7502302540767141,0.1563447605350174,0.9300033473547172,10,Sports,Action,0.3798200674746326,0.7255227400219585,31,1.0,0.0,0.35,0.7765246930603849,0,0.814957840835888,5
469,1006,Experience 1006,Action,0.8770181756508404,0.5275353377269014,0.8047332447846338,0.7517807092307816,28,Action,Strategy,0.8432678164071773,0.234032953472057,48,1.0,0.0,0.3333333333333333,0.9614654283774564,1,0.8205004434185897,1
469,1044,Experience 1044,Action,0.8578996664042653,0.7405382156713768,0.540545681694017,0.9388053542070384,40,Action,Strategy,0.8432678164071773,0.234032953472057,48,1.0,0.0,0.1333333333333333,0.6972778652868397,1,0.8058934669939629,2
469,1032,Experience 1032,Action,0.9183909657409184,0.1782087510115781,0.2798409650960937,0.836613041032693,59,Action,Strategy,0.8432678164071773,0.234032953472057,48,1.0,0.0,0.1833333333333333,0.4365731486889164,1,0.7478721736898064,3
469,1086,Experience 1086,Action,0.6307900998772656,0.1325899003231649,0.3014212434741936,0.1888364204756389,42,Action,Strategy,0.8432678164071773,0.234032953472057,48,1.0,0.0,0.1,0.4581534270670163,0,0.7003225355009073,4
469,1068,Experience 1068,Action,0.698456042052288,0.2594560290757449,0.3550613668330224,0.4325155932423661,21,Action,Strategy,0.8432678164071773,0.234032953472057,48,1.0,0.0,0.45,0.5117935504258451,0,0.6958745305786146,5
470,1060,Experience 1060,Strategy,0.8620933017122632,0.1051567799118504,0.3772606570904063,0.1400554046894906,58,Strategy,Sports,0.6467229893385804,0.191909960811112,48,1.0,0.0,0.1666666666666666,0.7305376677518258,0,0.7707142134079706,1
470,1111,Experience 1111,Sports,0.9428982678236224,0.8155250577848677,0.575778764164542,0.2547283501174674,25,Strategy,Sports,0.6467229893385804,0.191909960811112,48,0.0,1.0,0.3833333333333333,0.9290557748259616,1,0.6972612132300099,2
470,1070,Experience 1070,Sports,0.9021629239090754,0.4240213755135868,0.7602726894428304,0.7757910864370905,50,Strategy,Sports,0.6467229893385804,0.191909960811112,48,0.0,1.0,0.0333333333333333,0.88645029989575,0,0.6933291313021398,3
470,1027,Experience 1027,Sports,0.8258355726034926,0.7779980359761599,0.5071112833110228,0.4772006332829246,49,Strategy,Sports,0.6467229893385804,0.191909960811112,48,0.0,1.0,0.0166666666666666,0.8603882939724424,0,0.6916752067928017,4
470,1106,Experience 1106,Sports,0.8146785788760947,0.3647619692710552,0.6750256601127794,0.7960604476258709,49,Strategy,Sports,0.6467229893385804,0.191909960811112,48,0.0,1.0,0.0166666666666666,0.971697329225801,1,0.6814454917746523,5
471,1010,Experience 1010,Simulation,0.8201589080775701,0.1741976609077686,0.1927429310808082,0.4388217018019487,21,Simulation,Social,0.4561579150655225,0.8298379011018633,17,1.0,0.0,0.0666666666666666,0.7365850160152857,0,0.7827813030203746,1
471,1061,Experience 1061,Social,0.9515114053456256,0.4883887845440612,0.3838014404080356,0.6777086144544695,56,Simulation,Social,0.4561579150655225,0.8298379011018633,17,0.0,1.0,0.65,0.927643525342513,1,0.7047929251035365,2
471,1056,Experience 1056,Simulation,0.5850817489192739,0.1274880872408227,0.8708251250831834,0.1754622465790878,53,Simulation,Social,0.4561579150655225,0.8298379011018633,17,1.0,0.0,0.6,0.5853327899823391,0,0.6982571592084865,3
471,1107,Experience 1107,Social,0.7428970964662264,0.8045676070342606,0.8160785123357384,0.9076048913904824,23,Simulation,Social,0.4561579150655225,0.8298379011018633,17,0.0,1.0,0.1,0.6400794027297843,0,0.6929561075918004,4
471,1084,Experience 1084,Social,0.6722561348379004,0.2863456816441453,0.5362524927433157,0.7470758006298863,26,Simulation,Social,0.4561579150655225,0.8298379011018633,17,0.0,1.0,0.15,0.919905422322207,0,0.6737894513711902,5
472,1000,Experience 1000,Action,0.9096695293967186,0.6516437731703687,0.6290364009047581,0.2407530712142694,49,Action,Strategy,0.5975613139583782,0.6379864175964144,20,1.0,0.0,0.4833333333333333,0.96852491305362,1,0.8296050207444687,1
472,1068,Experience 1068,Action,0.698456042052288,0.2594560290757449,0.3550613668330224,0.4325155932423661,21,Action,Strategy,0.5975613139583782,0.6379864175964144,20,1.0,0.0,0.0166666666666666,0.7575000528746443,0,0.7723302537973838,2
472,1086,Experience 1086,Action,0.6307900998772656,0.1325899003231649,0.3014212434741936,0.1888364204756389,42,Action,Strategy,0.5975613139583782,0.6379864175964144,20,1.0,0.0,0.3666666666666666,0.7038599295158154,1,0.7206025718093845,3
472,1025,Experience 1025,Social,0.838744739121835,0.7279884901895025,0.5876677647056102,0.0811540004238993,14,Action,Strategy,0.5975613139583782,0.6379864175964144,20,0.0,0.0,0.1,0.990106450747232,1,0.5915210173050017,4
472,1066,Experience 1066,Strategy,0.5933044321129625,0.8148765601157231,0.9082281614290438,0.2645976053461583,23,Action,Strategy,0.5975613139583782,0.6379864175964144,20,0.0,1.0,0.05,0.6893331525293344,1,0.5810199531841798,5
473,1064,Experience 1064,Puzzle,0.6204758892789963,0.4435351922580418,0.6632419642315316,0.276207363456566,49,Puzzle,Sports,0.7863960335209341,0.8532771702101052,49,1.0,0.0,0.0,0.8768459307105975,1,0.8219032810962668,1
473,1113,Experience 1113,Puzzle,0.3143534057607174,0.7407415888945685,0.7096912838106965,0.9437983681037112,40,Puzzle,Sports,0.7863960335209341,0.8532771702101052,49,1.0,0.0,0.15,0.9232952502897624,0,0.7768656463766005,2
473,1090,Experience 1090,Puzzle,0.5586098880458512,0.4251872277402517,0.5338484342208252,0.861814417816014,19,Puzzle,Sports,0.7863960335209341,0.8532771702101052,49,1.0,0.0,0.5,0.747452400699891,1,0.7480421619692099,3
473,1106,Experience 1106,Sports,0.8146785788760947,0.3647619692710552,0.6750256601127794,0.7960604476258709,49,Puzzle,Sports,0.7863960335209341,0.8532771702101052,49,0.0,1.0,0.0,0.8886296265918453,0,0.698290429295054,4
473,1050,Experience 1050,Sports,0.6444432625143321,0.2032573812502654,0.7840857883345029,0.0579453445381299,24,Puzzle,Sports,0.7863960335209341,0.8532771702101052,49,0.0,1.0,0.4166666666666667,0.9976897548135688,1,0.6334822167742068,5
474,1054,Experience 1054,Puzzle,0.6795756146978778,0.2537314254122666,0.2509959349159629,0.6813294726896911,34,Puzzle,Simulation,0.2357701769271366,0.749899701453882,14,1.0,0.0,0.3333333333333333,0.9847742420111736,1,0.7563395112826389,1
474,1003,Experience 1003,Puzzle,0.7658593377467232,0.3759100169419204,0.0773164253661275,0.4674845394285718,49,Puzzle,Simulation,0.2357701769271366,0.749899701453882,14,1.0,0.0,0.5833333333333334,0.841546248438991,1,0.7400571634729738,2
474,1090,Experience 1090,Puzzle,0.5586098880458512,0.4251872277402517,0.5338484342208252,0.861814417816014,19,Puzzle,Simulation,0.2357701769271366,0.749899701453882,14,1.0,0.0,0.0833333333333333,0.7019217427063114,0,0.7294293726068732,3
474,1075,Experience 1075,Puzzle,0.7701763699744956,0.5714931074517187,0.7080993700732455,0.0043057756676786,58,Puzzle,Simulation,0.2357701769271366,0.749899701453882,14,1.0,0.0,0.7333333333333333,0.5276708068538911,1,0.7215441193288294,4
474,1093,Experience 1093,Puzzle,0.5054580561223759,0.3724006037822283,0.1444497473739812,0.982987171535907,29,Puzzle,Simulation,0.2357701769271366,0.749899701453882,14,1.0,0.0,0.25,0.9086795704468448,1,0.7188379716247066,5
475,1045,Experience 1045,Strategy,0.6865679540637682,0.4124899761623172,0.8858497306039471,0.3446408865116177,23,Strategy,Creative,0.3783401785609569,0.4833585344027593,30,1.0,0.0,0.1166666666666666,0.4924904479570098,0,0.7272482867541199,1
475,1034,Experience 1034,Strategy,0.5016628944231066,0.7184788322001798,0.7569144817322334,0.2251776661055454,11,Strategy,Creative,0.3783401785609569,0.4833585344027593,30,1.0,0.0,0.3166666666666666,0.6214256968287235,0,0.7043087876271075,2
475,1052,Experience 1052,Creative,0.6879474895864814,0.8150878066775633,0.5427584275418881,0.4028796085076296,43,Strategy,Creative,0.3783401785609569,0.4833585344027593,30,0.0,1.0,0.2166666666666666,0.8355817510190688,0,0.6133650453595114,3
475,1021,Experience 1021,Creative,0.6317033375365485,0.227795161908673,0.5969784094803497,0.8897794665398687,40,Strategy,Creative,0.3783401785609569,0.4833585344027593,30,0.0,1.0,0.1666666666666666,0.7813617690806072,0,0.5476947028862239,4
475,1095,Experience 1095,Creative,0.5802362817422383,0.4006003917193433,0.7708173982045061,0.4033544032491283,54,Strategy,Creative,0.3783401785609569,0.4833585344027593,30,0.0,1.0,0.4,0.6075227803564508,0,0.5076863981394841,5
476,1111,Experience 1111,Sports,0.9428982678236224,0.8155250577848677,0.575778764164542,0.2547283501174674,25,Sports,Adventure,0.2189652416376848,0.5398141248946567,51,1.0,0.0,0.4333333333333333,0.6431864774731428,1,0.8167618954524685,1
476,1036,Experience 1036,Sports,0.9655169972756756,0.2298411882545339,0.2550485289661252,0.8478368672236546,17,Sports,Adventure,0.2189652416376848,0.5398141248946567,51,1.0,0.0,0.5666666666666667,0.9639167126715597,0,0.8061814828386682,2
476,1024,Experience 1024,Sports,0.7120515552427965,0.5535760301547662,0.4935230317114728,0.4609313910731102,39,Sports,Adventure,0.2189652416376848,0.5398141248946567,51,1.0,0.0,0.2,0.725442209926212,1,0.7898771208999125,3
476,1018,Experience 1018,Sports,0.595787399703456,0.7252492811161741,0.1405053734195307,0.867172276606706,36,Sports,Adventure,0.2189652416376848,0.5398141248946567,51,1.0,0.0,0.25,0.921540131781846,0,0.7857845373145851,4
476,1092,Experience 1092,Sports,0.8280410369904486,0.5343815491606264,0.7426691928850321,0.6904019545155015,39,Sports,Adventure,0.2189652416376848,0.5398141248946567,51,1.0,0.0,0.2,0.4762960487526527,0,0.7840793223792287,5
477,1043,Experience 1043,Creative,0.8838983032607785,0.7641225701636372,0.5942808569171103,0.6062993981927156,47,Creative,Social,0.8049610836870897,0.5366849191103251,29,1.0,0.0,0.3,0.7893197732300206,0,0.8350414670693556,1
477,1076,Experience 1076,Creative,0.7805257487778566,0.3562342599893083,0.7812983230640933,0.571167362055741,8,Creative,Social,0.8049610836870897,0.5366849191103251,29,1.0,0.0,0.35,0.9763372393770036,0,0.8178366771398212,2
477,1067,Experience 1067,Creative,0.788764048918011,0.4580972487220676,0.5921026845821029,0.4299570499000478,43,Creative,Social,0.8049610836870897,0.5366849191103251,29,1.0,0.0,0.2333333333333333,0.7871416008950132,1,0.811820709718177,3
477,1087,Experience 1087,Creative,0.7417160017369715,0.3980069401610766,0.5803538931422866,0.1954958273965873,33,Creative,Social,0.8049610836870897,0.5366849191103251,29,1.0,0.0,0.0666666666666666,0.7753928094551968,0,0.8112460305120659,4
477,1095,Experience 1095,Creative,0.5802362817422383,0.4006003917193433,0.7708173982045061,0.4033544032491283,54,Creative,Social,0.8049610836870897,0.5366849191103251,29,1.0,0.0,0.4166666666666667,0.9658563145174164,0,0.7888304901762568,5
478,1014,Experience 1014,Social,0.7084360738896248,0.6919622480914536,0.5066406143622445,0.7631554898199004,35,Social,Strategy,0.5907944048617586,0.311760637442028,33,1.0,0.0,0.0333333333333333,0.915846209500486,1,0.8390592387947211,1
478,1074,Experience 1074,Social,0.7411737446379107,0.1336446501121093,0.5667526591354218,0.2130749343990023,32,Social,Strategy,0.5907944048617586,0.311760637442028,33,1.0,0.0,0.0166666666666666,0.9759582542736632,1,0.8312739680936498,2
478,1085,Experience 1085,Social,0.715133524882573,0.3923165755464828,0.681782684374937,0.3715432084063615,41,Social,Strategy,0.5907944048617586,0.311760637442028,33,1.0,0.0,0.1333333333333333,0.9090117204868216,1,0.8276286708617484,3
478,1059,Experience 1059,Social,0.7489549716721217,0.4911530499138364,0.6826986067555766,0.9132851837019758,49,Social,Strategy,0.5907944048617586,0.311760637442028,33,1.0,0.0,0.2666666666666666,0.908095798106182,1,0.8262297295926629,4
478,1002,Experience 1002,Social,0.5654662227449457,0.1419781043952984,0.4876512775379703,0.1763555764178013,30,Social,Strategy,0.5907944048617586,0.311760637442028,33,1.0,0.0,0.05,0.8968568726762117,1,0.7917889706028071,5
479,1043,Experience 1043,Creative,0.8838983032607785,0.7641225701636372,0.5942808569171103,0.6062993981927156,47,Creative,Adventure,0.7139731625418649,0.3670347826563117,15,1.0,0.0,0.5333333333333333,0.8803076943752454,0,0.7927597687197633,1
479,1067,Experience 1067,Creative,0.788764048918011,0.4580972487220676,0.5921026845821029,0.4299570499000478,43,Creative,Adventure,0.7139731625418649,0.3670347826563117,15,1.0,0.0,0.4666666666666667,0.878129522040238,0,0.7652602745026056,2
479,1052,Experience 1052,Creative,0.6879474895864814,0.8150878066775633,0.5427584275418881,0.4028796085076296,43,Creative,Adventure,0.7139731625418649,0.3670347826563117,15,1.0,0.0,0.4666666666666667,0.8287852650000231,1,0.7589363483631985,3
479,1095,Experience 1095,Creative,0.5802362817422383,0.4006003917193433,0.7708173982045061,0.4033544032491283,54,Creative,Adventure,0.7139731625418649,0.3670347826563117,15,1.0,0.0,0.65,0.9431557643373588,0,0.7226370822435464,4
479,1021,Experience 1021,Creative,0.6317033375365485,0.227795161908673,0.5969784094803497,0.8897794665398687,40,Creative,Adventure,0.7139731625418649,0.3670347826563117,15,1.0,0.0,0.4166666666666667,0.8830052469384848,0,0.7217586078043856,5
480,1046,Experience 1046,Puzzle,0.9358581895296346,0.2937905951089806,0.3646871905132503,0.5570017818814502,30,Puzzle,Sports,0.7462064150590864,0.7636105711674015,15,1.0,0.0,0.25,0.6184807754541639,1,0.7949603594135134,1
480,1019,Experience 1019,Puzzle,0.5059661119161158,0.8228200647408448,0.2570325653065184,0.9988296373336586,24,Puzzle,Sports,0.7462064150590864,0.7636105711674015,15,1.0,0.0,0.15,0.510826150247432,0,0.7316767127538576,2
480,1003,Experience 1003,Puzzle,0.7658593377467232,0.3759100169419204,0.0773164253661275,0.4674845394285718,49,Puzzle,Sports,0.7462064150590864,0.7636105711674015,15,1.0,0.0,0.5666666666666667,0.3311100103070412,0,0.6994952078856158,3
480,1092,Experience 1092,Sports,0.8280410369904486,0.5343815491606264,0.7426691928850321,0.6904019545155015,39,Puzzle,Sports,0.7462064150590864,0.7636105711674015,15,0.0,1.0,0.4,0.9964627778259456,1,0.6749969822945546,4
480,1091,Experience 1091,Sports,0.6742348817628386,0.2717222536331008,0.7498162980972818,0.6422524185679935,12,Puzzle,Sports,0.7462064150590864,0.7636105711674015,15,0.0,1.0,0.05,0.9963901169618046,0,0.6508322033636837,5
481,1061,Experience 1061,Social,0.9515114053456256,0.4883887845440612,0.3838014404080356,0.6777086144544695,56,Social,Simulation,0.1774164132414055,0.2873381124113574,54,1.0,0.0,0.0333333333333333,0.7936149728333699,1,0.855449848765871,1
481,1079,Experience 1079,Social,0.6252808613431486,0.1651788036494796,0.2355254260756802,0.2079980737084605,56,Social,Simulation,0.1774164132414055,0.2873381124113574,54,1.0,0.0,0.0333333333333333,0.9418909871657252,1,0.8097556914205795,2
481,1058,Experience 1058,Social,0.5666390936836835,0.5294440043668863,0.4156619036213059,0.2647117106195373,52,Social,Simulation,0.1774164132414055,0.2873381124113574,54,1.0,0.0,0.0333333333333333,0.7617545096200996,1,0.8014555849620455,3
481,1025,Experience 1025,Social,0.838744739121835,0.7279884901895025,0.5876677647056102,0.0811540004238993,14,Social,Simulation,0.1774164132414055,0.2873381124113574,54,1.0,0.0,0.6666666666666666,0.5897486485357952,0,0.7941932672007722,4
481,1074,Experience 1074,Social,0.7411737446379107,0.1336446501121093,0.5667526591354218,0.2130749343990023,32,Social,Simulation,0.1774164132414055,0.2873381124113574,54,1.0,0.0,0.3666666666666666,0.6106637541059836,1,0.7712208939948668,5
482,1023,Experience 1023,Strategy,0.934275144868182,0.4241492862896971,0.2179097364670654,0.7914514878076223,48,Strategy,Adventure,0.6951362129267301,0.2266282351576814,21,1.0,0.0,0.45,0.5227735235403353,0,0.7014365660852052,1
482,1047,Experience 1047,Strategy,0.22550606962591,0.2148767550411004,0.6209051459122696,0.296299630453485,14,Strategy,Adventure,0.6951362129267301,0.2266282351576814,21,1.0,0.0,0.1166666666666666,0.9257689329855396,1,0.6339023543980259,2
482,1096,Experience 1096,Adventure,0.7903170826018652,0.4751627362769494,0.5362341337297925,0.9233469677258124,13,Strategy,Adventure,0.6951362129267301,0.2266282351576814,21,0.0,1.0,0.1333333333333333,0.8410979208030623,0,0.5579877165801613,3
482,1017,Experience 1017,Adventure,0.8986224157650411,0.4138920991005588,0.5580723954683906,0.6429984233408326,53,Strategy,Adventure,0.6951362129267301,0.2266282351576814,21,0.0,1.0,0.5333333333333333,0.8629361825416605,0,0.5546197632831903,4
482,1073,Experience 1073,Adventure,0.687693407311507,0.5642695337399875,0.7523432280065728,0.8351257910807337,50,Strategy,Adventure,0.6951362129267301,0.2266282351576814,21,0.0,1.0,0.4833333333333333,0.9427929849201572,1,0.5366174842481081,5
483,1068,Experience 1068,Action,0.698456042052288,0.2594560290757449,0.3550613668330224,0.4325155932423661,21,Action,Strategy,0.1964328785365471,0.1271837217109701,11,1.0,0.0,0.1666666666666666,0.8413715117035246,1,0.7539482233695962,1
483,1086,Experience 1086,Action,0.6307900998772656,0.1325899003231649,0.3014212434741936,0.1888364204756389,42,Action,Strategy,0.1964328785365471,0.1271837217109701,11,1.0,0.0,0.5166666666666667,0.8950116350623535,1,0.7153199052141542,2
483,1103,Experience 1103,Action,0.6677544964493587,0.4461723957193605,0.794276194278496,0.1853752728024856,59,Action,Strategy,0.1964328785365471,0.1271837217109701,11,1.0,0.0,0.8,0.402156684258051,0,0.6634279454540649,3
483,1023,Experience 1023,Strategy,0.934275144868182,0.4241492862896971,0.2179097364670654,0.7914514878076223,48,Action,Strategy,0.1964328785365471,0.1271837217109701,11,0.0,1.0,0.6166666666666667,0.9785231420694817,0,0.5772764722074797,4
483,1094,Experience 1094,Strategy,0.777065958629862,0.5840090382012306,0.3016147592800985,0.4118434403009737,40,Action,Strategy,0.1964328785365471,0.1271837217109701,11,0.0,1.0,0.4833333333333333,0.8948181192564485,1,0.5549987649731031,5
484,1119,Experience 1119,Action,0.8086136050725224,0.7572883677081093,0.5086964614589882,0.1619415702496311,9,Action,Simulation,0.5139116697773874,0.4900856568616737,10,1.0,0.0,0.0166666666666666,0.9947847916816008,0,0.8310865623802184,1
484,1000,Experience 1000,Action,0.9096695293967186,0.6516437731703687,0.6290364009047581,0.2407530712142694,49,Action,Simulation,0.5139116697773874,0.4900856568616737,10,1.0,0.0,0.65,0.8848752688726294,1,0.7968486376700432,2
484,1009,Experience 1009,Action,0.7987178764315418,0.3460501829476273,0.2238314684756084,0.130890330850495,53,Action,Simulation,0.5139116697773874,0.4900856568616737,10,1.0,0.0,0.7166666666666667,0.7099197986982211,0,0.7217910656297887,3
484,1103,Experience 1103,Action,0.6677544964493587,0.4461723957193605,0.794276194278496,0.1853752728024856,59,Action,Simulation,0.5139116697773874,0.4900856568616737,10,1.0,0.0,0.8166666666666667,0.7196354754988914,1,0.7122239002044313,4
484,1086,Experience 1086,Action,0.6307900998772656,0.1325899003231649,0.3014212434741936,0.1888364204756389,42,Action,Simulation,0.5139116697773874,0.4900856568616737,10,1.0,0.0,0.5333333333333333,0.7875095736968062,1,0.7004206707435338,5
485,1008,Experience 1008,Adventure,0.8415828324170402,0.3364498304651394,0.599089106012921,0.2728043301458357,40,Adventure,Creative,0.7199161691302598,0.369265922889859,41,1.0,0.0,0.0166666666666666,0.8791729368826612,0,0.8067074439567905,1
485,1031,Experience 1031,Adventure,0.6267069522672452,0.6020379288394027,0.9395582128996094,0.5521627033044271,46,Adventure,Creative,0.7199161691302598,0.369265922889859,41,1.0,0.0,0.0833333333333333,0.7803579562306504,1,0.7752594415884219,2
485,1051,Experience 1051,Adventure,0.7608650542535511,0.4945204429565272,0.5049786641965721,0.9492935230092574,34,Adventure,Creative,0.7199161691302598,0.369265922889859,41,1.0,0.0,0.1166666666666666,0.7850624950663123,1,0.774961226926467,3
485,1082,Experience 1082,Adventure,0.940069744877272,0.6645999956719907,0.1368397110942475,0.0890420050750532,28,Adventure,Creative,0.7199161691302598,0.369265922889859,41,1.0,0.0,0.2166666666666666,0.4169235419639877,0,0.7588080801463176,4
485,1071,Experience 1071,Adventure,0.5432545608778258,0.5917055303234199,0.8111881708009158,0.7718493432291552,17,Adventure,Creative,0.7199161691302598,0.369265922889859,41,1.0,0.0,0.4,0.908727998329344,1,0.7415317632190521,5
486,1063,Experience 1063,Strategy,0.7810917854701819,0.2349952712342425,0.5114173417348135,0.235256388415645,21,Strategy,Social,0.185831515390545,0.5363866448350656,11,1.0,0.0,0.1666666666666666,0.6744141736557316,0,0.764322722486573,1
486,1011,Experience 1011,Strategy,0.8438936347604792,0.3089791482471649,0.5527453913687409,0.302964628837302,52,Strategy,Social,0.185831515390545,0.5363866448350656,11,1.0,0.0,0.6833333333333333,0.6330861240218042,0,0.7397001864253121,2
486,1034,Experience 1034,Strategy,0.5016628944231066,0.7184788322001798,0.7569144817322334,0.2251776661055454,11,Strategy,Social,0.185831515390545,0.5363866448350656,11,1.0,0.0,0.0,0.4289170336583117,0,0.7245598816666001,3
486,1061,Experience 1061,Social,0.9515114053456256,0.4883887845440612,0.3838014404080356,0.6777086144544695,56,Strategy,Social,0.185831515390545,0.5363866448350656,11,0.0,1.0,0.75,0.8020300749825094,1,0.6747838885538658,4
486,1039,Experience 1039,Social,0.8194814495513689,0.2752805682140255,0.2419454802582048,0.889899007072331,47,Strategy,Social,0.185831515390545,0.5363866448350656,11,0.0,1.0,0.6,0.9438860351323404,0,0.6579948907406554,5
487,1115,Experience 1115,Simulation,0.626658707429628,0.7075065986188209,0.5404405149990236,0.2246894745458737,42,Simulation,Creative,0.8467334770502849,0.0974679851607284,49,1.0,0.0,0.1166666666666666,0.6937070379487387,0,0.7412396930918513,1
487,1020,Experience 1020,Simulation,0.8220634578382588,0.5054615596538111,0.3982077558970217,0.6135164847298321,13,Simulation,Creative,0.8467334770502849,0.0974679851607284,49,1.0,0.0,0.6,0.5514742788467368,0,0.694936012689567,2
487,1114,Experience 1114,Simulation,0.9094073794904848,0.2867325336723821,0.0751050358773748,0.4020477981570693,23,Simulation,Creative,0.8467334770502849,0.0974679851607284,49,1.0,0.0,0.4333333333333333,0.2283715588270899,1,0.6581442910222223,3
487,1010,Experience 1010,Simulation,0.8201589080775701,0.1741976609077686,0.1927429310808082,0.4388217018019487,21,Simulation,Creative,0.8467334770502849,0.0974679851607284,49,1.0,0.0,0.4666666666666667,0.3460094540305234,1,0.6487250895180724,4
487,1110,Experience 1110,Creative,0.8487034770737338,0.6513439158584452,0.7080979103356375,0.2741343936886083,18,Simulation,Creative,0.8467334770502849,0.0974679851607284,49,0.0,1.0,0.5166666666666667,0.8613644332853526,1,0.5903423112583549,5
488,1061,Experience 1061,Social,0.9515114053456256,0.4883887845440612,0.3838014404080356,0.6777086144544695,56,Strategy,Social,0.3525432171314492,0.2462993871280002,43,0.0,1.0,0.2166666666666666,0.9687417767234136,1,0.7448437609452462,1
488,1045,Experience 1045,Strategy,0.6865679540637682,0.4124899761623172,0.8858497306039471,0.3446408865116177,23,Strategy,Social,0.3525432171314492,0.2462993871280002,43,1.0,0.0,0.3333333333333333,0.4666934865275021,0,0.7254410537391838,2
488,1034,Experience 1034,Strategy,0.5016628944231066,0.7184788322001798,0.7569144817322334,0.2251776661055454,11,Strategy,Social,0.3525432171314492,0.2462993871280002,43,1.0,0.0,0.5333333333333333,0.5956287353992158,0,0.7024117553319876,3
488,1039,Experience 1039,Social,0.8194814495513689,0.2752805682140255,0.2419454802582048,0.889899007072331,47,Strategy,Social,0.3525432171314492,0.2462993871280002,43,0.0,1.0,0.0666666666666666,0.8894022631267556,0,0.6984225597471652,4
488,1014,Experience 1014,Social,0.7084360738896248,0.6919622480914536,0.5066406143622445,0.7631554898199004,35,Strategy,Social,0.3525432171314492,0.2462993871280002,43,0.0,1.0,0.1333333333333333,0.8459026027692047,0,0.6968987934289784,5
489,1094,Experience 1094,Strategy,0.777065958629862,0.5840090382012306,0.3016147592800985,0.4118434403009737,40,Strategy,Sports,0.1645464372063274,0.3686899632983552,21,1.0,0.0,0.3166666666666666,0.8629316779262289,0,0.7812232779497992,1
489,1063,Experience 1063,Strategy,0.7810917854701819,0.2349952712342425,0.5114173417348135,0.235256388415645,21,Strategy,Sports,0.1645464372063274,0.3686899632983552,21,1.0,0.0,0.0,0.653129095471514,0,0.765140847586107,2
489,1015,Experience 1015,Sports,0.9316862802198296,0.7502302540767141,0.1563447605350174,0.9300033473547172,10,Strategy,Sports,0.1645464372063274,0.3686899632983552,21,0.0,1.0,0.1833333333333333,0.99179832332869,0,0.696937286547565,3
489,1080,Experience 1080,Strategy,0.4960287753620589,0.3772823688301061,0.669450532879556,0.5189146424870842,16,Strategy,Sports,0.1645464372063274,0.3686899632983552,21,1.0,0.0,0.0833333333333333,0.4950959043267714,0,0.6889025839530316,4
489,1104,Experience 1104,Sports,0.7763284069557427,0.7928984171430337,0.1707069630824686,0.4638281104628762,33,Strategy,Sports,0.1645464372063274,0.3686899632983552,21,0.0,1.0,0.2,0.9938394741238588,1,0.6732740849181843,5
490,1000,Experience 1000,Action,0.9096695293967186,0.6516437731703687,0.6290364009047581,0.2407530712142694,49,Action,Adventure,0.8473048402355811,0.3630664982438715,52,1.0,0.0,0.05,0.781731560669177,0,0.8349635731687177,1
490,1119,Experience 1119,Action,0.8086136050725224,0.7572883677081093,0.5086964614589882,0.1619415702496311,9,Action,Adventure,0.8473048402355811,0.3630664982438715,52,1.0,0.0,0.7166666666666667,0.6613916212234071,1,0.757189331373392,2
490,1055,Experience 1055,Action,0.9121309206982589,0.3826203354113438,0.2499073592941251,0.1919211614110854,38,Action,Adventure,0.8473048402355811,0.3630664982438715,52,1.0,0.0,0.2333333333333333,0.402602519058544,1,0.7560371038977786,3
490,1086,Experience 1086,Action,0.6307900998772656,0.1325899003231649,0.3014212434741936,0.1888364204756389,42,Action,Adventure,0.8473048402355811,0.3630664982438715,52,1.0,0.0,0.1666666666666666,0.4541164032386126,0,0.6991106976067164,4
490,1118,Experience 1118,Adventure,0.6594774101626886,0.3565880675711896,0.5086937555214479,0.0351168111096665,58,Action,Adventure,0.8473048402355811,0.3630664982438715,52,0.0,1.0,0.1,0.6613889152858669,0,0.5520201464438821,5
491,1092,Experience 1092,Sports,0.8280410369904486,0.5343815491606264,0.7426691928850321,0.6904019545155015,39,Sports,Adventure,0.823267750140233,0.4509281857125584,11,1.0,0.0,0.4666666666666667,0.9194014427447992,0,0.7936881652713451,1
491,1091,Experience 1091,Sports,0.6742348817628386,0.2717222536331008,0.7498162980972818,0.6422524185679935,12,Sports,Adventure,0.823267750140233,0.4509281857125584,11,1.0,0.0,0.0166666666666666,0.9265485479570488,0,0.783534711101803,2
491,1050,Experience 1050,Sports,0.6444432625143321,0.2032573812502654,0.7840857883345029,0.0579453445381299,24,Sports,Adventure,0.823267750140233,0.4509281857125584,11,1.0,0.0,0.2166666666666666,0.96081803819427,0,0.7713340559678658,3
491,1015,Experience 1015,Sports,0.9316862802198296,0.7502302540767141,0.1563447605350174,0.9300033473547172,10,Sports,Adventure,0.823267750140233,0.4509281857125584,11,1.0,0.0,0.0166666666666666,0.3330770103947844,0,0.7632125136873422,4
491,1036,Experience 1036,Sports,0.9655169972756756,0.2298411882545339,0.2550485289661252,0.8478368672236546,17,Sports,Adventure,0.823267750140233,0.4509281857125584,11,1.0,0.0,0.1,0.4317807788258921,0,0.7511302465294902,5
492,1008,Experience 1008,Adventure,0.8415828324170402,0.3364498304651394,0.599089106012921,0.2728043301458357,40,Adventure,Creative,0.5337199971074752,0.3383233815272276,51,1.0,0.0,0.1833333333333333,0.9346308910945542,1,0.8060555486197905,1
492,1099,Experience 1099,Adventure,0.8332801744008336,0.4077151465805127,0.8307594812615263,0.7545731382181347,49,Adventure,Creative,0.5337199971074752,0.3383233815272276,51,1.0,0.0,0.0333333333333333,0.7029605158459489,1,0.7956857423439215,2
492,1082,Experience 1082,Adventure,0.940069744877272,0.6645999956719907,0.1368397110942475,0.0890420050750532,28,Adventure,Creative,0.5337199971074752,0.3383233815272276,51,1.0,0.0,0.3833333333333333,0.6031197139867723,0,0.7745470709982746,3
492,1096,Experience 1096,Adventure,0.7903170826018652,0.4751627362769494,0.5362341337297925,0.9233469677258124,13,Adventure,Creative,0.5337199971074752,0.3383233815272276,51,1.0,0.0,0.6333333333333333,0.9974858633776827,1,0.7701032123602981,4
492,1022,Experience 1022,Adventure,0.5006486309375991,0.407575941114626,0.4697425498140824,0.908608246555642,36,Adventure,Creative,0.5337199971074752,0.3383233815272276,51,1.0,0.0,0.25,0.9360225527066072,0,0.7348552703701654,5
493,1073,Experience 1073,Adventure,0.687693407311507,0.5642695337399875,0.7523432280065728,0.8351257910807337,50,Adventure,Action,0.7830672878358792,0.6500660942233167,25,1.0,0.0,0.4166666666666667,0.9692759401706936,0,0.7697389823459534,1
493,1096,Experience 1096,Adventure,0.7903170826018652,0.4751627362769494,0.5362341337297925,0.9233469677258124,13,Adventure,Action,0.7830672878358792,0.6500660942233167,25,1.0,0.0,0.2,0.7531668458939133,0,0.7606426526303981,2
493,1082,Experience 1082,Adventure,0.940069744877272,0.6645999956719907,0.1368397110942475,0.0890420050750532,28,Adventure,Action,0.7830672878358792,0.6500660942233167,25,1.0,0.0,0.05,0.3537724232583683,0,0.7569015130024984,3
493,1118,Experience 1118,Adventure,0.6594774101626886,0.3565880675711896,0.5086937555214479,0.0351168111096665,58,Adventure,Action,0.7830672878358792,0.6500660942233167,25,1.0,0.0,0.55,0.7256264676855687,0,0.7090133448958904,4
493,1057,Experience 1057,Adventure,0.6456559365327232,0.2179960435691,0.3788184780326499,0.8119882015105448,28,Adventure,Action,0.7830672878358792,0.6500660942233167,25,1.0,0.0,0.05,0.5957511901967707,0,0.7056672370552399,5
494,1115,Experience 1115,Simulation,0.626658707429628,0.7075065986188209,0.5404405149990236,0.2246894745458737,42,Simulation,Puzzle,0.7369427175466761,0.3096503294029941,13,1.0,0.0,0.4833333333333333,0.8034977974523475,1,0.7236334379645605,1
494,1033,Experience 1033,Simulation,0.8859147305780027,0.259942782541492,0.2648265360525452,0.1086571032622624,31,Simulation,Puzzle,0.7369427175466761,0.3096503294029941,13,1.0,0.0,0.3,0.5278838185058692,0,0.7163932944789865,2
494,1075,Experience 1075,Puzzle,0.7701763699744956,0.5714931074517187,0.7080993700732455,0.0043057756676786,58,Simulation,Puzzle,0.7369427175466761,0.3096503294029941,13,0.0,1.0,0.75,0.9711566525265696,0,0.5753890382153303,3
494,1072,Experience 1072,Puzzle,0.7449779069249327,0.3414623639761886,0.973475515285742,0.3783180142237856,25,Simulation,Puzzle,0.7369427175466761,0.3096503294029941,13,0.0,1.0,0.2,0.763467202260934,0,0.5723632905565299,4
494,1026,Experience 1026,Puzzle,0.7847705334160814,0.4236675665053301,0.2918167090217533,0.0158055554401338,14,Simulation,Puzzle,0.7369427175466761,0.3096503294029941,13,0.0,1.0,0.0166666666666666,0.5548739914750773,0,0.5470535429376824,5
495,1111,Experience 1111,Sports,0.9428982678236224,0.8155250577848677,0.575778764164542,0.2547283501174674,25,Sports,Strategy,0.5860324042529927,0.8055761139974071,11,1.0,0.0,0.2333333333333333,0.9897463599115492,1,0.8553978495261012,1
495,1100,Experience 1100,Sports,0.8539423752816214,0.5771516782683807,0.6603015579098336,0.097787997445443,39,Sports,Strategy,0.5860324042529927,0.8055761139974071,11,1.0,0.0,0.4666666666666667,0.9257308463431592,1,0.8178102156143543,2
495,1015,Experience 1015,Sports,0.9316862802198296,0.7502302540767141,0.1563447605350174,0.9300033473547172,10,Sports,Strategy,0.5860324042529927,0.8055761139974071,11,1.0,0.0,0.0166666666666666,0.5703123562820247,0,0.8075653154337198,3
495,1092,Experience 1092,Sports,0.8280410369904486,0.5343815491606264,0.7426691928850321,0.6904019545155015,39,Sports,Strategy,0.5860324042529927,0.8055761139974071,11,1.0,0.0,0.4666666666666667,0.8433632113679607,0,0.8006400248610998,4
495,1106,Experience 1106,Sports,0.8146785788760947,0.3647619692710552,0.6750256601127794,0.7960604476258709,49,Sports,Strategy,0.5860324042529927,0.8055761139974071,11,1.0,0.0,0.6333333333333333,0.9110067441402132,1,0.7849660740896812,5
496,1077,Experience 1077,Adventure,0.8965830938027713,0.1988675594053931,0.098043795325636,0.9940777724523784,46,Adventure,Puzzle,0.2945843509246174,0.7282754046209104,37,1.0,0.0,0.15,0.8034594444010187,1,0.7914230106165326,1
496,1022,Experience 1022,Adventure,0.5006486309375991,0.407575941114626,0.4697425498140824,0.908608246555642,36,Adventure,Puzzle,0.2945843509246174,0.7282754046209104,37,1.0,0.0,0.0166666666666666,0.824841801110535,1,0.7536666489570458,2
496,1117,Experience 1117,Adventure,0.4143954852484882,0.5042520610293434,0.5381695778516243,0.3991953026577904,51,Adventure,Puzzle,0.2945843509246174,0.7282754046209104,37,1.0,0.0,0.2333333333333333,0.7564147730729931,1,0.7242387706426172,3
496,1071,Experience 1071,Adventure,0.5432545608778258,0.5917055303234199,0.8111881708009158,0.7718493432291552,17,Adventure,Puzzle,0.2945843509246174,0.7282754046209104,37,1.0,0.0,0.3333333333333333,0.4833961801237016,0,0.7084807756653774,4
496,1075,Experience 1075,Puzzle,0.7701763699744956,0.5714931074517187,0.7080993700732455,0.0043057756676786,58,Adventure,Puzzle,0.2945843509246174,0.7282754046209104,37,0.0,1.0,0.35,0.5864849808513719,0,0.605205674918629,5
497,1069,Experience 1069,Puzzle,0.8068156107352968,0.6551858372056814,0.8842124935251735,0.2530347499296835,35,Puzzle,Strategy,0.7011484523243056,0.6870387441114585,41,1.0,0.0,0.1,0.8169359587991321,0,0.8235050949931245,1
497,1046,Experience 1046,Puzzle,0.9358581895296346,0.2937905951089806,0.3646871905132503,0.5570017818814502,30,Puzzle,Strategy,0.7011484523243056,0.6870387441114585,41,1.0,0.0,0.1833333333333333,0.6635387381889448,0,0.7891068366068973,2
497,1053,Experience 1053,Puzzle,0.7426572934279929,0.7514869168546299,0.2904976508730454,0.8341208920021081,34,Puzzle,Strategy,0.7011484523243056,0.6870387441114585,41,1.0,0.0,0.1166666666666666,0.5893491985487399,1,0.7716229087128104,3
497,1113,Experience 1113,Puzzle,0.3143534057607174,0.7407415888945685,0.7096912838106965,0.9437983681037112,40,Puzzle,Strategy,0.7011484523243056,0.6870387441114585,41,1.0,0.0,0.0166666666666666,0.9914571685136092,0,0.7627506411748707,4
497,1030,Experience 1030,Puzzle,0.5255875329645523,0.2576702884243441,0.6969604774228595,0.5681673512913645,13,Puzzle,Strategy,0.7011484523243056,0.6870387441114585,41,1.0,0.0,0.4666666666666667,0.995812025098554,0,0.7392673212968216,5
498,1067,Experience 1067,Creative,0.788764048918011,0.4580972487220676,0.5921026845821029,0.4299570499000478,43,Creative,Simulation,0.8971740619761414,0.0759657537083849,25,1.0,0.0,0.3,0.6949286226059616,0,0.7392531650690509,1
498,1087,Experience 1087,Creative,0.7417160017369715,0.3980069401610766,0.5803538931422866,0.1954958273965873,33,Creative,Simulation,0.8971740619761414,0.0759657537083849,25,1.0,0.0,0.1333333333333333,0.6831798311661452,0,0.7385282498292799,2
498,1095,Experience 1095,Creative,0.5802362817422383,0.4006003917193433,0.7708173982045061,0.4033544032491283,54,Creative,Simulation,0.8971740619761414,0.0759657537083849,25,1.0,0.0,0.4833333333333333,0.8736433362283648,0,0.7105581616278362,3
498,1021,Experience 1021,Creative,0.6317033375365485,0.227795161908673,0.5969784094803497,0.8897794665398687,40,Creative,Simulation,0.8971740619761414,0.0759657537083849,25,1.0,0.0,0.25,0.6998043475042084,1,0.692866220602604,4
498,1062,Experience 1062,Creative,0.7566608128373626,0.2501254620138091,0.431135077105207,0.8144738760309339,50,Creative,Simulation,0.8971740619761414,0.0759657537083849,25,1.0,0.0,0.4166666666666667,0.5339610151290657,0,0.6783606138783546,5
499,1108,Experience 1108,Puzzle,0.8425576923542274,0.4822507608830354,0.666849920378606,0.8027206052883656,21,Puzzle,Sports,0.5685673144538653,0.4582701387559618,21,1.0,0.0,0.0,0.9017173940752592,0,0.8339192397703147,1
499,1046,Experience 1046,Puzzle,0.9358581895296346,0.2937905951089806,0.3646871905132503,0.5570017818814502,30,Puzzle,Sports,0.5685673144538653,0.4582701387559618,21,1.0,0.0,0.15,0.7961198760593851,1,0.8152640999406088,2
499,1075,Experience 1075,Puzzle,0.7701763699744956,0.5714931074517187,0.7080993700732455,0.0043057756676786,58,Puzzle,Sports,0.5685673144538653,0.4582701387559618,21,1.0,0.0,0.6166666666666667,0.8604679443806198,1,0.7940617454184455,3
499,1072,Experience 1072,Puzzle,0.7449779069249327,0.3414623639761886,0.973475515285742,0.3783180142237856,25,Puzzle,Sports,0.5685673144538653,0.4582701387559618,21,1.0,0.0,0.0666666666666666,0.5950917991681233,0,0.7852513371709222,4
499,1003,Experience 1003,Puzzle,0.7658593377467232,0.3759100169419204,0.0773164253661275,0.4674845394285718,49,Puzzle,Sports,0.5685673144538653,0.4582701387559618,21,1.0,0.0,0.4666666666666667,0.5087491109122622,1,0.7259938897841016,5
