user_id,experience_id,experience_name,category,quality_score,popularity_score,novelty_score,difficulty,avg_session_minutes,preferred_category,secondary_category,novelty_preference,social_preference,preferred_session_minutes,primary_category_match,secondary_category_match,session_length_gap,novelty_alignment,meaningful_engagement,split_random,prior_exposures,prior_engagement_rate,baseline_score,personalized_score,rank
0,1108,Experience 1108,Puzzle,0.8425576923542274,0.4822507608830354,0.666849920378606,0.8027206052883656,21,Puzzle,Adventure,0.204757022729618,0.567775277903636,29,1.0,0.0,0.1333333333333333,0.537907102351012,1,0.7307519363712538,92,0.2717391304347826,0.2664806021418468,0.7713057369667898,1
0,1075,Experience 1075,Puzzle,0.7701763699744956,0.5714931074517187,0.7080993700732455,0.0043057756676786,58,Puzzle,Adventure,0.204757022729618,0.567775277903636,29,1.0,0.0,0.4833333333333333,0.4966576526563725,0,0.8197545615930021,114,0.22807017543859648,0.23019274208870782,0.7434668985543429,2
0,1102,Experience 1102,Sports,0.9402838286695968,0.4125021221616953,0.1907643304361418,0.200562471321554,40,Puzzle,Adventure,0.204757022729618,0.567775277903636,29,0.0,0.0,0.1833333333333333,0.9860073077065236,0,0.9171225725476023,117,0.3076923076923077,0.29814472583859014,0.5044177528177747,3
0,1014,Experience 1014,Social,0.7084360738896248,0.6919622480914536,0.5066406143622445,0.7631554898199004,35,Puzzle,Adventure,0.204757022729618,0.567775277903636,29,0.0,0.0,0.1,0.6981164083673735,0,0.8661274307382429,117,0.29914529914529914,0.29084545576559745,0.4786388639937035,4
0,1033,Experience 1033,Simulation,0.8859147305780027,0.259942782541492,0.2648265360525452,0.1086571032622624,31,Puzzle,Adventure,0.204757022729618,0.567775277903636,29,0.0,0.0,0.0333333333333333,0.9399304866770728,0,0.7991251286200829,120,0.275,0.27032733885633464,0.45821262125092815,5
1,1034,Experience 1034,Strategy,0.5016628944231066,0.7184788322001798,0.7569144817322334,0.2251776661055454,11,Strategy,Sports,0.3508883708904499,0.2437019862562084,12,1.0,0.0,0.0166666666666666,0.5939738891582165,0,0.7649636461036484,132,0.2196969696969697,0.22266991736767663,0.724969957128634,1
1,1083,Experience 1083,Sports,0.5638116113845065,0.5523903507798276,0.3674940432740611,0.3952346537588943,26,Strategy,Sports,0.3508883708904499,0.2437019862562084,12,0.0,1.0,0.2333333333333333,0.9833943276163888,0,0.7438791073196565,122,0.22950819672131148,0.23130864394286513,0.594490730203359,2
1,1049,Experience 1049,Sports,0.4370836638665348,0.2536527377340197,0.5512982630814426,0.1951855298186556,20,Strategy,Sports,0.3508883708904499,0.2437019862562084,12,0.0,1.0,0.1333333333333333,0.7995901078090073,0,0.8110221113180831,122,0.19672131147540983,0.20313962985835807,0.5267394498169806,3
1,1053,Experience 1053,Puzzle,0.7426572934279929,0.7514869168546299,0.2904976508730454,0.8341208920021081,34,Strategy,Sports,0.3508883708904499,0.2437019862562084,12,0.0,0.0,0.3666666666666666,0.9396092799825956,0,0.9461134210107419,102,0.3431372549019608,0.3266051429498922,0.44551360396086476,4
1,1085,Experience 1085,Social,0.715133524882573,0.3923165755464828,0.681782684374937,0.3715432084063615,41,Strategy,Sports,0.3508883708904499,0.2437019862562084,12,0.0,0.0,0.4833333333333333,0.6691056865155128,0,0.7588103210038678,117,0.24786324786324787,0.24704983532764122,0.4330739447787881,5
2,1072,Experience 1072,Puzzle,0.7449779069249327,0.3414623639761886,0.973475515285742,0.3783180142237856,25,Puzzle,Action,0.3251781091201556,0.6345084531609247,24,1.0,0.0,0.0166666666666666,0.3517025938344136,0,0.9310793496117601,119,0.21008403361344538,0.21471818302076867,0.74441945618337,1
2,1006,Experience 1006,Action,0.8770181756508404,0.5275353377269014,0.8047332447846338,0.7517807092307816,28,Puzzle,Action,0.3251781091201556,0.6345084531609247,24,0.0,1.0,0.0666666666666666,0.5204448643355218,1,0.8121121105135765,103,0.27184466019417475,0.26703924747875485,0.5968012790199383,2
2,1036,Experience 1036,Sports,0.9655169972756756,0.2298411882545339,0.2550485289661252,0.8478368672236546,17,Puzzle,Action,0.3251781091201556,0.6345084531609247,24,0.0,0.0,0.1166666666666666,0.9298704198459696,0,0.798843598059114,129,0.26356589147286824,0.2607102512744084,0.48676603953516806,3
2,1084,Experience 1084,Social,0.6722561348379004,0.2863456816441453,0.5362524927433157,0.7470758006298863,26,Puzzle,Action,0.3251781091201556,0.6345084531609247,24,0.0,0.0,0.0333333333333333,0.78892561637684,1,0.8977682889262575,111,0.35135135135135137,0.3347009728235637,0.4630525511732243,4
2,1098,Experience 1098,Social,0.534058177188557,0.4459803600128759,0.2707495249900757,0.7298152463028666,35,Puzzle,Action,0.3251781091201556,0.6345084531609247,24,0.0,0.0,0.1833333333333333,0.94557141586992,0,0.7564789701459572,130,0.26153846153846155,0.25897218293257895,0.44362087318308624,5
3,1040,Experience 1040,Adventure,0.8007594991172722,0.3266907558049443,0.1528993913771743,0.3143479426299048,10,Adventure,Action,0.3497200426062143,0.3966967011775072,50,1.0,0.0,0.6666666666666666,0.80317934877096,1,0.927480196623524,109,0.2018348623853211,0.20810718945648718,0.7220508830225103,1
3,1024,Experience 1024,Sports,0.7120515552427965,0.5535760301547662,0.4935230317114728,0.4609313910731102,39,Adventure,Action,0.3497200426062143,0.3966967011775072,50,0.0,0.0,0.1833333333333333,0.8561970108947414,0,0.9548990589630153,138,0.2608695652173913,0.25851789518915724,0.44966953628139383,2
3,1062,Experience 1062,Creative,0.7566608128373626,0.2501254620138091,0.431135077105207,0.8144738760309339,50,Adventure,Action,0.3497200426062143,0.3966967011775072,50,0.0,0.0,0.0,0.9185849655010072,0,0.9816170341916325,118,0.2033898305084746,0.20902773507164382,0.44467544569780504,3
3,1060,Experience 1060,Strategy,0.8620933017122632,0.1051567799118504,0.3772606570904063,0.1400554046894906,58,Adventure,Action,0.3497200426062143,0.3966967011775072,50,0.0,0.0,0.1333333333333333,0.972459385515808,0,0.7248929341642392,102,0.27450980392156865,0.2692280937695643,0.4399840818239167,4
3,1007,Experience 1007,Social,0.6113602755027672,0.3693255620200327,0.760432490906593,0.3138467721116466,56,Adventure,Action,0.3497200426062143,0.3966967011775072,50,0.0,0.0,0.1,0.5892875516996212,0,0.9605537283750304,112,0.24107142857142858,0.24125626848399126,0.4361407508314873,5
4,1024,Experience 1024,Sports,0.7120515552427965,0.5535760301547662,0.4935230317114728,0.4609313910731102,39,Sports,Adventure,0.6276357144495875,0.7567099222744452,43,1.0,0.0,0.0666666666666666,0.8658873172618853,1,0.7594500770851804,138,0.2608695652173913,0.25851789518915724,0.8146290285566604,1
4,1014,Experience 1014,Social,0.7084360738896248,0.6919622480914536,0.5066406143622445,0.7631554898199004,35,Sports,Adventure,0.6276357144495875,0.7567099222744452,43,0.0,0.0,0.1333333333333333,0.879004899912657,1,0.8046731375182149,117,0.29914529914529914,0.29084545576559745,0.5243598303813731,2
4,1044,Experience 1044,Action,0.8578996664042653,0.7405382156713768,0.540545681694017,0.9388053542070384,40,Sports,Adventure,0.6276357144495875,0.7567099222744452,43,0.0,0.0,0.05,0.9129099672444294,0,0.9883428581168391,112,0.2857142857142857,0.27913505636277913,0.5137137680222892,3
4,1052,Experience 1052,Creative,0.6879474895864814,0.8150878066775633,0.5427584275418881,0.4028796085076296,43,Sports,Adventure,0.6276357144495875,0.7567099222744452,43,0.0,0.0,0.0,0.9151227130923004,1,0.7563620917434525,129,0.3178294573643411,0.30769011704622046,0.48774962608963984,4
4,1109,Experience 1109,Social,0.5415451963988065,0.6320276759129257,0.4602651355822746,0.2660308726216652,48,Sports,Adventure,0.6276357144495875,0.7567099222744452,43,0.0,0.0,0.0833333333333333,0.832629421132687,0,0.8594820876566842,125,0.312,0.30238501682680585,0.48064044854813626,5
5,1028,Experience 1028,Simulation,0.7474374024719366,0.7598079156453001,0.9057260947827066,0.4943145335346177,16,Simulation,Action,0.5773067262079463,0.1157631577544863,45,1.0,0.0,0.4833333333333333,0.6715806314252397,0,0.7742271169746721,122,0.22950819672131148,0.23130864394286513,0.7316544534668044,1
5,1114,Experience 1114,Simulation,0.9094073794904848,0.2867325336723821,0.0751050358773748,0.4020477981570693,23,Simulation,Action,0.5773067262079463,0.1157631577544863,45,1.0,0.0,0.3666666666666666,0.4977983096694285,0,0.9940722747136872,138,0.2318840579710145,0.23320143949295472,0.6964605620899142,2
5,1000,Experience 1000,Action,0.9096695293967186,0.6516437731703687,0.6290364009047581,0.2407530712142694,49,Simulation,Action,0.5773067262079463,0.1157631577544863,45,0.0,1.0,0.0666666666666666,0.9482703253031882,1,0.9725097699578843,124,0.3225806451612903,0.31142935722143644,0.6575822453305125,3
5,1035,Experience 1035,Action,0.684933354468736,0.2628151072276272,0.2926692360835166,0.7930049789596304,54,Simulation,Action,0.5773067262079463,0.1157631577544863,45,0.0,1.0,0.15,0.7153625098755703,0,0.7353263140408638,144,0.14583333333333334,0.15759650877979783,0.507889969246637,4
5,1074,Experience 1074,Social,0.7411737446379107,0.1336446501121093,0.5667526591354218,0.2130749343990023,32,Simulation,Action,0.5773067262079463,0.1157631577544863,45,0.0,0.0,0.2166666666666666,0.9894459329274756,0,0.8083294068333273,149,0.2953020134228188,0.28902856473305827,0.46212178109580626,5
6,1086,Experience 1086,Action,0.6307900998772656,0.1325899003231649,0.3014212434741936,0.1888364204756389,42,Action,Creative,0.4908872770787858,0.4723499023023099,50,1.0,0.0,0.1333333333333333,0.8105339663954079,0,0.888985033882593,127,0.2283464566929134,0.2302437240808629,0.771556119286848,1
6,1067,Experience 1067,Creative,0.788764048918011,0.4580972487220676,0.5921026845821029,0.4299570499000478,43,Action,Creative,0.4908872770787858,0.4723499023023099,50,0.0,1.0,0.1166666666666666,0.8987845924966829,1,0.7053805876830577,119,0.31092436974789917,0.30104911827256725,0.6647124601930458,2
6,1065,Experience 1065,Creative,0.7619316682455927,0.3645751585148475,0.2630179910479239,0.9645188861392016,47,Action,Creative,0.4908872770787858,0.4723499023023099,50,0.0,1.0,0.05,0.7721307139691381,1,0.8257275903360136,114,0.22807017543859648,0.23019274208870782,0.621322309970715,3
6,1061,Experience 1061,Social,0.9515114053456256,0.4883887845440612,0.3838014404080356,0.6777086144544695,56,Action,Creative,0.4908872770787858,0.4723499023023099,50,0.0,0.0,0.1,0.8929141633292498,1,0.7674619528407322,113,0.3274336283185841,0.3146302815029086,0.6021870475566284,4
6,1085,Experience 1085,Social,0.715133524882573,0.3923165755464828,0.681782684374937,0.3715432084063615,41,Action,Creative,0.4908872770787858,0.4723499023023099,50,0.0,0.0,0.15,0.8091045927038487,0,0.9533772520242428,117,0.24786324786324787,0.24704983532764122,0.5279243944335398,5
7,1006,Experience 1006,Action,0.8770181756508404,0.5275353377269014,0.8047332447846338,0.7517807092307816,28,Action,Strategy,0.6404978666621097,0.2130587352453453,45,1.0,0.0,0.2833333333333333,0.8357646218774759,0,0.8867585788837333,103,0.27184466019417475,0.26703924747875485,0.8106768108394714,1
7,1075,Experience 1075,Puzzle,0.7701763699744956,0.5714931074517187,0.7080993700732455,0.0043057756676786,58,Action,Strategy,0.6404978666621097,0.2130587352453453,45,0.0,0.0,0.2166666666666666,0.9323984965888642,0,0.712645561692944,114,0.22807017543859648,0.23019274208870782,0.4859596780593322,2
7,1110,Experience 1110,Creative,0.8487034770737338,0.6513439158584452,0.7080979103356375,0.2741343936886083,18,Action,Strategy,0.6404978666621097,0.2130587352453453,45,0.0,0.0,0.45,0.9323999563264722,0,0.9009763288814493,109,0.28440366972477066,0.2778746313169523,0.46836771165495844,3
7,1039,Experience 1039,Social,0.8194814495513689,0.2752805682140255,0.2419454802582048,0.889899007072331,47,Action,Strategy,0.6404978666621097,0.2130587352453453,45,0.0,0.0,0.0333333333333333,0.6014476135960951,0,0.7790989892058833,110,0.2636363636363636,0.2603525187683603,0.4667304498514311,4
7,1058,Experience 1058,Social,0.5666390936836835,0.5294440043668863,0.4156619036213059,0.2647117106195373,52,Action,Strategy,0.6404978666621097,0.2130587352453453,45,0.0,0.0,0.1166666666666666,0.7751640369591961,0,0.8789254011293394,100,0.32,0.30704856199905706,0.45828859534850763,5
8,1065,Experience 1065,Creative,0.7619316682455927,0.3645751585148475,0.2630179910479239,0.9645188861392016,47,Creative,Social,0.8102480228653487,0.5705167914039545,12,1.0,0.0,0.5833333333333334,0.4527699681825752,0,0.8305270921698618,114,0.22807017543859648,0.23019274208870782,0.7151713866788384,1
8,1059,Experience 1059,Social,0.7489549716721217,0.4911530499138364,0.6826986067555766,0.9132851837019758,49,Creative,Social,0.8102480228653487,0.5705167914039545,12,0.0,1.0,0.6166666666666667,0.8724505838902279,0,0.9579676773919394,105,0.34285714285714286,0.32676661951909475,0.6625466446553909,2
8,1058,Experience 1058,Social,0.5666390936836835,0.5294440043668863,0.4156619036213059,0.2647117106195373,52,Creative,Social,0.8102480228653487,0.5705167914039545,12,0.0,1.0,0.6666666666666666,0.6054138807559573,0,0.8991233742848852,100,0.32,0.30704856199905706,0.5697097516261989,3
8,1069,Experience 1069,Puzzle,0.8068156107352968,0.6551858372056814,0.8842124935251735,0.2530347499296835,35,Creative,Social,0.8102480228653487,0.5705167914039545,12,0.0,0.0,0.3833333333333333,0.9260355293401752,1,0.7886921796431963,121,0.2892561983471074,0.2825945208502613,0.5103851001245553,4
8,1000,Experience 1000,Action,0.9096695293967186,0.6516437731703687,0.6290364009047581,0.2407530712142694,49,Creative,Social,0.8102480228653487,0.5705167914039545,12,0.0,0.0,0.6166666666666667,0.8187883780394094,0,0.7351950525268409,124,0.3225806451612903,0.31142935722143644,0.4782973598268845,5
9,1026,Experience 1026,Puzzle,0.7847705334160814,0.4236675665053301,0.2918167090217533,0.0158055554401338,14,Puzzle,Simulation,0.2993435587525879,0.4239971836780083,13,1.0,0.0,0.0166666666666666,0.9924731502691654,1,0.7398488388029072,111,0.1981981981981982,0.2049299804571515,0.7987982598302148,1
9,1004,Experience 1004,Puzzle,0.809305382335664,0.5027055170834634,0.7716046143560276,0.3920600224154432,16,Puzzle,Simulation,0.2993435587525879,0.4239971836780083,13,1.0,0.0,0.05,0.5277389443965603,1,0.7818032736154936,123,0.21951219512195122,0.2226980939852227,0.7587455945089596,2
9,1003,Experience 1003,Puzzle,0.7658593377467232,0.3759100169419204,0.0773164253661275,0.4674845394285718,49,Puzzle,Simulation,0.2993435587525879,0.4239971836780083,13,1.0,0.0,0.6,0.7779728666135396,1,0.7399565238522507,111,0.1981981981981982,0.2049299804571515,0.7154357253645266,3
9,1025,Experience 1025,Social,0.838744739121835,0.7279884901895025,0.5876677647056102,0.0811540004238993,14,Puzzle,Simulation,0.2993435587525879,0.4239971836780083,13,0.0,0.0,0.0166666666666666,0.7116757940469778,1,0.7428225106274645,120,0.31666666666666665,0.30604162457062034,0.5071960334176415,4
9,1036,Experience 1036,Sports,0.9655169972756756,0.2298411882545339,0.2550485289661252,0.8478368672236546,17,Puzzle,Simulation,0.2993435587525879,0.4239971836780083,13,0.0,0.0,0.0666666666666666,0.9557049702135372,1,0.8997258404288033,129,0.26356589147286824,0.2607102512744084,0.4693417352756047,5
10,1115,Experience 1115,Simulation,0.626658707429628,0.7075065986188209,0.5404405149990236,0.2246894745458737,42,Simulation,Puzzle,0.902223087754051,0.1687104085787757,40,1.0,0.0,0.0333333333333333,0.6382174272449725,0,0.8853788220182806,112,0.2767857142857143,0.27155929878702156,0.7416246591032599,1
10,1056,Experience 1056,Simulation,0.5850817489192739,0.1274880872408227,0.8708251250831834,0.1754622465790878,53,Simulation,Puzzle,0.902223087754051,0.1687104085787757,40,1.0,0.0,0.2166666666666666,0.9686020373291324,1,0.7251154761353057,128,0.1640625,0.17463396918842464,0.741247521656428,2
10,1016,Experience 1016,Simulation,0.6327408434291123,0.2893552650923534,0.337198205686132,0.4979318527888876,53,Simulation,Puzzle,0.902223087754051,0.1687104085787757,40,1.0,0.0,0.2166666666666666,0.4349751179320811,1,0.7295218935128372,124,0.1935483870967742,0.20031824611032534,0.6630396035923412,3
10,1072,Experience 1072,Puzzle,0.7449779069249327,0.3414623639761886,0.973475515285742,0.3783180142237856,25,Simulation,Puzzle,0.902223087754051,0.1687104085787757,40,0.0,1.0,0.25,0.928747572468309,1,0.7102176112624442,119,0.21008403361344538,0.21471818302076867,0.6000381030890108,4
10,1075,Experience 1075,Puzzle,0.7701763699744956,0.5714931074517187,0.7080993700732455,0.0043057756676786,58,Simulation,Puzzle,0.902223087754051,0.1687104085787757,40,0.0,1.0,0.3,0.8058762823191945,1,0.9006597574203058,114,0.22807017543859648,0.23019274208870782,0.5976651888891418,5
11,1003,Experience 1003,Puzzle,0.7658593377467232,0.3759100169419204,0.0773164253661275,0.4674845394285718,49,Puzzle,Simulation,0.4852778426941825,0.870087119461988,52,1.0,0.0,0.05,0.592038582671945,1,0.9866549369453799,111,0.1981981981981982,0.2049299804571515,0.765882304748543,1
11,1030,Experience 1030,Puzzle,0.5255875329645523,0.2576702884243441,0.6969604774228595,0.5681673512913645,13,Puzzle,Simulation,0.4852778426941825,0.870087119461988,52,1.0,0.0,0.65,0.7883173652713231,1,0.7072027496078097,122,0.20491803278688525,0.21018188337948485,0.7010766993836242,2
11,1028,Experience 1028,Simulation,0.7474374024719366,0.7598079156453001,0.9057260947827066,0.4943145335346177,16,Puzzle,Simulation,0.4852778426941825,0.870087119461988,52,0.0,1.0,0.6,0.579551747911476,0,0.854019135250721,122,0.22950819672131148,0.23130864394286513,0.5427399822760057,3
11,1114,Experience 1114,Simulation,0.9094073794904848,0.2867325336723821,0.0751050358773748,0.4020477981570693,23,Puzzle,Simulation,0.4852778426941825,0.870087119461988,52,0.0,1.0,0.4833333333333333,0.5898271931831923,0,0.8377878905341124,138,0.2318840579710145,0.23320143949295472,0.5321127837094094,4
11,1014,Experience 1014,Social,0.7084360738896248,0.6919622480914536,0.5066406143622445,0.7631554898199004,35,Puzzle,Simulation,0.4852778426941825,0.870087119461988,52,0.0,0.0,0.2833333333333333,0.978637228331938,0,0.8531316264516609,117,0.29914529914529914,0.29084545576559745,0.5241305681150527,5
12,1002,Experience 1002,Social,0.5654662227449457,0.1419781043952984,0.4876512775379703,0.1763555764178013,30,Social,Puzzle,0.5779274348262325,0.5615544822388173,18,1.0,0.0,0.2,0.9097238427117378,0,0.9844134064412808,125,0.312,0.30238501682680585,0.7980314485540331,1
12,1058,Experience 1058,Social,0.5666390936836835,0.5294440043668863,0.4156619036213059,0.2647117106195373,52,Social,Puzzle,0.5779274348262325,0.5615544822388173,18,1.0,0.0,0.5666666666666667,0.8377344687950734,1,0.8012643142397435,100,0.32,0.30704856199905706,0.7842953861007586,2
12,1054,Experience 1054,Puzzle,0.6795756146978778,0.2537314254122666,0.2509959349159629,0.6813294726896911,34,Social,Puzzle,0.5779274348262325,0.5615544822388173,18,0.0,1.0,0.2666666666666666,0.6730685000897304,1,0.9437498227638849,113,0.20353982300884957,0.20936712360817178,0.534319826921655,3
12,1093,Experience 1093,Puzzle,0.5054580561223759,0.3724006037822283,0.1444497473739812,0.982987171535907,29,Social,Puzzle,0.5779274348262325,0.5615544822388173,18,0.0,1.0,0.1833333333333333,0.5665223125477488,0,0.9137111507157033,113,0.1415929203539823,0.15673554466080336,0.48051332065843616,4
12,1052,Experience 1052,Creative,0.6879474895864814,0.8150878066775633,0.5427584275418881,0.4028796085076296,43,Social,Puzzle,0.5779274348262325,0.5615544822388173,18,0.0,0.0,0.4166666666666667,0.9648309927156556,0,0.8784155540507977,129,0.3178294573643411,0.30769011704622046,0.45131135051102866,5
13,1052,Experience 1052,Creative,0.6879474895864814,0.8150878066775633,0.5427584275418881,0.4028796085076296,43,Creative,Puzzle,0.4926834838463674,0.1059931363095801,39,1.0,0.0,0.0666666666666666,0.9499250563044792,1,0.971314938875828,129,0.3178294573643411,0.30769011704622046,0.8169378585860136,1
13,1076,Experience 1076,Creative,0.7805257487778566,0.3562342599893083,0.7812983230640933,0.571167362055741,8,Creative,Puzzle,0.4926834838463674,0.1059931363095801,39,1.0,0.0,0.5166666666666667,0.7113851607822741,0,0.7392956630892809,124,0.23387096774193547,0.23504046833254755,0.7490472811330868,2
13,1027,Experience 1027,Sports,0.8258355726034926,0.7779980359761599,0.5071112833110228,0.4772006332829246,49,Creative,Puzzle,0.4926834838463674,0.1059931363095801,39,0.0,0.0,0.1666666666666666,0.9855722005353446,0,0.7579048422543456,111,0.23423423423423423,0.23546433160218966,0.5243860590203508,3
13,1000,Experience 1000,Action,0.9096695293967186,0.6516437731703687,0.6290364009047581,0.2407530712142694,49,Creative,Puzzle,0.4926834838463674,0.1059931363095801,39,0.0,0.0,0.1666666666666666,0.8636470829416093,0,0.783586979321173,124,0.3225806451612903,0.31142935722143644,0.5033208745180411,4
13,1109,Experience 1109,Social,0.5415451963988065,0.6320276759129257,0.4602651355822746,0.2660308726216652,48,Creative,Puzzle,0.4926834838463674,0.1059931363095801,39,0.0,0.0,0.15,0.9675816517359072,1,0.9352751322549354,125,0.312,0.30238501682680585,0.48853147145321657,5
14,1059,Experience 1059,Social,0.7489549716721217,0.4911530499138364,0.6826986067555766,0.9132851837019758,49,Social,Simulation,0.5816528784578859,0.8313799625665546,53,1.0,0.0,0.0666666666666666,0.8989542717023093,1,0.7077200880480975,105,0.34285714285714286,0.32676661951909475,0.8513817643768445,1
14,1100,Experience 1100,Sports,0.8539423752816214,0.5771516782683807,0.6603015579098336,0.097787997445443,39,Social,Simulation,0.5816528784578859,0.8313799625665546,53,0.0,0.0,0.2333333333333333,0.9213513205480524,0,0.8097408394574408,107,0.3177570093457944,0.3058726570069831,0.5174911380181111,2
14,1044,Experience 1044,Action,0.8578996664042653,0.7405382156713768,0.540545681694017,0.9388053542070384,40,Social,Simulation,0.5816528784578859,0.8313799625665546,53,0.0,0.0,0.2166666666666666,0.958892803236131,0,0.7758557756473874,112,0.2857142857142857,0.27913505636277913,0.5068193522095336,3
14,1092,Experience 1092,Sports,0.8280410369904486,0.5343815491606264,0.7426691928850321,0.6904019545155015,39,Social,Simulation,0.5816528784578859,0.8313799625665546,53,0.0,0.0,0.2333333333333333,0.8389836855728539,1,0.7159628261720047,128,0.2421875,0.2422015367559922,0.4896792303404699,4
14,1112,Experience 1112,Simulation,0.2735953131794247,0.4885963348973961,0.6296328968909383,0.135038096056236,20,Social,Simulation,0.5816528784578859,0.8313799625665546,53,0.0,1.0,0.55,0.9520199815669476,0,0.8381142149010226,119,0.16806722689075632,0.17874695999918594,0.47071219587281493,5
15,1058,Experience 1058,Social,0.5666390936836835,0.5294440043668863,0.4156619036213059,0.2647117106195373,52,Puzzle,Adventure,0.2828544439209006,0.1917227586377731,55,0.0,0.0,0.05,0.8671925402995948,0,0.9163719944000809,100,0.32,0.30704856199905706,0.4641096935065671,1
15,1014,Experience 1014,Social,0.7084360738896248,0.6919622480914536,0.5066406143622445,0.7631554898199004,35,Puzzle,Adventure,0.2828544439209006,0.1917227586377731,55,0.0,0.0,0.3333333333333333,0.7762138295586561,0,0.7930775125903752,117,0.29914529914529914,0.29084545576559745,0.4614363530402467,2
15,1009,Experience 1009,Action,0.7987178764315418,0.3460501829476273,0.2238314684756084,0.130890330850495,53,Puzzle,Adventure,0.2828544439209006,0.1917227586377731,55,0.0,0.0,0.0333333333333333,0.9409770245547078,0,0.9734565585029734,104,0.28846153846153844,0.28101473741844224,0.45074712559441094,3
15,1085,Experience 1085,Social,0.715133524882573,0.3923165755464828,0.681782684374937,0.3715432084063615,41,Puzzle,Adventure,0.2828544439209006,0.1917227586377731,55,0.0,0.0,0.2333333333333333,0.6010717595459636,0,0.9411300377284276,117,0.24786324786324787,0.24704983532764122,0.43260357199420424,4
15,1036,Experience 1036,Sports,0.9655169972756756,0.2298411882545339,0.2550485289661252,0.8478368672236546,17,Puzzle,Adventure,0.2828544439209006,0.1917227586377731,55,0.0,0.0,0.6333333333333333,0.9721940850452244,0,0.7351680592926868,129,0.26356589147286824,0.2607102512744084,0.4316828295019913,5
16,1025,Experience 1025,Social,0.838744739121835,0.7279884901895025,0.5876677647056102,0.0811540004238993,14,Simulation,Social,0.7058526202323885,0.813787326567853,12,0.0,1.0,0.0333333333333333,0.8818151444732217,1,0.9343381019132787,120,0.31666666666666665,0.30604162457062034,0.7410152112872538,1
16,1010,Experience 1010,Simulation,0.8201589080775701,0.1741976609077686,0.1927429310808082,0.4388217018019487,21,Simulation,Social,0.7058526202323885,0.813787326567853,12,1.0,0.0,0.15,0.4868903108484198,1,0.8436661332896415,122,0.19672131147540983,0.20313962985835807,0.7390154172664984,2
16,1012,Experience 1012,Social,0.4912469181469279,0.4504706076181689,0.5423234103127773,0.3692728413409686,11,Simulation,Social,0.7058526202323885,0.813787326567853,12,0.0,1.0,0.0166666666666666,0.8364707900803888,0,0.7897894434480874,120,0.2,0.20604162457062034,0.6374282002188453,3
16,1007,Experience 1007,Social,0.6113602755027672,0.3693255620200327,0.760432490906593,0.3138467721116466,56,Simulation,Social,0.7058526202323885,0.813787326567853,12,0.0,1.0,0.7333333333333333,0.9454201293257954,1,0.9455839445262246,112,0.24107142857142858,0.24125626848399126,0.6245586346305902,4
16,1002,Experience 1002,Social,0.5654662227449457,0.1419781043952984,0.4876512775379703,0.1763555764178013,30,Simulation,Social,0.7058526202323885,0.813787326567853,12,0.0,1.0,0.3,0.7817986573055818,0,0.7803720450410794,125,0.312,0.30238501682680585,0.5993491853039244,5
17,1077,Experience 1077,Adventure,0.8965830938027713,0.1988675594053931,0.098043795325636,0.9940777724523784,46,Adventure,Action,0.2522452360273752,0.4240749445306238,44,1.0,0.0,0.0333333333333333,0.8457985592982609,1,0.7554458690808452,116,0.19827586206896552,0.20474873117563858,0.7856890167445683,1
17,1099,Experience 1099,Adventure,0.8332801744008336,0.4077151465805127,0.8307594812615263,0.7545731382181347,49,Adventure,Action,0.2522452360273752,0.4240749445306238,44,1.0,0.0,0.0833333333333333,0.4214857547658489,0,0.8611596210247603,119,0.2605042016806723,0.25788365064666796,0.7512742716538593,2
17,1040,Experience 1040,Adventure,0.8007594991172722,0.3266907558049443,0.1528993913771743,0.3143479426299048,10,Adventure,Action,0.2522452360273752,0.4240749445306238,44,1.0,0.0,0.5666666666666667,0.9006541553497991,0,0.9884450478413549,109,0.2018348623853211,0.20810718945648718,0.7435451314131728,3
17,1014,Experience 1014,Social,0.7084360738896248,0.6919622480914536,0.5066406143622445,0.7631554898199004,35,Adventure,Action,0.2522452360273752,0.4240749445306238,44,0.0,0.0,0.15,0.7456046216651308,0,0.7898023019274316,117,0.29914529914529914,0.29084545576559745,0.4881935633736518,4
17,1079,Experience 1079,Social,0.6252808613431486,0.1651788036494796,0.2355254260756802,0.2079980737084605,56,Adventure,Action,0.2522452360273752,0.4240749445306238,44,0.0,0.0,0.2,0.983280190048305,1,0.9230719336688262,123,0.2032520325203252,0.2087120799992087,0.4631642708704138,5
18,1063,Experience 1063,Strategy,0.7810917854701819,0.2349952712342425,0.5114173417348135,0.235256388415645,21,Strategy,Simulation,0.4638966389360204,0.386117888051016,38,1.0,0.0,0.2833333333333333,0.952479297201207,0,0.706576725169341,117,0.18803418803418803,0.19595494481669232,0.752962385454139,1
18,1085,Experience 1085,Social,0.715133524882573,0.3923165755464828,0.681782684374937,0.3715432084063615,41,Strategy,Simulation,0.4638966389360204,0.386117888051016,38,0.0,0.0,0.05,0.7821139545610833,1,0.8570221404469524,117,0.24786324786324787,0.24704983532764122,0.47289219860197457,2
18,1058,Experience 1058,Social,0.5666390936836835,0.5294440043668863,0.4156619036213059,0.2647117106195373,52,Strategy,Simulation,0.4638966389360204,0.386117888051016,38,0.0,0.0,0.2333333333333333,0.9517652646852854,1,0.7491925514029791,100,0.32,0.30704856199905706,0.4492392887777386,3
18,1002,Experience 1002,Social,0.5654662227449457,0.1419781043952984,0.4876512775379703,0.1763555764178013,30,Strategy,Simulation,0.4638966389360204,0.386117888051016,38,0.0,0.0,0.1333333333333333,0.9762453613980502,0,0.9159716235725127,125,0.312,0.30238501682680585,0.4337592618185369,4
18,1087,Experience 1087,Creative,0.7417160017369715,0.3980069401610766,0.5803538931422866,0.1954958273965873,33,Strategy,Simulation,0.4638966389360204,0.386117888051016,38,0.0,0.0,0.0833333333333333,0.8835427457937339,0,0.8508259091847421,117,0.15384615384615385,0.16675786452472152,0.4232100460742013,5
19,1023,Experience 1023,Strategy,0.934275144868182,0.4241492862896971,0.2179097364670654,0.7914514878076223,48,Strategy,Action,0.6031914102094686,0.7556534871954608,10,1.0,0.0,0.6333333333333333,0.6147183262575968,1,0.9974358992292366,110,0.2818181818181818,0.2757371341529757,0.7200376947210767,1
19,1107,Experience 1107,Social,0.7428970964662264,0.8045676070342606,0.8160785123357384,0.9076048913904824,23,Strategy,Action,0.6031914102094686,0.7556534871954608,10,0.0,0.0,0.2166666666666666,0.7871128978737303,0,0.8686523949270766,139,0.30935251798561153,0.3009171537099802,0.5031447879089911,2
19,1004,Experience 1004,Puzzle,0.809305382335664,0.5027055170834634,0.7716046143560276,0.3920600224154432,16,Strategy,Action,0.6031914102094686,0.7556534871954608,10,0.0,0.0,0.1,0.8315867958534411,0,0.8410594346903096,123,0.21951219512195122,0.2226980939852227,0.4597726202856518,3
19,1084,Experience 1084,Social,0.6722561348379004,0.2863456816441453,0.5362524927433157,0.7470758006298863,26,Strategy,Action,0.6031914102094686,0.7556534871954608,10,0.0,0.0,0.2666666666666666,0.933061082533847,0,0.7770950839012926,111,0.35135135135135137,0.3347009728235637,0.45749725881691267,4
19,1033,Experience 1033,Simulation,0.8859147305780027,0.259942782541492,0.2648265360525452,0.1086571032622624,31,Strategy,Action,0.6031914102094686,0.7556534871954608,10,0.0,0.0,0.35,0.6616351258430766,0,0.9996086239358561,120,0.275,0.27032733885633464,0.3741087567919929,5
20,1045,Experience 1045,Strategy,0.6865679540637682,0.4124899761623172,0.8858497306039471,0.3446408865116177,23,Strategy,Sports,0.0764930213940332,0.0709829874729512,26,1.0,0.0,0.05,0.1906432907900861,1,0.7676187457094761,95,0.14736842105263157,0.16387676034684212,0.6905167143943309,1
20,1102,Experience 1102,Sports,0.9402838286695968,0.4125021221616953,0.1907643304361418,0.200562471321554,40,Strategy,Sports,0.0764930213940332,0.0709829874729512,26,0.0,1.0,0.2333333333333333,0.8857286909578914,0,0.8871847192223195,117,0.3076923076923077,0.29814472583859014,0.6592370125859819,2
20,1091,Experience 1091,Sports,0.6742348817628386,0.2717222536331008,0.7498162980972818,0.6422524185679935,12,Strategy,Sports,0.0764930213940332,0.0709829874729512,26,0.0,1.0,0.2333333333333333,0.3266767232967514,0,0.8146311484466948,105,0.2571428571428571,0.25476661951909474,0.49899891652176337,3
20,1049,Experience 1049,Sports,0.4370836638665348,0.2536527377340197,0.5512982630814426,0.1951855298186556,20,Strategy,Sports,0.0764930213940332,0.0709829874729512,26,0.0,1.0,0.1,0.5251947583125907,1,0.7355548244432073,122,0.19672131147540983,0.20313962985835807,0.4850011398816031,4
20,1074,Experience 1074,Social,0.7411737446379107,0.1336446501121093,0.5667526591354218,0.2130749343990023,32,Strategy,Sports,0.0764930213940332,0.0709829874729512,26,0.0,0.0,0.1,0.5097403622586114,0,0.9525856357237025,149,0.2953020134228188,0.28902856473305827,0.43086328558607234,5
21,1055,Experience 1055,Action,0.9121309206982589,0.3826203354113438,0.2499073592941251,0.1919211614110854,38,Action,Puzzle,0.5713914907511481,0.7448388959092858,30,1.0,0.0,0.1333333333333333,0.6785158685429771,1,0.847957393667657,114,0.23684210526315788,0.237655428655872,0.8173108784639675,1
21,1068,Experience 1068,Action,0.698456042052288,0.2594560290757449,0.3550613668330224,0.4325155932423661,21,Action,Puzzle,0.5713914907511481,0.7448388959092858,30,1.0,0.0,0.15,0.7836698760818743,1,0.9813796498006113,111,0.24324324324324326,0.2430979193884492,0.7860984284810874,2
21,1054,Experience 1054,Puzzle,0.6795756146978778,0.2537314254122666,0.2509959349159629,0.6813294726896911,34,Action,Puzzle,0.5713914907511481,0.7448388959092858,30,0.0,1.0,0.0666666666666666,0.6796044441648148,1,0.9532761510227001,113,0.20353982300884957,0.20936712360817178,0.5890102071075999,3
21,1067,Experience 1067,Creative,0.788764048918011,0.4580972487220676,0.5921026845821029,0.4299570499000478,43,Action,Puzzle,0.5713914907511481,0.7448388959092858,30,0.0,0.0,0.2166666666666666,0.9792888061690452,0,0.8623964521401508,119,0.31092436974789917,0.30104911827256725,0.5081692291920628,4
21,1041,Experience 1041,Sports,0.6879201981801872,0.7175911275892214,0.4277301159158936,0.4016616340093764,51,Action,Puzzle,0.5713914907511481,0.7448388959092858,30,0.0,0.0,0.35,0.8563386251647456,1,0.7353949087605642,132,0.18181818181818182,0.18977518052557135,0.48142530937168204,5
22,1002,Experience 1002,Social,0.5654662227449457,0.1419781043952984,0.4876512775379703,0.1763555764178013,30,Social,Adventure,0.8334832108831476,0.5232595333524971,37,1.0,0.0,0.1166666666666666,0.6541680666548227,0,0.9553701155931659,125,0.312,0.30238501682680585,0.7619255061590692,1
22,1042,Experience 1042,Social,0.3938579788705362,0.1390150525777733,0.8546241607610466,0.268085104820551,16,Social,Adventure,0.8334832108831476,0.5232595333524971,37,1.0,0.0,0.35,0.978859050122101,1,0.7101656934162152,124,0.24193548387096775,0.241984912776992,0.7612641017310966,2
22,1017,Experience 1017,Adventure,0.8986224157650411,0.4138920991005588,0.5580723954683906,0.6429984233408326,53,Social,Adventure,0.8334832108831476,0.5232595333524971,37,0.0,1.0,0.2666666666666666,0.724589184585243,1,0.9662956971131573,125,0.256,0.25410915475784035,0.5872582028150418,3
22,1100,Experience 1100,Sports,0.8539423752816214,0.5771516782683807,0.6603015579098336,0.097787997445443,39,Social,Adventure,0.8334832108831476,0.5232595333524971,37,0.0,0.0,0.0333333333333333,0.826818347026686,0,0.8992605125405375,107,0.3177570093457944,0.3058726570069831,0.5014939295296496,4
22,1043,Experience 1043,Creative,0.8838983032607785,0.7641225701636372,0.5942808569171103,0.6062993981927156,47,Social,Adventure,0.8334832108831476,0.5232595333524971,37,0.0,0.0,0.1666666666666666,0.7607976460339627,1,0.9421715784313566,110,0.35454545454545455,0.3372755956914373,0.47178743425950864,5
23,1047,Experience 1047,Strategy,0.22550606962591,0.2148767550411004,0.6209051459122696,0.296299630453485,14,Strategy,Puzzle,0.6527172866915267,0.571289386613503,10,1.0,0.0,0.0666666666666666,0.9681878592207428,1,0.9013382254329616,110,0.15454545454545454,0.16804482646066804,0.6751513838112189,1
23,1107,Experience 1107,Social,0.7428970964662264,0.8045676070342606,0.8160785123357384,0.9076048913904824,23,Strategy,Puzzle,0.6527172866915267,0.571289386613503,10,0.0,0.0,0.2166666666666666,0.8366387743557884,0,0.8233068275251362,139,0.30935251798561153,0.3009171537099802,0.5190197181940328,2
23,1119,Experience 1119,Action,0.8086136050725224,0.7572883677081093,0.5086964614589882,0.1619415702496311,9,Strategy,Puzzle,0.6527172866915267,0.571289386613503,10,0.0,0.0,0.0166666666666666,0.8559791747674614,0,0.8946191874099154,115,0.30434782608695654,0.29515427733249516,0.4826124147152697,3
23,1074,Experience 1074,Social,0.7411737446379107,0.1336446501121093,0.5667526591354218,0.2130749343990023,32,Strategy,Puzzle,0.6527172866915267,0.571289386613503,10,0.0,0.0,0.3666666666666666,0.9140353724438952,0,0.9480155242598125,149,0.2953020134228188,0.28902856473305827,0.4649618279236496,4
23,1015,Experience 1015,Sports,0.9316862802198296,0.7502302540767141,0.1563447605350174,0.9300033473547172,10,Strategy,Puzzle,0.6527172866915267,0.571289386613503,10,0.0,0.0,0.0,0.5036274738434907,0,0.870132480865728,113,0.19469026548672566,0.20184832661569058,0.44988995929687464,5
24,1104,Experience 1104,Sports,0.7763284069557427,0.7928984171430337,0.1707069630824686,0.4638281104628762,33,Sports,Action,0.0187566342477123,0.1059545101436577,34,1.0,0.0,0.0166666666666666,0.8480496711652438,1,0.9023326773244243,119,0.17647058823529413,0.1859412046035025,0.8134863272607155,1
24,1092,Experience 1092,Sports,0.8280410369904486,0.5343815491606264,0.7426691928850321,0.6904019545155015,39,Sports,Action,0.0187566342477123,0.1059545101436577,34,1.0,0.0,0.0833333333333333,0.2760874413626802,0,0.8584560783662785,128,0.2421875,0.2422015367559922,0.7500343333910661,2
24,1055,Experience 1055,Action,0.9121309206982589,0.3826203354113438,0.2499073592941251,0.1919211614110854,38,Sports,Action,0.0187566342477123,0.1059545101436577,34,0.0,1.0,0.0666666666666666,0.7688492749535872,0,0.7710479118959231,114,0.23684210526315788,0.237655428655872,0.6146338656722488,3
24,1006,Experience 1006,Action,0.8770181756508404,0.5275353377269014,0.8047332447846338,0.7517807092307816,28,Sports,Action,0.0187566342477123,0.1059545101436577,34,0.0,1.0,0.1,0.2140233894630785,1,0.8899439179946834,103,0.27184466019417475,0.26703924747875485,0.5308395633777816,4
24,1067,Experience 1067,Creative,0.788764048918011,0.4580972487220676,0.5921026845821029,0.4299570499000478,43,Sports,Action,0.0187566342477123,0.1059545101436577,34,0.0,0.0,0.15,0.4266539496656094,0,0.8367354421971538,119,0.31092436974789917,0.30104911827256725,0.3643886748620597,5
25,1108,Experience 1108,Puzzle,0.8425576923542274,0.4822507608830354,0.666849920378606,0.8027206052883656,21,Puzzle,Sports,0.5577891462377893,0.7005164655412413,33,1.0,0.0,0.2,0.8909392258591833,1,0.9390485422820174,92,0.2717391304347826,0.2664806021418468,0.8316548310417539,1
25,1036,Experience 1036,Sports,0.9655169972756756,0.2298411882545339,0.2550485289661252,0.8478368672236546,17,Puzzle,Sports,0.5577891462377893,0.7005164655412413,33,0.0,1.0,0.2666666666666666,0.6972593827283359,0,0.9390468814436838,129,0.26356589147286824,0.2607102512744084,0.6365527469887102,2
25,1050,Experience 1050,Sports,0.6444432625143321,0.2032573812502654,0.7840857883345029,0.0579453445381299,24,Puzzle,Sports,0.5577891462377893,0.7005164655412413,33,0.0,1.0,0.15,0.7737033579032864,0,0.940345823845736,107,0.27102803738317754,0.2665025782668255,0.6108529680272393,3
25,1006,Experience 1006,Action,0.8770181756508404,0.5275353377269014,0.8047332447846338,0.7517807092307816,28,Puzzle,Sports,0.5577891462377893,0.7005164655412413,33,0.0,0.0,0.0833333333333333,0.7530559014531555,0,0.9661462354594641,103,0.27184466019417475,0.26703924747875485,0.5034263480692939,4
25,1067,Experience 1067,Creative,0.788764048918011,0.4580972487220676,0.5921026845821029,0.4299570499000478,43,Puzzle,Sports,0.5577891462377893,0.7005164655412413,33,0.0,0.0,0.1666666666666666,0.9656864616556864,0,0.9782219128365689,119,0.31092436974789917,0.30104911827256725,0.5019536113274814,5
26,1020,Experience 1020,Simulation,0.8220634578382588,0.5054615596538111,0.3982077558970217,0.6135164847298321,13,Simulation,Sports,0.3086477955452562,0.6503959108762601,14,1.0,0.0,0.0166666666666666,0.9104400396482346,1,0.8640173609693331,129,0.21705426356589147,0.22044179489856944,0.813648841764591,1
26,1036,Experience 1036,Sports,0.9655169972756756,0.2298411882545339,0.2550485289661252,0.8478368672236546,17,Simulation,Sports,0.3086477955452562,0.6503959108762601,14,0.0,1.0,0.05,0.946400733420869,0,0.9397792236953398,129,0.26356589147286824,0.2607102512744084,0.6779055227561693,2
26,1102,Experience 1102,Sports,0.9402838286695968,0.4125021221616953,0.1907643304361418,0.200562471321554,40,Simulation,Sports,0.3086477955452562,0.6503959108762601,14,0.0,1.0,0.4333333333333333,0.8821165348908856,0,0.7663545411902011,117,0.3076923076923077,0.29814472583859014,0.6467125168286908,3
26,1039,Experience 1039,Social,0.8194814495513689,0.2752805682140255,0.2419454802582048,0.889899007072331,47,Simulation,Sports,0.3086477955452562,0.6503959108762601,14,0.0,0.0,0.55,0.9332976847129486,0,0.8748945188522764,110,0.2636363636363636,0.2603525187683603,0.4791619333038661,4
26,1053,Experience 1053,Puzzle,0.7426572934279929,0.7514869168546299,0.2904976508730454,0.8341208920021081,34,Simulation,Sports,0.3086477955452562,0.6503959108762601,14,0.0,0.0,0.3333333333333333,0.9818498553277892,0,0.8383845059764313,102,0.3431372549019608,0.3266051429498922,0.4672927624161713,5
27,1107,Experience 1107,Social,0.7428970964662264,0.8045676070342606,0.8160785123357384,0.9076048913904824,23,Social,Simulation,0.6548533759498939,0.3083482558431205,55,1.0,0.0,0.5333333333333333,0.8387748636141555,0,0.9155356404216154,139,0.30935251798561153,0.3009171537099802,0.8160193835979448,1
27,1039,Experience 1039,Social,0.8194814495513689,0.2752805682140255,0.2419454802582048,0.889899007072331,47,Social,Simulation,0.6548533759498939,0.3083482558431205,55,1.0,0.0,0.1333333333333333,0.5870921043083109,0,0.9693364275095684,110,0.2636363636363636,0.2603525187683603,0.790410667375705,2
27,1079,Experience 1079,Social,0.6252808613431486,0.1651788036494796,0.2355254260756802,0.2079980737084605,56,Social,Simulation,0.6548533759498939,0.3083482558431205,55,1.0,0.0,0.0166666666666666,0.5806720501257864,1,0.8064692275520269,123,0.2032520325203252,0.2087120799992087,0.7643625125919103,3
27,1020,Experience 1020,Simulation,0.8220634578382588,0.5054615596538111,0.3982077558970217,0.6135164847298321,13,Social,Simulation,0.6548533759498939,0.3083482558431205,55,0.0,1.0,0.7,0.7433543799471278,0,0.9610269879100999,129,0.21705426356589147,0.22044179489856944,0.5169100620623739,4
27,1001,Experience 1001,Sports,0.6452560499996463,0.8044840559110404,0.5776422262968883,0.3608105614175153,41,Social,Simulation,0.6548533759498939,0.3083482558431205,55,0.0,0.0,0.2333333333333333,0.9227888503469944,1,0.7763001086265298,110,0.2545454545454545,0.25266021107605263,0.4496131079159839,5
28,1020,Experience 1020,Simulation,0.8220634578382588,0.5054615596538111,0.3982077558970217,0.6135164847298321,13,Simulation,Creative,0.668913366532042,0.3490299385904939,41,1.0,0.0,0.4666666666666667,0.7292943893649797,0,0.720558840629049,129,0.21705426356589147,0.22044179489856944,0.7408239940741531,1
28,1114,Experience 1114,Simulation,0.9094073794904848,0.2867325336723821,0.0751050358773748,0.4020477981570693,23,Simulation,Creative,0.668913366532042,0.3490299385904939,41,1.0,0.0,0.3,0.4061916693453328,1,0.9665202592505351,138,0.2318840579710145,0.23320143949295472,0.7072350302357908,2
28,1059,Experience 1059,Social,0.7489549716721217,0.4911530499138364,0.6826986067555766,0.9132851837019758,49,Simulation,Creative,0.668913366532042,0.3490299385904939,41,0.0,0.0,0.1333333333333333,0.9862147597764654,0,0.7833187688219119,105,0.34285714285714286,0.32676661951909475,0.5216757207908364,3
28,1106,Experience 1106,Sports,0.8146785788760947,0.3647619692710552,0.6750256601127794,0.7960604476258709,49,Simulation,Creative,0.668913366532042,0.3490299385904939,41,0.0,0.0,0.1333333333333333,0.9938877064192626,0,0.9773217540229711,128,0.28125,0.275985320539776,0.4822230668530642,4
28,1102,Experience 1102,Sports,0.9402838286695968,0.4125021221616953,0.1907643304361418,0.200562471321554,40,Simulation,Creative,0.668913366532042,0.3490299385904939,41,0.0,0.0,0.0166666666666666,0.5218509639040998,0,0.7087825448313452,117,0.3076923076923077,0.29814472583859014,0.43341762556460195,5
29,1096,Experience 1096,Adventure,0.7903170826018652,0.4751627362769494,0.5362341337297925,0.9233469677258124,13,Puzzle,Adventure,0.4362192522617057,0.3473890606633519,16,0.0,1.0,0.05,0.8999851185319133,0,0.7674128141734365,123,0.25203252032520324,0.25067012195725064,0.5848062990717698,1
29,1111,Experience 1111,Sports,0.9428982678236224,0.8155250577848677,0.575778764164542,0.2547283501174674,25,Puzzle,Adventure,0.4362192522617057,0.3473890606633519,16,0.0,0.0,0.15,0.8604404880971638,0,0.8781937868377023,139,0.3237410071942446,0.31349577006218143,0.5068594477525655,2
29,1077,Experience 1077,Adventure,0.8965830938027713,0.1988675594053931,0.098043795325636,0.9940777724523784,46,Puzzle,Adventure,0.4362192522617057,0.3473890606633519,16,0.0,1.0,0.5,0.6618245430639302,0,0.8984057961796569,116,0.19827586206896552,0.20474873117563858,0.49090456835650426,3
29,1061,Experience 1061,Social,0.9515114053456256,0.4883887845440612,0.3838014404080356,0.6777086144544695,56,Puzzle,Adventure,0.4362192522617057,0.3473890606633519,16,0.0,0.0,0.6666666666666666,0.9475821881463298,0,0.8489203886560126,113,0.3274336283185841,0.3146302815029086,0.4878224082447687,4
29,1094,Experience 1094,Strategy,0.777065958629862,0.5840090382012306,0.3016147592800985,0.4118434403009737,40,Puzzle,Adventure,0.4362192522617057,0.3473890606633519,16,0.0,0.0,0.4,0.8653955070183927,0,0.9362208937855289,114,0.21929824561403508,0.22273005552154362,0.37238704894154745,5
30,1043,Experience 1043,Creative,0.8838983032607785,0.7641225701636372,0.5942808569171103,0.6062993981927156,47,Creative,Adventure,0.8329890302552374,0.0457918287333101,24,1.0,0.0,0.3833333333333333,0.7612918266618729,1,0.9210811464124935,110,0.35454545454545455,0.3372755956914373,0.7802867598437395,1
30,1082,Experience 1082,Adventure,0.940069744877272,0.6645999956719907,0.1368397110942475,0.0890420050750532,28,Creative,Adventure,0.8329890302552374,0.0457918287333101,24,0.0,1.0,0.0666666666666666,0.3038506808390101,1,0.9774577782645316,138,0.2391304347826087,0.23953055341700535,0.521527122317883,2
30,1088,Experience 1088,Sports,0.931739259022481,0.4207879774878386,0.5549692853271866,0.4100487869149942,11,Creative,Adventure,0.8329890302552374,0.0457918287333101,24,0.0,0.0,0.2166666666666666,0.7219802550719492,1,0.871402212361314,113,0.3008849557522124,0.292073890525465,0.43073755952878723,3
30,1084,Experience 1084,Social,0.6722561348379004,0.2863456816441453,0.5362524927433157,0.7470758006298863,26,Creative,Adventure,0.8329890302552374,0.0457918287333101,24,0.0,0.0,0.0333333333333333,0.7032634624880783,0,0.7002670401120307,111,0.35135135135135137,0.3347009728235637,0.41797346073084257,4
30,1064,Experience 1064,Puzzle,0.6204758892789963,0.4435351922580418,0.6632419642315316,0.276207363456566,49,Creative,Adventure,0.8329890302552374,0.0457918287333101,24,0.0,0.0,0.4166666666666667,0.8302529339762942,0,0.9866490439257498,94,0.2765957446808511,0.27057743368321796,0.356850553739886,5
31,1069,Experience 1069,Puzzle,0.8068156107352968,0.6551858372056814,0.8842124935251735,0.2530347499296835,35,Puzzle,Sports,0.7238924559791154,0.7005937665347985,47,1.0,0.0,0.2,0.8396799624539419,1,0.9214663818738089,121,0.2892561983471074,0.2825945208502613,0.8411418883319816,1
31,1088,Experience 1088,Sports,0.931739259022481,0.4207879774878386,0.5549692853271866,0.4100487869149942,11,Puzzle,Sports,0.7238924559791154,0.7005937665347985,47,0.0,1.0,0.6,0.8310768293480711,0,0.9333686746633757,113,0.3008849557522124,0.292073890525465,0.6500288604104869,2
31,1102,Experience 1102,Sports,0.9402838286695968,0.4125021221616953,0.1907643304361418,0.200562471321554,40,Puzzle,Sports,0.7238924559791154,0.7005937665347985,47,0.0,1.0,0.1166666666666666,0.4668718744570264,1,0.8744908218754975,117,0.3076923076923077,0.29814472583859014,0.6336928758839913,3
31,1037,Experience 1037,Sports,0.7994490651436071,0.7023148063737304,0.3263399911584964,0.9948242136208678,35,Puzzle,Sports,0.7238924559791154,0.7005937665347985,47,0.0,1.0,0.2,0.602447535179381,1,0.8894823341685212,120,0.30833333333333335,0.29889876742776317,0.6306808018517363,4
31,1091,Experience 1091,Sports,0.6742348817628386,0.2717222536331008,0.7498162980972818,0.6422524185679935,12,Puzzle,Sports,0.7238924559791154,0.7005937665347985,47,0.0,1.0,0.5833333333333334,0.9740761578818335,0,0.8212381855730106,105,0.2571428571428571,0.25476661951909474,0.608081251763497,5
32,1116,Experience 1116,Action,0.6678760843020042,0.5482724230839826,0.6479003468582198,0.8466710505082435,57,Action,Sports,0.4860444790710185,0.5892837462693579,55,1.0,0.0,0.0333333333333333,0.8381441322127987,0,0.845790418406505,113,0.21238938053097345,0.21688592060065298,0.8313187225189453,1
32,1035,Experience 1035,Action,0.684933354468736,0.2628151072276272,0.2926692360835166,0.7930049789596304,54,Action,Sports,0.4860444790710185,0.5892837462693579,55,1.0,0.0,0.0166666666666666,0.806624757012498,0,0.7097474363910148,144,0.14583333333333334,0.15759650877979783,0.810686909947739,2
32,1005,Experience 1005,Sports,0.725440926488475,0.5102685875213342,0.2459903544501388,0.2409271164143122,19,Action,Sports,0.4860444790710185,0.5892837462693579,55,0.0,1.0,0.6,0.7599458753791203,0,0.7456711823281285,114,0.2543859649122807,0.25258080179020037,0.6133315227725353,3
32,1091,Experience 1091,Sports,0.6742348817628386,0.2717222536331008,0.7498162980972818,0.6422524185679935,12,Action,Sports,0.4860444790710185,0.5892837462693579,55,0.0,1.0,0.7166666666666667,0.7362281809737368,1,0.9888481266852689,105,0.2571428571428571,0.25476661951909474,0.5805568583204345,4
32,1085,Experience 1085,Social,0.715133524882573,0.3923165755464828,0.681782684374937,0.3715432084063615,41,Action,Sports,0.4860444790710185,0.5892837462693579,55,0.0,0.0,0.2333333333333333,0.8042617946960815,0,0.9226152382038311,117,0.24786324786324787,0.24704983532764122,0.5468221941731204,5
33,1061,Experience 1061,Social,0.9515114053456256,0.4883887845440612,0.3838014404080356,0.6777086144544695,56,Strategy,Social,0.3972366419629186,0.8554234704714564,11,0.0,1.0,0.75,0.9865647984451168,0,0.7472674277905506,113,0.3274336283185841,0.3146302815029086,0.7132953051194161,1
33,1098,Experience 1098,Social,0.534058177188557,0.4459803600128759,0.2707495249900757,0.7298152463028666,35,Strategy,Social,0.3972366419629186,0.8554234704714564,11,0.0,1.0,0.4,0.8735128830271571,0,0.8798243876773043,130,0.26153846153846155,0.25897218293257895,0.6232713672517577,2
33,1026,Experience 1026,Puzzle,0.7847705334160814,0.4236675665053301,0.2918167090217533,0.0158055554401338,14,Strategy,Social,0.3972366419629186,0.8554234704714564,11,0.0,0.0,0.05,0.8945800670588346,0,0.7401380685994196,111,0.1981981981981982,0.2049299804571515,0.5012869423354869,3
33,1037,Experience 1037,Sports,0.7994490651436071,0.7023148063737304,0.3263399911584964,0.9948242136208678,35,Strategy,Social,0.3972366419629186,0.8554234704714564,11,0.0,0.0,0.4,0.9291033491955778,1,0.7848269626969306,120,0.30833333333333335,0.29889876742776317,0.5012783595894583,4
33,1024,Experience 1024,Sports,0.7120515552427965,0.5535760301547662,0.4935230317114728,0.4609313910731102,39,Strategy,Social,0.3972366419629186,0.8554234704714564,11,0.0,0.0,0.4666666666666667,0.9037136102514458,0,0.9569196662313599,138,0.2608695652173913,0.25851789518915724,0.4693948084263167,5
34,1115,Experience 1115,Simulation,0.626658707429628,0.7075065986188209,0.5404405149990236,0.2246894745458737,42,Simulation,Creative,0.2277525659552355,0.6641129512864578,10,1.0,0.0,0.5333333333333333,0.6873120509562121,0,0.7116808904007935,112,0.2767857142857143,0.27155929878702156,0.719770786435368,1
34,1015,Experience 1015,Sports,0.9316862802198296,0.7502302540767141,0.1563447605350174,0.9300033473547172,10,Simulation,Creative,0.2277525659552355,0.6641129512864578,10,0.0,0.0,0.0,0.928592194579782,1,0.7712188310570216,113,0.19469026548672566,0.20184832661569058,0.5210939105946105,2
34,1062,Experience 1062,Creative,0.7566608128373626,0.2501254620138091,0.431135077105207,0.8144738760309339,50,Simulation,Creative,0.2277525659552355,0.6641129512864578,10,0.0,1.0,0.6666666666666666,0.7966174888500286,0,0.744617946426928,118,0.2033898305084746,0.20902773507164382,0.5172324893286632,3
34,1082,Experience 1082,Adventure,0.940069744877272,0.6645999956719907,0.1368397110942475,0.0890420050750532,28,Simulation,Creative,0.2277525659552355,0.6641129512864578,10,0.0,0.0,0.3,0.909087145139012,1,0.9155479606946182,138,0.2391304347826087,0.23953055341700535,0.4595947028014434,4
34,1037,Experience 1037,Sports,0.7994490651436071,0.7023148063737304,0.3263399911584964,0.9948242136208678,35,Simulation,Creative,0.2277525659552355,0.6641129512864578,10,0.0,0.0,0.4166666666666667,0.9014125747967392,0,0.7685566672191816,120,0.30833333333333335,0.29889876742776317,0.44605945719262974,5
35,1034,Experience 1034,Strategy,0.5016628944231066,0.7184788322001798,0.7569144817322334,0.2251776661055454,11,Strategy,Social,0.4318282758092654,0.8708205408799516,33,1.0,0.0,0.3666666666666666,0.674913794077032,0,0.7773953422271985,132,0.2196969696969697,0.22266991736767663,0.7475396887872982,1
35,1074,Experience 1074,Social,0.7411737446379107,0.1336446501121093,0.5667526591354218,0.2130749343990023,32,Strategy,Social,0.4318282758092654,0.8708205408799516,33,0.0,1.0,0.0166666666666666,0.8650756166738436,1,0.9924143215143097,149,0.2953020134228188,0.28902856473305827,0.7088596237008352,2
35,1058,Experience 1058,Social,0.5666390936836835,0.5294440043668863,0.4156619036213059,0.2647117106195373,52,Strategy,Social,0.4318282758092654,0.8708205408799516,33,0.0,1.0,0.3166666666666666,0.9838336278120404,0,0.8879862687396056,100,0.32,0.30704856199905706,0.6857220870549062,3
35,1001,Experience 1001,Sports,0.6452560499996463,0.8044840559110404,0.5776422262968883,0.3608105614175153,41,Strategy,Social,0.4318282758092654,0.8708205408799516,33,0.0,0.0,0.1333333333333333,0.8541860495123771,0,0.92633254300947,110,0.2545454545454545,0.25266021107605263,0.5147317297299647,4
35,1082,Experience 1082,Adventure,0.940069744877272,0.6645999956719907,0.1368397110942475,0.0890420050750532,28,Strategy,Social,0.4318282758092654,0.8708205408799516,33,0.0,0.0,0.0833333333333333,0.7050114352849821,0,0.7398423145357546,138,0.2391304347826087,0.23953055341700535,0.5071813385400256,5
36,1021,Experience 1021,Creative,0.6317033375365485,0.227795161908673,0.5969784094803497,0.8897794665398687,40,Creative,Simulation,0.6385528282367291,0.61500548577104,33,1.0,0.0,0.1166666666666666,0.9584255812436208,0,0.943776004033446,117,0.23931623931623933,0.23975056525464852,0.7677037862505094,1
36,1062,Experience 1062,Creative,0.7566608128373626,0.2501254620138091,0.431135077105207,0.8144738760309339,50,Creative,Simulation,0.6385528282367291,0.61500548577104,33,1.0,0.0,0.2833333333333333,0.792582248868478,0,0.9477705225696671,118,0.2033898305084746,0.20902773507164382,0.7554853433189137,2
36,1115,Experience 1115,Simulation,0.626658707429628,0.7075065986188209,0.5404405149990236,0.2246894745458737,42,Creative,Simulation,0.6385528282367291,0.61500548577104,33,0.0,1.0,0.15,0.9018876867622944,1,0.9294784221050946,112,0.2767857142857143,0.27155929878702156,0.5902860586240892,3
36,1105,Experience 1105,Sports,0.6106599794863272,0.6391373818905719,0.6213931070244737,0.2894297075080649,54,Creative,Simulation,0.6385528282367291,0.61500548577104,33,0.0,0.0,0.35,0.9828402787877446,1,0.8223873499150987,130,0.23076923076923078,0.2323055162659123,0.43882880910556793,4
36,1102,Experience 1102,Sports,0.9402838286695968,0.4125021221616953,0.1907643304361418,0.200562471321554,40,Creative,Simulation,0.6385528282367291,0.61500548577104,33,0.0,0.0,0.1166666666666666,0.5522115021994127,0,0.9290487385276663,117,0.3076923076923077,0.29814472583859014,0.43577806080730913,5
37,1107,Experience 1107,Social,0.7428970964662264,0.8045676070342606,0.8160785123357384,0.9076048913904824,23,Social,Creative,0.4074692588140211,0.1427090022392872,22,1.0,0.0,0.0166666666666666,0.5913907464782827,0,0.7373566807605352,139,0.30935251798561153,0.3009171537099802,0.8240053965059109,1
37,1002,Experience 1002,Social,0.5654662227449457,0.1419781043952984,0.4876512775379703,0.1763555764178013,30,Social,Creative,0.4074692588140211,0.1427090022392872,22,1.0,0.0,0.1333333333333333,0.9198179812760507,1,0.7227431427691126,125,0.312,0.30238501682680585,0.7907049309988357,2
37,1007,Experience 1007,Social,0.6113602755027672,0.3693255620200327,0.760432490906593,0.3138467721116466,56,Social,Creative,0.4074692588140211,0.1427090022392872,22,1.0,0.0,0.5666666666666667,0.647036767907428,0,0.8661481828272258,112,0.24107142857142858,0.24125626848399126,0.7554051912316546,3
37,1062,Experience 1062,Creative,0.7566608128373626,0.2501254620138091,0.431135077105207,0.8144738760309339,50,Social,Creative,0.4074692588140211,0.1427090022392872,22,0.0,1.0,0.4666666666666667,0.976334181708814,1,0.729350342458969,118,0.2033898305084746,0.20902773507164382,0.5662474122348023,4
37,1038,Experience 1038,Creative,0.8025898263845425,0.4058560569474049,0.8087225901435202,0.8729120163870842,60,Social,Creative,0.4074692588140211,0.1427090022392872,22,0.0,1.0,0.6333333333333333,0.5987466686705009,0,0.7066768883762607,108,0.2037037037037037,0.209733026874116,0.5221822462157066,5
38,1059,Experience 1059,Social,0.7489549716721217,0.4911530499138364,0.6826986067555766,0.9132851837019758,49,Action,Strategy,0.6277124364182798,0.8343067224928379,51,0.0,0.0,0.0333333333333333,0.9450138296627032,0,0.829014255802693,105,0.34285714285714286,0.32676661951909475,0.5774506997253264,1
38,1066,Experience 1066,Strategy,0.5933044321129625,0.8148765601157231,0.9082281614290438,0.2645976053461583,23,Action,Strategy,0.6277124364182798,0.8343067224928379,51,0.0,1.0,0.4666666666666667,0.719484274989236,0,0.7540808314637268,125,0.208,0.21272984441301274,0.5688024104277166,2
38,1001,Experience 1001,Sports,0.6452560499996463,0.8044840559110404,0.5776422262968883,0.3608105614175153,41,Action,Strategy,0.6277124364182798,0.8343067224928379,51,0.0,0.0,0.1666666666666666,0.9499297898786084,0,0.8006412255257361,110,0.2545454545454545,0.25266021107605263,0.513958209895882,3
38,1109,Experience 1109,Social,0.5415451963988065,0.6320276759129257,0.4602651355822746,0.2660308726216652,48,Action,Strategy,0.6277124364182798,0.8343067224928379,51,0.0,0.0,0.05,0.8325526991639949,0,0.7123209474915189,125,0.312,0.30238501682680585,0.5127135932589939,4
38,1062,Experience 1062,Creative,0.7566608128373626,0.2501254620138091,0.431135077105207,0.8144738760309339,50,Action,Strategy,0.6277124364182798,0.8343067224928379,51,0.0,0.0,0.0166666666666666,0.8034226406869271,0,0.9062325113453511,118,0.2033898305084746,0.20902773507164382,0.4616955963227646,5
39,1047,Experience 1047,Strategy,0.22550606962591,0.2148767550411004,0.6209051459122696,0.296299630453485,14,Strategy,Adventure,0.7730279382606403,0.6115192521557034,37,1.0,0.0,0.3833333333333333,0.8478772076516293,1,0.966727605574338,110,0.15454545454545454,0.16804482646066804,0.6199260205288064,1
39,1043,Experience 1043,Creative,0.8838983032607785,0.7641225701636372,0.5942808569171103,0.6062993981927156,47,Strategy,Adventure,0.7730279382606403,0.6115192521557034,37,0.0,0.0,0.1666666666666666,0.82125291865647,0,0.903271662397866,110,0.35454545454545455,0.3372755956914373,0.4797290337226971,2
39,1075,Experience 1075,Puzzle,0.7701763699744956,0.5714931074517187,0.7080993700732455,0.0043057756676786,58,Strategy,Adventure,0.7730279382606403,0.6115192521557034,37,0.0,0.0,0.35,0.9350714318126052,0,0.7018968982251391,114,0.22807017543859648,0.23019274208870782,0.45833621942778213,3
39,1088,Experience 1088,Sports,0.931739259022481,0.4207879774878386,0.5549692853271866,0.4100487869149942,11,Strategy,Adventure,0.7730279382606403,0.6115192521557034,37,0.0,0.0,0.4333333333333333,0.7819413470665463,0,0.9588404836328027,113,0.3008849557522124,0.292073890525465,0.4436748677893138,4
39,1028,Experience 1028,Simulation,0.7474374024719366,0.7598079156453001,0.9057260947827066,0.4943145335346177,16,Strategy,Adventure,0.7730279382606403,0.6115192521557034,37,0.0,0.0,0.35,0.8673018434779337,0,0.9976368793712914,122,0.22950819672131148,0.23130864394286513,0.4298054862817449,5
40,1069,Experience 1069,Puzzle,0.8068156107352968,0.6551858372056814,0.8842124935251735,0.2530347499296835,35,Puzzle,Social,0.597754004415354,0.2415083088896581,26,1.0,0.0,0.15,0.7135415108901805,0,0.7981095209003054,121,0.2892561983471074,0.2825945208502613,0.8187572521001983,1
40,1064,Experience 1064,Puzzle,0.6204758892789963,0.4435351922580418,0.6632419642315316,0.276207363456566,49,Puzzle,Social,0.597754004415354,0.2415083088896581,26,1.0,0.0,0.3833333333333333,0.9345120401838224,1,0.9225240524909852,94,0.2765957446808511,0.27057743368321796,0.7834728346118353,2
40,1026,Experience 1026,Puzzle,0.7847705334160814,0.4236675665053301,0.2918167090217533,0.0158055554401338,14,Puzzle,Social,0.597754004415354,0.2415083088896581,26,1.0,0.0,0.2,0.6940627046063994,0,0.8660172140971674,111,0.1981981981981982,0.2049299804571515,0.7826741483222187,3
40,1059,Experience 1059,Social,0.7489549716721217,0.4911530499138364,0.6826986067555766,0.9132851837019758,49,Puzzle,Social,0.597754004415354,0.2415083088896581,26,0.0,1.0,0.3833333333333333,0.9150553976597774,0,0.7094771068313357,105,0.34285714285714286,0.32676661951909475,0.6763770828632631,4
40,1002,Experience 1002,Social,0.5654662227449457,0.1419781043952984,0.4876512775379703,0.1763555764178013,30,Puzzle,Social,0.597754004415354,0.2415083088896581,26,0.0,1.0,0.0666666666666666,0.8898972731226164,0,0.8567384678708972,125,0.312,0.30238501682680585,0.6332367980349262,5
41,1017,Experience 1017,Adventure,0.8986224157650411,0.4138920991005588,0.5580723954683906,0.6429984233408326,53,Creative,Adventure,0.9357901090549008,0.7959058576563091,18,0.0,1.0,0.5833333333333334,0.6222822864134899,0,0.7932965344868901,125,0.256,0.25410915475784035,0.5418228306929569,1
41,1051,Experience 1051,Adventure,0.7608650542535511,0.4945204429565272,0.5049786641965721,0.9492935230092574,34,Creative,Adventure,0.9357901090549008,0.7959058576563091,18,0.0,1.0,0.2666666666666666,0.5691885551416714,0,0.7560247384937882,122,0.2459016393442623,0.24539315098511863,0.5276508174566236,2
41,1111,Experience 1111,Sports,0.9428982678236224,0.8155250577848677,0.575778764164542,0.2547283501174674,25,Creative,Adventure,0.9357901090549008,0.7959058576563091,18,0.0,0.0,0.1166666666666666,0.6399886551096413,0,0.8404085905149917,139,0.3237410071942446,0.31349577006218143,0.4980694865459025,3
41,1000,Experience 1000,Action,0.9096695293967186,0.6516437731703687,0.6290364009047581,0.2407530712142694,49,Creative,Adventure,0.9357901090549008,0.7959058576563091,18,0.0,0.0,0.5166666666666667,0.6932462918498574,0,0.7051664139386948,124,0.3225806451612903,0.31142935722143644,0.43297510392725236,4
41,1097,Experience 1097,Social,0.6621084266035628,0.3766200397542547,0.5070806368539267,0.2458755870050586,23,Creative,Adventure,0.9357901090549008,0.7959058576563091,18,0.0,0.0,0.0833333333333333,0.571290527799026,0,0.9962093350998934,128,0.203125,0.20841775297220844,0.43061910301124234,5
42,1056,Experience 1056,Simulation,0.5850817489192739,0.1274880872408227,0.8708251250831834,0.1754622465790878,53,Simulation,Strategy,0.7567576198575581,0.4726161324403463,17,1.0,0.0,0.6,0.8859324947743746,1,0.8453915914018952,128,0.1640625,0.17463396918842464,0.6859668588681621,1
42,1078,Experience 1078,Simulation,0.9139745006021852,0.4875947260651535,0.1081242288365573,0.0386443098268846,51,Simulation,Strategy,0.7567576198575581,0.4726161324403463,17,1.0,0.0,0.5666666666666667,0.3513666089789993,0,0.9600571054325925,97,0.23711340206185566,0.23799852512723801,0.6792244391114131,2
42,1112,Experience 1112,Simulation,0.2735953131794247,0.4885963348973961,0.6296328968909383,0.135038096056236,20,Simulation,Strategy,0.7567576198575581,0.4726161324403463,17,1.0,0.0,0.05,0.8728752770333802,1,0.7720123757242551,119,0.16806722689075632,0.17874695999918594,0.675802144942945,3
42,1037,Experience 1037,Sports,0.7994490651436071,0.7023148063737304,0.3263399911584964,0.9948242136208678,35,Simulation,Strategy,0.7567576198575581,0.4726161324403463,17,0.0,0.0,0.3,0.5695823713009384,0,0.936196850800222,120,0.30833333333333335,0.29889876742776317,0.3733894981333902,4
42,1058,Experience 1058,Social,0.5666390936836835,0.5294440043668863,0.4156619036213059,0.2647117106195373,52,Simulation,Strategy,0.7567576198575581,0.4726161324403463,17,0.0,0.0,0.5833333333333334,0.6589042837637478,0,0.797039743474302,100,0.32,0.30704856199905706,0.3522961693804349,5
43,1069,Experience 1069,Puzzle,0.8068156107352968,0.6551858372056814,0.8842124935251735,0.2530347499296835,35,Puzzle,Action,0.8102442261486626,0.9404811930268412,45,1.0,0.0,0.1666666666666666,0.9260317326234891,1,0.7749398402200407,121,0.2892561983471074,0.2825945208502613,0.8383475605522464,1
43,1075,Experience 1075,Puzzle,0.7701763699744956,0.5714931074517187,0.7080993700732455,0.0043057756676786,58,Puzzle,Action,0.8102442261486626,0.9404811930268412,45,1.0,0.0,0.2166666666666666,0.8978551439245829,0,0.8539591689957613,114,0.22807017543859648,0.23019274208870782,0.8240474749214164,2
43,1113,Experience 1113,Puzzle,0.3143534057607174,0.7407415888945685,0.7096912838106965,0.9437983681037112,40,Puzzle,Action,0.8102442261486626,0.9404811930268412,45,1.0,0.0,0.0833333333333333,0.8994470576620338,0,0.8467184545767054,112,0.1875,0.19580172302944582,0.7561564758595077,3
43,1084,Experience 1084,Social,0.6722561348379004,0.2863456816441453,0.5362524927433157,0.7470758006298863,26,Puzzle,Action,0.8102442261486626,0.9404811930268412,45,0.0,0.0,0.3166666666666666,0.726008266594653,0,0.7683914924158858,111,0.35135135135135137,0.3347009728235637,0.4413793767305371,4
43,1062,Experience 1062,Creative,0.7566608128373626,0.2501254620138091,0.431135077105207,0.8144738760309339,50,Puzzle,Action,0.8102442261486626,0.9404811930268412,45,0.0,0.0,0.0833333333333333,0.6208908509565443,0,0.9724038530605028,118,0.2033898305084746,0.20902773507164382,0.399010639745824,5
44,1099,Experience 1099,Adventure,0.8332801744008336,0.4077151465805127,0.8307594812615263,0.7545731382181347,49,Adventure,Action,0.2973105911172372,0.2727967513792886,40,1.0,0.0,0.15,0.4665511098557109,0,0.7491619611343745,119,0.2605042016806723,0.25788365064666796,0.7440019882769925,1
44,1040,Experience 1040,Adventure,0.8007594991172722,0.3266907558049443,0.1528993913771743,0.3143479426299048,10,Adventure,Action,0.2973105911172372,0.2727967513792886,40,1.0,0.0,0.5,0.8555888002599371,0,0.7742194108598027,109,0.2018348623853211,0.20810718945648718,0.7346998552546974,2
44,1071,Experience 1071,Adventure,0.5432545608778258,0.5917055303234199,0.8111881708009158,0.7718493432291552,17,Adventure,Action,0.2973105911172372,0.2727967513792886,40,1.0,0.0,0.3833333333333333,0.4861224203163214,1,0.9903416380719707,121,0.21487603305785125,0.21876473361621876,0.6711087497162512,3
44,1116,Experience 1116,Action,0.6678760843020042,0.5482724230839826,0.6479003468582198,0.8466710505082435,57,Adventure,Action,0.2973105911172372,0.2727967513792886,40,0.0,1.0,0.2833333333333333,0.6494102442590173,0,0.9616313495436773,113,0.21238938053097345,0.21688592060065298,0.5385158972577075,4
44,1037,Experience 1037,Sports,0.7994490651436071,0.7023148063737304,0.3263399911584964,0.9948242136208678,35,Adventure,Action,0.2973105911172372,0.2727967513792886,40,0.0,0.0,0.0833333333333333,0.9709705999587408,0,0.9189641283266887,120,0.30833333333333335,0.29889876742776317,0.48986963836393993,5
45,1107,Experience 1107,Social,0.7428970964662264,0.8045676070342606,0.8160785123357384,0.9076048913904824,23,Puzzle,Simulation,0.6293647508010741,0.4403592702984529,22,0.0,0.0,0.0166666666666666,0.8132862384653358,0,0.8581703560420443,139,0.30935251798561153,0.3009171537099802,0.5083556071384375,1
45,1043,Experience 1043,Creative,0.8838983032607785,0.7641225701636372,0.5942808569171103,0.6062993981927156,47,Puzzle,Simulation,0.6293647508010741,0.4403592702984529,22,0.0,0.0,0.4166666666666667,0.9649161061160362,1,0.7459939677236993,110,0.35454545454545455,0.3372755956914373,0.4571497942250788,2
45,1008,Experience 1008,Adventure,0.8415828324170402,0.3364498304651394,0.599089106012921,0.2728043301458357,40,Puzzle,Simulation,0.6293647508010741,0.4403592702984529,22,0.0,0.0,0.3,0.9697243552118467,0,0.7171906639404004,117,0.27350427350427353,0.2689476455466193,0.4149982984692849,3
45,1012,Experience 1012,Social,0.4912469181469279,0.4504706076181689,0.5423234103127773,0.3692728413409686,11,Puzzle,Simulation,0.6293647508010741,0.4403592702984529,22,0.0,0.0,0.1833333333333333,0.9129586595117032,0,0.8988763787300016,120,0.2,0.20604162457062034,0.41094487968799387,4
45,1013,Experience 1013,Sports,0.8486275995976889,0.743877614526904,0.1274827038621261,0.2359972626205526,20,Puzzle,Simulation,0.6293647508010741,0.4403592702984529,22,0.0,0.0,0.0333333333333333,0.498117953061052,0,0.8978690811518006,116,0.3017241379310345,0.29298402529328565,0.40567927071793014,5
46,1025,Experience 1025,Social,0.838744739121835,0.7279884901895025,0.5876677647056102,0.0811540004238993,14,Action,Puzzle,0.5404026176689226,0.2374339502468092,40,0.0,0.0,0.4333333333333333,0.9527348529633124,0,0.8086461906671197,120,0.31666666666666665,0.30604162457062034,0.5600515297811497,1
46,1070,Experience 1070,Sports,0.9021629239090754,0.4240213755135868,0.7602726894428304,0.7757910864370905,50,Action,Puzzle,0.5404026176689226,0.2374339502468092,40,0.0,0.0,0.1666666666666666,0.7801299282260922,1,0.8288403460408278,111,0.2882882882882883,0.28126585831974693,0.50813736179435,2
46,1097,Experience 1097,Social,0.6621084266035628,0.3766200397542547,0.5070806368539267,0.2458755870050586,23,Action,Puzzle,0.5404026176689226,0.2374339502468092,40,0.0,0.0,0.2833333333333333,0.966678019185004,0,0.7494695979448317,128,0.203125,0.20841775297220844,0.5034450600589846,3
46,1109,Experience 1109,Social,0.5415451963988065,0.6320276759129257,0.4602651355822746,0.2660308726216652,48,Action,Puzzle,0.5404026176689226,0.2374339502468092,40,0.0,0.0,0.1333333333333333,0.919862517913352,0,0.8346904526380567,125,0.312,0.30238501682680585,0.5027180960491666,4
46,1008,Experience 1008,Adventure,0.8415828324170402,0.3364498304651394,0.599089106012921,0.2728043301458357,40,Action,Puzzle,0.5404026176689226,0.2374339502468092,40,0.0,0.0,0.0,0.9413135116560016,0,0.9145634533139348,117,0.27350427350427353,0.2689476455466193,0.4949607852523221,5
47,1080,Experience 1080,Strategy,0.4960287753620589,0.3772823688301061,0.669450532879556,0.5189146424870842,16,Strategy,Action,0.6814154386427741,0.437437033722563,46,1.0,0.0,0.5,0.988035094236782,1,0.9522348429702989,116,0.16379310344827586,0.17533696646975622,0.7040785860379376,1
47,1092,Experience 1092,Sports,0.8280410369904486,0.5343815491606264,0.7426691928850321,0.6904019545155015,39,Strategy,Action,0.6814154386427741,0.437437033722563,46,0.0,0.0,0.1166666666666666,0.938746245757742,1,0.9168598430451161,128,0.2421875,0.2422015367559922,0.4971444971375934,2
47,1039,Experience 1039,Social,0.8194814495513689,0.2752805682140255,0.2419454802582048,0.889899007072331,47,Strategy,Action,0.6814154386427741,0.437437033722563,46,0.0,0.0,0.0166666666666666,0.5605300416154307,0,0.7402151772438236,110,0.2636363636363636,0.2603525187683603,0.4479838629795766,3
47,1088,Experience 1088,Sports,0.931739259022481,0.4207879774878386,0.5549692853271866,0.4100487869149942,11,Strategy,Action,0.6814154386427741,0.437437033722563,46,0.0,0.0,0.5833333333333334,0.8735538466844125,0,0.8168405780399042,113,0.3008849557522124,0.292073890525465,0.44470072541445493,4
47,1041,Experience 1041,Sports,0.6879201981801872,0.7175911275892214,0.4277301159158936,0.4016616340093764,51,Strategy,Action,0.6814154386427741,0.437437033722563,46,0.0,0.0,0.0833333333333333,0.7463146772731195,0,0.7042880661738492,132,0.18181818181818182,0.18977518052557135,0.43866157065099426,5
48,1031,Experience 1031,Adventure,0.6267069522672452,0.6020379288394027,0.9395582128996094,0.5521627033044271,46,Adventure,Strategy,0.909861403342714,0.3681088340319913,23,1.0,0.0,0.3833333333333333,0.9703031904431048,0,0.9861550741103314,113,0.23008849557522124,0.2319235145856154,0.7569652255065166,1
48,1073,Experience 1073,Adventure,0.687693407311507,0.5642695337399875,0.7523432280065728,0.8351257910807337,50,Adventure,Strategy,0.909861403342714,0.3681088340319913,23,1.0,0.0,0.45,0.8424818246638587,0,0.9523393969357797,132,0.26515151515151514,0.26214360157820293,0.7369049155188776,2
48,1057,Experience 1057,Adventure,0.6456559365327232,0.2179960435691,0.3788184780326499,0.8119882015105448,28,Adventure,Strategy,0.909861403342714,0.3681088340319913,23,1.0,0.0,0.0833333333333333,0.4689570746899357,1,0.7149832274408296,128,0.203125,0.20841775297220844,0.6676417406283099,3
48,1110,Experience 1110,Creative,0.8487034770737338,0.6513439158584452,0.7080979103356375,0.2741343936886083,18,Adventure,Strategy,0.909861403342714,0.3681088340319913,23,0.0,0.0,0.0833333333333333,0.7982365069929234,0,0.916305525341219,109,0.28440366972477066,0.2778746313169523,0.4534691479051374,4
48,1000,Experience 1000,Action,0.9096695293967186,0.6516437731703687,0.6290364009047581,0.2407530712142694,49,Adventure,Strategy,0.909861403342714,0.3681088340319913,23,0.0,0.0,0.4333333333333333,0.719174997562044,1,0.9671698841856592,124,0.3225806451612903,0.31142935722143644,0.4228113733047783,5
49,1086,Experience 1086,Action,0.6307900998772656,0.1325899003231649,0.3014212434741936,0.1888364204756389,42,Creative,Action,0.3669830140011828,0.4411491411660861,40,0.0,1.0,0.0333333333333333,0.9344382294730108,1,0.9870871510286116,127,0.2283464566929134,0.2302437240808629,0.5789751595807954,1
49,1025,Experience 1025,Social,0.838744739121835,0.7279884901895025,0.5876677647056102,0.0811540004238993,14,Creative,Action,0.3669830140011828,0.4411491411660861,40,0.0,0.0,0.4333333333333333,0.7793152492955726,0,0.7974324545733551,120,0.31666666666666665,0.30604162457062034,0.5111894728685874,2
49,1107,Experience 1107,Social,0.7428970964662264,0.8045676070342606,0.8160785123357384,0.9076048913904824,23,Creative,Action,0.3669830140011828,0.4411491411660861,40,0.0,0.0,0.2833333333333333,0.5509045016654444,0,0.7667116376944849,139,0.30935251798561153,0.3009171537099802,0.46962750475679493,3
49,1001,Experience 1001,Sports,0.6452560499996463,0.8044840559110404,0.5776422262968883,0.3608105614175153,41,Creative,Action,0.3669830140011828,0.4411491411660861,40,0.0,0.0,0.0166666666666666,0.7893407877042944,1,0.9780505497141279,110,0.2545454545454545,0.25266021107605263,0.46633135713314094,4
49,1088,Experience 1088,Sports,0.931739259022481,0.4207879774878386,0.5549692853271866,0.4100487869149942,11,Creative,Action,0.3669830140011828,0.4411491411660861,40,0.0,0.0,0.4833333333333333,0.8120137286739961,1,0.8395358154635639,113,0.3008849557522124,0.292073890525465,0.457521368375147,5
50,1108,Experience 1108,Puzzle,0.8425576923542274,0.4822507608830354,0.666849920378606,0.8027206052883656,21,Puzzle,Adventure,0.5442977036889903,0.795326137919222,41,1.0,0.0,0.3333333333333333,0.8774477833103843,0,0.7854688675880431,92,0.2717391304347826,0.2664806021418468,0.8055183659241547,1
50,1072,Experience 1072,Puzzle,0.7449779069249327,0.3414623639761886,0.973475515285742,0.3783180142237856,25,Puzzle,Adventure,0.5442977036889903,0.795326137919222,41,1.0,0.0,0.2666666666666666,0.5708221884032483,1,0.9343224957059213,119,0.21008403361344538,0.21471818302076867,0.7613770524033131,2
50,1113,Experience 1113,Puzzle,0.3143534057607174,0.7407415888945685,0.7096912838106965,0.9437983681037112,40,Puzzle,Adventure,0.5442977036889903,0.795326137919222,41,1.0,0.0,0.0166666666666666,0.8346064198782939,1,0.8420363386008639,112,0.1875,0.19580172302944582,0.7464692297378199,3
50,1031,Experience 1031,Adventure,0.6267069522672452,0.6020379288394027,0.9395582128996094,0.5521627033044271,46,Puzzle,Adventure,0.5442977036889903,0.795326137919222,41,0.0,1.0,0.0833333333333333,0.6047394907893809,0,0.9589387026793098,113,0.23008849557522124,0.2319235145856154,0.5586360887094183,4
50,1077,Experience 1077,Adventure,0.8965830938027713,0.1988675594053931,0.098043795325636,0.9940777724523784,46,Puzzle,Adventure,0.5442977036889903,0.795326137919222,41,0.0,1.0,0.0833333333333333,0.5537460916366457,0,0.9591885457490426,116,0.19827586206896552,0.20474873117563858,0.5500556932592688,5
51,1092,Experience 1092,Sports,0.8280410369904486,0.5343815491606264,0.7426691928850321,0.6904019545155015,39,Puzzle,Sports,0.3220725187035839,0.6623332968058295,29,0.0,1.0,0.1666666666666666,0.5794033258185518,1,0.759813847065529,128,0.2421875,0.2422015367559922,0.6391342775500556,1
51,1106,Experience 1106,Sports,0.8146785788760947,0.3647619692710552,0.6750256601127794,0.7960604476258709,49,Puzzle,Sports,0.3220725187035839,0.6623332968058295,29,0.0,1.0,0.3333333333333333,0.6470468585908045,0,0.8310186481273398,128,0.28125,0.275985320539776,0.6168392876914194,2
51,1055,Experience 1055,Action,0.9121309206982589,0.3826203354113438,0.2499073592941251,0.1919211614110854,38,Puzzle,Sports,0.3220725187035839,0.6623332968058295,29,0.0,0.0,0.15,0.9278348405905412,1,0.8791226041733204,114,0.23684210526315788,0.237655428655872,0.51138700377191,3
51,1044,Experience 1044,Action,0.8578996664042653,0.7405382156713768,0.540545681694017,0.9388053542070384,40,Puzzle,Sports,0.3220725187035839,0.6623332968058295,29,0.0,0.0,0.1833333333333333,0.7815268370095669,0,0.758326313793685,112,0.2857142857142857,0.27913505636277913,0.49901162396872656,4
51,1033,Experience 1033,Simulation,0.8859147305780027,0.259942782541492,0.2648265360525452,0.1086571032622624,31,Puzzle,Sports,0.3220725187035839,0.6623332968058295,29,0.0,0.0,0.0333333333333333,0.9427540173489614,0,0.7671851945799849,120,0.275,0.27032733885633464,0.49850308788134373,5
52,1061,Experience 1061,Social,0.9515114053456256,0.4883887845440612,0.3838014404080356,0.6777086144544695,56,Simulation,Social,0.2413814556273404,0.6767977685338706,31,0.0,1.0,0.4166666666666667,0.8575800152193049,0,0.999853335169007,113,0.3274336283185841,0.3146302815029086,0.7174344028569709,1
52,1048,Experience 1048,Social,0.2304789954244207,0.8328371585656826,0.2699649703256335,0.1697999737727075,60,Simulation,Social,0.2413814556273404,0.6767977685338706,31,0.0,1.0,0.4833333333333333,0.971416485301707,0,0.8597528959323222,119,0.20168067226890757,0.20752393841645214,0.5893883991192211,2
52,1092,Experience 1092,Sports,0.8280410369904486,0.5343815491606264,0.7426691928850321,0.6904019545155015,39,Simulation,Social,0.2413814556273404,0.6767977685338706,31,0.0,0.0,0.1333333333333333,0.4987122627423084,0,0.866065894386446,128,0.2421875,0.2422015367559922,0.46113389047819925,3
52,1093,Experience 1093,Puzzle,0.5054580561223759,0.3724006037822283,0.1444497473739812,0.982987171535907,29,Simulation,Social,0.2413814556273404,0.6767977685338706,31,0.0,0.0,0.0333333333333333,0.9030682917466408,0,0.7202746791988868,113,0.1415929203539823,0.15673554466080336,0.4094554425035893,4
53,1076,Experience 1076,Creative,0.7805257487778566,0.3562342599893083,0.7812983230640933,0.571167362055741,8,Creative,Simulation,0.6273058982796391,0.5692009746773848,21,1.0,0.0,0.2166666666666666,0.8460075752155458,1,0.7416200221610251,124,0.23387096774193547,0.23504046833254755,0.7770161613662793,1
53,1095,Experience 1095,Creative,0.5802362817422383,0.4006003917193433,0.7708173982045061,0.4033544032491283,54,Creative,Simulation,0.6273058982796391,0.5692009746773848,21,1.0,0.0,0.55,0.856488500075133,1,0.8418939787778794,111,0.1981981981981982,0.2049299804571515,0.7244869093129308,2
53,1010,Experience 1010,Simulation,0.8201589080775701,0.1741976609077686,0.1927429310808082,0.4388217018019487,21,Creative,Simulation,0.6273058982796391,0.5692009746773848,21,0.0,1.0,0.0,0.5654370328011692,0,0.7318634219718968,122,0.19672131147540983,0.20313962985835807,0.5276259010618473,3
53,1108,Experience 1108,Puzzle,0.8425576923542274,0.4822507608830354,0.666849920378606,0.8027206052883656,21,Creative,Simulation,0.6273058982796391,0.5692009746773848,21,0.0,0.0,0.0,0.9604559779010332,1,0.8487783460146341,92,0.2717391304347826,0.2664806021418468,0.4883933108958113,4
53,1059,Experience 1059,Social,0.7489549716721217,0.4911530499138364,0.6826986067555766,0.9132851837019758,49,Creative,Simulation,0.6273058982796391,0.5692009746773848,21,0.0,0.0,0.4666666666666667,0.9446072915240624,0,0.9725749164735455,105,0.34285714285714286,0.32676661951909475,0.4782418412572734,5
54,1103,Experience 1103,Action,0.6677544964493587,0.4461723957193605,0.794276194278496,0.1853752728024856,59,Action,Puzzle,0.7077671821061907,0.6632711021211132,34,1.0,0.0,0.4166666666666667,0.9134909878276948,0,0.8331836692651562,121,0.23140495867768596,0.23294913077933935,0.802110596088798,1
54,1068,Experience 1068,Action,0.698456042052288,0.2594560290757449,0.3550613668330224,0.4325155932423661,21,Action,Puzzle,0.7077671821061907,0.6632711021211132,34,1.0,0.0,0.2166666666666666,0.6472941847268316,0,0.8061684515194667,111,0.24324324324324326,0.2430979193884492,0.7614393256322807,2
54,1061,Experience 1061,Social,0.9515114053456256,0.4883887845440612,0.3838014404080356,0.6777086144544695,56,Action,Puzzle,0.7077671821061907,0.6632711021211132,34,0.0,0.0,0.3666666666666666,0.6760342583018448,1,0.7649422439310091,113,0.3274336283185841,0.3146302815029086,0.5384909011656641,3
54,1027,Experience 1027,Sports,0.8258355726034926,0.7779980359761599,0.5071112833110228,0.4772006332829246,49,Action,Puzzle,0.7077671821061907,0.6632711021211132,34,0.0,0.0,0.25,0.7993441012048321,1,0.8972270939825352,111,0.23423423423423423,0.23546433160218966,0.5193988239425527,4
54,1093,Experience 1093,Puzzle,0.5054580561223759,0.3724006037822283,0.1444497473739812,0.982987171535907,29,Action,Puzzle,0.7077671821061907,0.6632711021211132,34,0.0,1.0,0.0833333333333333,0.4366825652677906,0,0.9387824474977954,113,0.1415929203539823,0.15673554466080336,0.4973396528203308,5
55,1025,Experience 1025,Social,0.838744739121835,0.7279884901895025,0.5876677647056102,0.0811540004238993,14,Strategy,Social,0.7802008290149133,0.798104274492853,31,0.0,1.0,0.2833333333333333,0.8074669356906969,0,0.8492183426169155,120,0.31666666666666665,0.30604162457062034,0.7255052050261791,1
55,1039,Experience 1039,Social,0.8194814495513689,0.2752805682140255,0.2419454802582048,0.889899007072331,47,Strategy,Social,0.7802008290149133,0.798104274492853,31,0.0,1.0,0.2666666666666666,0.4617446512432915,0,0.8173404414884249,110,0.2636363636363636,0.2603525187683603,0.6255524300159537,2
55,1108,Experience 1108,Puzzle,0.8425576923542274,0.4822507608830354,0.666849920378606,0.8027206052883656,21,Strategy,Social,0.7802008290149133,0.798104274492853,31,0.0,0.0,0.1666666666666666,0.8866490913636927,1,0.7967876736268097,92,0.2717391304347826,0.2664806021418468,0.5157249361564803,3
55,1088,Experience 1088,Sports,0.931739259022481,0.4207879774878386,0.5549692853271866,0.4100487869149942,11,Strategy,Social,0.7802008290149133,0.798104274492853,31,0.0,0.0,0.3333333333333333,0.7747684563122733,0,0.7202998707598601,113,0.3008849557522124,0.292073890525465,0.5056714745502893,4
55,1028,Experience 1028,Simulation,0.7474374024719366,0.7598079156453001,0.9057260947827066,0.4943145335346177,16,Strategy,Social,0.7802008290149133,0.798104274492853,31,0.0,0.0,0.25,0.8744747342322067,1,0.7380436704198214,122,0.22950819672131148,0.23130864394286513,0.49410489223311205,5
56,1033,Experience 1033,Simulation,0.8859147305780027,0.259942782541492,0.2648265360525452,0.1086571032622624,31,Strategy,Simulation,0.7895405489249249,0.2265666685071464,32,0.0,1.0,0.0166666666666666,0.4752859871276204,0,0.9786086733540033,120,0.275,0.27032733885633464,0.5164539112991823,1
56,1107,Experience 1107,Social,0.7428970964662264,0.8045676070342606,0.8160785123357384,0.9076048913904824,23,Strategy,Simulation,0.7895405489249249,0.2265666685071464,32,0.0,0.0,0.15,0.9734620365891864,0,0.864117941523754,139,0.30935251798561153,0.3009171537099802,0.5138353933262644,2
56,1114,Experience 1114,Simulation,0.9094073794904848,0.2867325336723821,0.0751050358773748,0.4020477981570693,23,Strategy,Simulation,0.7895405489249249,0.2265666685071464,32,0.0,1.0,0.15,0.2855644869524499,0,0.8381362939143298,138,0.2318840579710145,0.23320143949295472,0.4648036128783043,3
56,1004,Experience 1004,Puzzle,0.809305382335664,0.5027055170834634,0.7716046143560276,0.3920600224154432,16,Strategy,Simulation,0.7895405489249249,0.2265666685071464,32,0.0,0.0,0.2666666666666666,0.9820640654311028,0,0.7482249321969798,123,0.21951219512195122,0.2226980939852227,0.4397528066032205,4
56,1007,Experience 1007,Social,0.6113602755027672,0.3693255620200327,0.760432490906593,0.3138467721116466,56,Strategy,Simulation,0.7895405489249249,0.2265666685071464,32,0.0,0.0,0.4,0.9708919419816682,0,0.842642315159951,112,0.24107142857142858,0.24125626848399126,0.4316149246284386,5
57,1086,Experience 1086,Action,0.6307900998772656,0.1325899003231649,0.3014212434741936,0.1888364204756389,42,Puzzle,Action,0.5115034064858688,0.6825397215372595,18,0.0,1.0,0.4,0.7899178369883249,1,0.7511381838206124,127,0.2283464566929134,0.2302437240808629,0.5030624426305449,1
57,1061,Experience 1061,Social,0.9515114053456256,0.4883887845440612,0.3838014404080356,0.6777086144544695,56,Puzzle,Action,0.5115034064858688,0.6825397215372595,18,0.0,0.0,0.6333333333333333,0.8722980339221669,0,0.7063400584913662,113,0.3274336283185841,0.3146302815029086,0.498249529763594,2
57,1084,Experience 1084,Social,0.6722561348379004,0.2863456816441453,0.5362524927433157,0.7470758006298863,26,Puzzle,Action,0.5115034064858688,0.6825397215372595,18,0.0,0.0,0.1333333333333333,0.9752509137425532,0,0.7002191619148803,111,0.35135135135135137,0.3347009728235637,0.4815574834696779,3
57,1027,Experience 1027,Sports,0.8258355726034926,0.7779980359761599,0.5071112833110228,0.4772006332829246,49,Puzzle,Action,0.5115034064858688,0.6825397215372595,18,0.0,0.0,0.5166666666666667,0.995607876825154,0,0.9876505708631113,111,0.23423423423423423,0.23546433160218966,0.4791030610483781,4
57,1012,Experience 1012,Social,0.4912469181469279,0.4504706076181689,0.5423234103127773,0.3692728413409686,11,Puzzle,Action,0.5115034064858688,0.6825397215372595,18,0.0,0.0,0.1166666666666666,0.9691799961730916,0,0.9216687118027453,120,0.2,0.20604162457062034,0.4502362423123923,5
58,1039,Experience 1039,Social,0.8194814495513689,0.2752805682140255,0.2419454802582048,0.889899007072331,47,Adventure,Strategy,0.2697836608056365,0.5291450612270583,53,0.0,0.0,0.1,0.9721618194525684,0,0.8430692430847828,110,0.2636363636363636,0.2603525187683603,0.5294300378994474,1
58,1063,Experience 1063,Strategy,0.7810917854701819,0.2349952712342425,0.5114173417348135,0.235256388415645,21,Adventure,Strategy,0.2697836608056365,0.5291450612270583,53,0.0,1.0,0.5333333333333333,0.7583663190708231,1,0.9732076694404317,117,0.18803418803418803,0.19595494481669232,0.5265108190840523,2
58,1078,Experience 1078,Simulation,0.9139745006021852,0.4875947260651535,0.1081242288365573,0.0386443098268846,51,Adventure,Strategy,0.2697836608056365,0.5291450612270583,53,0.0,0.0,0.0333333333333333,0.8383405680309208,1,0.7129664302065868,97,0.23711340206185566,0.23799852512723801,0.47889237206773094,3
58,1066,Experience 1066,Strategy,0.5933044321129625,0.8148765601157231,0.9082281614290438,0.2645976053461583,23,Adventure,Strategy,0.2697836608056365,0.5291450612270583,53,0.0,1.0,0.5,0.3615554993765927,0,0.7984058979424632,125,0.208,0.21272984441301274,0.47211490100458237,4
58,1053,Experience 1053,Puzzle,0.7426572934279929,0.7514869168546299,0.2904976508730454,0.8341208920021081,34,Adventure,Strategy,0.2697836608056365,0.5291450612270583,53,0.0,0.0,0.3166666666666666,0.9792860099325912,0,0.8025240854749854,102,0.3431372549019608,0.3266051429498922,0.4646355414070267,5
59,1014,Experience 1014,Social,0.7084360738896248,0.6919622480914536,0.5066406143622445,0.7631554898199004,35,Social,Strategy,0.9554972786171704,0.2178739991815354,53,1.0,0.0,0.3,0.551143335745074,0,0.8941320655249848,117,0.29914529914529914,0.29084545576559745,0.782818730392102,1
59,1074,Experience 1074,Social,0.7411737446379107,0.1336446501121093,0.5667526591354218,0.2130749343990023,32,Social,Strategy,0.9554972786171704,0.2178739991815354,53,1.0,0.0,0.35,0.6112553805182513,0,0.7947969504514691,149,0.2953020134228188,0.28902856473305827,0.7680789795547719,2
59,1097,Experience 1097,Social,0.6621084266035628,0.3766200397542547,0.5070806368539267,0.2458755870050586,23,Social,Strategy,0.9554972786171704,0.2178739991815354,53,1.0,0.0,0.5,0.5515833582367562,0,0.7845105158989689,128,0.203125,0.20841775297220844,0.7442004600735824,3
59,1048,Experience 1048,Social,0.2304789954244207,0.8328371585656826,0.2699649703256335,0.1697999737727075,60,Social,Strategy,0.9554972786171704,0.2178739991815354,53,1.0,0.0,0.1166666666666666,0.314467691708463,0,0.9908209892188361,119,0.20168067226890757,0.20752393841645214,0.6807773799183018,4
59,1111,Experience 1111,Sports,0.9428982678236224,0.8155250577848677,0.575778764164542,0.2547283501174674,25,Social,Strategy,0.9554972786171704,0.2178739991815354,53,0.0,0.0,0.4666666666666667,0.6202814855473715,1,0.8702306637515206,139,0.3237410071942446,0.31349577006218143,0.4461742397269694,5
60,1060,Experience 1060,Strategy,0.8620933017122632,0.1051567799118504,0.3772606570904063,0.1400554046894906,58,Social,Strategy,0.103245751826977,0.4777914314389868,47,0.0,1.0,0.1833333333333333,0.7259850947365707,1,0.8964297600110586,102,0.27450980392156865,0.2692280937695643,0.5722811347549461,1
60,1078,Experience 1078,Simulation,0.9139745006021852,0.4875947260651535,0.1081242288365573,0.0386443098268846,51,Social,Strategy,0.103245751826977,0.4777914314389868,47,0.0,0.0,0.0666666666666666,0.9951215229904196,0,0.8116137144666249,97,0.23711340206185566,0.23799852512723801,0.5041247224199706,2
60,1037,Experience 1037,Sports,0.7994490651436071,0.7023148063737304,0.3263399911584964,0.9948242136208678,35,Social,Strategy,0.103245751826977,0.4777914314389868,47,0.0,0.0,0.2,0.7769057606684806,0,0.9214832254720905,120,0.30833333333333335,0.29889876742776317,0.46405028847830876,3
60,1016,Experience 1016,Simulation,0.6327408434291123,0.2893552650923534,0.337198205686132,0.4979318527888876,53,Social,Strategy,0.103245751826977,0.4777914314389868,47,0.0,0.0,0.1,0.7660475461408449,0,0.7091458145824016,124,0.1935483870967742,0.20031824611032534,0.37985575507253455,4
60,1029,Experience 1029,Puzzle,0.3418174116264629,0.7473540601800795,0.2448417750345193,0.4073623878629723,57,Social,Strategy,0.103245751826977,0.4777914314389868,47,0.0,0.0,0.1666666666666666,0.8584039767924577,0,0.7282024990358006,118,0.1864406779661017,0.1945349814484554,0.3683284177910887,5
61,1046,Experience 1046,Puzzle,0.9358581895296346,0.2937905951089806,0.3646871905132503,0.5570017818814502,30,Puzzle,Social,0.5199104695268489,0.7855205487620446,52,1.0,0.0,0.3666666666666666,0.8447767209864014,0,0.8368124502902581,124,0.2661290322580645,0.26281824611032534,0.8324405107552307,1
61,1108,Experience 1108,Puzzle,0.8425576923542274,0.4822507608830354,0.666849920378606,0.8027206052883656,21,Puzzle,Social,0.5199104695268489,0.7855205487620446,52,1.0,0.0,0.5166666666666667,0.8530605491482429,1,0.843397478813483,92,0.2717391304347826,0.2664806021418468,0.8230255457146316,2
61,1085,Experience 1085,Social,0.715133524882573,0.3923165755464828,0.681782684374937,0.3715432084063615,41,Puzzle,Social,0.5199104695268489,0.7855205487620446,52,0.0,1.0,0.1833333333333333,0.8381277851519119,0,0.9295837384990541,117,0.24786324786324787,0.24704983532764122,0.7091978122570922,3
61,1058,Experience 1058,Social,0.5666390936836835,0.5294440043668863,0.4156619036213059,0.2647117106195373,52,Puzzle,Social,0.5199104695268489,0.7855205487620446,52,0.0,1.0,0.0,0.895751434094457,0,0.7803605349537278,100,0.32,0.30704856199905706,0.7051415443123186,4
61,1000,Experience 1000,Action,0.9096695293967186,0.6516437731703687,0.6290364009047581,0.2407530712142694,49,Puzzle,Social,0.5199104695268489,0.7855205487620446,52,0.0,0.0,0.05,0.8908740686220908,0,0.9766160924039735,124,0.3225806451612903,0.31142935722143644,0.5764726218338594,5
62,1096,Experience 1096,Adventure,0.7903170826018652,0.4751627362769494,0.5362341337297925,0.9233469677258124,13,Adventure,Social,0.1768601035997239,0.4846123737436148,48,1.0,0.0,0.5833333333333334,0.6406259698699315,0,0.7601755035174553,123,0.25203252032520324,0.25067012195725064,0.7583363507543859,1
62,1074,Experience 1074,Social,0.7411737446379107,0.1336446501121093,0.5667526591354218,0.2130749343990023,32,Adventure,Social,0.1768601035997239,0.4846123737436148,48,0.0,1.0,0.2666666666666666,0.6101074444643021,0,0.8183065613660562,149,0.2953020134228188,0.28902856473305827,0.6433417828775754,2
62,1097,Experience 1097,Social,0.6621084266035628,0.3766200397542547,0.5070806368539267,0.2458755870050586,23,Adventure,Social,0.1768601035997239,0.4846123737436148,48,0.0,1.0,0.4166666666666667,0.6697794667457972,0,0.7630385197022043,128,0.203125,0.20841775297220844,0.6328518719211057,3
62,1036,Experience 1036,Sports,0.9655169972756756,0.2298411882545339,0.2550485289661252,0.8478368672236546,17,Adventure,Social,0.1768601035997239,0.4846123737436148,48,0.0,0.0,0.5166666666666667,0.9218115746335988,1,0.99166030411578,129,0.26356589147286824,0.2607102512744084,0.497521127432519,4
62,1070,Experience 1070,Sports,0.9021629239090754,0.4240213755135868,0.7602726894428304,0.7757910864370905,50,Adventure,Social,0.1768601035997239,0.4846123737436148,48,0.0,0.0,0.0333333333333333,0.4165874141568935,0,0.7813593498617736,111,0.2882882882882883,0.28126585831974693,0.48516691133564377,5
63,1095,Experience 1095,Creative,0.5802362817422383,0.4006003917193433,0.7708173982045061,0.4033544032491283,54,Creative,Simulation,0.1368783055562749,0.2700577648689222,36,1.0,0.0,0.3,0.3660609073517689,0,0.9202764682694649,111,0.1981981981981982,0.2049299804571515,0.6745814574438133,1
63,1015,Experience 1015,Sports,0.9316862802198296,0.7502302540767141,0.1563447605350174,0.9300033473547172,10,Creative,Simulation,0.1368783055562749,0.2700577648689222,36,0.0,0.0,0.4333333333333333,0.9805335450212576,0,0.7620140127175787,113,0.19469026548672566,0.20184832661569058,0.47780581059056326,2
63,1005,Experience 1005,Sports,0.725440926488475,0.5102685875213342,0.2459903544501388,0.2409271164143122,19,Creative,Simulation,0.1368783055562749,0.2700577648689222,36,0.0,0.0,0.2833333333333333,0.8908879511061361,0,0.7625712972038702,114,0.2543859649122807,0.25258080179020037,0.4204577239474416,3
63,1000,Experience 1000,Action,0.9096695293967186,0.6516437731703687,0.6290364009047581,0.2407530712142694,49,Creative,Simulation,0.1368783055562749,0.2700577648689222,36,0.0,0.0,0.2166666666666666,0.5078419046515168,0,0.7689711375756151,124,0.3225806451612903,0.31142935722143644,0.42000761259857583,4
63,1032,Experience 1032,Action,0.9183909657409184,0.1782087510115781,0.2798409650960937,0.836613041032693,59,Creative,Simulation,0.1368783055562749,0.2700577648689222,36,0.0,0.0,0.3833333333333333,0.8570373404601812,1,0.8158400998666018,120,0.275,0.27032733885633464,0.41194539476732706,5
64,1084,Experience 1084,Social,0.6722561348379004,0.2863456816441453,0.5362524927433157,0.7470758006298863,26,Social,Sports,0.574976942315288,0.2803853181587182,50,1.0,0.0,0.4,0.9612755504280276,0,0.9587424615747229,111,0.35135135135135137,0.3347009728235637,0.8227621124280969,1
64,1092,Experience 1092,Sports,0.8280410369904486,0.5343815491606264,0.7426691928850321,0.6904019545155015,39,Social,Sports,0.574976942315288,0.2803853181587182,50,0.0,1.0,0.1833333333333333,0.8323077494302559,0,0.9561249335363557,128,0.2421875,0.2422015367559922,0.6735249772261844,2
64,1099,Experience 1099,Adventure,0.8332801744008336,0.4077151465805127,0.8307594812615263,0.7545731382181347,49,Social,Sports,0.574976942315288,0.2803853181587182,50,0.0,0.0,0.0166666666666666,0.7442174610537616,1,0.7509415957938861,119,0.2605042016806723,0.25788365064666796,0.47309807201708526,3
64,1110,Experience 1110,Creative,0.8487034770737338,0.6513439158584452,0.7080979103356375,0.2741343936886083,18,Social,Sports,0.574976942315288,0.2803853181587182,50,0.0,0.0,0.5333333333333333,0.8668790319796504,0,0.9975512789762037,109,0.28440366972477066,0.2778746313169523,0.47226670558426637,4
64,1032,Experience 1032,Action,0.9183909657409184,0.1782087510115781,0.2798409650960937,0.836613041032693,59,Social,Sports,0.574976942315288,0.2803853181587182,50,0.0,0.0,0.15,0.7048640227808057,0,0.9029657817663187,120,0.275,0.27032733885633464,0.45164446077673104,5
65,1034,Experience 1034,Strategy,0.5016628944231066,0.7184788322001798,0.7569144817322334,0.2251776661055454,11,Strategy,Creative,0.4673254637595925,0.644202484299072,16,1.0,0.0,0.0833333333333333,0.7104109820273591,0,0.7966273718677838,132,0.2196969696969697,0.22266991736767663,0.7361551776669353,1
65,1076,Experience 1076,Creative,0.7805257487778566,0.3562342599893083,0.7812983230640933,0.571167362055741,8,Strategy,Creative,0.4673254637595925,0.644202484299072,16,0.0,1.0,0.1333333333333333,0.6860271406954992,0,0.8654171485629162,124,0.23387096774193547,0.23504046833254755,0.5851518963809582,2
65,1062,Experience 1062,Creative,0.7566608128373626,0.2501254620138091,0.431135077105207,0.8144738760309339,50,Strategy,Creative,0.4673254637595925,0.644202484299072,16,0.0,1.0,0.5666666666666667,0.9638096133456144,0,0.9973386694834501,118,0.2033898305084746,0.20902773507164382,0.5666747606943818,3
65,1038,Experience 1038,Creative,0.8025898263845425,0.4058560569474049,0.8087225901435202,0.8729120163870842,60,Strategy,Creative,0.4673254637595925,0.644202484299072,16,0.0,1.0,0.7333333333333333,0.6586028736160723,0,0.9261852188335072,108,0.2037037037037037,0.209733026874116,0.5353321906604007,4
65,1059,Experience 1059,Social,0.7489549716721217,0.4911530499138364,0.6826986067555766,0.9132851837019758,49,Strategy,Creative,0.4673254637595925,0.644202484299072,16,0.0,0.0,0.55,0.7846268570040159,0,0.7608153595627076,105,0.34285714285714286,0.32676661951909475,0.45858444082365524,5
66,1044,Experience 1044,Action,0.8578996664042653,0.7405382156713768,0.540545681694017,0.9388053542070384,40,Action,Puzzle,0.3162873511524109,0.4093541059288814,19,1.0,0.0,0.35,0.7757416694583941,0,0.9575653829978152,112,0.2857142857142857,0.27913505636277913,0.8126899887660902,1
66,1069,Experience 1069,Puzzle,0.8068156107352968,0.6551858372056814,0.8842124935251735,0.2530347499296835,35,Action,Puzzle,0.3162873511524109,0.4093541059288814,19,0.0,1.0,0.2666666666666666,0.4320748576272375,1,0.7826457064908109,121,0.2892561983471074,0.2825945208502613,0.5979349023787707,2
66,1064,Experience 1064,Puzzle,0.6204758892789963,0.4435351922580418,0.6632419642315316,0.276207363456566,49,Action,Puzzle,0.3162873511524109,0.4093541059288814,19,0.0,1.0,0.5,0.6530453869208794,0,0.816871287354723,94,0.2765957446808511,0.27057743368321796,0.5436232781457739,3
66,1030,Experience 1030,Puzzle,0.5255875329645523,0.2576702884243441,0.6969604774228595,0.5681673512913645,13,Action,Puzzle,0.3162873511524109,0.4093541059288814,19,0.0,1.0,0.1,0.6193268737295514,0,0.9285221632673942,122,0.20491803278688525,0.21018188337948485,0.5323424463601134,4
66,1029,Experience 1029,Puzzle,0.3418174116264629,0.7473540601800795,0.2448417750345193,0.4073623878629723,57,Action,Puzzle,0.3162873511524109,0.4093541059288814,19,0.0,1.0,0.6333333333333333,0.9285544238821084,0,0.9039252978295527,118,0.1864406779661017,0.1945349814484554,0.5142109247124161,5
67,1033,Experience 1033,Simulation,0.8859147305780027,0.259942782541492,0.2648265360525452,0.1086571032622624,31,Simulation,Social,0.9176869624417804,0.4772620541932371,16,1.0,0.0,0.25,0.3471395736107647,0,0.7519796893838727,120,0.275,0.27032733885633464,0.7219444856541585,1
67,1108,Experience 1108,Puzzle,0.8425576923542274,0.4822507608830354,0.666849920378606,0.8027206052883656,21,Simulation,Social,0.9176869624417804,0.4772620541932371,16,0.0,0.0,0.0833333333333333,0.7491629579368255,1,0.9689414976164412,92,0.2717391304347826,0.2664806021418468,0.4623761556185266,2
67,1043,Experience 1043,Creative,0.8838983032607785,0.7641225701636372,0.5942808569171103,0.6062993981927156,47,Simulation,Social,0.9176869624417804,0.4772620541932371,16,0.0,0.0,0.5166666666666667,0.6765938944753298,0,0.7045760537236447,110,0.35454545454545455,0.3372755956914373,0.4327175810917512,3
67,1048,Experience 1048,Social,0.2304789954244207,0.8328371585656826,0.2699649703256335,0.1697999737727075,60,Simulation,Social,0.9176869624417804,0.4772620541932371,16,0.0,1.0,0.7333333333333333,0.352278007883853,0,0.7133415865557747,119,0.20168067226890757,0.20752393841645214,0.4264470943654064,4
67,1036,Experience 1036,Sports,0.9655169972756756,0.2298411882545339,0.2550485289661252,0.8478368672236546,17,Simulation,Social,0.9176869624417804,0.4772620541932371,16,0.0,0.0,0.0166666666666666,0.3373615665243447,0,0.7984702671196025,129,0.26356589147286824,0.2607102512744084,0.40381311349389354,5
68,1110,Experience 1110,Creative,0.8487034770737338,0.6513439158584452,0.7080979103356375,0.2741343936886083,18,Creative,Action,0.4828711119788113,0.0552349442885777,54,1.0,0.0,0.6,0.7747732016431738,0,0.7634039728547228,109,0.28440366972477066,0.2778746313169523,0.7731335780024203,1
68,1103,Experience 1103,Action,0.6677544964493587,0.4461723957193605,0.794276194278496,0.1853752728024856,59,Creative,Action,0.4828711119788113,0.0552349442885777,54,0.0,1.0,0.0833333333333333,0.6885949177003152,0,0.7419704685809441,121,0.23140495867768596,0.23294913077933935,0.5726086907271526,2
68,1014,Experience 1014,Social,0.7084360738896248,0.6919622480914536,0.5066406143622445,0.7631554898199004,35,Creative,Action,0.4828711119788113,0.0552349442885777,54,0.0,0.0,0.3166666666666666,0.9762304976165668,0,0.7659601609439411,117,0.29914529914529914,0.29084545576559745,0.5016232576651547,3
68,1111,Experience 1111,Sports,0.9428982678236224,0.8155250577848677,0.575778764164542,0.2547283501174674,25,Creative,Action,0.4828711119788113,0.0552349442885777,54,0.0,0.0,0.4833333333333333,0.9070923478142692,0,0.8374110963617335,139,0.3237410071942446,0.31349577006218143,0.4986134456073301,4
68,1079,Experience 1079,Social,0.6252808613431486,0.1651788036494796,0.2355254260756802,0.2079980737084605,56,Creative,Action,0.4828711119788113,0.0552349442885777,54,0.0,0.0,0.0333333333333333,0.752654314096869,1,0.7909398685222533,123,0.2032520325203252,0.2087120799992087,0.43080558699196436,5
69,1026,Experience 1026,Puzzle,0.7847705334160814,0.4236675665053301,0.2918167090217533,0.0158055554401338,14,Creative,Puzzle,0.6624498205659797,0.7440097611302436,18,0.0,1.0,0.0666666666666666,0.6293668884557737,1,0.9948423350247616,111,0.1981981981981982,0.2049299804571515,0.6022465959664695,1
69,1111,Experience 1111,Sports,0.9428982678236224,0.8155250577848677,0.575778764164542,0.2547283501174674,25,Creative,Puzzle,0.6624498205659797,0.7440097611302436,18,0.0,0.0,0.1166666666666666,0.9133289435985624,1,0.8786438186682413,139,0.3237410071942446,0.31349577006218143,0.5681319194008547,2
69,1059,Experience 1059,Social,0.7489549716721217,0.4911530499138364,0.6826986067555766,0.9132851837019758,49,Creative,Puzzle,0.6624498205659797,0.7440097611302436,18,0.0,0.0,0.5166666666666667,0.9797512138104032,0,0.9717876132824013,105,0.34285714285714286,0.32676661951909475,0.514286085443213,3
69,1061,Experience 1061,Social,0.9515114053456256,0.4883887845440612,0.3838014404080356,0.6777086144544695,56,Creative,Puzzle,0.6624498205659797,0.7440097611302436,18,0.0,0.0,0.6333333333333333,0.721351619842056,0,0.9226717937563385,113,0.3274336283185841,0.3146302815029086,0.5003152206640408,4
69,1084,Experience 1084,Social,0.6722561348379004,0.2863456816441453,0.5362524927433157,0.7470758006298863,26,Creative,Puzzle,0.6624498205659797,0.7440097611302436,18,0.0,0.0,0.1333333333333333,0.873802672177336,0,0.9711861266586064,111,0.35135135135135137,0.3347009728235637,0.49234097762834217,5
70,1016,Experience 1016,Simulation,0.6327408434291123,0.2893552650923534,0.337198205686132,0.4979318527888876,53,Simulation,Puzzle,0.3665907355184226,0.2236191738690659,26,1.0,0.0,0.45,0.9706074701677094,1,0.8737412947170771,124,0.1935483870967742,0.20031824611032534,0.725409686965105,1
70,1056,Experience 1056,Simulation,0.5850817489192739,0.1274880872408227,0.8708251250831834,0.1754622465790878,53,Simulation,Puzzle,0.3665907355184226,0.2236191738690659,26,1.0,0.0,0.45,0.4957656104352392,1,0.9195686197609435,128,0.1640625,0.17463396918842464,0.6538386949315763,2
70,1004,Experience 1004,Puzzle,0.809305382335664,0.5027055170834634,0.7716046143560276,0.3920600224154432,16,Simulation,Puzzle,0.3665907355184226,0.2236191738690659,26,0.0,1.0,0.1666666666666666,0.594986121162395,1,0.8596697945167988,123,0.21951219512195122,0.2226980939852227,0.5735929230156643,3
70,1025,Experience 1025,Social,0.838744739121835,0.7279884901895025,0.5876677647056102,0.0811540004238993,14,Simulation,Puzzle,0.3665907355184226,0.2236191738690659,26,0.0,0.0,0.2,0.7789229708128125,0,0.7301111139244694,120,0.31666666666666665,0.30604162457062034,0.5117757791744514,4
70,1097,Experience 1097,Social,0.6621084266035628,0.3766200397542547,0.5070806368539267,0.2458755870050586,23,Simulation,Puzzle,0.3665907355184226,0.2236191738690659,26,0.0,0.0,0.05,0.8595100986644959,1,0.9641416935922363,128,0.203125,0.20841775297220844,0.4666777769090017,5
71,1075,Experience 1075,Puzzle,0.7701763699744956,0.5714931074517187,0.7080993700732455,0.0043057756676786,58,Action,Puzzle,0.3613367526729082,0.2272103883066419,20,0.0,1.0,0.6333333333333333,0.6532373825996627,0,0.8256061141178237,114,0.22807017543859648,0.23019274208870782,0.574298360105634,1
71,1088,Experience 1088,Sports,0.931739259022481,0.4207879774878386,0.5549692853271866,0.4100487869149942,11,Action,Puzzle,0.3613367526729082,0.2272103883066419,20,0.0,0.0,0.15,0.8063674673457216,1,0.7734463576707232,113,0.3008849557522124,0.292073890525465,0.5017608051770964,2
71,1039,Experience 1039,Social,0.8194814495513689,0.2752805682140255,0.2419454802582048,0.889899007072331,47,Action,Puzzle,0.3613367526729082,0.2272103883066419,20,0.0,0.0,0.45,0.8806087275852966,0,0.7745320351991393,110,0.2636363636363636,0.2603525187683603,0.4819955432495193,3
71,1012,Experience 1012,Social,0.4912469181469279,0.4504706076181689,0.5423234103127773,0.3692728413409686,11,Action,Puzzle,0.3613367526729082,0.2272103883066419,20,0.0,0.0,0.15,0.8190133423601309,0,0.8996393337041471,120,0.2,0.20604162457062034,0.4429831743954844,4
71,1008,Experience 1008,Adventure,0.8415828324170402,0.3364498304651394,0.599089106012921,0.2728043301458357,40,Action,Puzzle,0.3613367526729082,0.2272103883066419,20,0.0,0.0,0.3333333333333333,0.7622476466599872,0,0.8587453149222781,117,0.27350427350427353,0.2689476455466193,0.42055190856534513,5
72,1080,Experience 1080,Strategy,0.4960287753620589,0.3772823688301061,0.669450532879556,0.5189146424870842,16,Strategy,Social,0.6350689025370818,0.7844172516817262,52,1.0,0.0,0.6,0.9656183696575258,0,0.8251387202848305,116,0.16379310344827586,0.17533696646975622,0.7444671584505083,1
72,1109,Experience 1109,Social,0.5415451963988065,0.6320276759129257,0.4602651355822746,0.2660308726216652,48,Strategy,Social,0.6350689025370818,0.7844172516817262,52,0.0,1.0,0.0666666666666666,0.8251962330451927,0,0.8388849045416945,125,0.312,0.30238501682680585,0.6885700884972136,2
72,1070,Experience 1070,Sports,0.9021629239090754,0.4240213755135868,0.7602726894428304,0.7757910864370905,50,Strategy,Social,0.6350689025370818,0.7844172516817262,52,0.0,0.0,0.0333333333333333,0.8747962130942514,1,0.7844975882103682,111,0.2882882882882883,0.28126585831974693,0.5716755981161857,3
72,1052,Experience 1052,Creative,0.6879474895864814,0.8150878066775633,0.5427584275418881,0.4028796085076296,43,Strategy,Social,0.6350689025370818,0.7844172516817262,52,0.0,0.0,0.15,0.9076895250048064,0,0.9083122547068101,129,0.3178294573643411,0.30769011704622046,0.5158907469726367,4
72,1062,Experience 1062,Creative,0.7566608128373626,0.2501254620138091,0.431135077105207,0.8144738760309339,50,Strategy,Social,0.6350689025370818,0.7844172516817262,52,0.0,0.0,0.0333333333333333,0.7960661745681252,1,0.9461038483300607,118,0.2033898305084746,0.20902773507164382,0.47527351286250163,5
73,1061,Experience 1061,Social,0.9515114053456256,0.4883887845440612,0.3838014404080356,0.6777086144544695,56,Social,Adventure,0.1346198455411181,0.3920958187385011,54,1.0,0.0,0.0333333333333333,0.7508184051330825,0,0.918249197852132,113,0.3274336283185841,0.3146302815029086,0.8585334728359946,1
73,1059,Experience 1059,Social,0.7489549716721217,0.4911530499138364,0.6826986067555766,0.9132851837019758,49,Social,Adventure,0.1346198455411181,0.3920958187385011,54,1.0,0.0,0.0833333333333333,0.4519212387855416,1,0.8995819181634812,105,0.34285714285714286,0.32676661951909475,0.8015198812209441,2
73,1098,Experience 1098,Social,0.534058177188557,0.4459803600128759,0.2707495249900757,0.7298152463028666,35,Social,Adventure,0.1346198455411181,0.3920958187385011,54,1.0,0.0,0.3166666666666666,0.8638703205510424,0,0.7012598878723227,130,0.26153846153846155,0.25897218293257895,0.7837322191131729,3
73,1077,Experience 1077,Adventure,0.8965830938027713,0.1988675594053931,0.098043795325636,0.9940777724523784,46,Social,Adventure,0.1346198455411181,0.3920958187385011,54,0.0,1.0,0.1333333333333333,0.963423949784518,0,0.9935671876023956,116,0.19827586206896552,0.20474873117563858,0.6155462904836839,4
73,1099,Experience 1099,Adventure,0.8332801744008336,0.4077151465805127,0.8307594812615263,0.7545731382181347,49,Social,Adventure,0.1346198455411181,0.3920958187385011,54,0.0,1.0,0.0833333333333333,0.3038603642795918,0,0.7149338599419932,119,0.2605042016806723,0.25788365064666796,0.5382402353075546,5
74,1052,Experience 1052,Creative,0.6879474895864814,0.8150878066775633,0.5427584275418881,0.4028796085076296,43,Creative,Simulation,0.3760683816015248,0.4372529635534731,23,1.0,0.0,0.3333333333333333,0.8333099540596367,1,0.753458401713378,129,0.3178294573643411,0.30769011704622046,0.7734538087159856,1
74,1062,Experience 1062,Creative,0.7566608128373626,0.2501254620138091,0.431135077105207,0.8144738760309339,50,Creative,Simulation,0.3760683816015248,0.4372529635534731,23,1.0,0.0,0.45,0.9449333044963176,1,0.9634385214725899,118,0.2033898305084746,0.20902773507164382,0.7547988949216486,2
74,1025,Experience 1025,Social,0.838744739121835,0.7279884901895025,0.5876677647056102,0.0811540004238993,14,Creative,Simulation,0.3760683816015248,0.4372529635534731,23,0.0,0.0,0.15,0.7884006168959146,0,0.9614272963569599,120,0.31666666666666665,0.30604162457062034,0.5220972932234829,3
74,1088,Experience 1088,Sports,0.931739259022481,0.4207879774878386,0.5549692853271866,0.4100487869149942,11,Creative,Simulation,0.3760683816015248,0.4372529635534731,23,0.0,0.0,0.2,0.8210990962743382,0,0.7153983703954935,113,0.3008849557522124,0.292073890525465,0.46838132757976964,4
74,1026,Experience 1026,Puzzle,0.7847705334160814,0.4236675665053301,0.2918167090217533,0.0158055554401338,14,Creative,Simulation,0.3760683816015248,0.4372529635534731,23,0.0,0.0,0.15,0.9157483274202284,0,0.9754807100930688,111,0.1981981981981982,0.2049299804571515,0.4369593636993952,5
75,1015,Experience 1015,Sports,0.9316862802198296,0.7502302540767141,0.1563447605350174,0.9300033473547172,10,Sports,Social,0.9082389379649244,0.5395565347367602,38,1.0,0.0,0.4666666666666667,0.2481058225700929,0,0.9511110273764953,113,0.19469026548672566,0.20184832661569058,0.7646570258934974,1
75,1109,Experience 1109,Social,0.5415451963988065,0.6320276759129257,0.4602651355822746,0.2660308726216652,48,Sports,Social,0.9082389379649244,0.5395565347367602,38,0.0,1.0,0.1666666666666666,0.5520261976173502,0,0.8249507347067913,125,0.312,0.30238501682680585,0.620581186863744,2
75,1044,Experience 1044,Action,0.8578996664042653,0.7405382156713768,0.540545681694017,0.9388053542070384,40,Sports,Social,0.9082389379649244,0.5395565347367602,38,0.0,0.0,0.0333333333333333,0.6323067437290925,0,0.8320195138829554,112,0.2857142857142857,0.27913505636277913,0.4946209061214174,3
75,1108,Experience 1108,Puzzle,0.8425576923542274,0.4822507608830354,0.666849920378606,0.8027206052883656,21,Sports,Social,0.9082389379649244,0.5395565347367602,38,0.0,0.0,0.2833333333333333,0.7586109824136815,0,0.9042149646011836,92,0.2717391304347826,0.2664806021418468,0.477082514742002,4
75,1073,Experience 1073,Adventure,0.687693407311507,0.5642695337399875,0.7523432280065728,0.8351257910807337,50,Sports,Social,0.9082389379649244,0.5395565347367602,38,0.0,0.0,0.2,0.8441042900416483,1,0.763686423954271,132,0.26515151515151514,0.26214360157820293,0.45334645496355036,5
76,1108,Experience 1108,Puzzle,0.8425576923542274,0.4822507608830354,0.666849920378606,0.8027206052883656,21,Puzzle,Social,0.1240121696076741,0.2527773377327535,11,1.0,0.0,0.1666666666666666,0.4571622492290681,1,0.9772991033551021,92,0.2717391304347826,0.2664806021418468,0.7745904555495853,1
76,1019,Experience 1019,Puzzle,0.5059661119161158,0.8228200647408448,0.2570325653065184,0.9988296373336586,24,Puzzle,Social,0.1240121696076741,0.2527773377327535,11,1.0,0.0,0.2166666666666666,0.8669796043011556,1,0.71931274569546,121,0.19834710743801653,0.2045803364530982,0.7672299562276944,2
76,1029,Experience 1029,Puzzle,0.3418174116264629,0.7473540601800795,0.2448417750345193,0.4073623878629723,57,Puzzle,Social,0.1240121696076741,0.2527773377327535,11,1.0,0.0,0.7666666666666667,0.8791703945731548,1,0.7018287651987334,118,0.1864406779661017,0.1945349814484554,0.6962623940445223,3
76,1084,Experience 1084,Social,0.6722561348379004,0.2863456816441453,0.5362524927433157,0.7470758006298863,26,Puzzle,Social,0.1240121696076741,0.2527773377327535,11,0.0,1.0,0.25,0.5877596768643585,0,0.7132419203117967,111,0.35135135135135137,0.3347009728235637,0.595851147352169,4
76,1012,Experience 1012,Social,0.4912469181469279,0.4504706076181689,0.5423234103127773,0.3692728413409686,11,Puzzle,Social,0.1240121696076741,0.2527773377327535,11,0.0,1.0,0.0,0.5816887592948967,0,0.8195255748492868,120,0.2,0.20604162457062034,0.5892061348001271,5
77,1085,Experience 1085,Social,0.715133524882573,0.3923165755464828,0.681782684374937,0.3715432084063615,41,Social,Creative,0.7479433974334845,0.815290239705327,33,1.0,0.0,0.1333333333333333,0.9338392869414526,1,0.9794665970285464,117,0.24786324786324787,0.24704983532764122,0.8503671461490938,1
77,1008,Experience 1008,Adventure,0.8415828324170402,0.3364498304651394,0.599089106012921,0.2728043301458357,40,Social,Creative,0.7479433974334845,0.815290239705327,33,0.0,0.0,0.1166666666666666,0.8511457085794365,0,0.8752951767375582,117,0.27350427350427353,0.2689476455466193,0.468048831260649,2
77,1104,Experience 1104,Sports,0.7763284069557427,0.7928984171430337,0.1707069630824686,0.4638281104628762,33,Social,Creative,0.7479433974334845,0.815290239705327,33,0.0,0.0,0.0,0.4227635656489841,0,0.8077879766713364,119,0.17647058823529413,0.1859412046035025,0.4375378800475357,3
77,1032,Experience 1032,Action,0.9183909657409184,0.1782087510115781,0.2798409650960937,0.836613041032693,59,Social,Creative,0.7479433974334845,0.815290239705327,33,0.0,0.0,0.4333333333333333,0.5318975676626092,0,0.7972003056342731,120,0.275,0.27032733885633464,0.3884357102360595,4
77,1060,Experience 1060,Strategy,0.8620933017122632,0.1051567799118504,0.3772606570904063,0.1400554046894906,58,Social,Creative,0.7479433974334845,0.815290239705327,33,0.0,0.0,0.4166666666666667,0.6293172596569219,0,0.7606421476962321,102,0.27450980392156865,0.2692280937695643,0.3758498699647481,5
78,1116,Experience 1116,Action,0.6678760843020042,0.5482724230839826,0.6479003468582198,0.8466710505082435,57,Action,Sports,0.7656088314056106,0.5766482862722138,39,1.0,0.0,0.3,0.8822915154526092,0,0.8978248413368799,113,0.21238938053097345,0.21688592060065298,0.8113825363199234,1
78,1035,Experience 1035,Action,0.684933354468736,0.2628151072276272,0.2926692360835166,0.7930049789596304,54,Action,Sports,0.7656088314056106,0.5766482862722138,39,1.0,0.0,0.25,0.5270604046779059,1,0.9281055359828366,144,0.14583333333333334,0.15759650877979783,0.7510640665702097,2
78,1091,Experience 1091,Sports,0.6742348817628386,0.2717222536331008,0.7498162980972818,0.6422524185679935,12,Action,Sports,0.7656088314056106,0.5766482862722138,39,0.0,1.0,0.45,0.9842074666916713,1,0.8197940274194264,105,0.2571428571428571,0.25476661951909474,0.635918608391968,3
78,1015,Experience 1015,Sports,0.9316862802198296,0.7502302540767141,0.1563447605350174,0.9300033473547172,10,Action,Sports,0.7656088314056106,0.5766482862722138,39,0.0,1.0,0.4833333333333333,0.3907359291294068,0,0.9137954447768573,113,0.19469026548672566,0.20184832661569058,0.6053065842337229,4
78,1099,Experience 1099,Adventure,0.8332801744008336,0.4077151465805127,0.8307594812615263,0.7545731382181347,49,Action,Sports,0.7656088314056106,0.5766482862722138,39,0.0,0.0,0.1666666666666666,0.9348493501440844,0,0.8519306079412795,119,0.2605042016806723,0.25788365064666796,0.51450172236202,5
79,1028,Experience 1028,Simulation,0.7474374024719366,0.7598079156453001,0.9057260947827066,0.4943145335346177,16,Simulation,Strategy,0.3067114512874402,0.2782443904383865,35,1.0,0.0,0.3166666666666666,0.4009853565047336,1,0.7066076324453625,122,0.22950819672131148,0.23130864394286513,0.7125173942940375,1
79,1046,Experience 1046,Puzzle,0.9358581895296346,0.2937905951089806,0.3646871905132503,0.5570017818814502,30,Simulation,Strategy,0.3067114512874402,0.2782443904383865,35,0.0,0.0,0.0833333333333333,0.94202426077419,0,0.9629089655982185,124,0.2661290322580645,0.26281824611032534,0.4638554045415501,2
79,1013,Experience 1013,Sports,0.8486275995976889,0.743877614526904,0.1274827038621261,0.2359972626205526,20,Simulation,Strategy,0.3067114512874402,0.2782443904383865,35,0.0,0.0,0.25,0.8207712525746859,0,0.7216325603479531,116,0.3017241379310345,0.29298402529328565,0.4408133443230565,3
79,1059,Experience 1059,Social,0.7489549716721217,0.4911530499138364,0.6826986067555766,0.9132851837019758,49,Simulation,Strategy,0.3067114512874402,0.2782443904383865,35,0.0,0.0,0.2333333333333333,0.6240128445318637,0,0.8453344241538562,105,0.34285714285714286,0.32676661951909475,0.4320115812049042,4
79,1080,Experience 1080,Strategy,0.4960287753620589,0.3772823688301061,0.669450532879556,0.5189146424870842,16,Simulation,Strategy,0.3067114512874402,0.2782443904383865,35,0.0,1.0,0.3166666666666666,0.6372609184078842,0,0.7951648745209037,116,0.16379310344827586,0.17533696646975622,0.43033100714429623,5
80,1086,Experience 1086,Action,0.6307900998772656,0.1325899003231649,0.3014212434741936,0.1888364204756389,42,Sports,Action,0.7201686074995847,0.9323666788825328,42,0.0,1.0,0.0,0.581252635974609,0,0.8430914849477863,127,0.2283464566929134,0.2302437240808629,0.5376200259085905,1
80,1097,Experience 1097,Social,0.6621084266035628,0.3766200397542547,0.5070806368539267,0.2458755870050586,23,Sports,Action,0.7201686074995847,0.9323666788825328,42,0.0,0.0,0.3166666666666666,0.786912029354342,0,0.7520089984451229,128,0.203125,0.20841775297220844,0.4665064094433066,2
80,1062,Experience 1062,Creative,0.7566608128373626,0.2501254620138091,0.431135077105207,0.8144738760309339,50,Sports,Action,0.7201686074995847,0.9323666788825328,42,0.0,0.0,0.1333333333333333,0.7109664696056224,0,0.9046723701774768,118,0.2033898305084746,0.20902773507164382,0.41545316541959365,3
80,1066,Experience 1066,Strategy,0.5933044321129625,0.8148765601157231,0.9082281614290438,0.2645976053461583,23,Sports,Action,0.7201686074995847,0.9323666788825328,42,0.0,0.0,0.3166666666666666,0.8119404460705408,0,0.9022125064469422,125,0.208,0.21272984441301274,0.41188058142687306,4
80,1045,Experience 1045,Strategy,0.6865679540637682,0.4124899761623172,0.8858497306039471,0.3446408865116177,23,Sports,Action,0.7201686074995847,0.9323666788825328,42,0.0,0.0,0.3166666666666666,0.8343188768956376,0,0.8425022355155467,95,0.14736842105263157,0.16387676034684212,0.40721710362354174,5
81,1061,Experience 1061,Social,0.9515114053456256,0.4883887845440612,0.3838014404080356,0.6777086144544695,56,Adventure,Puzzle,0.6805082422612735,0.3024655719037539,48,0.0,0.0,0.1333333333333333,0.703293198146762,1,0.9391992405878494,113,0.3274336283185841,0.3146302815029086,0.5356960653069588,1
81,1100,Experience 1100,Sports,0.8539423752816214,0.5771516782683807,0.6603015579098336,0.097787997445443,39,Adventure,Puzzle,0.6805082422612735,0.3024655719037539,48,0.0,0.0,0.15,0.97979331564856,0,0.9914150578600971,107,0.3177570093457944,0.3058726570069831,0.5295250677866224,2
81,1090,Experience 1090,Puzzle,0.5586098880458512,0.4251872277402517,0.5338484342208252,0.861814417816014,19,Adventure,Puzzle,0.6805082422612735,0.3024655719037539,48,0.0,1.0,0.4833333333333333,0.8533401919595517,0,0.8966951239704708,121,0.2727272727272727,0.26841012368714073,0.5285113647457303,3
81,1043,Experience 1043,Creative,0.8838983032607785,0.7641225701636372,0.5942808569171103,0.6062993981927156,47,Adventure,Puzzle,0.6805082422612735,0.3024655719037539,48,0.0,0.0,0.0166666666666666,0.9137726146558368,1,0.9014658306673059,110,0.35454545454545455,0.3372755956914373,0.5279052470821042,4
81,1027,Experience 1027,Sports,0.8258355726034926,0.7779980359761599,0.5071112833110228,0.4772006332829246,49,Adventure,Puzzle,0.6805082422612735,0.3024655719037539,48,0.0,0.0,0.0166666666666666,0.8266030410497494,0,0.8676784819534552,111,0.23423423423423423,0.23546433160218966,0.5165921612381899,5
82,1053,Experience 1053,Puzzle,0.7426572934279929,0.7514869168546299,0.2904976508730454,0.8341208920021081,34,Creative,Strategy,0.3848833081599926,0.4671618788086237,34,0.0,0.0,0.0,0.9056143427130527,0,0.9521592930562389,102,0.3431372549019608,0.3266051429498922,0.4772404185447328,1
82,1013,Experience 1013,Sports,0.8486275995976889,0.743877614526904,0.1274827038621261,0.2359972626205526,20,Creative,Strategy,0.3848833081599926,0.4671618788086237,34,0.0,0.0,0.2333333333333333,0.7425993957021335,0,0.8899864645555619,116,0.3017241379310345,0.29298402529328565,0.45913143149655405,2
82,1092,Experience 1092,Sports,0.8280410369904486,0.5343815491606264,0.7426691928850321,0.6904019545155015,39,Creative,Strategy,0.3848833081599926,0.4671618788086237,34,0.0,0.0,0.0833333333333333,0.6422141152749605,0,0.7871106300831702,128,0.2421875,0.2422015367559922,0.45862453931368485,3
82,1069,Experience 1069,Puzzle,0.8068156107352968,0.6551858372056814,0.8842124935251735,0.2530347499296835,35,Creative,Strategy,0.3848833081599926,0.4671618788086237,34,0.0,0.0,0.0166666666666666,0.5006708146348191,0,0.7256176753189271,121,0.2892561983471074,0.2825945208502613,0.443149829460304,4
82,1078,Experience 1078,Simulation,0.9139745006021852,0.4875947260651535,0.1081242288365573,0.0386443098268846,51,Creative,Strategy,0.3848833081599926,0.4671618788086237,34,0.0,0.0,0.2833333333333333,0.7232409206765646,0,0.9887686635090952,97,0.23711340206185566,0.23799852512723801,0.4250575073280618,5
83,1000,Experience 1000,Action,0.9096695293967186,0.6516437731703687,0.6290364009047581,0.2407530712142694,49,Action,Adventure,0.4067197491205323,0.3354055403234849,54,1.0,0.0,0.0833333333333333,0.7776833482157742,1,0.8459454908225331,124,0.3225806451612903,0.31142935722143644,0.8363121026852496,1
83,1044,Experience 1044,Action,0.8578996664042653,0.7405382156713768,0.540545681694017,0.9388053542070384,40,Action,Adventure,0.4067197491205323,0.3354055403234849,54,1.0,0.0,0.2333333333333333,0.8661740674265154,1,0.7451365444093335,112,0.2857142857142857,0.27913505636277913,0.8252584921485082,2
83,1055,Experience 1055,Action,0.9121309206982589,0.3826203354113438,0.2499073592941251,0.1919211614110854,38,Action,Adventure,0.4067197491205323,0.3354055403234849,54,1.0,0.0,0.2666666666666666,0.8431876101735929,0,0.7223061461530136,114,0.23684210526315788,0.237655428655872,0.8106767693563872,3
83,1116,Experience 1116,Action,0.6678760843020042,0.5482724230839826,0.6479003468582198,0.8466710505082435,57,Action,Adventure,0.4067197491205323,0.3354055403234849,54,1.0,0.0,0.05,0.7588194022623125,0,0.8819903350485714,113,0.21238938053097345,0.21688592060065298,0.7917508817095112,4
83,1035,Experience 1035,Action,0.684933354468736,0.2628151072276272,0.2926692360835166,0.7930049789596304,54,Action,Adventure,0.4067197491205323,0.3354055403234849,54,1.0,0.0,0.0,0.8859494869629843,1,0.8722051660507435,144,0.14583333333333334,0.15759650877979783,0.789333425561968,5
84,1027,Experience 1027,Sports,0.8258355726034926,0.7779980359761599,0.5071112833110228,0.4772006332829246,49,Sports,Adventure,0.4604383046355735,0.4494326920324575,15,1.0,0.0,0.5666666666666667,0.9533270213245508,1,0.8912281834975843,111,0.23423423423423423,0.23546433160218966,0.8043319539073909,1
84,1100,Experience 1100,Sports,0.8539423752816214,0.5771516782683807,0.6603015579098336,0.097787997445443,39,Sports,Adventure,0.4604383046355735,0.4494326920324575,15,1.0,0.0,0.4,0.80013674672574,1,0.7766902975919442,107,0.3177570093457944,0.3058726570069831,0.7983321046003349,2
84,1025,Experience 1025,Social,0.838744739121835,0.7279884901895025,0.5876677647056102,0.0811540004238993,14,Sports,Adventure,0.4604383046355735,0.4494326920324575,15,0.0,0.0,0.0166666666666666,0.8727705399299633,1,0.7920468926486263,120,0.31666666666666665,0.30604162457062034,0.5500595469910633,3
84,1107,Experience 1107,Social,0.7428970964662264,0.8045676070342606,0.8160785123357384,0.9076048913904824,23,Sports,Adventure,0.4604383046355735,0.4494326920324575,15,0.0,0.0,0.1333333333333333,0.6443597922998352,0,0.7686620679208486,139,0.30935251798561153,0.3009171537099802,0.48052508750061806,4
84,1074,Experience 1074,Social,0.7411737446379107,0.1336446501121093,0.5667526591354218,0.2130749343990023,32,Sports,Adventure,0.4604383046355735,0.4494326920324575,15,0.0,0.0,0.2833333333333333,0.8936856455001517,0,0.9514948493979748,149,0.2953020134228188,0.28902856473305827,0.4568063582489381,5
85,1039,Experience 1039,Social,0.8194814495513689,0.2752805682140255,0.2419454802582048,0.889899007072331,47,Social,Sports,0.3692005038756827,0.4685913641435885,53,1.0,0.0,0.1,0.8727449763825221,1,0.9444194469881553,110,0.2636363636363636,0.2603525187683603,0.8542699613902124,1
85,1098,Experience 1098,Social,0.534058177188557,0.4459803600128759,0.2707495249900757,0.7298152463028666,35,Social,Sports,0.3692005038756827,0.4685913641435885,53,1.0,0.0,0.3,0.9015490211143932,1,0.7498861218938164,130,0.26153846153846155,0.25897218293257895,0.8126649711421842,2
85,1037,Experience 1037,Sports,0.7994490651436071,0.7023148063737304,0.3263399911584964,0.9948242136208678,35,Social,Sports,0.3692005038756827,0.4685913641435885,53,0.0,1.0,0.3,0.9571394872828136,0,0.8210389341142997,120,0.30833333333333335,0.29889876742776317,0.6816568646733506,3
85,1024,Experience 1024,Sports,0.7120515552427965,0.5535760301547662,0.4935230317114728,0.4609313910731102,39,Social,Sports,0.3692005038756827,0.4685913641435885,53,0.0,1.0,0.2333333333333333,0.8756774721642099,0,0.8107170050459711,138,0.2608695652173913,0.25851789518915724,0.6570992258876985,4
85,1032,Experience 1032,Action,0.9183909657409184,0.1782087510115781,0.2798409650960937,0.836613041032693,59,Social,Sports,0.3692005038756827,0.4685913641435885,53,0.0,0.0,0.1,0.910640461220411,0,0.9485668589856614,120,0.275,0.27032733885633464,0.507491941361202,5
86,1027,Experience 1027,Sports,0.8258355726034926,0.7779980359761599,0.5071112833110228,0.4772006332829246,49,Action,Sports,0.6779974158790921,0.6292283185139194,40,0.0,1.0,0.15,0.8291138674319307,0,0.9111113587517224,111,0.23423423423423423,0.23546433160218966,0.7113836752401905,1
86,1011,Experience 1011,Strategy,0.8438936347604792,0.3089791482471649,0.5527453913687409,0.302964628837302,52,Action,Sports,0.6779974158790921,0.6292283185139194,40,0.0,0.0,0.2,0.8747479754896488,0,0.8359963832771532,123,0.2682926829268293,0.26465613594326465,0.4869372412741602,2
86,1095,Experience 1095,Creative,0.5802362817422383,0.4006003917193433,0.7708173982045061,0.4033544032491283,54,Action,Sports,0.6779974158790921,0.6292283185139194,40,0.0,0.0,0.2333333333333333,0.907180017674586,0,0.891914794447229,111,0.1981981981981982,0.2049299804571515,0.459755203183852,3
86,1045,Experience 1045,Strategy,0.6865679540637682,0.4124899761623172,0.8858497306039471,0.3446408865116177,23,Action,Sports,0.6779974158790921,0.6292283185139194,40,0.0,0.0,0.2833333333333333,0.792147685275145,0,0.8577830973272755,95,0.14736842105263157,0.16387676034684212,0.4384013048014114,4
86,1118,Experience 1118,Adventure,0.6594774101626886,0.3565880675711896,0.5086937555214479,0.0351168111096665,58,Action,Sports,0.6779974158790921,0.6292283185139194,40,0.0,0.0,0.3,0.8306963396423558,0,0.725321358070587,109,0.21100917431192662,0.21585912744098332,0.43606387042416783,5
87,1012,Experience 1012,Social,0.4912469181469279,0.4504706076181689,0.5423234103127773,0.3692728413409686,11,Simulation,Social,0.9456630856441276,0.6773752071021147,44,0.0,1.0,0.55,0.5966603246686498,1,0.8862059396616615,120,0.2,0.20604162457062034,0.5487905018896236,1
87,1079,Experience 1079,Social,0.6252808613431486,0.1651788036494796,0.2355254260756802,0.2079980737084605,56,Simulation,Social,0.9456630856441276,0.6773752071021147,44,0.0,1.0,0.2,0.2898623404315528,0,0.9867959725406755,123,0.2032520325203252,0.2087120799992087,0.5428446122684131,2
87,1070,Experience 1070,Sports,0.9021629239090754,0.4240213755135868,0.7602726894428304,0.7757910864370905,50,Simulation,Social,0.9456630856441276,0.6773752071021147,44,0.0,0.0,0.1,0.814609603798703,0,0.970342510152064,111,0.2882882882882883,0.28126585831974693,0.5283949779382194,3
87,1111,Experience 1111,Sports,0.9428982678236224,0.8155250577848677,0.575778764164542,0.2547283501174674,25,Simulation,Social,0.9456630856441276,0.6773752071021147,44,0.0,0.0,0.3166666666666666,0.6301156785204145,1,0.9988315825095777,139,0.3237410071942446,0.31349577006218143,0.5070875337154939,4
87,1099,Experience 1099,Adventure,0.8332801744008336,0.4077151465805127,0.8307594812615263,0.7545731382181347,49,Simulation,Social,0.9456630856441276,0.6773752071021147,44,0.0,0.0,0.0833333333333333,0.8850963956173988,0,0.9540601142254643,119,0.2605042016806723,0.25788365064666796,0.4922154412794561,5
88,1065,Experience 1065,Creative,0.7619316682455927,0.3645751585148475,0.2630179910479239,0.9645188861392016,47,Creative,Sports,0.8001717921687628,0.4900922672051855,49,1.0,0.0,0.0333333333333333,0.4628461988791612,1,0.700093592850351,114,0.22807017543859648,0.23019274208870782,0.7656360167407389,1
88,1100,Experience 1100,Sports,0.8539423752816214,0.5771516782683807,0.6603015579098336,0.097787997445443,39,Creative,Sports,0.8001717921687628,0.4900922672051855,49,0.0,1.0,0.1666666666666666,0.8601297657410708,0,0.8776898971567759,107,0.3177570093457944,0.3058726570069831,0.6990276130009113,2
88,1001,Experience 1001,Sports,0.6452560499996463,0.8044840559110404,0.5776422262968883,0.3608105614175153,41,Creative,Sports,0.8001717921687628,0.4900922672051855,49,0.0,1.0,0.1333333333333333,0.7774704341281256,0,0.8794525921989329,110,0.2545454545454545,0.25266021107605263,0.6529333792982135,3
88,1039,Experience 1039,Social,0.8194814495513689,0.2752805682140255,0.2419454802582048,0.889899007072331,47,Creative,Sports,0.8001717921687628,0.4900922672051855,49,0.0,0.0,0.0333333333333333,0.441773688089442,0,0.9120831145738508,110,0.2636363636363636,0.2603525187683603,0.47247221055304206,4
88,1058,Experience 1058,Social,0.5666390936836835,0.5294440043668863,0.4156619036213059,0.2647117106195373,52,Creative,Sports,0.8001717921687628,0.4900922672051855,49,0.0,0.0,0.05,0.6154901114525431,1,0.7164366901632172,100,0.32,0.30704856199905706,0.47101491802470585,5
89,1024,Experience 1024,Sports,0.7120515552427965,0.5535760301547662,0.4935230317114728,0.4609313910731102,39,Sports,Simulation,0.7118307015893218,0.110972667859881,51,1.0,0.0,0.2,0.781692330122151,0,0.735781479370263,138,0.2608695652173913,0.25851789518915724,0.7709921065713277,1
89,1104,Experience 1104,Sports,0.7763284069557427,0.7928984171430337,0.1707069630824686,0.4638281104628762,33,Sports,Simulation,0.7118307015893218,0.110972667859881,51,1.0,0.0,0.3,0.4588762614931467,1,0.9168343272503876,119,0.17647058823529413,0.1859412046035025,0.7364963480892165,2
89,1000,Experience 1000,Action,0.9096695293967186,0.6516437731703687,0.6290364009047581,0.2407530712142694,49,Sports,Simulation,0.7118307015893218,0.110972667859881,51,0.0,0.0,0.0333333333333333,0.9172056993154364,0,0.8684170443322315,124,0.3225806451612903,0.31142935722143644,0.4979654503486147,3
89,1016,Experience 1016,Simulation,0.6327408434291123,0.2893552650923534,0.337198205686132,0.4979318527888876,53,Sports,Simulation,0.7118307015893218,0.110972667859881,51,0.0,1.0,0.0333333333333333,0.6253675040968103,1,0.8267895315560028,124,0.1935483870967742,0.20031824611032534,0.49482400820558164,4
89,1043,Experience 1043,Creative,0.8838983032607785,0.7641225701636372,0.5942808569171103,0.6062993981927156,47,Sports,Simulation,0.7118307015893218,0.110972667859881,51,0.0,0.0,0.0666666666666666,0.8824501553277885,0,0.849744476639757,110,0.35454545454545455,0.3372755956914373,0.483891553845011,5
90,1046,Experience 1046,Puzzle,0.9358581895296346,0.2937905951089806,0.3646871905132503,0.5570017818814502,30,Puzzle,Creative,0.5179398461915671,0.8220910300077957,12,1.0,0.0,0.3,0.8467473443216833,1,0.8268944086883624,124,0.2661290322580645,0.26281824611032534,0.807709679745899,1
90,1043,Experience 1043,Creative,0.8838983032607785,0.7641225701636372,0.5942808569171103,0.6062993981927156,47,Puzzle,Creative,0.5179398461915671,0.8220910300077957,12,0.0,1.0,0.5833333333333334,0.9236589892744568,1,0.8235614918504273,110,0.35454545454545455,0.3372755956914373,0.6409521701657198,2
90,1065,Experience 1065,Creative,0.7619316682455927,0.3645751585148475,0.2630179910479239,0.9645188861392016,47,Puzzle,Creative,0.5179398461915671,0.8220910300077957,12,0.0,1.0,0.5833333333333334,0.7450781448563568,0,0.8121016901675193,114,0.22807017543859648,0.23019274208870782,0.5347173357977999,3
90,1096,Experience 1096,Adventure,0.7903170826018652,0.4751627362769494,0.5362341337297925,0.9233469677258124,13,Puzzle,Creative,0.5179398461915671,0.8220910300077957,12,0.0,0.0,0.0166666666666666,0.9817057124617746,0,0.8186852632659523,123,0.25203252032520324,0.25067012195725064,0.46928139141913244,4
90,1104,Experience 1104,Sports,0.7763284069557427,0.7928984171430337,0.1707069630824686,0.4638281104628762,33,Puzzle,Creative,0.5179398461915671,0.8220910300077957,12,0.0,0.0,0.35,0.6527671168909015,0,0.909488464461797,119,0.17647058823529413,0.1859412046035025,0.42663675839239057,5
91,1052,Experience 1052,Creative,0.6879474895864814,0.8150878066775633,0.5427584275418881,0.4028796085076296,43,Creative,Puzzle,0.4170563234759705,0.0359745514664617,50,1.0,0.0,0.1166666666666666,0.8742978959340824,1,0.9219693144634461,129,0.3178294573643411,0.30769011704622046,0.8077532622561545,1
91,1021,Experience 1021,Creative,0.6317033375365485,0.227795161908673,0.5969784094803497,0.8897794665398687,40,Creative,Puzzle,0.4170563234759705,0.0359745514664617,50,1.0,0.0,0.1666666666666666,0.8200779139956207,0,0.8544957156348675,117,0.23931623931623933,0.23975056525464852,0.7545802039729547,2
91,1000,Experience 1000,Action,0.9096695293967186,0.6516437731703687,0.6290364009047581,0.2407530712142694,49,Creative,Puzzle,0.4170563234759705,0.0359745514664617,50,0.0,0.0,0.0166666666666666,0.7880199225712123,1,0.9755417291482266,124,0.3225806451612903,0.31142935722143644,0.509338233679404,3
91,1059,Experience 1059,Social,0.7489549716721217,0.4911530499138364,0.6826986067555766,0.9132851837019758,49,Creative,Puzzle,0.4170563234759705,0.0359745514664617,50,0.0,0.0,0.0166666666666666,0.7343577167203938,0,0.8530661542641639,105,0.34285714285714286,0.32676661951909475,0.5087899680834866,4
91,1023,Experience 1023,Strategy,0.934275144868182,0.4241492862896971,0.2179097364670654,0.7914514878076223,48,Creative,Puzzle,0.4170563234759705,0.0359745514664617,50,0.0,0.0,0.0333333333333333,0.8008534129910949,1,0.876552221054082,110,0.2818181818181818,0.2757371341529757,0.452809219521613,5
92,1066,Experience 1066,Strategy,0.5933044321129625,0.8148765601157231,0.9082281614290438,0.2645976053461583,23,Strategy,Sports,0.3124423795181243,0.2390189161531123,12,1.0,0.0,0.1833333333333333,0.4042142180890804,0,0.8896351750643519,125,0.208,0.21272984441301274,0.7152693177221556,1
92,1036,Experience 1036,Sports,0.9655169972756756,0.2298411882545339,0.2550485289661252,0.8478368672236546,17,Strategy,Sports,0.3124423795181243,0.2390189161531123,12,0.0,1.0,0.0833333333333333,0.9426061494480008,0,0.9853029311466772,129,0.26356589147286824,0.2607102512744084,0.664847160169169,2
92,1070,Experience 1070,Sports,0.9021629239090754,0.4240213755135868,0.7602726894428304,0.7757910864370905,50,Strategy,Sports,0.3124423795181243,0.2390189161531123,12,0.0,1.0,0.6333333333333333,0.5521696900752939,0,0.7466875978021984,111,0.2882882882882883,0.28126585831974693,0.5697301607592758,3
92,1014,Experience 1014,Social,0.7084360738896248,0.6919622480914536,0.5066406143622445,0.7631554898199004,35,Strategy,Sports,0.3124423795181243,0.2390189161531123,12,0.0,0.0,0.3833333333333333,0.8058017651558798,0,0.716555630863164,117,0.29914529914529914,0.29084545576559745,0.476536282113259,4
92,1074,Experience 1074,Social,0.7411737446379107,0.1336446501121093,0.5667526591354218,0.2130749343990023,32,Strategy,Sports,0.3124423795181243,0.2390189161531123,12,0.0,0.0,0.3333333333333333,0.7456897203827024,1,0.856420629858695,149,0.2953020134228188,0.28902856473305827,0.4449237147671413,5
93,1110,Experience 1110,Creative,0.8487034770737338,0.6513439158584452,0.7080979103356375,0.2741343936886083,18,Creative,Social,0.6294643606618369,0.7577009339441084,21,1.0,0.0,0.05,0.9213664503261992,0,0.967023768356689,109,0.28440366972477066,0.2778746313169523,0.8579425002440652,1
93,1038,Experience 1038,Creative,0.8025898263845425,0.4058560569474049,0.8087225901435202,0.8729120163870842,60,Creative,Social,0.6294643606618369,0.7577009339441084,21,1.0,0.0,0.65,0.8207417705183166,0,0.8199243344143842,108,0.2037037037037037,0.209733026874116,0.79810273529878,2
93,1025,Experience 1025,Social,0.838744739121835,0.7279884901895025,0.5876677647056102,0.0811540004238993,14,Creative,Social,0.6294643606618369,0.7577009339441084,21,0.0,1.0,0.1166666666666666,0.9582034040437734,1,0.857324748418587,120,0.31666666666666665,0.30604162457062034,0.7637835106101329,3
93,1085,Experience 1085,Social,0.715133524882573,0.3923165755464828,0.681782684374937,0.3715432084063615,41,Creative,Social,0.6294643606618369,0.7577009339441084,21,0.0,1.0,0.3333333333333333,0.9476816762868998,0,0.8841145017075802,117,0.24786324786324787,0.24704983532764122,0.7045303885456585,4
93,1109,Experience 1109,Social,0.5415451963988065,0.6320276759129257,0.4602651355822746,0.2660308726216652,48,Creative,Social,0.6294643606618369,0.7577009339441084,21,0.0,1.0,0.45,0.8308007749204378,0,0.7150759542829337,125,0.312,0.30238501682680585,0.6477865930011343,5
94,1008,Experience 1008,Adventure,0.8415828324170402,0.3364498304651394,0.599089106012921,0.2728043301458357,40,Adventure,Sports,0.3936430621797109,0.5679387868088392,52,1.0,0.0,0.2,0.79455395616679,1,0.7125710097074021,117,0.27350427350427353,0.2689476455466193,0.8109695870073814,1
94,1036,Experience 1036,Sports,0.9655169972756756,0.2298411882545339,0.2550485289661252,0.8478368672236546,17,Adventure,Sports,0.3936430621797109,0.5679387868088392,52,0.0,1.0,0.5833333333333334,0.8614054667864142,1,0.861086513306112,129,0.26356589147286824,0.2607102512744084,0.6410061202151619,2
94,1039,Experience 1039,Social,0.8194814495513689,0.2752805682140255,0.2419454802582048,0.889899007072331,47,Adventure,Sports,0.3936430621797109,0.5679387868088392,52,0.0,0.0,0.0833333333333333,0.8483024180784938,0,0.9101055445502818,110,0.2636363636363636,0.2603525187683603,0.5433508328275592,3
94,1097,Experience 1097,Social,0.6621084266035628,0.3766200397542547,0.5070806368539267,0.2458755870050586,23,Adventure,Sports,0.3936430621797109,0.5679387868088392,52,0.0,0.0,0.4833333333333333,0.8865624253257842,1,0.8396068970584364,128,0.203125,0.20841775297220844,0.4883723376421617,4
94,1067,Experience 1067,Creative,0.788764048918011,0.4580972487220676,0.5921026845821029,0.4299570499000478,43,Adventure,Sports,0.3936430621797109,0.5679387868088392,52,0.0,0.0,0.15,0.801540377597608,0,0.9982438799516735,119,0.31092436974789917,0.30104911827256725,0.4840517770112713,5
95,1024,Experience 1024,Sports,0.7120515552427965,0.5535760301547662,0.4935230317114728,0.4609313910731102,39,Sports,Action,0.3299382343736466,0.080051236390703,40,1.0,0.0,0.0166666666666666,0.8364152026621738,0,0.9424466601158928,138,0.2608695652173913,0.25851789518915724,0.797166531873736,1
95,1036,Experience 1036,Sports,0.9655169972756756,0.2298411882545339,0.2550485289661252,0.8478368672236546,17,Sports,Action,0.3299382343736466,0.080051236390703,40,1.0,0.0,0.3833333333333333,0.9251102945924784,1,0.7349293057551575,129,0.26356589147286824,0.2607102512744084,0.7964523619852556,2
95,1070,Experience 1070,Sports,0.9021629239090754,0.4240213755135868,0.7602726894428304,0.7757910864370905,50,Sports,Action,0.3299382343736466,0.080051236390703,40,1.0,0.0,0.1666666666666666,0.5696655449308161,1,0.7399108100443959,111,0.2882882882882883,0.28126585831974693,0.7871783921690421,3
95,1085,Experience 1085,Social,0.715133524882573,0.3923165755464828,0.681782684374937,0.3715432084063615,41,Sports,Action,0.3299382343736466,0.080051236390703,40,0.0,0.0,0.0166666666666666,0.6481555499987095,1,0.8341786720066722,117,0.24786324786324787,0.24704983532764122,0.4592385407496229,4
95,1097,Experience 1097,Social,0.6621084266035628,0.3766200397542547,0.5070806368539267,0.2458755870050586,23,Sports,Action,0.3299382343736466,0.080051236390703,40,0.0,0.0,0.2833333333333333,0.8228575975197199,1,0.9555684617218596,128,0.203125,0.20841775297220844,0.43842638987249577,5
96,1053,Experience 1053,Puzzle,0.7426572934279929,0.7514869168546299,0.2904976508730454,0.8341208920021081,34,Puzzle,Simulation,0.4909356829183999,0.7201821693003411,27,1.0,0.0,0.1166666666666666,0.7995619679546455,1,0.77712140371091,102,0.3431372549019608,0.3266051429498922,0.7883789334546836,1
96,1020,Experience 1020,Simulation,0.8220634578382588,0.5054615596538111,0.3982077558970217,0.6135164847298321,13,Puzzle,Simulation,0.4909356829183999,0.7201821693003411,27,0.0,1.0,0.2333333333333333,0.9072720729786216,0,0.9244499620159586,129,0.21705426356589147,0.22044179489856944,0.5948793507036103,2
96,1061,Experience 1061,Social,0.9515114053456256,0.4883887845440612,0.3838014404080356,0.6777086144544695,56,Puzzle,Simulation,0.4909356829183999,0.7201821693003411,27,0.0,0.0,0.4833333333333333,0.8928657574896357,1,0.7588329735116114,113,0.3274336283185841,0.3146302815029086,0.5136485925313936,3
96,1107,Experience 1107,Social,0.7428970964662264,0.8045676070342606,0.8160785123357384,0.9076048913904824,23,Puzzle,Simulation,0.4909356829183999,0.7201821693003411,27,0.0,0.0,0.0666666666666666,0.6748571705826616,0,0.9133168496984618,139,0.30935251798561153,0.3009171537099802,0.49779487537931194,4
96,1112,Experience 1112,Simulation,0.2735953131794247,0.4885963348973961,0.6296328968909383,0.135038096056236,20,Puzzle,Simulation,0.4909356829183999,0.7201821693003411,27,0.0,1.0,0.1166666666666666,0.8613027860274617,0,0.729639140088879,119,0.16806722689075632,0.17874695999918594,0.4747367951282354,5
97,1015,Experience 1015,Sports,0.9316862802198296,0.7502302540767141,0.1563447605350174,0.9300033473547172,10,Strategy,Simulation,0.1990715674235832,0.5641258346320965,13,0.0,0.0,0.05,0.9572731931114342,0,0.7944786961071579,113,0.19469026548672566,0.20184832661569058,0.5044713127725594,1
97,1036,Experience 1036,Sports,0.9655169972756756,0.2298411882545339,0.2550485289661252,0.8478368672236546,17,Strategy,Simulation,0.1990715674235832,0.5641258346320965,13,0.0,0.0,0.0666666666666666,0.9440230384574582,1,0.9739623628873365,129,0.26356589147286824,0.2607102512744084,0.47535293051992983,2
97,1026,Experience 1026,Puzzle,0.7847705334160814,0.4236675665053301,0.2918167090217533,0.0158055554401338,14,Strategy,Simulation,0.1990715674235832,0.5641258346320965,13,0.0,0.0,0.0166666666666666,0.90725485840183,0,0.8561027877323858,111,0.1981981981981982,0.2049299804571515,0.4420849202191972,3
97,1014,Experience 1014,Social,0.7084360738896248,0.6919622480914536,0.5066406143622445,0.7631554898199004,35,Strategy,Simulation,0.1990715674235832,0.5641258346320965,13,0.0,0.0,0.3666666666666666,0.6924309530613388,1,0.7966138270333402,117,0.29914529914529914,0.29084545576559745,0.4327950889418645,4
97,1055,Experience 1055,Action,0.9121309206982589,0.3826203354113438,0.2499073592941251,0.1919211614110854,38,Strategy,Simulation,0.1990715674235832,0.5641258346320965,13,0.0,0.0,0.4166666666666667,0.949164208129458,0,0.7891156233741397,114,0.23684210526315788,0.237655428655872,0.43047418904511925,5
98,1115,Experience 1115,Simulation,0.626658707429628,0.7075065986188209,0.5404405149990236,0.2246894745458737,42,Action,Simulation,0.5670967656698851,0.8121705319173342,46,0.0,1.0,0.0666666666666666,0.9733437493291384,1,0.9784504999016189,112,0.2767857142857143,0.27155929878702156,0.6412336636938086,1
98,1061,Experience 1061,Social,0.9515114053456256,0.4883887845440612,0.3838014404080356,0.6777086144544695,56,Action,Simulation,0.5670967656698851,0.8121705319173342,46,0.0,0.0,0.1666666666666666,0.8167046747381506,1,0.8628480223799704,113,0.3274336283185841,0.3146302815029086,0.5717735110695445,2
98,1114,Experience 1114,Simulation,0.9094073794904848,0.2867325336723821,0.0751050358773748,0.4020477981570693,23,Action,Simulation,0.5670967656698851,0.8121705319173342,46,0.0,1.0,0.3833333333333333,0.5080082702074897,0,0.8644115927774328,138,0.2318840579710145,0.23320143949295472,0.5457060981509646,3
98,1100,Experience 1100,Sports,0.8539423752816214,0.5771516782683807,0.6603015579098336,0.097787997445443,39,Action,Simulation,0.5670967656698851,0.8121705319173342,46,0.0,0.0,0.1166666666666666,0.9067952077600516,1,0.8345423172780346,107,0.3177570093457944,0.3058726570069831,0.540156003737201,4
98,1070,Experience 1070,Sports,0.9021629239090754,0.4240213755135868,0.7602726894428304,0.7757910864370905,50,Action,Simulation,0.5670967656698851,0.8121705319173342,46,0.0,0.0,0.0666666666666666,0.8068240762270547,1,0.995302562252072,111,0.2882882882882883,0.28126585831974693,0.5269565081472332,5
99,1097,Experience 1097,Social,0.6621084266035628,0.3766200397542547,0.5070806368539267,0.2458755870050586,23,Social,Creative,0.3964566018486366,0.3062754223313964,20,1.0,0.0,0.05,0.8893759649947099,0,0.8958637058346544,128,0.203125,0.20841775297220844,0.8230853827258018,1
99,1039,Experience 1039,Social,0.8194814495513689,0.2752805682140255,0.2419454802582048,0.889899007072331,47,Social,Creative,0.3964566018486366,0.3062754223313964,20,1.0,0.0,0.45,0.8454888784095682,1,0.776554342882129,110,0.2636363636363636,0.2603525187683603,0.8047809685126182,2
99,1048,Experience 1048,Social,0.2304789954244207,0.8328371585656826,0.2699649703256335,0.1697999737727075,60,Social,Creative,0.3964566018486366,0.3062754223313964,20,1.0,0.0,0.6666666666666666,0.8735083684769969,1,0.8282821433024574,119,0.20168067226890757,0.20752393841645214,0.7233540416604922,3
99,1046,Experience 1046,Puzzle,0.9358581895296346,0.2937905951089806,0.3646871905132503,0.5570017818814502,30,Social,Creative,0.3964566018486366,0.3062754223313964,20,0.0,0.0,0.1666666666666666,0.9682305886646136,0,0.9174798372827024,124,0.2661290322580645,0.26281824611032534,0.4858376845181656,4
99,1037,Experience 1037,Sports,0.7994490651436071,0.7023148063737304,0.3263399911584964,0.9948242136208678,35,Social,Creative,0.3964566018486366,0.3062754223313964,20,0.0,0.0,0.25,0.9298833893098598,0,0.7007646487676837,120,0.30833333333333335,0.29889876742776317,0.47252153744995434,5
100,1017,Experience 1017,Adventure,0.8986224157650411,0.4138920991005588,0.5580723954683906,0.6429984233408326,53,Adventure,Creative,0.7609659133488776,0.3959073668984604,35,1.0,0.0,0.3,0.797106482119513,1,0.7646499654096327,125,0.256,0.25410915475784035,0.7876353483776732,1
100,1096,Experience 1096,Adventure,0.7903170826018652,0.4751627362769494,0.5362341337297925,0.9233469677258124,13,Adventure,Creative,0.7609659133488776,0.3959073668984604,35,1.0,0.0,0.3666666666666666,0.7752682203809148,0,0.7496782724480345,123,0.25203252032520324,0.25067012195725064,0.755394986949666,2
100,1095,Experience 1095,Creative,0.5802362817422383,0.4006003917193433,0.7708173982045061,0.4033544032491283,54,Adventure,Creative,0.7609659133488776,0.3959073668984604,35,0.0,1.0,0.3166666666666666,0.9901485151443716,1,0.9457837907908152,111,0.1981981981981982,0.2049299804571515,0.5792383240925385,3
100,1025,Experience 1025,Social,0.838744739121835,0.7279884901895025,0.5876677647056102,0.0811540004238993,14,Adventure,Creative,0.7609659133488776,0.3959073668984604,35,0.0,0.0,0.35,0.8267018513567326,0,0.9779219134552722,120,0.31666666666666665,0.30604162457062034,0.523376385673842,4
100,1044,Experience 1044,Action,0.8578996664042653,0.7405382156713768,0.540545681694017,0.9388053542070384,40,Adventure,Creative,0.7609659133488776,0.3959073668984604,35,0.0,0.0,0.0833333333333333,0.7795797683451393,0,0.7691305670737404,112,0.2857142857142857,0.27913505636277913,0.47518392983216506,5
101,1039,Experience 1039,Social,0.8194814495513689,0.2752805682140255,0.2419454802582048,0.889899007072331,47,Social,Action,0.6412984860517661,0.9696250196268384,31,1.0,0.0,0.2666666666666666,0.6006469942064387,0,0.9814854773654735,110,0.2636363636363636,0.2603525187683603,0.8036181936256634,1
101,1075,Experience 1075,Puzzle,0.7701763699744956,0.5714931074517187,0.7080993700732455,0.0043057756676786,58,Social,Action,0.6412984860517661,0.9696250196268384,31,0.0,0.0,0.45,0.9331991159785206,1,0.8638210951510787,114,0.22807017543859648,0.23019274208870782,0.4758986503864821,2
101,1099,Experience 1099,Adventure,0.8332801744008336,0.4077151465805127,0.8307594812615263,0.7545731382181347,49,Social,Action,0.6412984860517661,0.9696250196268384,31,0.0,0.0,0.3,0.8105390047902398,0,0.797297235255114,119,0.2605042016806723,0.25788365064666796,0.4452480120361641,3
101,1072,Experience 1072,Puzzle,0.7449779069249327,0.3414623639761886,0.973475515285742,0.3783180142237856,25,Social,Action,0.6412984860517661,0.9696250196268384,31,0.0,0.0,0.1,0.667822970766024,1,0.7643780638922669,119,0.21008403361344538,0.21471818302076867,0.44179915832719036,4
101,1091,Experience 1091,Sports,0.6742348817628386,0.2717222536331008,0.7498162980972818,0.6422524185679935,12,Social,Action,0.6412984860517661,0.9696250196268384,31,0.0,0.0,0.3166666666666666,0.8914821879544843,1,0.7295412885753515,105,0.2571428571428571,0.25476661951909474,0.43203606321862864,5
102,1094,Experience 1094,Strategy,0.777065958629862,0.5840090382012306,0.3016147592800985,0.4118434403009737,40,Strategy,Adventure,0.5118531542518646,0.681785280479392,29,1.0,0.0,0.1833333333333333,0.7897616050282339,1,0.7956941935496548,114,0.21929824561403508,0.22273005552154362,0.7664427019882224,1
102,1077,Experience 1077,Adventure,0.8965830938027713,0.1988675594053931,0.098043795325636,0.9940777724523784,46,Strategy,Adventure,0.5118531542518646,0.681785280479392,29,0.0,1.0,0.2833333333333333,0.5861906410737714,0,0.8797168494984546,116,0.19827586206896552,0.20474873117563858,0.5225259500640155,2
102,1117,Experience 1117,Adventure,0.4143954852484882,0.5042520610293434,0.5381695778516243,0.3991953026577904,51,Strategy,Adventure,0.5118531542518646,0.681785280479392,29,0.0,1.0,0.3666666666666666,0.9736835764002404,1,0.970023498812331,114,0.17543859649122806,0.18541662268572273,0.507156612897529,3
102,1024,Experience 1024,Sports,0.7120515552427965,0.5535760301547662,0.4935230317114728,0.4609313910731102,39,Strategy,Adventure,0.5118531542518646,0.681785280479392,29,0.0,0.0,0.1666666666666666,0.9816698774596082,0,0.9194648641014703,138,0.2608695652173913,0.25851789518915724,0.46695995126307316,4
102,1070,Experience 1070,Sports,0.9021629239090754,0.4240213755135868,0.7602726894428304,0.7757910864370905,50,Strategy,Adventure,0.5118531542518646,0.681785280479392,29,0.0,0.0,0.35,0.7515804648090342,0,0.7498221816241766,111,0.2882882882882883,0.28126585831974693,0.4548144964016237,5
103,1082,Experience 1082,Adventure,0.940069744877272,0.6645999956719907,0.1368397110942475,0.0890420050750532,28,Adventure,Creative,0.5713239327399994,0.3756604521687992,44,1.0,0.0,0.2666666666666666,0.5655157783542482,1,0.8018604598258905,138,0.2391304347826087,0.23953055341700535,0.7767877545390895,1
103,1031,Experience 1031,Adventure,0.6267069522672452,0.6020379288394027,0.9395582128996094,0.5521627033044271,46,Adventure,Creative,0.5713239327399994,0.3756604521687992,44,1.0,0.0,0.0333333333333333,0.63176571984039,1,0.8433856839878289,113,0.23008849557522124,0.2319235145856154,0.763462050090683,2
103,1101,Experience 1101,Adventure,0.7760911633714107,0.1624374115097873,0.2510263664566988,0.468231405693584,28,Adventure,Creative,0.5713239327399994,0.3756604521687992,44,1.0,0.0,0.2666666666666666,0.6797024337166995,1,0.7958093755997907,106,0.19811320754716982,0.20512561460227657,0.7324747919651007,3
103,1021,Experience 1021,Creative,0.6317033375365485,0.227795161908673,0.5969784094803497,0.8897794665398687,40,Adventure,Creative,0.5713239327399994,0.3756604521687992,44,0.0,1.0,0.0666666666666666,0.9743455232596496,1,0.8281850057164212,117,0.23931623931623933,0.23975056525464852,0.5940702152406117,4
103,1092,Experience 1092,Sports,0.8280410369904486,0.5343815491606264,0.7426691928850321,0.6904019545155015,39,Adventure,Creative,0.5713239327399994,0.3756604521687992,44,0.0,0.0,0.0833333333333333,0.8286547398549673,1,0.717388362124872,128,0.2421875,0.2422015367559922,0.4963797130427314,5
104,1096,Experience 1096,Adventure,0.7903170826018652,0.4751627362769494,0.5362341337297925,0.9233469677258124,13,Simulation,Adventure,0.5755608393846326,0.5094144922664362,19,0.0,1.0,0.1,0.9606732943451598,0,0.949797733733318,123,0.25203252032520324,0.25067012195725064,0.5857641363404024,1
104,1111,Experience 1111,Sports,0.9428982678236224,0.8155250577848677,0.575778764164542,0.2547283501174674,25,Simulation,Adventure,0.5755608393846326,0.5094144922664362,19,0.0,0.0,0.1,0.9997820752200908,0,0.8506520714502157,139,0.3237410071942446,0.31349577006218143,0.5322085704262637,2
104,1043,Experience 1043,Creative,0.8838983032607785,0.7641225701636372,0.5942808569171103,0.6062993981927156,47,Simulation,Adventure,0.5755608393846326,0.5094144922664362,19,0.0,0.0,0.4666666666666667,0.9812799824675223,1,0.7604878444941677,110,0.35454545454545455,0.3372755956914373,0.45331464013782546,3
104,1085,Experience 1085,Social,0.715133524882573,0.3923165755464828,0.681782684374937,0.3715432084063615,41,Simulation,Adventure,0.5755608393846326,0.5094144922664362,19,0.0,0.0,0.3666666666666666,0.8937781550096956,0,0.788536959052357,117,0.24786324786324787,0.24704983532764122,0.4500389764358082,4
104,1001,Experience 1001,Sports,0.6452560499996463,0.8044840559110404,0.5776422262968883,0.3608105614175153,41,Simulation,Adventure,0.5755608393846326,0.5094144922664362,19,0.0,0.0,0.3666666666666666,0.9979186130877444,0,0.9012122712272906,110,0.2545454545454545,0.25266021107605263,0.4295466302439781,5
105,1088,Experience 1088,Sports,0.931739259022481,0.4207879774878386,0.5549692853271866,0.4100487869149942,11,Sports,Strategy,0.4122081995898021,0.8637265823391025,26,1.0,0.0,0.25,0.8572389142626156,0,0.9814900259324755,113,0.3008849557522124,0.292073890525465,0.8289997695062951,1
105,1100,Experience 1100,Sports,0.8539423752816214,0.5771516782683807,0.6603015579098336,0.097787997445443,39,Sports,Strategy,0.4122081995898021,0.8637265823391025,26,1.0,0.0,0.2166666666666666,0.7519066416799686,1,0.9309384017124128,107,0.3177570093457944,0.3058726570069831,0.82338868148108,2
105,1041,Experience 1041,Sports,0.6879201981801872,0.7175911275892214,0.4277301159158936,0.4016616340093764,51,Sports,Strategy,0.4122081995898021,0.8637265823391025,26,1.0,0.0,0.4166666666666667,0.9844780836739084,1,0.7316579724457063,132,0.18181818181818182,0.18977518052557135,0.8103659980988758,3
105,1092,Experience 1092,Sports,0.8280410369904486,0.5343815491606264,0.7426691928850321,0.6904019545155015,39,Sports,Strategy,0.4122081995898021,0.8637265823391025,26,1.0,0.0,0.2166666666666666,0.6695390067047701,1,0.8207534820032827,128,0.2421875,0.2422015367559922,0.8066199090522234,4
105,1039,Experience 1039,Social,0.8194814495513689,0.2752805682140255,0.2419454802582048,0.889899007072331,47,Sports,Strategy,0.4122081995898021,0.8637265823391025,26,0.0,0.0,0.35,0.8297372806684027,0,0.7136054134656419,110,0.2636363636363636,0.2603525187683603,0.4820785997202795,5
106,1044,Experience 1044,Action,0.8578996664042653,0.7405382156713768,0.540545681694017,0.9388053542070384,40,Action,Adventure,0.3304419814073895,0.5177205756977866,38,1.0,0.0,0.0333333333333333,0.7898962997133725,1,0.7099634376580628,112,0.2857142857142857,0.27913505636277913,0.8306992019831687,1
106,1085,Experience 1085,Social,0.715133524882573,0.3923165755464828,0.681782684374937,0.3715432084063615,41,Action,Adventure,0.3304419814073895,0.5177205756977866,38,0.0,0.0,0.05,0.6486592970324525,1,0.861691220541512,117,0.24786324786324787,0.24704983532764122,0.49163840651349155,2
106,1013,Experience 1013,Sports,0.8486275995976889,0.743877614526904,0.1274827038621261,0.2359972626205526,20,Action,Adventure,0.3304419814073895,0.5177205756977866,38,0.0,0.0,0.3,0.7970407224547367,0,0.8249392588720802,116,0.3017241379310345,0.29298402529328565,0.4792443545131711,3
106,1079,Experience 1079,Social,0.6252808613431486,0.1651788036494796,0.2355254260756802,0.2079980737084605,56,Action,Adventure,0.3304419814073895,0.5177205756977866,38,0.0,0.0,0.3,0.9050834446682908,0,0.935166548959919,123,0.2032520325203252,0.2087120799992087,0.457702845511774,4
106,1069,Experience 1069,Puzzle,0.8068156107352968,0.6551858372056814,0.8842124935251735,0.2530347499296835,35,Action,Adventure,0.3304419814073895,0.5177205756977866,38,0.0,0.0,0.05,0.4462294878822159,0,0.7047586511465406,121,0.2892561983471074,0.2825945208502613,0.4476083324855232,5
107,1039,Experience 1039,Social,0.8194814495513689,0.2752805682140255,0.2419454802582048,0.889899007072331,47,Action,Social,0.6509236153822313,0.5174023936020361,24,0.0,1.0,0.3833333333333333,0.5910218648759735,1,0.8335947035880901,110,0.2636363636363636,0.2603525187683603,0.6442604531035286,1
107,1096,Experience 1096,Adventure,0.7903170826018652,0.4751627362769494,0.5362341337297925,0.9233469677258124,13,Action,Social,0.6509236153822313,0.5174023936020361,24,0.0,0.0,0.1833333333333333,0.8853105183475611,0,0.8332288315301534,123,0.25203252032520324,0.25067012195725064,0.4783263770609787,2
107,1090,Experience 1090,Puzzle,0.5586098880458512,0.4251872277402517,0.5338484342208252,0.861814417816014,19,Action,Social,0.6509236153822313,0.5174023936020361,24,0.0,0.0,0.0833333333333333,0.8829248188385939,0,0.910744694411072,121,0.2727272727272727,0.26841012368714073,0.45062962805430146,3
107,1083,Experience 1083,Sports,0.5638116113845065,0.5523903507798276,0.3674940432740611,0.3952346537588943,26,Action,Social,0.6509236153822313,0.5174023936020361,24,0.0,0.0,0.0333333333333333,0.7165704278918298,1,0.7676180819059858,122,0.22950819672131148,0.23130864394286513,0.4489265560978766,4
107,1034,Experience 1034,Strategy,0.5016628944231066,0.7184788322001798,0.7569144817322334,0.2251776661055454,11,Action,Social,0.6509236153822313,0.5174023936020361,24,0.0,0.0,0.2166666666666666,0.8940091336499979,0,0.8276823831712941,132,0.2196969696969697,0.22266991736767663,0.42971618649109383,5
108,1099,Experience 1099,Adventure,0.8332801744008336,0.4077151465805127,0.8307594812615263,0.7545731382181347,49,Adventure,Strategy,0.8524239452284642,0.4822589124892035,46,1.0,0.0,0.05,0.978335536033062,0,0.9526085501310878,119,0.2605042016806723,0.25788365064666796,0.8155198898156705,1
108,1094,Experience 1094,Strategy,0.777065958629862,0.5840090382012306,0.3016147592800985,0.4118434403009737,40,Adventure,Strategy,0.8524239452284642,0.4822589124892035,46,0.0,1.0,0.1,0.4491908140516343,1,0.9188240845051014,114,0.21929824561403508,0.22273005552154362,0.5216194970864836,2
108,1038,Experience 1038,Creative,0.8025898263845425,0.4058560569474049,0.8087225901435202,0.8729120163870842,60,Adventure,Strategy,0.8524239452284642,0.4822589124892035,46,0.0,0.0,0.2333333333333333,0.956298644915056,0,0.8287632309242222,108,0.2037037037037037,0.209733026874116,0.45954639196192687,3
108,1072,Experience 1072,Puzzle,0.7449779069249327,0.3414623639761886,0.973475515285742,0.3783180142237856,25,Adventure,Strategy,0.8524239452284642,0.4822589124892035,46,0.0,0.0,0.35,0.8789484299427222,0,0.868334495529698,119,0.21008403361344538,0.21471818302076867,0.42757693890086845,4
108,1084,Experience 1084,Social,0.6722561348379004,0.2863456816441453,0.5362524927433157,0.7470758006298863,26,Adventure,Strategy,0.8524239452284642,0.4822589124892035,46,0.0,0.0,0.3333333333333333,0.6838285475148514,0,0.8023352616329144,111,0.35135135135135137,0.3347009728235637,0.41170474689852476,5
109,1068,Experience 1068,Action,0.698456042052288,0.2594560290757449,0.3550613668330224,0.4325155932423661,21,Action,Adventure,0.7099568770132711,0.4582117431397214,39,1.0,0.0,0.3,0.6451044898197513,0,0.749645473859944,111,0.24324324324324326,0.2430979193884492,0.7331010758634622,1
109,1017,Experience 1017,Adventure,0.8986224157650411,0.4138920991005588,0.5580723954683906,0.6429984233408326,53,Action,Adventure,0.7099568770132711,0.4582117431397214,39,0.0,1.0,0.2333333333333333,0.8481155184551195,0,0.7136994750191598,125,0.256,0.25410915475784035,0.6277909739014524,2
109,1073,Experience 1073,Adventure,0.687693407311507,0.5642695337399875,0.7523432280065728,0.8351257910807337,50,Action,Adventure,0.7099568770132711,0.4582117431397214,39,0.0,1.0,0.1833333333333333,0.9576136490066984,0,0.7155823006313368,132,0.26515151515151514,0.26214360157820293,0.6156276780297164,3
109,1014,Experience 1014,Social,0.7084360738896248,0.6919622480914536,0.5066406143622445,0.7631554898199004,35,Action,Adventure,0.7099568770132711,0.4582117431397214,39,0.0,0.0,0.0666666666666666,0.7966837373489734,0,0.8600627364125056,117,0.29914529914529914,0.29084545576559745,0.5162704570462087,4
109,1040,Experience 1040,Adventure,0.8007594991172722,0.3266907558049443,0.1528993913771743,0.3143479426299048,10,Action,Adventure,0.7099568770132711,0.4582117431397214,39,0.0,1.0,0.4833333333333333,0.4429425143639032,0,0.7819738194174986,109,0.2018348623853211,0.20810718945648718,0.4805923244022817,5
110,1009,Experience 1009,Action,0.7987178764315418,0.3460501829476273,0.2238314684756084,0.130890330850495,53,Social,Action,0.1458937796735458,0.6939425528430493,25,0.0,1.0,0.4666666666666667,0.9220623111979374,0,0.7235442638668712,104,0.28846153846153844,0.28101473741844224,0.5948526265729518,1
110,1013,Experience 1013,Sports,0.8486275995976889,0.743877614526904,0.1274827038621261,0.2359972626205526,20,Social,Action,0.1458937796735458,0.6939425528430493,25,0.0,0.0,0.0833333333333333,0.9815889241885802,1,0.91642627477862,116,0.3017241379310345,0.29298402529328565,0.5252846576628878,2
110,1083,Experience 1083,Sports,0.5638116113845065,0.5523903507798276,0.3674940432740611,0.3952346537588943,26,Social,Action,0.1458937796735458,0.6939425528430493,25,0.0,0.0,0.0166666666666666,0.7783997363994848,0,0.887754130310428,122,0.22950819672131148,0.23130864394286513,0.41865435319203703,3
110,1087,Experience 1087,Creative,0.7417160017369715,0.3980069401610766,0.5803538931422866,0.1954958273965873,33,Social,Action,0.1458937796735458,0.6939425528430493,25,0.0,0.0,0.1333333333333333,0.5655398865312593,0,0.9983811234641835,117,0.15384615384615385,0.16675786452472152,0.3958159549726945,4
110,1106,Experience 1106,Sports,0.8146785788760947,0.3647619692710552,0.6750256601127794,0.7960604476258709,49,Social,Action,0.1458937796735458,0.6939425528430493,25,0.0,0.0,0.4,0.4708681195607664,0,0.9785851998095078,128,0.28125,0.275985320539776,0.387031918550716,5
111,1011,Experience 1011,Strategy,0.8438936347604792,0.3089791482471649,0.5527453913687409,0.302964628837302,52,Strategy,Action,0.5850561594410665,0.4959424041129145,32,1.0,0.0,0.3333333333333333,0.9676892319276744,1,0.8293629773596743,123,0.2682926829268293,0.26465613594326465,0.7799133078357503,1
111,1068,Experience 1068,Action,0.698456042052288,0.2594560290757449,0.3550613668330224,0.4325155932423661,21,Strategy,Action,0.5850561594410665,0.4959424041129145,32,0.0,1.0,0.1833333333333333,0.7700052073919559,0,0.7014996751265283,111,0.24324324324324326,0.2430979193884492,0.5406744432768105,2
111,1043,Experience 1043,Creative,0.8838983032607785,0.7641225701636372,0.5942808569171103,0.6062993981927156,47,Strategy,Action,0.5850561594410665,0.4959424041129145,32,0.0,0.0,0.25,0.9907753025239562,0,0.9267464850603646,110,0.35454545454545455,0.3372755956914373,0.4985277442013852,3
111,1051,Experience 1051,Adventure,0.7608650542535511,0.4945204429565272,0.5049786641965721,0.9492935230092574,34,Strategy,Action,0.5850561594410665,0.4959424041129145,32,0.0,0.0,0.0333333333333333,0.9199225047555056,0,0.8308938343077236,122,0.2459016393442623,0.24539315098511863,0.43234745357730087,4
111,1072,Experience 1072,Puzzle,0.7449779069249327,0.3414623639761886,0.973475515285742,0.3783180142237856,25,Strategy,Action,0.5850561594410665,0.4959424041129145,32,0.0,0.0,0.1166666666666666,0.6115806441553244,0,0.8089992495198322,119,0.21008403361344538,0.21471818302076867,0.4004107208377676,5
112,1103,Experience 1103,Action,0.6677544964493587,0.4461723957193605,0.794276194278496,0.1853752728024856,59,Action,Adventure,0.741614217196715,0.7679407045199396,44,1.0,0.0,0.25,0.947338022918219,1,0.9623433077159048,121,0.23140495867768596,0.23294913077933935,0.8102885656083234,1
112,1031,Experience 1031,Adventure,0.6267069522672452,0.6020379288394027,0.9395582128996094,0.5521627033044271,46,Action,Adventure,0.741614217196715,0.7679407045199396,44,0.0,1.0,0.0333333333333333,0.8020560042971057,0,0.8185915259090414,113,0.23008849557522124,0.2319235145856154,0.6187429200564033,2
112,1075,Experience 1075,Puzzle,0.7701763699744956,0.5714931074517187,0.7080993700732455,0.0043057756676786,58,Action,Adventure,0.741614217196715,0.7679407045199396,44,0.0,0.0,0.2333333333333333,0.9664851528765304,0,0.746155151131148,114,0.22807017543859648,0.23019274208870782,0.51393023492592,3
112,1105,Experience 1105,Sports,0.6106599794863272,0.6391373818905719,0.6213931070244737,0.2894297075080649,54,Action,Adventure,0.741614217196715,0.7679407045199396,44,0.0,0.0,0.1666666666666666,0.8797788898277586,0,0.7821392990797043,130,0.23076923076923078,0.2323055162659123,0.47394217219945534,4
112,1087,Experience 1087,Creative,0.7417160017369715,0.3980069401610766,0.5803538931422866,0.1954958273965873,33,Action,Adventure,0.741614217196715,0.7679407045199396,44,0.0,0.0,0.1833333333333333,0.8387396759455715,0,0.7361724201417097,117,0.15384615384615385,0.16675786452472152,0.45595867019082004,5
113,1074,Experience 1074,Social,0.7411737446379107,0.1336446501121093,0.5667526591354218,0.2130749343990023,32,Creative,Social,0.918657490132268,0.7707285414775169,41,0.0,1.0,0.15,0.6480951690031538,0,0.7853864960764025,149,0.2953020134228188,0.28902856473305827,0.6662962544831418,1
113,1002,Experience 1002,Social,0.5654662227449457,0.1419781043952984,0.4876512775379703,0.1763555764178013,30,Creative,Social,0.918657490132268,0.7707285414775169,41,0.0,1.0,0.1833333333333333,0.5689937874057023,0,0.8327951456948036,125,0.312,0.30238501682680585,0.6064801349526654,2
113,1098,Experience 1098,Social,0.534058177188557,0.4459803600128759,0.2707495249900757,0.7298152463028666,35,Creative,Social,0.918657490132268,0.7707285414775169,41,0.0,1.0,0.1,0.3520920348578077,0,0.777843130601041,130,0.26153846153846155,0.25897218293257895,0.5796201982933098,3
113,1069,Experience 1069,Puzzle,0.8068156107352968,0.6551858372056814,0.8842124935251735,0.2530347499296835,35,Creative,Social,0.918657490132268,0.7707285414775169,41,0.0,0.0,0.1,0.9655550033929056,0,0.7409995830913001,121,0.2892561983471074,0.2825945208502613,0.5707338386872642,4
113,1100,Experience 1100,Sports,0.8539423752816214,0.5771516782683807,0.6603015579098336,0.097787997445443,39,Creative,Social,0.918657490132268,0.7707285414775169,41,0.0,0.0,0.0333333333333333,0.7416440677775655,0,0.9925156055160667,107,0.3177570093457944,0.3058726570069831,0.5496083476698449,5
114,1117,Experience 1117,Adventure,0.4143954852484882,0.5042520610293434,0.5381695778516243,0.3991953026577904,51,Adventure,Creative,0.526851999137132,0.5387842304542427,38,1.0,0.0,0.2166666666666666,0.9886824212855077,1,0.7556322635477088,114,0.17543859649122806,0.18541662268572273,0.7447620006861742,1
114,1071,Experience 1071,Adventure,0.5432545608778258,0.5917055303234199,0.8111881708009158,0.7718493432291552,17,Adventure,Creative,0.526851999137132,0.5387842304542427,38,1.0,0.0,0.35,0.7156638283362162,1,0.8525766923136585,121,0.21487603305785125,0.21876473361621876,0.7269581493199866,2
114,1021,Experience 1021,Creative,0.6317033375365485,0.227795161908673,0.5969784094803497,0.8897794665398687,40,Adventure,Creative,0.526851999137132,0.5387842304542427,38,0.0,1.0,0.0333333333333333,0.9298735896567822,0,0.9500506075696007,117,0.23931623931623933,0.23975056525464852,0.5954803153670234,3
114,1014,Experience 1014,Social,0.7084360738896248,0.6919622480914536,0.5066406143622445,0.7631554898199004,35,Adventure,Creative,0.526851999137132,0.5387842304542427,38,0.0,0.0,0.05,0.9797886152251124,1,0.7671183242625829,117,0.29914529914529914,0.29084545576559745,0.5518081166054793,4
114,1025,Experience 1025,Social,0.838744739121835,0.7279884901895025,0.5876677647056102,0.0811540004238993,14,Adventure,Creative,0.526851999137132,0.5387842304542427,38,0.0,0.0,0.4,0.9391842344315218,0,0.8066552672353626,120,0.31666666666666665,0.30604162457062034,0.5503803276521901,5
115,1035,Experience 1035,Action,0.684933354468736,0.2628151072276272,0.2926692360835166,0.7930049789596304,54,Action,Creative,0.3961422837227741,0.5202032571748686,46,1.0,0.0,0.1333333333333333,0.8965269523607424,1,0.8629729904433027,144,0.14583333333333334,0.15759650877979783,0.7959700654508441,1
115,1014,Experience 1014,Social,0.7084360738896248,0.6919622480914536,0.5066406143622445,0.7631554898199004,35,Action,Creative,0.3961422837227741,0.5202032571748686,46,0.0,0.0,0.1833333333333333,0.8895016693605297,0,0.854563607658929,117,0.29914529914529914,0.29084545576559745,0.5490889455691262,2
115,1106,Experience 1106,Sports,0.8146785788760947,0.3647619692710552,0.6750256601127794,0.7960604476258709,49,Action,Creative,0.3961422837227741,0.5202032571748686,46,0.0,0.0,0.05,0.7211166236099947,0,0.8850939433990236,128,0.28125,0.275985320539776,0.49573108263838317,3
115,1092,Experience 1092,Sports,0.8280410369904486,0.5343815491606264,0.7426691928850321,0.6904019545155015,39,Action,Creative,0.3961422837227741,0.5202032571748686,46,0.0,0.0,0.1166666666666666,0.6534730908377421,0,0.8650286830659059,128,0.2421875,0.2422015367559922,0.4949974045043841,4
115,1007,Experience 1007,Social,0.6113602755027672,0.3693255620200327,0.760432490906593,0.3138467721116466,56,Action,Creative,0.3961422837227741,0.5202032571748686,46,0.0,0.0,0.1666666666666666,0.6357097928161811,0,0.722664280740077,112,0.24107142857142858,0.24125626848399126,0.47589831088067314,5
116,1084,Experience 1084,Social,0.6722561348379004,0.2863456816441453,0.5362524927433157,0.7470758006298863,26,Social,Creative,0.644249871464006,0.5851473688272698,19,1.0,0.0,0.1166666666666666,0.8920026212793096,0,0.8664422048624365,111,0.35135135135135137,0.3347009728235637,0.8201212612781343,1
116,1021,Experience 1021,Creative,0.6317033375365485,0.227795161908673,0.5969784094803497,0.8897794665398687,40,Social,Creative,0.644249871464006,0.5851473688272698,19,0.0,1.0,0.35,0.9527285380163436,0,0.8412060805457336,117,0.23931623931623933,0.23975056525464852,0.5616023917467154,2
116,1065,Experience 1065,Creative,0.7619316682455927,0.3645751585148475,0.2630179910479239,0.9645188861392016,47,Social,Creative,0.644249871464006,0.5851473688272698,19,0.0,1.0,0.4666666666666667,0.6187681195839179,0,0.8362236910745872,114,0.22807017543859648,0.23019274208870782,0.5219963287899062,3
116,1044,Experience 1044,Action,0.8578996664042653,0.7405382156713768,0.540545681694017,0.9388053542070384,40,Social,Creative,0.644249871464006,0.5851473688272698,19,0.0,0.0,0.35,0.8962958102300109,0,0.8419423254994737,112,0.2857142857142857,0.27913505636277913,0.4748523381377451,4
116,1070,Experience 1070,Sports,0.9021629239090754,0.4240213755135868,0.7602726894428304,0.7757910864370905,50,Social,Creative,0.644249871464006,0.5851473688272698,19,0.0,0.0,0.5166666666666667,0.8839771820211756,1,0.8460793893687826,111,0.2882882882882883,0.28126585831974693,0.47326091886938837,5
117,1074,Experience 1074,Social,0.7411737446379107,0.1336446501121093,0.5667526591354218,0.2130749343990023,32,Social,Action,0.5514610091973254,0.3060223789648619,31,1.0,0.0,0.0166666666666666,0.9847083500619036,1,0.822589946601416,149,0.2953020134228188,0.28902856473305827,0.8322458784777051,1
117,1097,Experience 1097,Social,0.6621084266035628,0.3766200397542547,0.5070806368539267,0.2458755870050586,23,Social,Action,0.5514610091973254,0.3060223789648619,31,1.0,0.0,0.1333333333333333,0.9556196276566012,1,0.7339701614713785,128,0.203125,0.20841775297220844,0.8187156247906429,2
117,1002,Experience 1002,Social,0.5654662227449457,0.1419781043952984,0.4876512775379703,0.1763555764178013,30,Social,Action,0.5514610091973254,0.3060223789648619,31,1.0,0.0,0.0166666666666666,0.9361902683406448,1,0.7555549530569101,125,0.312,0.30238501682680585,0.7987192557023234,3
117,1108,Experience 1108,Puzzle,0.8425576923542274,0.4822507608830354,0.666849920378606,0.8027206052883656,21,Social,Action,0.5514610091973254,0.3060223789648619,31,0.0,0.0,0.1666666666666666,0.8846110888187194,0,0.9089960446893383,92,0.2717391304347826,0.2664806021418468,0.45870624219401,4
117,1102,Experience 1102,Sports,0.9402838286695968,0.4125021221616953,0.1907643304361418,0.200562471321554,40,Social,Action,0.5514610091973254,0.3060223789648619,31,0.0,0.0,0.15,0.6393033212388164,0,0.9534685584128424,117,0.3076923076923077,0.29814472583859014,0.4401301618373596,5
118,1110,Experience 1110,Creative,0.8487034770737338,0.6513439158584452,0.7080979103356375,0.2741343936886083,18,Creative,Strategy,0.915484214648095,0.2649466123722202,25,1.0,0.0,0.1166666666666666,0.7926136956875425,1,0.7423974936197888,109,0.28440366972477066,0.2778746313169523,0.8008636714851524,1
118,1043,Experience 1043,Creative,0.8838983032607785,0.7641225701636372,0.5942808569171103,0.6062993981927156,47,Creative,Strategy,0.915484214648095,0.2649466123722202,25,1.0,0.0,0.3666666666666666,0.6787966422690153,0,0.8424742486251553,110,0.35454545454545455,0.3372755956914373,0.7802332943405063,2
118,1080,Experience 1080,Strategy,0.4960287753620589,0.3772823688301061,0.669450532879556,0.5189146424870842,16,Creative,Strategy,0.915484214648095,0.2649466123722202,25,0.0,1.0,0.15,0.753966318231461,1,0.7159106581947547,116,0.16379310344827586,0.17533696646975622,0.4750122317544769,3
118,1092,Experience 1092,Sports,0.8280410369904486,0.5343815491606264,0.7426691928850321,0.6904019545155015,39,Creative,Strategy,0.915484214648095,0.2649466123722202,25,0.0,0.0,0.2333333333333333,0.827184978236937,0,0.7583554492342947,128,0.2421875,0.2422015367559922,0.451918302438204,4
118,1007,Experience 1007,Social,0.6113602755027672,0.3693255620200327,0.760432490906593,0.3138467721116466,56,Creative,Strategy,0.915484214648095,0.2649466123722202,25,0.0,0.0,0.5166666666666667,0.844948276258498,0,0.7055077309414902,112,0.24107142857142858,0.24125626848399126,0.41514589050422496,5
119,1016,Experience 1016,Simulation,0.6327408434291123,0.2893552650923534,0.337198205686132,0.4979318527888876,53,Simulation,Puzzle,0.3372361582737985,0.5909435803391828,10,1.0,0.0,0.7166666666666667,0.9999620474123336,1,0.9280031021616381,124,0.1935483870967742,0.20031824611032534,0.7154499267838186,1
119,1019,Experience 1019,Puzzle,0.5059661119161158,0.8228200647408448,0.2570325653065184,0.9988296373336586,24,Simulation,Puzzle,0.3372361582737985,0.5909435803391828,10,0.0,1.0,0.2333333333333333,0.91979640703272,0,0.9419060943716274,121,0.19834710743801653,0.2045803364530982,0.5565475767926696,2
119,1090,Experience 1090,Puzzle,0.5586098880458512,0.4251872277402517,0.5338484342208252,0.861814417816014,19,Simulation,Puzzle,0.3372361582737985,0.5909435803391828,10,0.0,1.0,0.15,0.8033877240529733,0,0.960489382282541,121,0.2727272727272727,0.26841012368714073,0.5392855410671873,3
119,1003,Experience 1003,Puzzle,0.7658593377467232,0.3759100169419204,0.0773164253661275,0.4674845394285718,49,Simulation,Puzzle,0.3372361582737985,0.5909435803391828,10,0.0,1.0,0.65,0.740080267092329,0,0.9296488415419114,111,0.1981981981981982,0.2049299804571515,0.5172209767184996,4
119,1111,Experience 1111,Sports,0.9428982678236224,0.8155250577848677,0.575778764164542,0.2547283501174674,25,Simulation,Puzzle,0.3372361582737985,0.5909435803391828,10,0.0,0.0,0.25,0.7614573941092565,0,0.8467336080798042,139,0.3237410071942446,0.31349577006218143,0.49813788249379704,5
120,1054,Experience 1054,Puzzle,0.6795756146978778,0.2537314254122666,0.2509959349159629,0.6813294726896911,34,Puzzle,Action,0.2893201600940863,0.1854867918779683,35,1.0,0.0,0.0166666666666666,0.9616757748218766,1,0.9651623956067619,113,0.20353982300884957,0.20936712360817178,0.7722654056598777,1
120,1019,Experience 1019,Puzzle,0.5059661119161158,0.8228200647408448,0.2570325653065184,0.9988296373336586,24,Puzzle,Action,0.2893201600940863,0.1854867918779683,35,1.0,0.0,0.1833333333333333,0.9677124052124322,0,0.8748864923325076,121,0.19834710743801653,0.2045803364530982,0.7560088036760142,2
120,1075,Experience 1075,Puzzle,0.7701763699744956,0.5714931074517187,0.7080993700732455,0.0043057756676786,58,Puzzle,Action,0.2893201600940863,0.1854867918779683,35,1.0,0.0,0.3833333333333333,0.5812207900208408,1,0.7025377718915641,114,0.22807017543859648,0.23019274208870782,0.7518808765707811,3
120,1068,Experience 1068,Action,0.698456042052288,0.2594560290757449,0.3550613668330224,0.4325155932423661,21,Puzzle,Action,0.2893201600940863,0.1854867918779683,35,0.0,1.0,0.2333333333333333,0.934258793261064,0,0.7208076274701882,111,0.24324324324324326,0.2430979193884492,0.5553848761788662,4
120,1014,Experience 1014,Social,0.7084360738896248,0.6919622480914536,0.5066406143622445,0.7631554898199004,35,Puzzle,Action,0.2893201600940863,0.1854867918779683,35,0.0,0.0,0.0,0.7826795457318418,0,0.7428104992312206,117,0.29914529914529914,0.29084545576559745,0.489777877782175,5
121,1090,Experience 1090,Puzzle,0.5586098880458512,0.4251872277402517,0.5338484342208252,0.861814417816014,19,Puzzle,Action,0.4525389887426308,0.3654349876996477,27,1.0,0.0,0.1333333333333333,0.9186905545218056,0,0.8302587877263082,121,0.2727272727272727,0.26841012368714073,0.7509608497156836,1
121,1119,Experience 1119,Action,0.8086136050725224,0.7572883677081093,0.5086964614589882,0.1619415702496311,9,Puzzle,Action,0.4525389887426308,0.3654349876996477,27,0.0,1.0,0.3,0.9438425272836426,1,0.8579874208131031,115,0.30434782608695654,0.29515427733249516,0.6228184903183542,2
121,1024,Experience 1024,Sports,0.7120515552427965,0.5535760301547662,0.4935230317114728,0.4609313910731102,39,Puzzle,Action,0.4525389887426308,0.3654349876996477,27,0.0,0.0,0.2,0.959015957031158,0,0.9607855117133254,138,0.2608695652173913,0.25851789518915724,0.44729448517741227,3
121,1039,Experience 1039,Social,0.8194814495513689,0.2752805682140255,0.2419454802582048,0.889899007072331,47,Puzzle,Action,0.4525389887426308,0.3654349876996477,27,0.0,0.0,0.3333333333333333,0.789406491515574,1,0.9880472179738676,110,0.2636363636363636,0.2603525187683603,0.4454159820134818,4
121,1067,Experience 1067,Creative,0.788764048918011,0.4580972487220676,0.5921026845821029,0.4299570499000478,43,Puzzle,Action,0.4525389887426308,0.3654349876996477,27,0.0,0.0,0.2666666666666666,0.8604363041605279,0,0.7843482065799798,119,0.31092436974789917,0.30104911827256725,0.42126472734933257,5
122,1081,Experience 1081,Puzzle,0.5738102986510725,0.5468042713764619,0.3811493240377567,0.8099407364448706,60,Puzzle,Simulation,0.4940367596202861,0.4331449465878885,50,1.0,0.0,0.1666666666666666,0.8871125644174707,0,0.7582192556922074,107,0.18691588785046728,0.1956364365345421,0.7590370627783626,1
122,1020,Experience 1020,Simulation,0.8220634578382588,0.5054615596538111,0.3982077558970217,0.6135164847298321,13,Puzzle,Simulation,0.4940367596202861,0.4331449465878885,50,0.0,1.0,0.6166666666666667,0.9041709962767356,0,0.9120360485313699,129,0.21705426356589147,0.22044179489856944,0.5525692834344658,2
122,1074,Experience 1074,Social,0.7411737446379107,0.1336446501121093,0.5667526591354218,0.2130749343990023,32,Puzzle,Simulation,0.4940367596202861,0.4331449465878885,50,0.0,0.0,0.3,0.9272841004848642,0,0.8397073975499307,149,0.2953020134228188,0.28902856473305827,0.4634826025389547,3
122,1119,Experience 1119,Action,0.8086136050725224,0.7572883677081093,0.5086964614589882,0.1619415702496311,9,Puzzle,Simulation,0.4940367596202861,0.4331449465878885,50,0.0,0.0,0.6833333333333333,0.985340298161298,0,0.8938244588156085,115,0.30434782608695654,0.29515427733249516,0.42485438214758703,4
122,1006,Experience 1006,Action,0.8770181756508404,0.5275353377269014,0.8047332447846338,0.7517807092307816,28,Puzzle,Simulation,0.4940367596202861,0.4331449465878885,50,0.0,0.0,0.3666666666666666,0.6893035148356523,0,0.7386168448099083,103,0.27184466019417475,0.26703924747875485,0.41490654654181286,5
123,1044,Experience 1044,Action,0.8578996664042653,0.7405382156713768,0.540545681694017,0.9388053542070384,40,Action,Creative,0.746773429121776,0.2249327834953873,42,1.0,0.0,0.0333333333333333,0.7937722525722409,0,0.9040869328153489,112,0.2857142857142857,0.27913505636277913,0.8297495022767994,1
123,1116,Experience 1116,Action,0.6678760843020042,0.5482724230839826,0.6479003468582198,0.8466710505082435,57,Action,Creative,0.746773429121776,0.2249327834953873,42,1.0,0.0,0.25,0.9011269177364438,1,0.9044071377881128,113,0.21238938053097345,0.21688592060065298,0.7940812839694343,2
123,1009,Experience 1009,Action,0.7987178764315418,0.3460501829476273,0.2238314684756084,0.130890330850495,53,Action,Creative,0.746773429121776,0.2249327834953873,42,1.0,0.0,0.1833333333333333,0.4770580393538324,0,0.9689870056743808,104,0.28846153846153844,0.28101473741844224,0.7527259998302924,3
123,1092,Experience 1092,Sports,0.8280410369904486,0.5343815491606264,0.7426691928850321,0.6904019545155015,39,Action,Creative,0.746773429121776,0.2249327834953873,42,0.0,0.0,0.05,0.995895763763256,0,0.7364380539446975,128,0.2421875,0.2422015367559922,0.5395635021408349,4
123,1008,Experience 1008,Adventure,0.8415828324170402,0.3364498304651394,0.599089106012921,0.2728043301458357,40,Action,Creative,0.746773429121776,0.2249327834953873,42,0.0,0.0,0.0333333333333333,0.852315676891145,1,0.9982268162403914,117,0.27350427350427353,0.2689476455466193,0.46936360078251305,5
124,1029,Experience 1029,Puzzle,0.3418174116264629,0.7473540601800795,0.2448417750345193,0.4073623878629723,57,Puzzle,Creative,0.2777353294178747,0.8795758780071369,42,1.0,0.0,0.25,0.9671064456166446,1,0.9011301087164699,118,0.1864406779661017,0.1945349814484554,0.7639358861278811,1
124,1043,Experience 1043,Creative,0.8838983032607785,0.7641225701636372,0.5942808569171103,0.6062993981927156,47,Puzzle,Creative,0.2777353294178747,0.8795758780071369,42,0.0,1.0,0.0833333333333333,0.6834544725007644,1,0.9987446104875056,110,0.35454545454545455,0.3372755956914373,0.6708968022689493,2
124,1038,Experience 1038,Creative,0.8025898263845425,0.4058560569474049,0.8087225901435202,0.8729120163870842,60,Puzzle,Creative,0.2777353294178747,0.8795758780071369,42,0.0,1.0,0.3,0.4690127392743545,0,0.7720610628946073,108,0.2037037037037037,0.209733026874116,0.5765934304291841,3
124,1076,Experience 1076,Creative,0.7805257487778566,0.3562342599893083,0.7812983230640933,0.571167362055741,8,Puzzle,Creative,0.2777353294178747,0.8795758780071369,42,0.0,1.0,0.5666666666666667,0.4964370063537814,1,0.7778182819658,124,0.23387096774193547,0.23504046833254755,0.5363735635368743,4
124,1104,Experience 1104,Sports,0.7763284069557427,0.7928984171430337,0.1707069630824686,0.4638281104628762,33,Puzzle,Creative,0.2777353294178747,0.8795758780071369,42,0.0,0.0,0.15,0.8929716336645939,0,0.9156114781858798,119,0.17647058823529413,0.1859412046035025,0.5123486134204629,5
125,1034,Experience 1034,Strategy,0.5016628944231066,0.7184788322001798,0.7569144817322334,0.2251776661055454,11,Action,Strategy,0.8311320032935191,0.2783511221869266,21,0.0,1.0,0.1666666666666666,0.9257824784387144,0,0.7641040747149928,132,0.2196969696969697,0.22266991736767663,0.550863110156548,1
125,1025,Experience 1025,Social,0.838744739121835,0.7279884901895025,0.5876677647056102,0.0811540004238993,14,Action,Strategy,0.8311320032935191,0.2783511221869266,21,0.0,0.0,0.1166666666666666,0.7565357614120911,1,0.9509476574336972,120,0.31666666666666665,0.30604162457062034,0.5281326758373148,2
125,1023,Experience 1023,Strategy,0.934275144868182,0.4241492862896971,0.2179097364670654,0.7914514878076223,48,Action,Strategy,0.8311320032935191,0.2783511221869266,21,0.0,1.0,0.45,0.3867777331735463,0,0.8153359978733082,110,0.2818181818181818,0.2757371341529757,0.4940924236420495,3
125,1028,Experience 1028,Simulation,0.7474374024719366,0.7598079156453001,0.9057260947827066,0.4943145335346177,16,Action,Strategy,0.8311320032935191,0.2783511221869266,21,0.0,0.0,0.0833333333333333,0.9254059085108124,0,0.9106294791699653,122,0.22950819672131148,0.23130864394286513,0.46928955028674485,4
125,1074,Experience 1074,Social,0.7411737446379107,0.1336446501121093,0.5667526591354218,0.2130749343990023,32,Action,Strategy,0.8311320032935191,0.2783511221869266,21,0.0,0.0,0.1833333333333333,0.7356206558419027,0,0.8222775497394039,149,0.2953020134228188,0.28902856473305827,0.44852566953171885,5
126,1106,Experience 1106,Sports,0.8146785788760947,0.3647619692710552,0.6750256601127794,0.7960604476258709,49,Simulation,Sports,0.6738043520951668,0.5931504485940953,41,0.0,1.0,0.1333333333333333,0.9987786919823872,0,0.823517427220744,128,0.28125,0.275985320539776,0.6790630764983846,1
126,1015,Experience 1015,Sports,0.9316862802198296,0.7502302540767141,0.1563447605350174,0.9300033473547172,10,Simulation,Sports,0.6738043520951668,0.5931504485940953,41,0.0,1.0,0.5166666666666667,0.4825404084398507,0,0.8981665309911757,113,0.19469026548672566,0.20184832661569058,0.5850264320170044,2
126,1018,Experience 1018,Sports,0.595787399703456,0.7252492811161741,0.1405053734195307,0.867172276606706,36,Simulation,Sports,0.6738043520951668,0.5931504485940953,41,0.0,1.0,0.0833333333333333,0.466701021324364,1,0.7990303068769737,104,0.18269230769230768,0.19230505999908748,0.5462373823475808,3
126,1075,Experience 1075,Puzzle,0.7701763699744956,0.5714931074517187,0.7080993700732455,0.0043057756676786,58,Simulation,Sports,0.6738043520951668,0.5931504485940953,41,0.0,0.0,0.2833333333333333,0.9657049820219212,0,0.9043852769762739,114,0.22807017543859648,0.23019274208870782,0.49897340947239277,4
126,1052,Experience 1052,Creative,0.6879474895864814,0.8150878066775633,0.5427584275418881,0.4028796085076296,43,Simulation,Sports,0.6738043520951668,0.5931504485940953,41,0.0,0.0,0.0333333333333333,0.8689540754467213,1,0.8477775759456402,129,0.3178294573643411,0.30769011704622046,0.48385247950526694,5
127,1118,Experience 1118,Adventure,0.6594774101626886,0.3565880675711896,0.5086937555214479,0.0351168111096665,58,Adventure,Simulation,0.7106119576411216,0.3755421333043018,10,1.0,0.0,0.8,0.7980817978803263,1,0.8286332386221802,109,0.21100917431192662,0.21585912744098332,0.6700716725579233,1
127,1004,Experience 1004,Puzzle,0.809305382335664,0.5027055170834634,0.7716046143560276,0.3920600224154432,16,Adventure,Simulation,0.7106119576411216,0.3755421333043018,10,0.0,0.0,0.1,0.939007343285094,0,0.9394627412794422,123,0.21951219512195122,0.2226980939852227,0.45049925602450247,2
127,1100,Experience 1100,Sports,0.8539423752816214,0.5771516782683807,0.6603015579098336,0.097787997445443,39,Adventure,Simulation,0.7106119576411216,0.3755421333043018,10,0.0,0.0,0.4833333333333333,0.949689600268712,0,0.8566622969802692,107,0.3177570093457944,0.3058726570069831,0.4438141455756986,3
127,1106,Experience 1106,Sports,0.8146785788760947,0.3647619692710552,0.6750256601127794,0.7960604476258709,49,Adventure,Simulation,0.7106119576411216,0.3755421333043018,10,0.0,0.0,0.65,0.9644137024716578,0,0.7185389323133458,128,0.28125,0.275985320539776,0.39851205796423295,4
127,1050,Experience 1050,Sports,0.6444432625143321,0.2032573812502654,0.7840857883345029,0.0579453445381299,24,Adventure,Simulation,0.7106119576411216,0.3755421333043018,10,0.0,0.0,0.2333333333333333,0.9265261693066188,1,0.7101571300199274,107,0.27102803738317754,0.2665025782668255,0.3879639594250217,5
128,1008,Experience 1008,Adventure,0.8415828324170402,0.3364498304651394,0.599089106012921,0.2728043301458357,40,Adventure,Social,0.7722767545402913,0.8684206831995551,41,1.0,0.0,0.0166666666666666,0.8268123514726297,1,0.7951778613607774,117,0.27350427350427353,0.2689476455466193,0.8332996871745375,1
128,1040,Experience 1040,Adventure,0.8007594991172722,0.3266907558049443,0.1528993913771743,0.3143479426299048,10,Adventure,Social,0.7722767545402913,0.8684206831995551,41,1.0,0.0,0.5166666666666667,0.380622636836883,1,0.7016164192835355,109,0.2018348623853211,0.20810718945648718,0.7198673162949245,2
128,1058,Experience 1058,Social,0.5666390936836835,0.5294440043668863,0.4156619036213059,0.2647117106195373,52,Adventure,Social,0.7722767545402913,0.8684206831995551,41,0.0,1.0,0.1833333333333333,0.6433851490810145,0,0.7419646283543587,100,0.32,0.30704856199905706,0.647195941324871,3
128,1027,Experience 1027,Sports,0.8258355726034926,0.7779980359761599,0.5071112833110228,0.4772006332829246,49,Adventure,Social,0.7722767545402913,0.8684206831995551,41,0.0,0.0,0.1333333333333333,0.7348345287707315,0,0.824286515155013,111,0.23423423423423423,0.23546433160218966,0.5378270367268695,4
128,1075,Experience 1075,Puzzle,0.7701763699744956,0.5714931074517187,0.7080993700732455,0.0043057756676786,58,Adventure,Social,0.7722767545402913,0.8684206831995551,41,0.0,0.0,0.2833333333333333,0.9358226155329542,0,0.7530220119086143,114,0.22807017543859648,0.23019274208870782,0.5312301475910948,5
129,1097,Experience 1097,Social,0.6621084266035628,0.3766200397542547,0.5070806368539267,0.2458755870050586,23,Social,Adventure,0.4992064419298572,0.8744504790201973,42,1.0,0.0,0.3166666666666666,0.9921258050759304,1,0.9246758607820275,128,0.203125,0.20841775297220844,0.8299859745602893,1
129,1088,Experience 1088,Sports,0.931739259022481,0.4207879774878386,0.5549692853271866,0.4100487869149942,11,Social,Adventure,0.4992064419298572,0.8744504790201973,42,0.0,0.0,0.5166666666666667,0.9442371566026706,1,0.7202438425401338,113,0.3008849557522124,0.292073890525465,0.49181676965066934,2
129,1041,Experience 1041,Sports,0.6879201981801872,0.7175911275892214,0.4277301159158936,0.4016616340093764,51,Social,Adventure,0.4992064419298572,0.8744504790201973,42,0.0,0.0,0.15,0.9285236739860364,1,0.8232621237956994,132,0.18181818181818182,0.18977518052557135,0.4912985481694846,3
129,1108,Experience 1108,Puzzle,0.8425576923542274,0.4822507608830354,0.666849920378606,0.8027206052883656,21,Social,Adventure,0.4992064419298572,0.8744504790201973,42,0.0,0.0,0.35,0.8323565215512512,0,0.8185807652126472,92,0.2717391304347826,0.2664806021418468,0.46250022362382975,4
129,1064,Experience 1064,Puzzle,0.6204758892789963,0.4435351922580418,0.6632419642315316,0.276207363456566,49,Social,Adventure,0.4992064419298572,0.8744504790201973,42,0.0,0.0,0.1166666666666666,0.8359644776983256,0,0.7225675265103512,94,0.2765957446808511,0.27057743368321796,0.43963526103106193,5
130,1023,Experience 1023,Strategy,0.934275144868182,0.4241492862896971,0.2179097364670654,0.7914514878076223,48,Strategy,Puzzle,0.7225191978386958,0.6032017622331627,47,1.0,0.0,0.0166666666666666,0.4953905386283697,1,0.9566978233859383,110,0.2818181818181818,0.2757371341529757,0.7739034968480464,1
130,1069,Experience 1069,Puzzle,0.8068156107352968,0.6551858372056814,0.8842124935251735,0.2530347499296835,35,Strategy,Puzzle,0.7225191978386958,0.6032017622331627,47,0.0,1.0,0.2,0.8383067043135223,0,0.7614110784100759,121,0.2892561983471074,0.2825945208502613,0.6642642731313336,2
130,1004,Experience 1004,Puzzle,0.809305382335664,0.5027055170834634,0.7716046143560276,0.3920600224154432,16,Strategy,Puzzle,0.7225191978386958,0.6032017622331627,47,0.0,1.0,0.5166666666666667,0.9509145834826682,0,0.8654006241006186,123,0.21951219512195122,0.2226980939852227,0.6330166763938597,3
130,1085,Experience 1085,Social,0.715133524882573,0.3923165755464828,0.681782684374937,0.3715432084063615,41,Strategy,Puzzle,0.7225191978386958,0.6032017622331627,47,0.0,0.0,0.1,0.9592634865362412,0,0.9672089439971581,117,0.24786324786324787,0.24704983532764122,0.5389006679179286,4
130,1043,Experience 1043,Creative,0.8838983032607785,0.7641225701636372,0.5942808569171103,0.6062993981927156,47,Strategy,Puzzle,0.7225191978386958,0.6032017622331627,47,0.0,0.0,0.0,0.8717616590784145,1,0.7398738087977287,110,0.35454545454545455,0.3372755956914373,0.5324739652463376,5
131,1014,Experience 1014,Social,0.7084360738896248,0.6919622480914536,0.5066406143622445,0.7631554898199004,35,Social,Action,0.5195197005324059,0.8298264912680094,19,1.0,0.0,0.2666666666666666,0.9871209138298386,1,0.7103303275685481,117,0.29914529914529914,0.29084545576559745,0.8437954784918402,1
131,1098,Experience 1098,Social,0.534058177188557,0.4459803600128759,0.2707495249900757,0.7298152463028666,35,Social,Action,0.5195197005324059,0.8298264912680094,19,1.0,0.0,0.2666666666666666,0.7512298244576698,1,0.8601984136959152,130,0.26153846153846155,0.25897218293257895,0.7741342483106245,2
131,1055,Experience 1055,Action,0.9121309206982589,0.3826203354113438,0.2499073592941251,0.1919211614110854,38,Social,Action,0.5195197005324059,0.8298264912680094,19,0.0,1.0,0.3166666666666666,0.7303876587617193,1,0.7221402410478469,114,0.23684210526315788,0.237655428655872,0.603363756318116,3
131,1001,Experience 1001,Sports,0.6452560499996463,0.8044840559110404,0.5776422262968883,0.3608105614175153,41,Social,Action,0.5195197005324059,0.8298264912680094,19,0.0,0.0,0.3666666666666666,0.9418774742355176,0,0.9889589850453788,110,0.2545454545454545,0.25266021107605263,0.45932459678129794,4
131,1096,Experience 1096,Adventure,0.7903170826018652,0.4751627362769494,0.5362341337297925,0.9233469677258124,13,Social,Action,0.5195197005324059,0.8298264912680094,19,0.0,0.0,0.1,0.9832855668026136,0,0.932973529765713,123,0.25203252032520324,0.25067012195725064,0.45872796621429257,5
132,1052,Experience 1052,Creative,0.6879474895864814,0.8150878066775633,0.5427584275418881,0.4028796085076296,43,Creative,Action,0.594605874375341,0.6276089533472435,21,1.0,0.0,0.3666666666666666,0.9481525531665472,1,0.893662989550927,129,0.3178294573643411,0.30769011704622046,0.7957180767767926,1
132,1074,Experience 1074,Social,0.7411737446379107,0.1336446501121093,0.5667526591354218,0.2130749343990023,32,Creative,Action,0.594605874375341,0.6276089533472435,21,0.0,0.0,0.1833333333333333,0.9721467847600808,0,0.9662952056216976,149,0.2953020134228188,0.28902856473305827,0.4981097698490234,2
132,1097,Experience 1097,Social,0.6621084266035628,0.3766200397542547,0.5070806368539267,0.2458755870050586,23,Creative,Action,0.594605874375341,0.6276089533472435,21,0.0,0.0,0.0333333333333333,0.9124747624785856,0,0.8214865879610294,128,0.203125,0.20841775297220844,0.4973401816387416,3
132,1108,Experience 1108,Puzzle,0.8425576923542274,0.4822507608830354,0.666849920378606,0.8027206052883656,21,Creative,Action,0.594605874375341,0.6276089533472435,21,0.0,0.0,0.0,0.9277559539967348,1,0.8350264195206236,92,0.2717391304347826,0.2664806021418468,0.4972166797302365,4
132,1027,Experience 1027,Sports,0.8258355726034926,0.7779980359761599,0.5071112833110228,0.4772006332829246,49,Creative,Action,0.594605874375341,0.6276089533472435,21,0.0,0.0,0.4666666666666667,0.912505408935682,0,0.9928753033381608,111,0.23423423423423423,0.23546433160218966,0.47785376360546583,5
133,1055,Experience 1055,Action,0.9121309206982589,0.3826203354113438,0.2499073592941251,0.1919211614110854,38,Action,Social,0.9203702867199468,0.5612139278810462,25,1.0,0.0,0.2166666666666666,0.3295370725741782,1,0.7114490668365396,114,0.23684210526315788,0.237655428655872,0.7775719093105752,1
133,1032,Experience 1032,Action,0.9183909657409184,0.1782087510115781,0.2798409650960937,0.836613041032693,59,Action,Social,0.9203702867199468,0.5612139278810462,25,1.0,0.0,0.5666666666666667,0.3594706783761467,0,0.8937179920157436,120,0.275,0.27032733885633464,0.7429713061293467,2
133,1059,Experience 1059,Social,0.7489549716721217,0.4911530499138364,0.6826986067555766,0.9132851837019758,49,Action,Social,0.9203702867199468,0.5612139278810462,25,0.0,1.0,0.4,0.7623283200356297,0,0.7011212103254348,105,0.34285714285714286,0.32676661951909475,0.6824089562357813,3
133,1074,Experience 1074,Social,0.7411737446379107,0.1336446501121093,0.5667526591354218,0.2130749343990023,32,Action,Social,0.9203702867199468,0.5612139278810462,25,0.0,1.0,0.1166666666666666,0.6463823724154749,0,0.9499781721733874,149,0.2953020134228188,0.28902856473305827,0.6648219216974454,4
133,1061,Experience 1061,Social,0.9515114053456256,0.4883887845440612,0.3838014404080356,0.6777086144544695,56,Action,Social,0.9203702867199468,0.5612139278810462,25,0.0,1.0,0.5166666666666667,0.4634311536880886,0,0.7482858614299411,113,0.3274336283185841,0.3146302815029086,0.6638301609370341,5
134,1032,Experience 1032,Action,0.9183909657409184,0.1782087510115781,0.2798409650960937,0.836613041032693,59,Action,Social,0.7060383999613741,0.3645974177426964,36,1.0,0.0,0.3833333333333333,0.5738025651347196,0,0.8065906357890552,120,0.275,0.27032733885633464,0.7836632891825106,1
134,1085,Experience 1085,Social,0.715133524882573,0.3923165755464828,0.681782684374937,0.3715432084063615,41,Action,Social,0.7060383999613741,0.3645974177426964,36,0.0,1.0,0.0833333333333333,0.975744284413563,1,0.8762955577668139,117,0.24786324786324787,0.24704983532764122,0.7308661428655023,2
134,1014,Experience 1014,Social,0.7084360738896248,0.6919622480914536,0.5066406143622445,0.7631554898199004,35,Action,Social,0.7060383999613741,0.3645974177426964,36,0.0,1.0,0.0166666666666666,0.8006022144008704,1,0.8971809814750514,117,0.29914529914529914,0.29084545576559745,0.7188938720535064,3
134,1109,Experience 1109,Social,0.5415451963988065,0.6320276759129257,0.4602651355822746,0.2660308726216652,48,Action,Social,0.7060383999613741,0.3645974177426964,36,0.0,1.0,0.2,0.7542267356209005,1,0.7159980130745364,125,0.312,0.30238501682680585,0.6605168667887086,4
134,1079,Experience 1079,Social,0.6252808613431486,0.1651788036494796,0.2355254260756802,0.2079980737084605,56,Action,Social,0.7060383999613741,0.3645974177426964,36,0.0,1.0,0.3333333333333333,0.5294870261143062,1,0.8301392505189514,123,0.2032520325203252,0.2087120799992087,0.590830726707525,5
135,1002,Experience 1002,Social,0.5654662227449457,0.1419781043952984,0.4876512775379703,0.1763555764178013,30,Social,Strategy,0.4013259444098763,0.234900955705054,27,1.0,0.0,0.05,0.913674666871906,1,0.9123556999996716,125,0.312,0.30238501682680585,0.7910360425602336,1
135,1027,Experience 1027,Sports,0.8258355726034926,0.7779980359761599,0.5071112833110228,0.4772006332829246,49,Social,Strategy,0.4013259444098763,0.234900955705054,27,0.0,0.0,0.3666666666666666,0.8942146610988535,1,0.7516605827571522,111,0.23423423423423423,0.23546433160218966,0.46747439987320044,2
135,1020,Experience 1020,Simulation,0.8220634578382588,0.5054615596538111,0.3982077558970217,0.6135164847298321,13,Social,Strategy,0.4013259444098763,0.234900955705054,27,0.0,0.0,0.2333333333333333,0.9968818114871454,1,0.9873961153881796,129,0.21705426356589147,0.22044179489856944,0.43463901902011676,3
135,1075,Experience 1075,Puzzle,0.7701763699744956,0.5714931074517187,0.7080993700732455,0.0043057756676786,58,Social,Strategy,0.4013259444098763,0.234900955705054,27,0.0,0.0,0.5166666666666667,0.6932265743366308,0,0.996291694276736,114,0.22807017543859648,0.23019274208870782,0.39168302603481386,4
135,1101,Experience 1101,Adventure,0.7760911633714107,0.1624374115097873,0.2510263664566988,0.468231405693584,28,Social,Strategy,0.4013259444098763,0.234900955705054,27,0.0,0.0,0.0166666666666666,0.8497004220468225,0,0.9257669203554106,106,0.19811320754716982,0.20512561460227657,0.39007837618348395,5
136,1037,Experience 1037,Sports,0.7994490651436071,0.7023148063737304,0.3263399911584964,0.9948242136208678,35,Sports,Adventure,0.5881361169188354,0.1006285331912617,48,1.0,0.0,0.2166666666666666,0.738203874239661,1,0.7786539841349606,120,0.30833333333333335,0.29889876742776317,0.7839025490698176,1
136,1005,Experience 1005,Sports,0.725440926488475,0.5102685875213342,0.2459903544501388,0.2409271164143122,19,Sports,Adventure,0.5881361169188354,0.1006285331912617,48,1.0,0.0,0.4833333333333333,0.6578542375313035,1,0.8254473410929813,114,0.2543859649122807,0.25258080179020037,0.729783601788584,2
136,1008,Experience 1008,Adventure,0.8415828324170402,0.3364498304651394,0.599089106012921,0.2728043301458357,40,Sports,Adventure,0.5881361169188354,0.1006285331912617,48,0.0,1.0,0.1333333333333333,0.9890470109059144,0,0.8931854991596642,117,0.27350427350427353,0.2689476455466193,0.6170845312697203,3
136,1096,Experience 1096,Adventure,0.7903170826018652,0.4751627362769494,0.5362341337297925,0.9233469677258124,13,Sports,Adventure,0.5881361169188354,0.1006285331912617,48,0.0,1.0,0.5833333333333334,0.9480980168109572,0,0.9120879167988034,123,0.25203252032520324,0.25067012195725064,0.5469389927487166,4
136,1057,Experience 1057,Adventure,0.6456559365327232,0.2179960435691,0.3788184780326499,0.8119882015105448,28,Sports,Adventure,0.5881361169188354,0.1006285331912617,48,0.0,1.0,0.3333333333333333,0.7906823611138145,0,0.9892710730023955,128,0.203125,0.20841775297220844,0.48717886282770556,5
137,1099,Experience 1099,Adventure,0.8332801744008336,0.4077151465805127,0.8307594812615263,0.7545731382181347,49,Adventure,Simulation,0.5069323131825516,0.8912492695083221,22,1.0,0.0,0.45,0.6761728319210253,0,0.7153940211413321,119,0.2605042016806723,0.25788365064666796,0.7535515662132098,1
137,1117,Experience 1117,Adventure,0.4143954852484882,0.5042520610293434,0.5381695778516243,0.3991953026577904,51,Adventure,Simulation,0.5069323131825516,0.8912492695083221,22,1.0,0.0,0.4833333333333333,0.9687627353309272,0,0.8053339358490935,114,0.17543859649122806,0.18541662268572273,0.7075905253988088,2
137,1020,Experience 1020,Simulation,0.8220634578382588,0.5054615596538111,0.3982077558970217,0.6135164847298321,13,Adventure,Simulation,0.5069323131825516,0.8912492695083221,22,0.0,1.0,0.15,0.89127544271447,0,0.8357426708408686,129,0.21705426356589147,0.22044179489856944,0.6092046344128782,3
137,1061,Experience 1061,Social,0.9515114053456256,0.4883887845440612,0.3838014404080356,0.6777086144544695,56,Adventure,Simulation,0.5069323131825516,0.8912492695083221,22,0.0,0.0,0.5666666666666667,0.876869127225484,0,0.7814875883095199,113,0.3274336283185841,0.3146302815029086,0.5110297412127703,4
137,1027,Experience 1027,Sports,0.8258355726034926,0.7779980359761599,0.5071112833110228,0.4772006332829246,49,Adventure,Simulation,0.5069323131825516,0.8912492695083221,22,0.0,0.0,0.45,0.9998210298715288,0,0.7127967016847205,111,0.23423423423423423,0.23546433160218966,0.49181052393911057,5
138,1036,Experience 1036,Sports,0.9655169972756756,0.2298411882545339,0.2550485289661252,0.8478368672236546,17,Adventure,Sports,0.4836228257488145,0.8091641344226193,10,0.0,1.0,0.1166666666666666,0.7714257032173106,1,0.8765460649526884,129,0.26356589147286824,0.2607102512744084,0.6606948318933998,1
138,1024,Experience 1024,Sports,0.7120515552427965,0.5535760301547662,0.4935230317114728,0.4609313910731102,39,Adventure,Sports,0.4836228257488145,0.8091641344226193,10,0.0,1.0,0.4833333333333333,0.9900997940373416,0,0.8869849109823396,138,0.2608695652173913,0.25851789518915724,0.6406788234164844,2
138,1102,Experience 1102,Sports,0.9402838286695968,0.4125021221616953,0.1907643304361418,0.200562471321554,40,Adventure,Sports,0.4836228257488145,0.8091641344226193,10,0.0,1.0,0.5,0.7071415046873273,1,0.8995456711110397,117,0.3076923076923077,0.29814472583859014,0.6287478615604772,3
138,1018,Experience 1018,Sports,0.595787399703456,0.7252492811161741,0.1405053734195307,0.867172276606706,36,Adventure,Sports,0.4836228257488145,0.8091641344226193,10,0.0,1.0,0.4333333333333333,0.6568825476707162,0,0.7391944555995317,104,0.18269230769230768,0.19230505999908748,0.5554613515627324,4
138,1061,Experience 1061,Social,0.9515114053456256,0.4883887845440612,0.3838014404080356,0.6777086144544695,56,Adventure,Sports,0.4836228257488145,0.8091641344226193,10,0.0,0.0,0.7666666666666667,0.900178614659221,0,0.8226878357639592,113,0.3274336283185841,0.3146302815029086,0.5285716526438736,5
139,1039,Experience 1039,Social,0.8194814495513689,0.2752805682140255,0.2419454802582048,0.889899007072331,47,Simulation,Action,0.2051227598210748,0.2637547040761093,38,0.0,0.0,0.15,0.96317727956287,0,0.7011719513589654,110,0.2636363636363636,0.2603525187683603,0.4877552666710175,1
139,1005,Experience 1005,Sports,0.725440926488475,0.5102685875213342,0.2459903544501388,0.2409271164143122,19,Simulation,Action,0.2051227598210748,0.2637547040761093,38,0.0,0.0,0.3166666666666666,0.959132405370936,1,0.8828612333415535,114,0.2543859649122807,0.25258080179020037,0.41712394940172204,2
139,1106,Experience 1106,Sports,0.8146785788760947,0.3647619692710552,0.6750256601127794,0.7960604476258709,49,Simulation,Action,0.2051227598210748,0.2637547040761093,38,0.0,0.0,0.1833333333333333,0.5300970997082954,0,0.7318147494664614,128,0.28125,0.275985320539776,0.38499121185954105,3
139,1062,Experience 1062,Creative,0.7566608128373626,0.2501254620138091,0.431135077105207,0.8144738760309339,50,Simulation,Action,0.2051227598210748,0.2637547040761093,38,0.0,0.0,0.2,0.7739876827158678,0,0.8265863993832765,118,0.2033898305084746,0.20902773507164382,0.37444603857954695,4
139,1075,Experience 1075,Puzzle,0.7701763699744956,0.5714931074517187,0.7080993700732455,0.0043057756676786,58,Simulation,Action,0.2051227598210748,0.2637547040761093,38,0.0,0.0,0.3333333333333333,0.4970233897478293,0,0.7136218717417899,114,0.22807017543859648,0.23019274208870782,0.3695969969162828,5
140,1081,Experience 1081,Puzzle,0.5738102986510725,0.5468042713764619,0.3811493240377567,0.8099407364448706,60,Puzzle,Simulation,0.4808835504406306,0.3390157924137961,20,1.0,0.0,0.6666666666666666,0.9002657735971261,1,0.9367645211457797,107,0.18691588785046728,0.1956364365345421,0.7033395430239,1
140,1114,Experience 1114,Simulation,0.9094073794904848,0.2867325336723821,0.0751050358773748,0.4020477981570693,23,Puzzle,Simulation,0.4808835504406306,0.3390157924137961,20,0.0,1.0,0.05,0.5942214854367442,1,0.7200998768804775,138,0.2318840579710145,0.23320143949295472,0.5344804753475287,2
140,1078,Experience 1078,Simulation,0.9139745006021852,0.4875947260651535,0.1081242288365573,0.0386443098268846,51,Puzzle,Simulation,0.4808835504406306,0.3390157924137961,20,0.0,1.0,0.5166666666666667,0.6272406783959268,1,0.9375637453482814,97,0.23711340206185566,0.23799852512723801,0.5186211006472977,3
140,1044,Experience 1044,Action,0.8578996664042653,0.7405382156713768,0.540545681694017,0.9388053542070384,40,Puzzle,Simulation,0.4808835504406306,0.3390157924137961,20,0.0,0.0,0.3333333333333333,0.9403378687466136,0,0.9357520406753592,112,0.2857142857142857,0.27913505636277913,0.442876728934612,4
140,1015,Experience 1015,Sports,0.9316862802198296,0.7502302540767141,0.1563447605350174,0.9300033473547172,10,Puzzle,Simulation,0.4808835504406306,0.3390157924137961,20,0.0,0.0,0.1666666666666666,0.6754612100943869,0,0.9775948215085007,113,0.19469026548672566,0.20184832661569058,0.43137923004809087,5
141,1051,Experience 1051,Adventure,0.7608650542535511,0.4945204429565272,0.5049786641965721,0.9492935230092574,34,Adventure,Action,0.507283923380279,0.4773668701227708,54,1.0,0.0,0.3333333333333333,0.9976947408162932,1,0.7329098119790378,122,0.2459016393442623,0.24539315098511863,0.7864338364564326,1
141,1044,Experience 1044,Action,0.8578996664042653,0.7405382156713768,0.540545681694017,0.9388053542070384,40,Adventure,Action,0.507283923380279,0.4773668701227708,54,0.0,1.0,0.2333333333333333,0.966738241686262,1,0.7461315560849431,112,0.2857142857142857,0.27913505636277913,0.6628285924294584,2
141,1027,Experience 1027,Sports,0.8258355726034926,0.7779980359761599,0.5071112833110228,0.4772006332829246,49,Adventure,Action,0.507283923380279,0.4773668701227708,54,0.0,0.0,0.0833333333333333,0.999827359930744,0,0.762864659591198,111,0.23423423423423423,0.23546433160218966,0.5375852724005986,3
141,1109,Experience 1109,Social,0.5415451963988065,0.6320276759129257,0.4602651355822746,0.2660308726216652,48,Adventure,Action,0.507283923380279,0.4773668701227708,54,0.0,0.0,0.1,0.9529812122019956,0,0.922185965028681,125,0.312,0.30238501682680585,0.49318016995067243,4
141,1074,Experience 1074,Social,0.7411737446379107,0.1336446501121093,0.5667526591354218,0.2130749343990023,32,Adventure,Action,0.507283923380279,0.4773668701227708,54,0.0,0.0,0.3666666666666666,0.9405312642448572,0,0.7259635413974642,149,0.2953020134228188,0.28902856473305827,0.47723962925037605,5
142,1057,Experience 1057,Adventure,0.6456559365327232,0.2179960435691,0.3788184780326499,0.8119882015105448,28,Social,Adventure,0.2295028468336963,0.2819550400516361,39,0.0,1.0,0.1833333333333333,0.8506843688010464,1,0.9177258521673028,128,0.203125,0.20841775297220844,0.5241633021486103,1
142,1118,Experience 1118,Adventure,0.6594774101626886,0.3565880675711896,0.5086937555214479,0.0351168111096665,58,Social,Adventure,0.2295028468336963,0.2819550400516361,39,0.0,1.0,0.3166666666666666,0.7208090913122485,0,0.7299254122269173,109,0.21100917431192662,0.21585912744098332,0.5210747525026741,2
142,1104,Experience 1104,Sports,0.7763284069557427,0.7928984171430337,0.1707069630824686,0.4638281104628762,33,Social,Adventure,0.2295028468336963,0.2819550400516361,39,0.0,0.0,0.1,0.9412041162487724,0,0.9133137757447548,119,0.17647058823529413,0.1859412046035025,0.4854084721357991,3
142,1013,Experience 1013,Sports,0.8486275995976889,0.743877614526904,0.1274827038621261,0.2359972626205526,20,Social,Adventure,0.2295028468336963,0.2819550400516361,39,0.0,0.0,0.3166666666666666,0.8979798570284299,0,0.713064711256422,116,0.3017241379310345,0.29298402529328565,0.46796160657740715,4
142,1009,Experience 1009,Action,0.7987178764315418,0.3460501829476273,0.2238314684756084,0.130890330850495,53,Social,Adventure,0.2295028468336963,0.2819550400516361,39,0.0,0.0,0.2333333333333333,0.9943286216419122,0,0.9492776467881697,104,0.28846153846153844,0.28101473741844224,0.4435302292820904,5
143,1045,Experience 1045,Strategy,0.6865679540637682,0.4124899761623172,0.8858497306039471,0.3446408865116177,23,Adventure,Strategy,0.5314886793041748,0.3952305490105132,25,0.0,1.0,0.0333333333333333,0.6456389487002276,1,0.7204149936984497,95,0.14736842105263157,0.16387676034684212,0.5365495818490901,1
143,1061,Experience 1061,Social,0.9515114053456256,0.4883887845440612,0.3838014404080356,0.6777086144544695,56,Adventure,Strategy,0.5314886793041748,0.3952305490105132,25,0.0,0.0,0.5166666666666667,0.8523127611038608,1,0.7618558567072494,113,0.3274336283185841,0.3146302815029086,0.49813687802277634,2
143,1039,Experience 1039,Social,0.8194814495513689,0.2752805682140255,0.2419454802582048,0.889899007072331,47,Adventure,Strategy,0.5314886793041748,0.3952305490105132,25,0.0,0.0,0.3666666666666666,0.7104568009540301,0,0.9785315025027045,110,0.2636363636363636,0.2603525187683603,0.4297098100818555,3
143,1091,Experience 1091,Sports,0.6742348817628386,0.2717222536331008,0.7498162980972818,0.6422524185679935,12,Adventure,Strategy,0.5314886793041748,0.3952305490105132,25,0.0,0.0,0.2166666666666666,0.781672381206893,0,0.9772753149791005,105,0.2571428571428571,0.25476661951909474,0.3887901697749415,4
143,1103,Experience 1103,Action,0.6677544964493587,0.4461723957193605,0.794276194278496,0.1853752728024856,59,Adventure,Strategy,0.5314886793041748,0.3952305490105132,25,0.0,0.0,0.5666666666666667,0.7372124850256787,1,0.9697073562623768,121,0.23140495867768596,0.23294913077933935,0.35559136649858136,5
144,1044,Experience 1044,Action,0.8578996664042653,0.7405382156713768,0.540545681694017,0.9388053542070384,40,Action,Puzzle,0.544007115847428,0.5053098653411685,11,1.0,0.0,0.4833333333333333,0.996538565846589,1,0.99837917117547,112,0.2857142857142857,0.27913505636277913,0.8256226371368172,1
144,1086,Experience 1086,Action,0.6307900998772656,0.1325899003231649,0.3014212434741936,0.1888364204756389,42,Action,Puzzle,0.544007115847428,0.5053098653411685,11,1.0,0.0,0.5166666666666667,0.7574141276267656,0,0.8083409031227027,127,0.2283464566929134,0.2302437240808629,0.7215362237273747,2
144,1090,Experience 1090,Puzzle,0.5586098880458512,0.4251872277402517,0.5338484342208252,0.861814417816014,19,Action,Puzzle,0.544007115847428,0.5053098653411685,11,0.0,1.0,0.1333333333333333,0.9898413183733972,0,0.9949452124233006,121,0.2727272727272727,0.26841012368714073,0.6024951520979669,3
144,1088,Experience 1088,Sports,0.931739259022481,0.4207879774878386,0.5549692853271866,0.4100487869149942,11,Action,Puzzle,0.544007115847428,0.5053098653411685,11,0.0,0.0,0.0,0.9890378305202414,0,0.8775782748266653,113,0.3008849557522124,0.292073890525465,0.5559489827946335,4
144,1081,Experience 1081,Puzzle,0.5738102986510725,0.5468042713764619,0.3811493240377567,0.8099407364448706,60,Action,Puzzle,0.544007115847428,0.5053098653411685,11,0.0,1.0,0.8166666666666667,0.8371422081903287,0,0.9212788573441802,107,0.18691588785046728,0.1956364365345421,0.520994295984774,5
145,1108,Experience 1108,Puzzle,0.8425576923542274,0.4822507608830354,0.666849920378606,0.8027206052883656,21,Puzzle,Action,0.7829740460182022,0.4042729654147886,23,1.0,0.0,0.0333333333333333,0.8838758743604038,0,0.724179481559377,92,0.2717391304347826,0.2664806021418468,0.8072062108421397,1
145,1045,Experience 1045,Strategy,0.6865679540637682,0.4124899761623172,0.8858497306039471,0.3446408865116177,23,Puzzle,Action,0.7829740460182022,0.4042729654147886,23,0.0,0.0,0.0,0.8971243154142551,0,0.8422836346535546,95,0.14736842105263157,0.16387676034684212,0.4066514205643307,2
145,1067,Experience 1067,Creative,0.788764048918011,0.4580972487220676,0.5921026845821029,0.4299570499000478,43,Puzzle,Action,0.7829740460182022,0.4042729654147886,23,0.0,0.0,0.3333333333333333,0.8091286385639007,0,0.7893444265793854,119,0.31092436974789917,0.30104911827256725,0.40044842071682724,3
145,1095,Experience 1095,Creative,0.5802362817422383,0.4006003917193433,0.7708173982045061,0.4033544032491283,54,Puzzle,Action,0.7829740460182022,0.4042729654147886,23,0.0,0.0,0.5166666666666667,0.987843352186304,1,0.9467568905004513,111,0.1981981981981982,0.2049299804571515,0.3664234747963199,4
145,1094,Experience 1094,Strategy,0.777065958629862,0.5840090382012306,0.3016147592800985,0.4118434403009737,40,Puzzle,Action,0.7829740460182022,0.4042729654147886,23,0.0,0.0,0.2833333333333333,0.5186407132618964,0,0.8896589670769742,114,0.21929824561403508,0.22273005552154362,0.3318722773771197,5
146,1017,Experience 1017,Adventure,0.8986224157650411,0.4138920991005588,0.5580723954683906,0.6429984233408326,53,Creative,Adventure,0.8077593495928024,0.3640952005749526,46,0.0,1.0,0.1166666666666666,0.7503130458755882,0,0.9389142269916695,125,0.256,0.25410915475784035,0.6070844765321036,1
146,1027,Experience 1027,Sports,0.8258355726034926,0.7779980359761599,0.5071112833110228,0.4772006332829246,49,Creative,Adventure,0.8077593495928024,0.3640952005749526,46,0.0,0.0,0.05,0.6993519337182205,0,0.9725300455110187,111,0.23423423423423423,0.23546433160218966,0.47753038042635576,2
146,1004,Experience 1004,Puzzle,0.809305382335664,0.5027055170834634,0.7716046143560276,0.3920600224154432,16,Creative,Adventure,0.8077593495928024,0.3640952005749526,46,0.0,0.0,0.5,0.9638452647632252,0,0.9346898979216046,123,0.21951219512195122,0.2226980939852227,0.4451699907896831,3
146,1108,Experience 1108,Puzzle,0.8425576923542274,0.4822507608830354,0.666849920378606,0.8027206052883656,21,Creative,Adventure,0.8077593495928024,0.3640952005749526,46,0.0,0.0,0.4166666666666667,0.8590905707858036,0,0.9897904407012773,92,0.2717391304347826,0.2664806021418468,0.43488707832506013,4
146,1119,Experience 1119,Action,0.8086136050725224,0.7572883677081093,0.5086964614589882,0.1619415702496311,9,Creative,Adventure,0.8077593495928024,0.3640952005749526,46,0.0,0.0,0.6166666666666667,0.7009371118661858,0,0.913255230636016,115,0.30434782608695654,0.29515427733249516,0.3907748438718408,5
147,1060,Experience 1060,Strategy,0.8620933017122632,0.1051567799118504,0.3772606570904063,0.1400554046894906,58,Strategy,Puzzle,0.3163701460782881,0.5453633108817028,24,1.0,0.0,0.5666666666666667,0.9391094889878818,1,0.7350355528640741,102,0.27450980392156865,0.2692280937695643,0.7625675356544019,1
147,1034,Experience 1034,Strategy,0.5016628944231066,0.7184788322001798,0.7569144817322334,0.2251776661055454,11,Strategy,Puzzle,0.3163701460782881,0.5453633108817028,24,1.0,0.0,0.2166666666666666,0.5594556643460546,1,0.940116848040889,132,0.2196969696969697,0.22266991736767663,0.7077333186508732,2
147,1102,Experience 1102,Sports,0.9402838286695968,0.4125021221616953,0.1907643304361418,0.200562471321554,40,Strategy,Puzzle,0.3163701460782881,0.5453633108817028,24,0.0,0.0,0.2666666666666666,0.8743941843578537,0,0.7821628914100427,117,0.3076923076923077,0.29814472583859014,0.49031955520130865,3
147,1088,Experience 1088,Sports,0.931739259022481,0.4207879774878386,0.5549692853271866,0.4100487869149942,11,Strategy,Puzzle,0.3163701460782881,0.5453633108817028,24,0.0,0.0,0.2166666666666666,0.7614008607511016,0,0.886030165306389,113,0.3008849557522124,0.292073890525465,0.4801989831830059,4
147,1084,Experience 1084,Social,0.6722561348379004,0.2863456816441453,0.5362524927433157,0.7470758006298863,26,Strategy,Puzzle,0.3163701460782881,0.5453633108817028,24,0.0,0.0,0.0333333333333333,0.7801176533349725,0,0.985677885969585,111,0.35135135135135137,0.3347009728235637,0.473747714612527,5
148,1114,Experience 1114,Simulation,0.9094073794904848,0.2867325336723821,0.0751050358773748,0.4020477981570693,23,Simulation,Action,0.4823568257293596,0.7028261017139179,43,1.0,0.0,0.3333333333333333,0.5927482101480153,1,0.73122970510768,138,0.2318840579710145,0.23320143949295472,0.7374336194889544,1
148,1032,Experience 1032,Action,0.9183909657409184,0.1782087510115781,0.2798409650960937,0.836613041032693,59,Simulation,Action,0.4823568257293596,0.7028261017139179,43,0.0,1.0,0.2666666666666666,0.797484139366734,1,0.9790639180748976,120,0.275,0.27032733885633464,0.5924041948510478,2
148,1027,Experience 1027,Sports,0.8258355726034926,0.7779980359761599,0.5071112833110228,0.4772006332829246,49,Simulation,Action,0.4823568257293596,0.7028261017139179,43,0.0,0.0,0.1,0.9752455424183368,0,0.8036526551120006,111,0.23423423423423423,0.23546433160218966,0.5222326317417032,3
148,1051,Experience 1051,Adventure,0.7608650542535511,0.4945204429565272,0.5049786641965721,0.9492935230092574,34,Simulation,Action,0.4823568257293596,0.7028261017139179,43,0.0,0.0,0.15,0.9773781615327874,1,0.9004100010000853,122,0.2459016393442623,0.24539315098511863,0.43671510809773834,4
148,1094,Experience 1094,Strategy,0.777065958629862,0.5840090382012306,0.3016147592800985,0.4118434403009737,40,Simulation,Action,0.4823568257293596,0.7028261017139179,43,0.0,0.0,0.05,0.819257933550739,0,0.9565856383185787,114,0.21929824561403508,0.22273005552154362,0.4219183661124283,5
149,1042,Experience 1042,Social,0.3938579788705362,0.1390150525777733,0.8546241607610466,0.268085104820551,16,Creative,Social,0.5478925297199911,0.1786273366236424,10,0.0,1.0,0.1,0.6932683689589445,0,0.864106477317075,124,0.24193548387096775,0.241984912776992,0.5641126102632743,1
149,1005,Experience 1005,Sports,0.725440926488475,0.5102685875213342,0.2459903544501388,0.2409271164143122,19,Creative,Social,0.5478925297199911,0.1786273366236424,10,0.0,0.0,0.15,0.6980978247301477,0,0.9486356859619094,114,0.2543859649122807,0.25258080179020037,0.4298161730348876,2
149,1104,Experience 1104,Sports,0.7763284069557427,0.7928984171430337,0.1707069630824686,0.4638281104628762,33,Creative,Social,0.5478925297199911,0.1786273366236424,10,0.0,0.0,0.3833333333333333,0.6228144333624774,0,0.7042471558313695,119,0.17647058823529413,0.1859412046035025,0.4240639990753576,3
149,1105,Experience 1105,Sports,0.6106599794863272,0.6391373818905719,0.6213931070244737,0.2894297075080649,54,Creative,Social,0.5478925297199911,0.1786273366236424,10,0.0,0.0,0.7333333333333333,0.9264994226955174,1,0.8181224173026859,130,0.23076923076923078,0.2323055162659123,0.4107073951187517,4
149,1101,Experience 1101,Adventure,0.7760911633714107,0.1624374115097873,0.2510263664566988,0.468231405693584,28,Creative,Social,0.5478925297199911,0.1786273366236424,10,0.0,0.0,0.3,0.7031338367367077,1,0.8940390733756594,106,0.19811320754716982,0.20512561460227657,0.3689574327519794,5
150,1008,Experience 1008,Adventure,0.8415828324170402,0.3364498304651394,0.599089106012921,0.2728043301458357,40,Adventure,Strategy,0.7346294684879277,0.2757544039439453,21,1.0,0.0,0.3166666666666666,0.8644596375249933,1,0.902849351763247,117,0.27350427350427353,0.2689476455466193,0.7632177354699341,1
150,1096,Experience 1096,Adventure,0.7903170826018652,0.4751627362769494,0.5362341337297925,0.9233469677258124,13,Adventure,Strategy,0.7346294684879277,0.2757544039439453,21,1.0,0.0,0.1333333333333333,0.8016046652418648,1,0.7842408233523267,123,0.25203252032520324,0.25067012195725064,0.7564164668742919,2
150,1017,Experience 1017,Adventure,0.8986224157650411,0.4138920991005588,0.5580723954683906,0.6429984233408326,53,Adventure,Strategy,0.7346294684879277,0.2757544039439453,21,1.0,0.0,0.5333333333333333,0.823442926980463,0,0.7138249356700879,125,0.256,0.25410915475784035,0.7538935998347442,3
150,1117,Experience 1117,Adventure,0.4143954852484882,0.5042520610293434,0.5381695778516243,0.3991953026577904,51,Adventure,Strategy,0.7346294684879277,0.2757544039439453,21,1.0,0.0,0.5,0.8035401093636967,1,0.8266206594582541,114,0.17543859649122806,0.18541662268572273,0.6590401896157747,4
150,1094,Experience 1094,Strategy,0.777065958629862,0.5840090382012306,0.3016147592800985,0.4118434403009737,40,Adventure,Strategy,0.7346294684879277,0.2757544039439453,21,0.0,1.0,0.3166666666666666,0.5669852907921709,0,0.8173358486855424,114,0.21929824561403508,0.22273005552154362,0.49753983376595096,5
151,1056,Experience 1056,Simulation,0.5850817489192739,0.1274880872408227,0.8708251250831834,0.1754622465790878,53,Simulation,Social,0.6120849523551165,0.2496440916873475,14,1.0,0.0,0.65,0.7412598272719331,1,0.7595150985170682,128,0.1640625,0.17463396918842464,0.6885841816985699,1
151,1097,Experience 1097,Social,0.6621084266035628,0.3766200397542547,0.5070806368539267,0.2458755870050586,23,Simulation,Social,0.6120849523551165,0.2496440916873475,14,0.0,1.0,0.15,0.8949956844988102,0,0.84283122954036,128,0.203125,0.20841775297220844,0.6470727737090848,2
151,1061,Experience 1061,Social,0.9515114053456256,0.4883887845440612,0.3838014404080356,0.6777086144544695,56,Simulation,Social,0.6120849523551165,0.2496440916873475,14,0.0,1.0,0.7,0.771716488052919,0,0.7651442581701923,113,0.3274336283185841,0.3146302815029086,0.6467600719711427,3
151,1059,Experience 1059,Social,0.7489549716721217,0.4911530499138364,0.6826986067555766,0.9132851837019758,49,Simulation,Social,0.6120849523551165,0.2496440916873475,14,0.0,1.0,0.5833333333333334,0.92938634559954,0,0.8407117418086429,105,0.34285714285714286,0.32676661951909475,0.6432963338556958,4
151,1079,Experience 1079,Social,0.6252808613431486,0.1651788036494796,0.2355254260756802,0.2079980737084605,56,Simulation,Social,0.6120849523551165,0.2496440916873475,14,0.0,1.0,0.7,0.6234404737205638,0,0.7210862617418836,123,0.2032520325203252,0.2087120799992087,0.51653021350681,5
152,1051,Experience 1051,Adventure,0.7608650542535511,0.4945204429565272,0.5049786641965721,0.9492935230092574,34,Action,Adventure,0.6974194340054991,0.376233880803176,49,0.0,1.0,0.25,0.807559230191073,1,0.8156821576884813,122,0.2459016393442623,0.24539315098511863,0.5840990669619187,1
152,1059,Experience 1059,Social,0.7489549716721217,0.4911530499138364,0.6826986067555766,0.9132851837019758,49,Action,Adventure,0.6974194340054991,0.376233880803176,49,0.0,0.0,0.0,0.9852791727500776,0,0.9193550211418448,105,0.34285714285714286,0.32676661951909475,0.560576538282078,2
152,1077,Experience 1077,Adventure,0.8965830938027713,0.1988675594053931,0.098043795325636,0.9940777724523784,46,Action,Adventure,0.6974194340054991,0.376233880803176,49,0.0,1.0,0.05,0.400624361320137,0,0.7716811883773717,116,0.19827586206896552,0.20474873117563858,0.5322588182720628,3
152,1001,Experience 1001,Sports,0.6452560499996463,0.8044840559110404,0.5776422262968883,0.3608105614175153,41,Action,Adventure,0.6974194340054991,0.376233880803176,49,0.0,0.0,0.1333333333333333,0.8802227922913892,1,0.8908916920845099,110,0.2545454545454545,0.25266021107605263,0.4773876052376766,4
152,1095,Experience 1095,Creative,0.5802362817422383,0.4006003917193433,0.7708173982045061,0.4033544032491283,54,Action,Adventure,0.6974194340054991,0.376233880803176,49,0.0,0.0,0.0833333333333333,0.926602035800993,0,0.9265122355202389,111,0.1981981981981982,0.2049299804571515,0.4339892186345244,5
153,1061,Experience 1061,Social,0.9515114053456256,0.4883887845440612,0.3838014404080356,0.6777086144544695,56,Social,Adventure,0.6055819235204891,0.3666447088584609,26,1.0,0.0,0.5,0.7782195168875465,0,0.9428743561651517,113,0.3274336283185841,0.3146302815029086,0.8220825674025297,1
153,1001,Experience 1001,Sports,0.6452560499996463,0.8044840559110404,0.5776422262968883,0.3608105614175153,41,Social,Adventure,0.6055819235204891,0.3666447088584609,26,0.0,0.0,0.25,0.9720603027763992,0,0.7057599994279147,110,0.2545454545454545,0.25266021107605263,0.45255217649882257,2
153,1115,Experience 1115,Simulation,0.626658707429628,0.7075065986188209,0.5404405149990236,0.2246894745458737,42,Social,Adventure,0.6055819235204891,0.3666447088584609,26,0.0,0.0,0.2666666666666666,0.9348585914785345,0,0.7560330842100896,112,0.2767857142857143,0.27155929878702156,0.4028890375660452,3
153,1023,Experience 1023,Strategy,0.934275144868182,0.4241492862896971,0.2179097364670654,0.7914514878076223,48,Social,Adventure,0.6055819235204891,0.3666447088584609,26,0.0,0.0,0.3666666666666666,0.6123278129465763,0,0.8315300400382092,110,0.2818181818181818,0.2757371341529757,0.36497142929871984,4
153,1114,Experience 1114,Simulation,0.9094073794904848,0.2867325336723821,0.0751050358773748,0.4020477981570693,23,Social,Adventure,0.6055819235204891,0.3666447088584609,26,0.0,0.0,0.05,0.4695231123568857,0,0.9027334564479341,138,0.2318840579710145,0.23320143949295472,0.3621747130938634,5
154,1027,Experience 1027,Sports,0.8258355726034926,0.7779980359761599,0.5071112833110228,0.4772006332829246,49,Sports,Social,0.4198427589375686,0.3870126644524013,33,1.0,0.0,0.2666666666666666,0.9127314756265458,1,0.7965457006960158,111,0.23423423423423423,0.23546433160218966,0.8490457589498054,1
154,1107,Experience 1107,Social,0.7428970964662264,0.8045676070342606,0.8160785123357384,0.9076048913904824,23,Sports,Social,0.4198427589375686,0.3870126644524013,33,0.0,1.0,0.1666666666666666,0.6037642466018303,1,0.9673763698903692,139,0.30935251798561153,0.3009171537099802,0.6863465449085856,2
154,1084,Experience 1084,Social,0.6722561348379004,0.2863456816441453,0.5362524927433157,0.7470758006298863,26,Sports,Social,0.4198427589375686,0.3870126644524013,33,0.0,1.0,0.1166666666666666,0.883590266194253,1,0.9702394775643778,111,0.35135135135135137,0.3347009728235637,0.6762649729877341,3
154,1012,Experience 1012,Social,0.4912469181469279,0.4504706076181689,0.5423234103127773,0.3692728413409686,11,Sports,Social,0.4198427589375686,0.3870126644524013,33,0.0,1.0,0.3666666666666666,0.8775193486247913,0,0.7099667965040223,120,0.2,0.20604162457062034,0.6220601336885311,4
154,1053,Experience 1053,Puzzle,0.7426572934279929,0.7514869168546299,0.2904976508730454,0.8341208920021081,34,Sports,Social,0.4198427589375686,0.3870126644524013,33,0.0,0.0,0.0166666666666666,0.8706548919354768,1,0.9916600743262615,102,0.3431372549019608,0.3266051429498922,0.5049675614612251,5
155,1017,Experience 1017,Adventure,0.8986224157650411,0.4138920991005588,0.5580723954683906,0.6429984233408326,53,Adventure,Action,0.5323196077646252,0.6847698714847281,16,1.0,0.0,0.6166666666666667,0.9742472122962346,0,0.7801388853030975,125,0.256,0.25410915475784035,0.782410570310346,1
155,1031,Experience 1031,Adventure,0.6267069522672452,0.6020379288394027,0.9395582128996094,0.5521627033044271,46,Adventure,Action,0.5323196077646252,0.6847698714847281,16,1.0,0.0,0.5,0.5927613948650158,0,0.7341316906379773,113,0.23008849557522124,0.2319235145856154,0.7105146013612028,2
155,1077,Experience 1077,Adventure,0.8965830938027713,0.1988675594053931,0.098043795325636,0.9940777724523784,46,Adventure,Action,0.5323196077646252,0.6847698714847281,16,1.0,0.0,0.5,0.5657241875610108,0,0.7262948775015416,116,0.19827586206896552,0.20474873117563858,0.7068313142928733,3
155,1006,Experience 1006,Action,0.8770181756508404,0.5275353377269014,0.8047332447846338,0.7517807092307816,28,Adventure,Action,0.5323196077646252,0.6847698714847281,16,0.0,1.0,0.2,0.7275863629799914,0,0.7091720849423683,103,0.27184466019417475,0.26703924747875485,0.6165079131735954,4
155,1032,Experience 1032,Action,0.9183909657409184,0.1782087510115781,0.2798409650960937,0.836613041032693,59,Adventure,Action,0.5323196077646252,0.6847698714847281,16,0.0,1.0,0.7166666666666667,0.7475213573314685,0,0.7899499787745285,120,0.275,0.27032733885633464,0.5362769136875651,5
156,1077,Experience 1077,Adventure,0.8965830938027713,0.1988675594053931,0.098043795325636,0.9940777724523784,46,Adventure,Action,0.558595418777438,0.4862143110636632,53,1.0,0.0,0.1166666666666666,0.5394483765481981,0,0.9144122206765208,116,0.19827586206896552,0.20474873117563858,0.7427646257291051,1
156,1071,Experience 1071,Adventure,0.5432545608778258,0.5917055303234199,0.8111881708009158,0.7718493432291552,17,Adventure,Action,0.558595418777438,0.4862143110636632,53,1.0,0.0,0.6,0.7474072479765222,1,0.7916101561160875,121,0.21487603305785125,0.21876473361621876,0.7028067986156143,2
156,1116,Experience 1116,Action,0.6678760843020042,0.5482724230839826,0.6479003468582198,0.8466710505082435,57,Adventure,Action,0.558595418777438,0.4862143110636632,53,0.0,1.0,0.0666666666666666,0.9106950719192182,0,0.9495979195221189,113,0.21238938053097345,0.21688592060065298,0.618830797768087,3
156,1086,Experience 1086,Action,0.6307900998772656,0.1325899003231649,0.3014212434741936,0.1888364204756389,42,Adventure,Action,0.558595418777438,0.4862143110636632,53,0.0,1.0,0.1833333333333333,0.7428258246967556,0,0.9688849113999569,127,0.2283464566929134,0.2302437240808629,0.5288071996737653,4
156,1068,Experience 1068,Action,0.698456042052288,0.2594560290757449,0.3550613668330224,0.4325155932423661,21,Adventure,Action,0.558595418777438,0.4862143110636632,53,0.0,1.0,0.5333333333333333,0.7964659480555845,0,0.7245312710642814,111,0.24324324324324326,0.2430979193884492,0.5235454129951808,5
157,1053,Experience 1053,Puzzle,0.7426572934279929,0.7514869168546299,0.2904976508730454,0.8341208920021081,34,Puzzle,Social,0.5281883130955942,0.7970997747310279,11,1.0,0.0,0.3833333333333333,0.7623093377774512,1,0.7547445187796148,102,0.3431372549019608,0.3266051429498922,0.7980194276872348,1
157,1054,Experience 1054,Puzzle,0.6795756146978778,0.2537314254122666,0.2509959349159629,0.6813294726896911,34,Puzzle,Social,0.5281883130955942,0.7970997747310279,11,1.0,0.0,0.3833333333333333,0.7228076218203687,1,0.8189260910644001,113,0.20353982300884957,0.20936712360817178,0.7558321701314131,2
157,1003,Experience 1003,Puzzle,0.7658593377467232,0.3759100169419204,0.0773164253661275,0.4674845394285718,49,Puzzle,Social,0.5281883130955942,0.7970997747310279,11,1.0,0.0,0.6333333333333333,0.5491281122705334,1,0.956683357361362,111,0.1981981981981982,0.2049299804571515,0.73537028770616,3
157,1088,Experience 1088,Sports,0.931739259022481,0.4207879774878386,0.5549692853271866,0.4100487869149942,11,Puzzle,Social,0.5281883130955942,0.7970997747310279,11,0.0,0.0,0.0,0.9732190277684076,0,0.7788209850885012,113,0.3008849557522124,0.292073890525465,0.5692274242164682,4
157,1044,Experience 1044,Action,0.8578996664042653,0.7405382156713768,0.540545681694017,0.9388053542070384,40,Puzzle,Social,0.5281883130955942,0.7970997747310279,11,0.0,0.0,0.4833333333333333,0.9876426314015772,0,0.7978531037624741,112,0.2857142857142857,0.27913505636277913,0.5074965497233395,5
158,1044,Experience 1044,Action,0.8578996664042653,0.7405382156713768,0.540545681694017,0.9388053542070384,40,Action,Simulation,0.467907507375735,0.1399548659165912,17,1.0,0.0,0.3833333333333333,0.927361825681718,0,0.8908605853521114,112,0.2857142857142857,0.27913505636277913,0.7986756649724877,1
158,1032,Experience 1032,Action,0.9183909657409184,0.1782087510115781,0.2798409650960937,0.836613041032693,59,Action,Simulation,0.467907507375735,0.1399548659165912,17,1.0,0.0,0.7,0.8119334577203586,1,0.8873441522922677,120,0.275,0.27032733885633464,0.7372611351886134,2
158,1078,Experience 1078,Simulation,0.9139745006021852,0.4875947260651535,0.1081242288365573,0.0386443098268846,51,Action,Simulation,0.467907507375735,0.1399548659165912,17,0.0,1.0,0.5666666666666667,0.6402167214608223,1,0.7761617463670363,97,0.23711340206185566,0.23799852512723801,0.5291118431289761,3
158,1074,Experience 1074,Social,0.7411737446379107,0.1336446501121093,0.5667526591354218,0.2130749343990023,32,Action,Simulation,0.467907507375735,0.1399548659165912,17,0.0,0.0,0.25,0.9011548482403132,1,0.7967629971231425,149,0.2953020134228188,0.28902856473305827,0.45703806622637183,4
158,1026,Experience 1026,Puzzle,0.7847705334160814,0.4236675665053301,0.2918167090217533,0.0158055554401338,14,Action,Simulation,0.467907507375735,0.1399548659165912,17,0.0,0.0,0.05,0.8239092016460183,0,0.7961510783187726,111,0.1981981981981982,0.2049299804571515,0.42610997890807406,5
159,1037,Experience 1037,Sports,0.7994490651436071,0.7023148063737304,0.3263399911584964,0.9948242136208678,35,Social,Simulation,0.3048702319541608,0.7370629698419615,42,0.0,0.0,0.1166666666666666,0.9785302407956644,1,0.7560547345006506,120,0.30833333333333335,0.29889876742776317,0.5054401123041374,1
159,1055,Experience 1055,Action,0.9121309206982589,0.3826203354113438,0.2499073592941251,0.1919211614110854,38,Social,Simulation,0.3048702319541608,0.7370629698419615,42,0.0,0.0,0.0666666666666666,0.9450371273399644,0,0.8289442526714,114,0.23684210526315788,0.237655428655872,0.4969814922053421,2
159,1053,Experience 1053,Puzzle,0.7426572934279929,0.7514869168546299,0.2904976508730454,0.8341208920021081,34,Social,Simulation,0.3048702319541608,0.7370629698419615,42,0.0,0.0,0.1333333333333333,0.9856274189188848,0,0.7922373264996805,102,0.3431372549019608,0.3266051429498922,0.483273412178404,3
159,1001,Experience 1001,Sports,0.6452560499996463,0.8044840559110404,0.5776422262968883,0.3608105614175153,41,Social,Simulation,0.3048702319541608,0.7370629698419615,42,0.0,0.0,0.0166666666666666,0.7272280056572724,0,0.9935800851915227,110,0.2545454545454545,0.25266021107605263,0.4583138962265206,4
159,1052,Experience 1052,Creative,0.6879474895864814,0.8150878066775633,0.5427584275418881,0.4028796085076296,43,Social,Simulation,0.3048702319541608,0.7370629698419615,42,0.0,0.0,0.0166666666666666,0.7621118044122728,0,0.754177483551226,129,0.3178294573643411,0.30769011704622046,0.455421680919633,5
160,1006,Experience 1006,Action,0.8770181756508404,0.5275353377269014,0.8047332447846338,0.7517807092307816,28,Action,Creative,0.7015196406677547,0.4505781160281752,38,1.0,0.0,0.1666666666666666,0.8967863958831209,0,0.7282113885175662,103,0.27184466019417475,0.26703924747875485,0.8368151626130514,1
160,1103,Experience 1103,Action,0.6677544964493587,0.4461723957193605,0.794276194278496,0.1853752728024856,59,Action,Creative,0.7015196406677547,0.4505781160281752,38,1.0,0.0,0.35,0.9072434463892588,0,0.7043254279661036,121,0.23140495867768596,0.23294913077933935,0.7981266686235209,2
160,1007,Experience 1007,Social,0.6113602755027672,0.3693255620200327,0.760432490906593,0.3138467721116466,56,Action,Creative,0.7015196406677547,0.4505781160281752,38,0.0,0.0,0.3,0.9410871497611616,0,0.8561961385556478,112,0.24107142857142858,0.24125626848399126,0.5029661394362731,3
160,1008,Experience 1008,Adventure,0.8415828324170402,0.3364498304651394,0.599089106012921,0.2728043301458357,40,Action,Creative,0.7015196406677547,0.4505781160281752,38,0.0,0.0,0.0333333333333333,0.8975694653451662,0,0.9701312382003823,117,0.27350427350427353,0.2689476455466193,0.48735650270807146,4
160,1017,Experience 1017,Adventure,0.8986224157650411,0.4138920991005588,0.5580723954683906,0.6429984233408326,53,Action,Creative,0.7015196406677547,0.4505781160281752,38,0.0,0.0,0.25,0.8565527548006359,0,0.8068307114678287,125,0.256,0.25410915475784035,0.4746468007316882,5
161,1025,Experience 1025,Social,0.838744739121835,0.7279884901895025,0.5876677647056102,0.0811540004238993,14,Social,Sports,0.634032125779934,0.1332593212387521,36,1.0,0.0,0.3666666666666666,0.9536356389256764,1,0.8365484832465903,120,0.31666666666666665,0.30604162457062034,0.8597943225449108,1
161,1085,Experience 1085,Social,0.715133524882573,0.3923165755464828,0.681782684374937,0.3715432084063615,41,Social,Sports,0.634032125779934,0.1332593212387521,36,1.0,0.0,0.0833333333333333,0.9522494414049968,1,0.9591330555751514,117,0.24786324786324787,0.24704983532764122,0.8489371351464791,2
161,1058,Experience 1058,Social,0.5666390936836835,0.5294440043668863,0.4156619036213059,0.2647117106195373,52,Social,Sports,0.634032125779934,0.1332593212387521,36,1.0,0.0,0.2666666666666666,0.7816297778413719,0,0.933521435543592,100,0.32,0.30704856199905706,0.8007756527417997,3
161,1037,Experience 1037,Sports,0.7994490651436071,0.7023148063737304,0.3263399911584964,0.9948242136208678,35,Social,Sports,0.634032125779934,0.1332593212387521,36,0.0,1.0,0.0166666666666666,0.6923078653785625,0,0.7072544071280134,120,0.30833333333333335,0.29889876742776317,0.6393688489206499,4
161,1050,Experience 1050,Sports,0.6444432625143321,0.2032573812502654,0.7840857883345029,0.0579453445381299,24,Social,Sports,0.634032125779934,0.1332593212387521,36,0.0,1.0,0.2,0.849946337445431,0,0.7057626060218021,107,0.27102803738317754,0.2665025782668255,0.5986467918100091,5
162,1075,Experience 1075,Puzzle,0.7701763699744956,0.5714931074517187,0.7080993700732455,0.0043057756676786,58,Puzzle,Creative,0.8090712164863822,0.0833197088753456,15,1.0,0.0,0.7166666666666667,0.8990281535868633,1,0.7302146866391235,114,0.22807017543859648,0.23019274208870782,0.7595829072604737,1
162,1021,Experience 1021,Creative,0.6317033375365485,0.227795161908673,0.5969784094803497,0.8897794665398687,40,Puzzle,Creative,0.8090712164863822,0.0833197088753456,15,0.0,1.0,0.4166666666666667,0.7879071929939675,0,0.7836870817269644,117,0.23931623931623933,0.23975056525464852,0.48803786740702204,2
162,1091,Experience 1091,Sports,0.6742348817628386,0.2717222536331008,0.7498162980972818,0.6422524185679935,12,Puzzle,Creative,0.8090712164863822,0.0833197088753456,15,0.0,0.0,0.05,0.9407450816108996,1,0.9515493950949832,105,0.2571428571428571,0.25476661951909474,0.4190377588428638,3
162,1099,Experience 1099,Adventure,0.8332801744008336,0.4077151465805127,0.8307594812615263,0.7545731382181347,49,Puzzle,Creative,0.8090712164863822,0.0833197088753456,15,0.0,0.0,0.5666666666666667,0.978311735224856,0,0.7716884694852759,119,0.2605042016806723,0.25788365064666796,0.39785943610055546,4
162,1103,Experience 1103,Action,0.6677544964493587,0.4461723957193605,0.794276194278496,0.1853752728024856,59,Puzzle,Creative,0.8090712164863822,0.0833197088753456,15,0.0,0.0,0.7333333333333333,0.9852049777921138,0,0.7159239323334889,121,0.23140495867768596,0.23294913077933935,0.3666228799964472,5
163,1107,Experience 1107,Social,0.7428970964662264,0.8045676070342606,0.8160785123357384,0.9076048913904824,23,Strategy,Social,0.5216339060781419,0.4224727551573332,53,0.0,1.0,0.5,0.7055553937424035,0,0.9843503785831277,139,0.30935251798561153,0.3009171537099802,0.6742200280802501,1
163,1097,Experience 1097,Social,0.6621084266035628,0.3766200397542547,0.5070806368539267,0.2458755870050586,23,Strategy,Social,0.5216339060781419,0.4224727551573332,53,0.0,1.0,0.5,0.9854467307757848,1,0.7457101758933395,128,0.203125,0.20841775297220844,0.6665488701625396,2
163,1012,Experience 1012,Social,0.4912469181469279,0.4504706076181689,0.5423234103127773,0.3692728413409686,11,Strategy,Social,0.5216339060781419,0.4224727551573332,53,0.0,1.0,0.7,0.9793104957653646,0,0.9913769420790894,120,0.2,0.20604162457062034,0.6088645756639144,3
163,1000,Experience 1000,Action,0.9096695293967186,0.6516437731703687,0.6290364009047581,0.2407530712142694,49,Strategy,Social,0.5216339060781419,0.4224727551573332,53,0.0,0.0,0.0666666666666666,0.8925975051733838,1,0.8025069822884215,124,0.3225806451612903,0.31142935722143644,0.5567931926936642,4
163,1105,Experience 1105,Sports,0.6106599794863272,0.6391373818905719,0.6213931070244737,0.2894297075080649,54,Strategy,Social,0.5216339060781419,0.4224727551573332,53,0.0,0.0,0.0166666666666666,0.9002407990536682,0,0.7065025248505017,130,0.23076923076923078,0.2323055162659123,0.5052440784310448,5
164,1110,Experience 1110,Creative,0.8487034770737338,0.6513439158584452,0.7080979103356375,0.2741343936886083,18,Creative,Action,0.7878924599522202,0.457548515130064,36,1.0,0.0,0.3,0.9202054503834172,1,0.8488956102408525,109,0.28440366972477066,0.2778746313169523,0.8144154168875604,1
164,1095,Experience 1095,Creative,0.5802362817422383,0.4006003917193433,0.7708173982045061,0.4033544032491283,54,Creative,Action,0.7878924599522202,0.457548515130064,36,1.0,0.0,0.3,0.982924938252286,1,0.9642037320008248,111,0.1981981981981982,0.2049299804571515,0.7694131361871219,2
164,1059,Experience 1059,Social,0.7489549716721217,0.4911530499138364,0.6826986067555766,0.9132851837019758,49,Creative,Action,0.7878924599522202,0.457548515130064,36,0.0,0.0,0.2166666666666666,0.8948061468033564,0,0.7124714108192279,105,0.34285714285714286,0.32676661951909475,0.5067033913376648,3
164,1014,Experience 1014,Social,0.7084360738896248,0.6919622480914536,0.5066406143622445,0.7631554898199004,35,Creative,Action,0.7878924599522202,0.457548515130064,36,0.0,0.0,0.0166666666666666,0.7187481544100243,0,0.7447297753338131,117,0.29914529914529914,0.29084545576559745,0.4938148985845911,4
164,1061,Experience 1061,Social,0.9515114053456256,0.4883887845440612,0.3838014404080356,0.6777086144544695,56,Creative,Action,0.7878924599522202,0.457548515130064,36,0.0,0.0,0.3333333333333333,0.5959089804558153,0,0.8226243957576627,113,0.3274336283185841,0.3146302815029086,0.48559409068898574,5
165,1111,Experience 1111,Sports,0.9428982678236224,0.8155250577848677,0.575778764164542,0.2547283501174674,25,Adventure,Action,0.6337537226464699,0.2990306981278396,53,0.0,0.0,0.4666666666666667,0.942025041518072,0,0.9092219787276495,139,0.3237410071942446,0.31349577006218143,0.50856815578402,1
165,1068,Experience 1068,Action,0.698456042052288,0.2594560290757449,0.3550613668330224,0.4325155932423661,21,Adventure,Action,0.6337537226464699,0.2990306981278396,53,0.0,1.0,0.5333333333333333,0.7213076441865525,0,0.9197916470966288,111,0.24324324324324326,0.2430979193884492,0.49959905445716946,2
165,1081,Experience 1081,Puzzle,0.5738102986510725,0.5468042713764619,0.3811493240377567,0.8099407364448706,60,Adventure,Action,0.6337537226464699,0.2990306981278396,53,0.0,0.0,0.1166666666666666,0.7473956013912868,0,0.8802082026891269,107,0.18691588785046728,0.1956364365345421,0.3807717010050354,3
165,1036,Experience 1036,Sports,0.9655169972756756,0.2298411882545339,0.2550485289661252,0.8478368672236546,17,Adventure,Action,0.6337537226464699,0.2990306981278396,53,0.0,0.0,0.6,0.6212948063196553,1,0.8641544468633084,129,0.26356589147286824,0.2607102512744084,0.38055181457827886,4
165,1013,Experience 1013,Sports,0.8486275995976889,0.743877614526904,0.1274827038621261,0.2359972626205526,20,Adventure,Action,0.6337537226464699,0.2990306981278396,53,0.0,0.0,0.55,0.4937289812156562,0,0.9076596430384822,116,0.3017241379310345,0.29298402529328565,0.37563144563671397,5
166,1072,Experience 1072,Puzzle,0.7449779069249327,0.3414623639761886,0.973475515285742,0.3783180142237856,25,Strategy,Puzzle,0.7118600365555505,0.6641703351082313,50,0.0,1.0,0.4166666666666667,0.7383845212698085,0,0.8058279051037728,119,0.21008403361344538,0.21471818302076867,0.5941579362113535,1
166,1085,Experience 1085,Social,0.715133524882573,0.3923165755464828,0.681782684374937,0.3715432084063615,41,Strategy,Puzzle,0.7118600365555505,0.6641703351082313,50,0.0,0.0,0.15,0.9699226478193864,0,0.8372848482648352,117,0.24786324786324787,0.24704983532764122,0.5403765432569064,2
166,1014,Experience 1014,Social,0.7084360738896248,0.6919622480914536,0.5066406143622445,0.7631554898199004,35,Strategy,Puzzle,0.7118600365555505,0.6641703351082313,50,0.0,0.0,0.25,0.794780577806694,0,0.9009499853245098,117,0.29914529914529914,0.29084545576559745,0.5078844289456645,3
166,1110,Experience 1110,Creative,0.8487034770737338,0.6513439158584452,0.7080979103356375,0.2741343936886083,18,Strategy,Puzzle,0.7118600365555505,0.6641703351082313,50,0.0,0.0,0.5333333333333333,0.996237873780087,0,0.7965499092993351,109,0.28440366972477066,0.2778746313169523,0.48786988071972676,4
166,1058,Experience 1058,Social,0.5666390936836835,0.5294440043668863,0.4156619036213059,0.2647117106195373,52,Strategy,Puzzle,0.7118600365555505,0.6641703351082313,50,0.0,0.0,0.0333333333333333,0.7038018670657553,0,0.9670745486206667,100,0.32,0.30704856199905706,0.471500862459223,5
167,1015,Experience 1015,Sports,0.9316862802198296,0.7502302540767141,0.1563447605350174,0.9300033473547172,10,Sports,Creative,0.7372283222854936,0.1156609573202866,28,1.0,0.0,0.3,0.4191164382495238,0,0.8856667076384841,113,0.19469026548672566,0.20184832661569058,0.760117049964907,1
167,1069,Experience 1069,Puzzle,0.8068156107352968,0.6551858372056814,0.8842124935251735,0.2530347499296835,35,Sports,Creative,0.7372283222854936,0.1156609573202866,28,0.0,0.0,0.1166666666666666,0.8530158287603201,0,0.9016779581446145,121,0.2892561983471074,0.2825945208502613,0.47882368314468265,2
167,1061,Experience 1061,Social,0.9515114053456256,0.4883887845440612,0.3838014404080356,0.6777086144544695,56,Sports,Creative,0.7372283222854936,0.1156609573202866,28,0.0,0.0,0.4666666666666667,0.646573118122542,1,0.9939187672873275,113,0.3274336283185841,0.3146302815029086,0.4697461202336949,3
167,1012,Experience 1012,Social,0.4912469181469279,0.4504706076181689,0.5423234103127773,0.3692728413409686,11,Sports,Creative,0.7372283222854936,0.1156609573202866,28,0.0,0.0,0.2833333333333333,0.8050950880272837,0,0.84884876017207,120,0.2,0.20604162457062034,0.3986793939306913,4
167,1055,Experience 1055,Action,0.9121309206982589,0.3826203354113438,0.2499073592941251,0.1919211614110854,38,Sports,Creative,0.7372283222854936,0.1156609573202866,28,0.0,0.0,0.1666666666666666,0.5126790370086316,0,0.8829661798678202,114,0.23684210526315788,0.237655428655872,0.3903771484283526,5
168,1097,Experience 1097,Social,0.6621084266035628,0.3766200397542547,0.5070806368539267,0.2458755870050586,23,Simulation,Social,0.6211314597267983,0.2760806408068795,25,0.0,1.0,0.0333333333333333,0.8859491771271284,0,0.8793822914321494,128,0.203125,0.20841775297220844,0.6631550156047012,1
168,1002,Experience 1002,Social,0.5654662227449457,0.1419781043952984,0.4876512775379703,0.1763555764178013,30,Simulation,Social,0.6211314597267983,0.2760806408068795,25,0.0,1.0,0.0833333333333333,0.866519817811172,0,0.8780352405714833,125,0.312,0.30238501682680585,0.6172156308037746,2
168,1024,Experience 1024,Sports,0.7120515552427965,0.5535760301547662,0.4935230317114728,0.4609313910731102,39,Simulation,Social,0.6211314597267983,0.2760806408068795,25,0.0,0.0,0.2333333333333333,0.8723915719846745,0,0.9996041555622738,138,0.2608695652173913,0.25851789518915724,0.4516264944860604,3
168,1102,Experience 1102,Sports,0.9402838286695968,0.4125021221616953,0.1907643304361418,0.200562471321554,40,Simulation,Social,0.6211314597267983,0.2760806408068795,25,0.0,0.0,0.25,0.5696328707093435,0,0.9474710735424556,117,0.3076923076923077,0.29814472583859014,0.43548032380719803,4
168,1096,Experience 1096,Adventure,0.7903170826018652,0.4751627362769494,0.5362341337297925,0.9233469677258124,13,Simulation,Social,0.6211314597267983,0.2760806408068795,25,0.0,0.0,0.2,0.9151026740029942,0,0.788141029384226,123,0.25203252032520324,0.25067012195725064,0.43384927056649036,5
169,1059,Experience 1059,Social,0.7489549716721217,0.4911530499138364,0.6826986067555766,0.9132851837019758,49,Social,Creative,0.5975593428143203,0.665378053095324,16,1.0,0.0,0.55,0.9148607360587436,0,0.8822789949881271,105,0.34285714285714286,0.32676661951909475,0.8231969358978205,1
169,1110,Experience 1110,Creative,0.8487034770737338,0.6513439158584452,0.7080979103356375,0.2741343936886083,18,Social,Creative,0.5975593428143203,0.665378053095324,16,0.0,1.0,0.0333333333333333,0.8894614324786828,0,0.7550386610331346,109,0.28440366972477066,0.2778746313169523,0.6743636727310427,2
169,1087,Experience 1087,Creative,0.7417160017369715,0.3980069401610766,0.5803538931422866,0.1954958273965873,33,Social,Creative,0.5975593428143203,0.665378053095324,16,0.0,1.0,0.2833333333333333,0.9827945503279664,0,0.8853645814693756,117,0.15384615384615385,0.16675786452472152,0.6217893872201691,3
169,1119,Experience 1119,Action,0.8086136050725224,0.7572883677081093,0.5086964614589882,0.1619415702496311,9,Social,Creative,0.5975593428143203,0.665378053095324,16,0.0,0.0,0.1166666666666666,0.9111371186446678,1,0.9896916976102149,115,0.30434782608695654,0.29515427733249516,0.49522950967579926,4
169,1050,Experience 1050,Sports,0.6444432625143321,0.2032573812502654,0.7840857883345029,0.0579453445381299,24,Social,Creative,0.5975593428143203,0.665378053095324,16,0.0,0.0,0.1333333333333333,0.8134735544798174,0,0.7708476765966096,107,0.27102803738317754,0.2665025782668255,0.42607014359417855,5
170,1014,Experience 1014,Social,0.7084360738896248,0.6919622480914536,0.5066406143622445,0.7631554898199004,35,Social,Strategy,0.619218010945054,0.7039653739898516,34,1.0,0.0,0.0166666666666666,0.8874226034171905,0,0.7159978055456746,117,0.29914529914529914,0.29084545576559745,0.8479140122223714,1
170,1042,Experience 1042,Social,0.3938579788705362,0.1390150525777733,0.8546241607610466,0.268085104820551,16,Social,Strategy,0.619218010945054,0.7039653739898516,34,1.0,0.0,0.3,0.7645938501840074,1,0.7189802704417734,124,0.24193548387096775,0.241984912776992,0.7470548994261388,2
170,1069,Experience 1069,Puzzle,0.8068156107352968,0.6551858372056814,0.8842124935251735,0.2530347499296835,35,Social,Strategy,0.619218010945054,0.7039653739898516,34,0.0,0.0,0.0166666666666666,0.7350055174198805,0,0.7849377096139944,121,0.2892561983471074,0.2825945208502613,0.48939956218398734,3
170,1006,Experience 1006,Action,0.8770181756508404,0.5275353377269014,0.8047332447846338,0.7517807092307816,28,Social,Strategy,0.619218010945054,0.7039653739898516,34,0.0,0.0,0.1,0.8144847661604202,0,0.8282167217597407,103,0.27184466019417475,0.26703924747875485,0.48514055554951,4
170,1017,Experience 1017,Adventure,0.8986224157650411,0.4138920991005588,0.5580723954683906,0.6429984233408326,53,Social,Strategy,0.619218010945054,0.7039653739898516,34,0.0,0.0,0.3166666666666666,0.9388543845233366,1,0.728517390046856,125,0.256,0.25410915475784035,0.46205803545321544,5
171,1108,Experience 1108,Puzzle,0.8425576923542274,0.4822507608830354,0.666849920378606,0.8027206052883656,21,Puzzle,Action,0.438128866948292,0.2466923045785196,22,1.0,0.0,0.0166666666666666,0.7712789465696861,0,0.8010388462684996,92,0.2717391304347826,0.2664806021418468,0.7936988724120728,1
171,1053,Experience 1053,Puzzle,0.7426572934279929,0.7514869168546299,0.2904976508730454,0.8341208920021081,34,Puzzle,Action,0.438128866948292,0.2466923045785196,22,1.0,0.0,0.2,0.8523687839247533,0,0.9052222167560104,102,0.3431372549019608,0.3266051429498922,0.7786851861133334,2
171,1093,Experience 1093,Puzzle,0.5054580561223759,0.3724006037822283,0.1444497473739812,0.982987171535907,29,Puzzle,Action,0.438128866948292,0.2466923045785196,22,1.0,0.0,0.1166666666666666,0.7063208804256892,1,0.8550066464372121,113,0.1415929203539823,0.15673554466080336,0.6896623078628243,3
171,1068,Experience 1068,Action,0.698456042052288,0.2594560290757449,0.3550613668330224,0.4325155932423661,21,Puzzle,Action,0.438128866948292,0.2466923045785196,22,0.0,1.0,0.0166666666666666,0.9169324998847304,0,0.8323508681915744,111,0.24324324324324326,0.2430979193884492,0.5687386654206654,4
171,1107,Experience 1107,Social,0.7428970964662264,0.8045676070342606,0.8160785123357384,0.9076048913904824,23,Puzzle,Action,0.438128866948292,0.2466923045785196,22,0.0,0.0,0.0166666666666666,0.6220503546125538,0,0.918032358108383,139,0.30935251798561153,0.3009171537099802,0.47895508839038003,5
172,1000,Experience 1000,Action,0.9096695293967186,0.6516437731703687,0.6290364009047581,0.2407530712142694,49,Action,Social,0.435258488622614,0.7301961180504722,26,1.0,0.0,0.3833333333333333,0.806222087717856,1,0.7706439101303523,124,0.3225806451612903,0.31142935722143644,0.8494561359945888,1
172,1006,Experience 1006,Action,0.8770181756508404,0.5275353377269014,0.8047332447846338,0.7517807092307816,28,Action,Social,0.435258488622614,0.7301961180504722,26,1.0,0.0,0.0333333333333333,0.6305252438379803,1,0.7499758906830524,103,0.27184466019417475,0.26703924747875485,0.8416407860319779,2
172,1097,Experience 1097,Social,0.6621084266035628,0.3766200397542547,0.5070806368539267,0.2458755870050586,23,Action,Social,0.435258488622614,0.7301961180504722,26,0.0,1.0,0.05,0.9281778517686874,0,0.8049387303150763,128,0.203125,0.20841775297220844,0.7220862028881154,3
172,1013,Experience 1013,Sports,0.8486275995976889,0.743877614526904,0.1274827038621261,0.2359972626205526,20,Action,Social,0.435258488622614,0.7301961180504722,26,0.0,0.0,0.1,0.692224215239512,0,0.9323874576447546,116,0.3017241379310345,0.29298402529328565,0.5313042932798533,4
172,1101,Experience 1101,Adventure,0.7760911633714107,0.1624374115097873,0.2510263664566988,0.468231405693584,28,Action,Social,0.435258488622614,0.7301961180504722,26,0.0,0.0,0.0333333333333333,0.8157678778340847,0,0.8168652483168816,106,0.19811320754716982,0.20512561460227657,0.4666392357536003,5
173,1013,Experience 1013,Sports,0.8486275995976889,0.743877614526904,0.1274827038621261,0.2359972626205526,20,Creative,Strategy,0.1897771695852965,0.686126391209862,33,0.0,0.0,0.2166666666666666,0.9377055342768296,0,0.9515851946191083,116,0.3017241379310345,0.29298402529328565,0.5088949647893155,1
173,1032,Experience 1032,Action,0.9183909657409184,0.1782087510115781,0.2798409650960937,0.836613041032693,59,Creative,Strategy,0.1897771695852965,0.686126391209862,33,0.0,0.0,0.4333333333333333,0.9099362044892028,0,0.7859333093065429,120,0.275,0.27032733885633464,0.44418025551378704,2
173,1069,Experience 1069,Puzzle,0.8068156107352968,0.6551858372056814,0.8842124935251735,0.2530347499296835,35,Creative,Strategy,0.1897771695852965,0.686126391209862,33,0.0,0.0,0.0333333333333333,0.305564676060123,0,0.7614099232379937,121,0.2892561983471074,0.2825945208502613,0.4211222981555482,3
173,1093,Experience 1093,Puzzle,0.5054580561223759,0.3724006037822283,0.1444497473739812,0.982987171535907,29,Creative,Strategy,0.1897771695852965,0.686126391209862,33,0.0,0.0,0.0666666666666666,0.9546725777886846,0,0.9472456366934469,113,0.1415929203539823,0.15673554466080336,0.3961732316577114,4
173,1004,Experience 1004,Puzzle,0.809305382335664,0.5027055170834634,0.7716046143560276,0.3920600224154432,16,Creative,Strategy,0.1897771695852965,0.686126391209862,33,0.0,0.0,0.2833333333333333,0.418172555229269,0,0.7339431973670633,123,0.21951219512195122,0.2226980939852227,0.39478749303269345,5
174,1001,Experience 1001,Sports,0.6452560499996463,0.8044840559110404,0.5776422262968883,0.3608105614175153,41,Action,Sports,0.5471922108873236,0.4206471468074731,41,0.0,1.0,0.0,0.9695499845904352,0,0.9891833177016246,110,0.2545454545454545,0.25266021107605263,0.7039142193900433,1
174,1013,Experience 1013,Sports,0.8486275995976889,0.743877614526904,0.1274827038621261,0.2359972626205526,20,Action,Sports,0.5471922108873236,0.4206471468074731,41,0.0,1.0,0.35,0.5802904929748025,0,0.8179919797891737,116,0.3017241379310345,0.29298402529328565,0.6345383823969416,2
174,1049,Experience 1049,Sports,0.4370836638665348,0.2536527377340197,0.5512982630814426,0.1951855298186556,20,Action,Sports,0.5471922108873236,0.4206471468074731,41,0.0,1.0,0.35,0.995893947805881,0,0.7333959534534429,122,0.19672131147540983,0.20313962985835807,0.5847639177340536,3
174,1052,Experience 1052,Creative,0.6879474895864814,0.8150878066775633,0.5427584275418881,0.4028796085076296,43,Action,Sports,0.5471922108873236,0.4206471468074731,41,0.0,0.0,0.0333333333333333,0.9955662166545644,0,0.8468554177589193,129,0.3178294573643411,0.30769011704622046,0.5364346889799707,4
174,1097,Experience 1097,Social,0.6621084266035628,0.3766200397542547,0.5070806368539267,0.2458755870050586,23,Action,Sports,0.5471922108873236,0.4206471468074731,41,0.0,0.0,0.3,0.9598884259666032,0,0.7462093764870315,128,0.203125,0.20841775297220844,0.5265709974566082,5
175,1045,Experience 1045,Strategy,0.6865679540637682,0.4124899761623172,0.8858497306039471,0.3446408865116177,23,Action,Strategy,0.7746660878782776,0.0116803040827455,50,0.0,1.0,0.45,0.8888163572743305,0,0.8419043169968594,95,0.14736842105263157,0.16387676034684212,0.5472364654425543,1
175,1070,Experience 1070,Sports,0.9021629239090754,0.4240213755135868,0.7602726894428304,0.7757910864370905,50,Action,Strategy,0.7746660878782776,0.0116803040827455,50,0.0,0.0,0.0,0.9856066015645528,1,0.7786245487684286,111,0.2882882882882883,0.28126585831974693,0.5337774762452699,2
175,1059,Experience 1059,Social,0.7489549716721217,0.4911530499138364,0.6826986067555766,0.9132851837019758,49,Action,Strategy,0.7746660878782776,0.0116803040827455,50,0.0,0.0,0.0166666666666666,0.908032518877299,0,0.9668689906968142,105,0.34285714285714286,0.32676661951909475,0.5285812584425091,3
175,1100,Experience 1100,Sports,0.8539423752816214,0.5771516782683807,0.6603015579098336,0.097787997445443,39,Action,Strategy,0.7746660878782776,0.0116803040827455,50,0.0,0.0,0.1833333333333333,0.885635470031556,0,0.8721674736447422,107,0.3177570093457944,0.3058726570069831,0.4977874191611701,4
175,1025,Experience 1025,Social,0.838744739121835,0.7279884901895025,0.5876677647056102,0.0811540004238993,14,Action,Strategy,0.7746660878782776,0.0116803040827455,50,0.0,0.0,0.6,0.8130016768273326,0,0.8703594965853714,120,0.31666666666666665,0.30604162457062034,0.4900420910191669,5
176,1110,Experience 1110,Creative,0.8487034770737338,0.6513439158584452,0.7080979103356375,0.2741343936886083,18,Strategy,Creative,0.9525368057926612,0.5947638929561369,16,0.0,1.0,0.0333333333333333,0.7555611045429764,0,0.9341891932475186,109,0.28440366972477066,0.2778746313169523,0.6373790072161368,1
176,1070,Experience 1070,Sports,0.9021629239090754,0.4240213755135868,0.7602726894428304,0.7757910864370905,50,Strategy,Creative,0.9525368057926612,0.5947638929561369,16,0.0,0.0,0.5666666666666667,0.8077358836501694,0,0.8339151226185545,111,0.2882882882882883,0.28126585831974693,0.4406305008018199,2
176,1097,Experience 1097,Social,0.6621084266035628,0.3766200397542547,0.5070806368539267,0.2458755870050586,23,Strategy,Creative,0.9525368057926612,0.5947638929561369,16,0.0,0.0,0.1166666666666666,0.5545438310612656,0,0.7864456105328049,128,0.203125,0.20841775297220844,0.4186056651475705,3
176,1008,Experience 1008,Adventure,0.8415828324170402,0.3364498304651394,0.599089106012921,0.2728043301458357,40,Strategy,Creative,0.9525368057926612,0.5947638929561369,16,0.0,0.0,0.4,0.6465523002202599,0,0.9574331924156629,117,0.27350427350427353,0.2689476455466193,0.3731745665800406,4
176,1017,Experience 1017,Adventure,0.8986224157650411,0.4138920991005588,0.5580723954683906,0.6429984233408326,53,Strategy,Creative,0.9525368057926612,0.5947638929561369,16,0.0,0.0,0.6166666666666667,0.6055355896757295,1,0.9397459404161554,125,0.256,0.25410915475784035,0.36134370273154814,5
177,1076,Experience 1076,Creative,0.7805257487778566,0.3562342599893083,0.7812983230640933,0.571167362055741,8,Creative,Action,0.8655004952906218,0.5055753896278941,41,1.0,0.0,0.55,0.9157978277734716,1,0.9494976100732072,124,0.23387096774193547,0.23504046833254755,0.7713863622500524,1
177,1021,Experience 1021,Creative,0.6317033375365485,0.227795161908673,0.5969784094803497,0.8897794665398687,40,Creative,Action,0.8655004952906218,0.5055753896278941,41,1.0,0.0,0.0166666666666666,0.731477914189728,1,0.8569759553680109,117,0.23931623931623933,0.23975056525464852,0.7507013960309541,2
177,1055,Experience 1055,Action,0.9121309206982589,0.3826203354113438,0.2499073592941251,0.1919211614110854,38,Creative,Action,0.8655004952906218,0.5055753896278941,41,0.0,1.0,0.05,0.3844068640035034,0,0.8890186428238595,114,0.23684210526315788,0.237655428655872,0.5645453997966842,3
177,1059,Experience 1059,Social,0.7489549716721217,0.4911530499138364,0.6826986067555766,0.9132851837019758,49,Creative,Action,0.8655004952906218,0.5055753896278941,41,0.0,0.0,0.1333333333333333,0.8171981114649548,0,0.871274832388996,105,0.34285714285714286,0.32676661951909475,0.5056922269598391,4
177,1007,Experience 1007,Social,0.6113602755027672,0.3693255620200327,0.760432490906593,0.3138467721116466,56,Creative,Action,0.8655004952906218,0.5055753896278941,41,0.0,0.0,0.25,0.8949319956159713,1,0.8987390076207232,112,0.24107142857142858,0.24125626848399126,0.47379734515631955,5
178,1042,Experience 1042,Social,0.3938579788705362,0.1390150525777733,0.8546241607610466,0.268085104820551,16,Social,Sports,0.3435713152251943,0.7762070838039622,43,1.0,0.0,0.45,0.4889471544641477,0,0.724202665048605,124,0.24193548387096775,0.241984912776992,0.7340613273853042,1
178,1001,Experience 1001,Sports,0.6452560499996463,0.8044840559110404,0.5776422262968883,0.3608105614175153,41,Social,Sports,0.3435713152251943,0.7762070838039622,43,0.0,1.0,0.0333333333333333,0.7659290889283059,1,0.8051440319991875,110,0.2545454545454545,0.25266021107605263,0.6743491610641619,2
178,1013,Experience 1013,Sports,0.8486275995976889,0.743877614526904,0.1274827038621261,0.2359972626205526,20,Social,Sports,0.3435713152251943,0.7762070838039622,43,0.0,1.0,0.3833333333333333,0.7839113886369319,1,0.7349623276110511,116,0.3017241379310345,0.29298402529328565,0.668366624445938,3
178,1043,Experience 1043,Creative,0.8838983032607785,0.7641225701636372,0.5942808569171103,0.6062993981927156,47,Social,Sports,0.3435713152251943,0.7762070838039622,43,0.0,0.0,0.0666666666666666,0.7492904583080839,0,0.9063764493561591,110,0.35454545454545455,0.3372755956914373,0.5410081731742117,4
178,1044,Experience 1044,Action,0.8578996664042653,0.7405382156713768,0.540545681694017,0.9388053542070384,40,Social,Sports,0.3435713152251943,0.7762070838039622,43,0.0,0.0,0.05,0.8030256335311774,0,0.9274430929967152,112,0.2857142857142857,0.27913505636277913,0.5372501510325609,5
179,1037,Experience 1037,Sports,0.7994490651436071,0.7023148063737304,0.3263399911584964,0.9948242136208678,35,Sports,Action,0.4850380827360287,0.24766389015344,46,1.0,0.0,0.1833333333333333,0.8413019084224678,1,0.9174081762702886,120,0.30833333333333335,0.29889876742776317,0.8054303278662279,1
179,1119,Experience 1119,Action,0.8086136050725224,0.7572883677081093,0.5086964614589882,0.1619415702496311,9,Sports,Action,0.4850380827360287,0.24766389015344,46,0.0,1.0,0.6166666666666667,0.9763416212770406,1,0.7991145553947862,115,0.30434782608695654,0.29515427733249516,0.6067425633010902,2
179,1014,Experience 1014,Social,0.7084360738896248,0.6919622480914536,0.5066406143622445,0.7631554898199004,35,Sports,Action,0.4850380827360287,0.24766389015344,46,0.0,0.0,0.1833333333333333,0.9783974683737842,0,0.9682750258863831,117,0.29914529914529914,0.29084545576559745,0.5178890754963423,3
179,1069,Experience 1069,Puzzle,0.8068156107352968,0.6551858372056814,0.8842124935251735,0.2530347499296835,35,Sports,Action,0.4850380827360287,0.24766389015344,46,0.0,0.0,0.1833333333333333,0.6008255892108552,0,0.9512859357572908,121,0.2892561983471074,0.2825945208502613,0.4343452283240319,4
179,1078,Experience 1078,Simulation,0.9139745006021852,0.4875947260651535,0.1081242288365573,0.0386443098268846,51,Sports,Action,0.4850380827360287,0.24766389015344,46,0.0,0.0,0.0833333333333333,0.6230861461005286,0,0.8108037735257434,97,0.23711340206185566,0.23799852512723801,0.41959600315608425,5
180,1075,Experience 1075,Puzzle,0.7701763699744956,0.5714931074517187,0.7080993700732455,0.0043057756676786,58,Puzzle,Simulation,0.6200600068149668,0.4646804468045396,51,1.0,0.0,0.1166666666666666,0.9119606367417212,0,0.8250958129190586,114,0.22807017543859648,0.23019274208870782,0.8145622544399923,1
180,1072,Experience 1072,Puzzle,0.7449779069249327,0.3414623639761886,0.973475515285742,0.3783180142237856,25,Puzzle,Simulation,0.6200600068149668,0.4646804468045396,51,1.0,0.0,0.4333333333333333,0.6465844915292247,1,0.80265330479075,119,0.21008403361344538,0.21471818302076867,0.7429647192118536,2
180,1059,Experience 1059,Social,0.7489549716721217,0.4911530499138364,0.6826986067555766,0.9132851837019758,49,Puzzle,Simulation,0.6200600068149668,0.4646804468045396,51,0.0,0.0,0.0333333333333333,0.9373614000593902,0,0.7979551138445569,105,0.34285714285714286,0.32676661951909475,0.5228524458403638,3
180,1111,Experience 1111,Sports,0.9428982678236224,0.8155250577848677,0.575778764164542,0.2547283501174674,25,Puzzle,Simulation,0.6200600068149668,0.4646804468045396,51,0.0,0.0,0.4333333333333333,0.9557187573495752,1,0.8181088679205092,139,0.3237410071942446,0.31349577006218143,0.507747207663738,4
180,1109,Experience 1109,Social,0.5415451963988065,0.6320276759129257,0.4602651355822746,0.2660308726216652,48,Puzzle,Simulation,0.6200600068149668,0.4646804468045396,51,0.0,0.0,0.05,0.8402051287673078,1,0.9197377359585912,125,0.312,0.30238501682680585,0.4602872520621089,5
181,1078,Experience 1078,Simulation,0.9139745006021852,0.4875947260651535,0.1081242288365573,0.0386443098268846,51,Simulation,Puzzle,0.7784441251251505,0.1273467699725715,42,1.0,0.0,0.15,0.3296801037114069,0,0.7737867533995724,97,0.23711340206185566,0.23799852512723801,0.7242360916705459,1
181,1114,Experience 1114,Simulation,0.9094073794904848,0.2867325336723821,0.0751050358773748,0.4020477981570693,23,Simulation,Puzzle,0.7784441251251505,0.1273467699725715,42,1.0,0.0,0.3166666666666666,0.2966609107522243,1,0.9687477942793166,138,0.2318840579710145,0.23320143949295472,0.6818175485798827,2
181,1075,Experience 1075,Puzzle,0.7701763699744956,0.5714931074517187,0.7080993700732455,0.0043057756676786,58,Simulation,Puzzle,0.7784441251251505,0.1273467699725715,42,0.0,1.0,0.2666666666666666,0.929655244948095,0,0.8474905603343321,114,0.22807017543859648,0.23019274208870782,0.6226566507120098,3
181,1064,Experience 1064,Puzzle,0.6204758892789963,0.4435351922580418,0.6632419642315316,0.276207363456566,49,Simulation,Puzzle,0.7784441251251505,0.1273467699725715,42,0.0,1.0,0.1166666666666666,0.8847978391063811,1,0.7630506640087845,94,0.2765957446808511,0.27057743368321796,0.5778923885439411,4
181,1072,Experience 1072,Puzzle,0.7449779069249327,0.3414623639761886,0.973475515285742,0.3783180142237856,25,Simulation,Puzzle,0.7784441251251505,0.1273467699725715,42,0.0,1.0,0.2833333333333333,0.8049686098394084,1,0.9998757325404419,119,0.21008403361344538,0.21471818302076867,0.5764086174694774,5
182,1014,Experience 1014,Social,0.7084360738896248,0.6919622480914536,0.5066406143622445,0.7631554898199004,35,Social,Sports,0.558626582992631,0.3269104534135279,44,1.0,0.0,0.15,0.9480140313696136,1,0.8184909511772833,117,0.29914529914529914,0.29084545576559745,0.8571564817137437,1
182,1111,Experience 1111,Sports,0.9428982678236224,0.8155250577848677,0.575778764164542,0.2547283501174674,25,Social,Sports,0.558626582992631,0.3269104534135279,44,0.0,1.0,0.3166666666666666,0.982847818828089,0,0.9306324159127167,139,0.3237410071942446,0.31349577006218143,0.7226046123071035,2
182,1027,Experience 1027,Sports,0.8258355726034926,0.7779980359761599,0.5071112833110228,0.4772006332829246,49,Social,Sports,0.558626582992631,0.3269104534135279,44,0.0,1.0,0.0833333333333333,0.9484847003183918,1,0.7655609341217832,111,0.23423423423423423,0.23546433160218966,0.7107557676060687,3
182,1070,Experience 1070,Sports,0.9021629239090754,0.4240213755135868,0.7602726894428304,0.7757910864370905,50,Social,Sports,0.558626582992631,0.3269104534135279,44,0.0,1.0,0.1,0.7983538935498006,1,0.9057952215844418,111,0.2882882882882883,0.28126585831974693,0.6862373909042642,4
182,1011,Experience 1011,Strategy,0.8438936347604792,0.3089791482471649,0.5527453913687409,0.302964628837302,52,Social,Sports,0.558626582992631,0.3269104534135279,44,0.0,0.0,0.1333333333333333,0.99411880837611,0,0.8788525158753112,123,0.2682926829268293,0.26465613594326465,0.4861737282364605,5
183,1003,Experience 1003,Puzzle,0.7658593377467232,0.3759100169419204,0.0773164253661275,0.4674845394285718,49,Puzzle,Simulation,0.3373661783638257,0.7163395346683611,47,1.0,0.0,0.0333333333333333,0.7399502470023018,1,0.7054932079731644,111,0.1981981981981982,0.2049299804571515,0.7797080521838373,1
183,1029,Experience 1029,Puzzle,0.3418174116264629,0.7473540601800795,0.2448417750345193,0.4073623878629723,57,Puzzle,Simulation,0.3373661783638257,0.7163395346683611,47,1.0,0.0,0.1666666666666666,0.9074755966706936,0,0.8806775169187016,118,0.1864406779661017,0.1945349814484554,0.7392071338388732,2
183,1059,Experience 1059,Social,0.7489549716721217,0.4911530499138364,0.6826986067555766,0.9132851837019758,49,Puzzle,Simulation,0.3373661783638257,0.7163395346683611,47,0.0,0.0,0.0333333333333333,0.6546675716082492,0,0.8606887848879314,105,0.34285714285714286,0.32676661951909475,0.4881928187135589,3
183,1055,Experience 1055,Action,0.9121309206982589,0.3826203354113438,0.2499073592941251,0.1919211614110854,38,Puzzle,Simulation,0.3373661783638257,0.7163395346683611,47,0.0,0.0,0.15,0.9125411809302996,0,0.7071425547129954,114,0.23684210526315788,0.237655428655872,0.47607988087663944,4
183,1100,Experience 1100,Sports,0.8539423752816214,0.5771516782683807,0.6603015579098336,0.097787997445443,39,Puzzle,Simulation,0.3373661783638257,0.7163395346683611,47,0.0,0.0,0.1333333333333333,0.6770646204539922,0,0.7449576766825113,107,0.3177570093457944,0.3058726570069831,0.4723180726588616,5
184,1032,Experience 1032,Action,0.9183909657409184,0.1782087510115781,0.2798409650960937,0.836613041032693,59,Action,Simulation,0.2930107776566881,0.5841892350400743,52,1.0,0.0,0.1166666666666666,0.9868301874394056,0,0.8278717360597088,120,0.275,0.27032733885633464,0.8288611703524937,1
184,1044,Experience 1044,Action,0.8578996664042653,0.7405382156713768,0.540545681694017,0.9388053542070384,40,Action,Simulation,0.2930107776566881,0.5841892350400743,52,1.0,0.0,0.2,0.7524650959626711,1,0.795050444965422,112,0.2857142857142857,0.27913505636277913,0.8188415720024883,2
184,1078,Experience 1078,Simulation,0.9139745006021852,0.4875947260651535,0.1081242288365573,0.0386443098268846,51,Action,Simulation,0.2930107776566881,0.5841892350400743,52,0.0,1.0,0.0166666666666666,0.8151134511798692,0,0.7327088503650907,97,0.23711340206185566,0.23799852512723801,0.6566316941454191,3
184,1039,Experience 1039,Social,0.8194814495513689,0.2752805682140255,0.2419454802582048,0.889899007072331,47,Action,Simulation,0.2930107776566881,0.5841892350400743,52,0.0,0.0,0.0833333333333333,0.9489347026015168,0,0.7453385570924282,110,0.2636363636363636,0.2603525187683603,0.540563402465038,4
184,1043,Experience 1043,Creative,0.8838983032607785,0.7641225701636372,0.5942808569171103,0.6062993981927156,47,Action,Simulation,0.2930107776566881,0.5841892350400743,52,0.0,0.0,0.0833333333333333,0.6987299207395778,0,0.9846445521058426,110,0.35454545454545455,0.3372755956914373,0.49902357226130933,5
185,1073,Experience 1073,Adventure,0.687693407311507,0.5642695337399875,0.7523432280065728,0.8351257910807337,50,Adventure,Puzzle,0.7093554845042659,0.497213908951521,48,1.0,0.0,0.0333333333333333,0.9570122564976932,0,0.918815854769179,132,0.26515151515151514,0.26214360157820293,0.8103050500668122,1
185,1101,Experience 1101,Adventure,0.7760911633714107,0.1624374115097873,0.2510263664566988,0.468231405693584,28,Adventure,Puzzle,0.7093554845042659,0.497213908951521,48,1.0,0.0,0.3333333333333333,0.541670881952433,1,0.7792585452690362,106,0.19811320754716982,0.20512561460227657,0.7151649993131695,2
185,1072,Experience 1072,Puzzle,0.7449779069249327,0.3414623639761886,0.973475515285742,0.3783180142237856,25,Adventure,Puzzle,0.7093554845042659,0.497213908951521,48,0.0,1.0,0.3833333333333333,0.7358799692185238,0,0.8615013515118757,119,0.21008403361344538,0.21471818302076867,0.5916516670719151,3
185,1081,Experience 1081,Puzzle,0.5738102986510725,0.5468042713764619,0.3811493240377567,0.8099407364448706,60,Adventure,Puzzle,0.7093554845042659,0.497213908951521,48,0.0,1.0,0.2,0.6717938395334908,1,0.7598043438228318,107,0.18691588785046728,0.1956364365345421,0.5516571786574381,4
185,1000,Experience 1000,Action,0.9096695293967186,0.6516437731703687,0.6290364009047581,0.2407530712142694,49,Adventure,Puzzle,0.7093554845042659,0.497213908951521,48,0.0,0.0,0.0166666666666666,0.9196809164004922,0,0.7294721722780391,124,0.3225806451612903,0.31142935722143644,0.5427529567274664,5
186,1002,Experience 1002,Social,0.5654662227449457,0.1419781043952984,0.4876512775379703,0.1763555764178013,30,Social,Simulation,0.6457920174435091,0.7895645843748843,29,1.0,0.0,0.0166666666666666,0.8418592600944612,1,0.8131836801134387,125,0.312,0.30238501682680585,0.7950191150249923,1
186,1042,Experience 1042,Social,0.3938579788705362,0.1390150525777733,0.8546241607610466,0.268085104820551,16,Social,Simulation,0.6457920174435091,0.7895645843748843,29,1.0,0.0,0.2166666666666666,0.7911678566824625,1,0.8225292792910773,124,0.24193548387096775,0.241984912776992,0.7504796054296424,2
186,1033,Experience 1033,Simulation,0.8859147305780027,0.259942782541492,0.2648265360525452,0.1086571032622624,31,Social,Simulation,0.6457920174435091,0.7895645843748843,29,0.0,1.0,0.0333333333333333,0.6190345186090361,0,0.8723725827202655,120,0.275,0.27032733885633464,0.5768847193432893,3
186,1114,Experience 1114,Simulation,0.9094073794904848,0.2867325336723821,0.0751050358773748,0.4020477981570693,23,Social,Simulation,0.6457920174435091,0.7895645843748843,29,0.0,1.0,0.1,0.4293130184338657,0,0.8498921448614424,138,0.2318840579710145,0.23320143949295472,0.5327657006055967,4
186,1108,Experience 1108,Puzzle,0.8425576923542274,0.4822507608830354,0.666849920378606,0.8027206052883656,21,Social,Simulation,0.6457920174435091,0.7895645843748843,29,0.0,0.0,0.1333333333333333,0.9789420970649032,0,0.9072331157854284,92,0.2717391304347826,0.2664806021418468,0.4896699559692902,5
187,1075,Experience 1075,Puzzle,0.7701763699744956,0.5714931074517187,0.7080993700732455,0.0043057756676786,58,Puzzle,Strategy,0.5328054562835062,0.0932369680269199,55,1.0,0.0,0.05,0.8247060862102606,1,0.90131582241964,114,0.22807017543859648,0.23019274208870782,0.8062420625203714,1
187,1108,Experience 1108,Puzzle,0.8425576923542274,0.4822507608830354,0.666849920378606,0.8027206052883656,21,Puzzle,Strategy,0.5328054562835062,0.0932369680269199,55,1.0,0.0,0.5666666666666667,0.8659555359049002,0,0.8766145070522674,92,0.2717391304347826,0.2664806021418468,0.7706454892037827,2
187,1060,Experience 1060,Strategy,0.8620933017122632,0.1051567799118504,0.3772606570904063,0.1400554046894906,58,Puzzle,Strategy,0.5328054562835062,0.0932369680269199,55,0.0,1.0,0.05,0.8444552008069002,1,0.7741536540516757,102,0.27450980392156865,0.2692280937695643,0.5774781999763913,3
187,1023,Experience 1023,Strategy,0.934275144868182,0.4241492862896971,0.2179097364670654,0.7914514878076223,48,Puzzle,Strategy,0.5328054562835062,0.0932369680269199,55,0.0,1.0,0.1166666666666666,0.6851042801835593,1,0.9404817318336935,110,0.2818181818181818,0.2757371341529757,0.5698930083881619,4
187,1034,Experience 1034,Strategy,0.5016628944231066,0.7184788322001798,0.7569144817322334,0.2251776661055454,11,Puzzle,Strategy,0.5328054562835062,0.0932369680269199,55,0.0,1.0,0.7333333333333333,0.7758909745512728,0,0.9883354123859656,132,0.2196969696969697,0.22266991736767663,0.4535476745732602,5
188,1004,Experience 1004,Puzzle,0.809305382335664,0.5027055170834634,0.7716046143560276,0.3920600224154432,16,Strategy,Puzzle,0.6960903082187067,0.3529901857638985,24,0.0,1.0,0.1333333333333333,0.9244856938626792,0,0.7433911910012333,123,0.21951219512195122,0.2226980939852227,0.6432940291627859,1
188,1069,Experience 1069,Puzzle,0.8068156107352968,0.6551858372056814,0.8842124935251735,0.2530347499296835,35,Strategy,Puzzle,0.6960903082187067,0.3529901857638985,24,0.0,1.0,0.1833333333333333,0.8118778146935332,0,0.9366696994011953,121,0.2892561983471074,0.2825945208502613,0.639282930815961,2
188,1111,Experience 1111,Sports,0.9428982678236224,0.8155250577848677,0.575778764164542,0.2547283501174674,25,Strategy,Puzzle,0.6960903082187067,0.3529901857638985,24,0.0,0.0,0.0166666666666666,0.8796884559458353,1,0.9565820197684969,139,0.3237410071942446,0.31349577006218143,0.5445781111185509,3
188,1110,Experience 1110,Creative,0.8487034770737338,0.6513439158584452,0.7080979103356375,0.2741343936886083,18,Strategy,Puzzle,0.6960903082187067,0.3529901857638985,24,0.0,0.0,0.1,0.9879923978830693,0,0.8828142939814582,109,0.28440366972477066,0.2778746313169523,0.5025940788991223,4
188,1008,Experience 1008,Adventure,0.8415828324170402,0.3364498304651394,0.599089106012921,0.2728043301458357,40,Strategy,Puzzle,0.6960903082187067,0.3529901857638985,24,0.0,0.0,0.2666666666666666,0.9029987977942144,0,0.9585744045794297,117,0.27350427350427353,0.2689476455466193,0.4297335641747023,5
189,1061,Experience 1061,Social,0.9515114053456256,0.4883887845440612,0.3838014404080356,0.6777086144544695,56,Sports,Social,0.6727293778887776,0.6592753362474251,49,0.0,1.0,0.1166666666666666,0.7110720625192579,0,0.8614385006533393,113,0.3274336283185841,0.3146302815029086,0.7386176215952571,1
189,1012,Experience 1012,Social,0.4912469181469279,0.4504706076181689,0.5423234103127773,0.3692728413409686,11,Sports,Social,0.6727293778887776,0.6592753362474251,49,0.0,1.0,0.6333333333333333,0.8695940324239997,0,0.9589346794438558,120,0.2,0.20604162457062034,0.6115470916253034,2
189,1075,Experience 1075,Puzzle,0.7701763699744956,0.5714931074517187,0.7080993700732455,0.0043057756676786,58,Sports,Social,0.6727293778887776,0.6592753362474251,49,0.0,0.0,0.15,0.964630007815532,0,0.9393930649317973,114,0.22807017543859648,0.23019274208870782,0.5492698240481646,3
189,1044,Experience 1044,Action,0.8578996664042653,0.7405382156713768,0.540545681694017,0.9388053542070384,40,Sports,Social,0.6727293778887776,0.6592753362474251,49,0.0,0.0,0.15,0.8678163038052393,0,0.7459985306967061,112,0.2857142857142857,0.27913505636277913,0.5394868271378944,4
189,1051,Experience 1051,Adventure,0.7608650542535511,0.4945204429565272,0.5049786641965721,0.9492935230092574,34,Sports,Social,0.6727293778887776,0.6592753362474251,49,0.0,0.0,0.25,0.8322492863077945,0,0.8470138099174709,122,0.2459016393442623,0.24539315098511863,0.4609001262136822,5
190,1016,Experience 1016,Simulation,0.6327408434291123,0.2893552650923534,0.337198205686132,0.4979318527888876,53,Simulation,Creative,0.6030799251285341,0.5024923329589228,28,1.0,0.0,0.4166666666666667,0.7341182805575979,1,0.7256496945453655,124,0.1935483870967742,0.20031824611032534,0.7006447901528909,1
190,1087,Experience 1087,Creative,0.7417160017369715,0.3980069401610766,0.5803538931422866,0.1954958273965873,33,Simulation,Creative,0.6030799251285341,0.5024923329589228,28,0.0,1.0,0.0833333333333333,0.9772739680137524,1,0.9519886416657165,117,0.15384615384615385,0.16675786452472152,0.6204599171492519,2
190,1014,Experience 1014,Social,0.7084360738896248,0.6919622480914536,0.5066406143622445,0.7631554898199004,35,Simulation,Creative,0.6030799251285341,0.5024923329589228,28,0.0,0.0,0.1166666666666666,0.9035606892337104,0,0.7065106471781661,117,0.29914529914529914,0.29084545576559745,0.5078253015257637,3
190,1001,Experience 1001,Sports,0.6452560499996463,0.8044840559110404,0.5776422262968883,0.3608105614175153,41,Simulation,Creative,0.6030799251285341,0.5024923329589228,28,0.0,0.0,0.2166666666666666,0.9745623011683542,0,0.7757809276697972,110,0.2545454545454545,0.25266021107605263,0.4618832609649226,4
190,1104,Experience 1104,Sports,0.7763284069557427,0.7928984171430337,0.1707069630824686,0.4638281104628762,33,Simulation,Creative,0.6030799251285341,0.5024923329589228,28,0.0,0.0,0.0833333333333333,0.5676270379539345,0,0.9174008238202824,119,0.17647058823529413,0.1859412046035025,0.41882855954813814,5
191,1102,Experience 1102,Sports,0.9402838286695968,0.4125021221616953,0.1907643304361418,0.200562471321554,40,Strategy,Sports,0.6257228498540331,0.5059930436217186,46,0.0,1.0,0.1,0.5650414805821087,0,0.7116056068613091,117,0.3076923076923077,0.29814472583859014,0.6425250246408887,1
191,1050,Experience 1050,Sports,0.6444432625143321,0.2032573812502654,0.7840857883345029,0.0579453445381299,24,Strategy,Sports,0.6257228498540331,0.5059930436217186,46,0.0,1.0,0.3666666666666666,0.8416370615195302,0,0.7625662360775891,107,0.27102803738317754,0.2665025782668255,0.596011281884769,2
191,1000,Experience 1000,Action,0.9096695293967186,0.6516437731703687,0.6290364009047581,0.2407530712142694,49,Strategy,Sports,0.6257228498540331,0.5059930436217186,46,0.0,0.0,0.05,0.996686448949275,1,0.7581677884164598,124,0.3225806451612903,0.31142935722143644,0.5657508926440125,3
191,1089,Experience 1089,Sports,0.3014679423689484,0.7496212264791996,0.8991409816135325,0.4794170748058911,60,Strategy,Sports,0.6257228498540331,0.5059930436217186,46,0.0,1.0,0.2333333333333333,0.7265818682405006,0,0.870265460194414,125,0.184,0.19204018924059896,0.5520327492174495,4
191,1099,Experience 1099,Adventure,0.8332801744008336,0.4077151465805127,0.8307594812615263,0.7545731382181347,49,Strategy,Sports,0.6257228498540331,0.5059930436217186,46,0.0,0.0,0.05,0.7949633685925068,0,0.7107179526590147,119,0.2605042016806723,0.25788365064666796,0.47888935643008945,5
192,1035,Experience 1035,Action,0.684933354468736,0.2628151072276272,0.2926692360835166,0.7930049789596304,54,Creative,Action,0.7344878770346,0.4504822288590452,55,0.0,1.0,0.0166666666666666,0.5581813590489166,0,0.8458982114663349,144,0.14583333333333334,0.15759650877979783,0.5367490258618774,1
192,1007,Experience 1007,Social,0.6113602755027672,0.3693255620200327,0.760432490906593,0.3138467721116466,56,Creative,Action,0.7344878770346,0.4504822288590452,55,0.0,0.0,0.0166666666666666,0.9740553861280068,0,0.7040782946346992,112,0.24107142857142858,0.24125626848399126,0.5190949862842835,2
192,1106,Experience 1106,Sports,0.8146785788760947,0.3647619692710552,0.6750256601127794,0.7960604476258709,49,Creative,Action,0.7344878770346,0.4504822288590452,55,0.0,0.0,0.1,0.9405377830781796,0,0.9275300743598027,128,0.28125,0.275985320539776,0.4969081212372377,3
192,1069,Experience 1069,Puzzle,0.8068156107352968,0.6551858372056814,0.8842124935251735,0.2530347499296835,35,Creative,Action,0.7344878770346,0.4504822288590452,55,0.0,0.0,0.3333333333333333,0.8502753835094264,0,0.8166166364028815,121,0.2892561983471074,0.2825945208502613,0.4769306231720821,4
192,1108,Experience 1108,Puzzle,0.8425576923542274,0.4822507608830354,0.666849920378606,0.8027206052883656,21,Creative,Action,0.7344878770346,0.4504822288590452,55,0.0,0.0,0.5666666666666667,0.932362043344006,0,0.9791685271514802,92,0.2717391304347826,0.2664806021418468,0.44549041189499533,5
193,1028,Experience 1028,Simulation,0.7474374024719366,0.7598079156453001,0.9057260947827066,0.4943145335346177,16,Adventure,Simulation,0.866400091210421,0.906736660354776,53,0.0,1.0,0.6166666666666667,0.9606739964277144,0,0.730553006843812,122,0.22950819672131148,0.23130864394286513,0.6061798594329977,1
193,1115,Experience 1115,Simulation,0.626658707429628,0.7075065986188209,0.5404405149990236,0.2246894745458737,42,Adventure,Simulation,0.866400091210421,0.906736660354776,53,0.0,1.0,0.1833333333333333,0.6740404237886025,0,0.9470024310166362,112,0.2767857142857143,0.27155929878702156,0.5617932868383126,2
193,1107,Experience 1107,Social,0.7428970964662264,0.8045676070342606,0.8160785123357384,0.9076048913904824,23,Adventure,Simulation,0.866400091210421,0.906736660354776,53,0.0,0.0,0.5,0.9496784211253172,0,0.9160798770344525,139,0.30935251798561153,0.3009171537099802,0.5212013568969371,3
193,1059,Experience 1059,Social,0.7489549716721217,0.4911530499138364,0.6826986067555766,0.9132851837019758,49,Adventure,Simulation,0.866400091210421,0.906736660354776,53,0.0,0.0,0.0666666666666666,0.8162985155451555,1,0.7422023169589087,105,0.34285714285714286,0.32676661951909475,0.5208461723006481,4
193,1016,Experience 1016,Simulation,0.6327408434291123,0.2893552650923534,0.337198205686132,0.4979318527888876,53,Adventure,Simulation,0.866400091210421,0.906736660354776,53,0.0,1.0,0.0,0.4707981144757109,0,0.7333305664174761,124,0.1935483870967742,0.20031824611032534,0.5063733657651319,5
194,1116,Experience 1116,Action,0.6678760843020042,0.5482724230839826,0.6479003468582198,0.8466710505082435,57,Action,Strategy,0.574003050182835,0.4241258829903285,43,1.0,0.0,0.2333333333333333,0.9261027033246152,1,0.768566681933135,113,0.21238938053097345,0.21688592060065298,0.7972741811052617,1
194,1103,Experience 1103,Action,0.6677544964493587,0.4461723957193605,0.794276194278496,0.1853752728024856,59,Action,Strategy,0.574003050182835,0.4241258829903285,43,1.0,0.0,0.2666666666666666,0.779726855904339,1,0.7412024512234201,121,0.23140495867768596,0.23294913077933935,0.7815372408364784,2
194,1068,Experience 1068,Action,0.698456042052288,0.2594560290757449,0.3550613668330224,0.4325155932423661,21,Action,Strategy,0.574003050182835,0.4241258829903285,43,1.0,0.0,0.3666666666666666,0.7810583166501874,0,0.8573961456887597,111,0.24324324324324326,0.2430979193884492,0.7498542513734656,3
194,1011,Experience 1011,Strategy,0.8438936347604792,0.3089791482471649,0.5527453913687409,0.302964628837302,52,Action,Strategy,0.574003050182835,0.4241258829903285,43,0.0,1.0,0.15,0.978742341185906,1,0.7763653380551148,123,0.2682926829268293,0.26465613594326465,0.6371691342598296,4
194,1111,Experience 1111,Sports,0.9428982678236224,0.8155250577848677,0.575778764164542,0.2547283501174674,25,Action,Strategy,0.574003050182835,0.4241258829903285,43,0.0,0.0,0.3,0.998224286018293,1,0.8593281761406715,139,0.3237410071942446,0.31349577006218143,0.5586006034086419,5
195,1054,Experience 1054,Puzzle,0.6795756146978778,0.2537314254122666,0.2509959349159629,0.6813294726896911,34,Puzzle,Adventure,0.6229405175510294,0.2219755477924452,48,1.0,0.0,0.2333333333333333,0.6280554173649335,0,0.8352526543786208,113,0.20353982300884957,0.20936712360817178,0.7100191559322189,1
195,1043,Experience 1043,Creative,0.8838983032607785,0.7641225701636372,0.5942808569171103,0.6062993981927156,47,Puzzle,Adventure,0.6229405175510294,0.2219755477924452,48,0.0,0.0,0.0166666666666666,0.9713403393660808,0,0.9960202054778493,110,0.35454545454545455,0.3372755956914373,0.5110956848506162,2
195,1025,Experience 1025,Social,0.838744739121835,0.7279884901895025,0.5876677647056102,0.0811540004238993,14,Puzzle,Adventure,0.6229405175510294,0.2219755477924452,48,0.0,0.0,0.5666666666666667,0.9647272471545808,0,0.8804181864975955,120,0.31666666666666665,0.30604162457062034,0.5049758943010414,3
195,1107,Experience 1107,Social,0.7428970964662264,0.8045676070342606,0.8160785123357384,0.9076048913904824,23,Puzzle,Adventure,0.6229405175510294,0.2219755477924452,48,0.0,0.0,0.4166666666666667,0.8068620052152911,1,0.999810815305584,139,0.30935251798561153,0.3009171537099802,0.4758294395091311,4
195,1109,Experience 1109,Social,0.5415451963988065,0.6320276759129257,0.4602651355822746,0.2660308726216652,48,Puzzle,Adventure,0.6229405175510294,0.2219755477924452,48,0.0,0.0,0.0,0.8373246180312452,0,0.9531077391361107,125,0.312,0.30238501682680585,0.45889184402842753,5
196,1078,Experience 1078,Simulation,0.9139745006021852,0.4875947260651535,0.1081242288365573,0.0386443098268846,51,Simulation,Social,0.8482558024424653,0.1769717320267206,42,1.0,0.0,0.15,0.259868426394092,0,0.9964509321066518,97,0.23711340206185566,0.23799852512723801,0.7363023345325572,1
196,1097,Experience 1097,Social,0.6621084266035628,0.3766200397542547,0.5070806368539267,0.2458755870050586,23,Simulation,Social,0.8482558024424653,0.1769717320267206,42,0.0,1.0,0.3166666666666666,0.6588248344114613,0,0.9650801503857653,128,0.203125,0.20841775297220844,0.5985832457836571,2
196,1000,Experience 1000,Action,0.9096695293967186,0.6516437731703687,0.6290364009047581,0.2407530712142694,49,Simulation,Social,0.8482558024424653,0.1769717320267206,42,0.0,0.0,0.1166666666666666,0.7807805984622928,1,0.7815525641703304,124,0.3225806451612903,0.31142935722143644,0.4970450044789203,3
196,1106,Experience 1106,Sports,0.8146785788760947,0.3647619692710552,0.6750256601127794,0.7960604476258709,49,Simulation,Social,0.8482558024424653,0.1769717320267206,42,0.0,0.0,0.1166666666666666,0.8267698576703141,0,0.7198226148878948,128,0.28125,0.275985320539776,0.47326233856348743,4
196,1066,Experience 1066,Strategy,0.5933044321129625,0.8148765601157231,0.9082281614290438,0.2645976053461583,23,Simulation,Social,0.8482558024424653,0.1769717320267206,42,0.0,0.0,0.3166666666666666,0.9400276410134216,0,0.7718927932645994,125,0.208,0.21272984441301274,0.41827291595848226,5
197,1096,Experience 1096,Adventure,0.7903170826018652,0.4751627362769494,0.5362341337297925,0.9233469677258124,13,Action,Adventure,0.3903733236456168,0.2290562787001899,47,0.0,1.0,0.5666666666666667,0.8541391899158244,1,0.786115497059749,123,0.25203252032520324,0.25067012195725064,0.5591502028641149,1
197,1040,Experience 1040,Adventure,0.8007594991172722,0.3266907558049443,0.1528993913771743,0.3143479426299048,10,Action,Adventure,0.3903733236456168,0.2290562787001899,47,0.0,1.0,0.6166666666666667,0.7625260677315575,0,0.723557251408602,109,0.2018348623853211,0.20810718945648718,0.520575602707886,2
197,1100,Experience 1100,Sports,0.8539423752816214,0.5771516782683807,0.6603015579098336,0.097787997445443,39,Action,Adventure,0.3903733236456168,0.2290562787001899,47,0.0,0.0,0.1333333333333333,0.7300717657357831,0,0.8671257067444437,107,0.3177570093457944,0.3058726570069831,0.48886153807546145,3
197,1079,Experience 1079,Social,0.6252808613431486,0.1651788036494796,0.2355254260756802,0.2079980737084605,56,Action,Adventure,0.3903733236456168,0.2290562787001899,47,0.0,0.0,0.15,0.8451521024300634,0,0.8687538540290622,123,0.2032520325203252,0.2087120799992087,0.45218527095781147,4
197,1007,Experience 1007,Social,0.6113602755027672,0.3693255620200327,0.760432490906593,0.3138467721116466,56,Action,Adventure,0.3903733236456168,0.2290562787001899,47,0.0,0.0,0.15,0.6299408327390237,0,0.8343301329224174,112,0.24107142857142858,0.24125626848399126,0.4456510541409314,5
198,1077,Experience 1077,Adventure,0.8965830938027713,0.1988675594053931,0.098043795325636,0.9940777724523784,46,Strategy,Adventure,0.5157890951581322,0.5754262149790318,20,0.0,1.0,0.4333333333333333,0.5822547001675038,0,0.9346757713911323,116,0.19827586206896552,0.20474873117563858,0.49574244081288926,1
198,1110,Experience 1110,Creative,0.8487034770737338,0.6513439158584452,0.7080979103356375,0.2741343936886083,18,Strategy,Adventure,0.5157890951581322,0.5754262149790318,20,0.0,0.0,0.0333333333333333,0.8076911848224947,0,0.897297775757446,109,0.28440366972477066,0.2778746313169523,0.4693262434296993,2
198,1006,Experience 1006,Action,0.8770181756508404,0.5275353377269014,0.8047332447846338,0.7517807092307816,28,Strategy,Adventure,0.5157890951581322,0.5754262149790318,20,0.0,0.0,0.1333333333333333,0.7110558503734984,0,0.9864812836012564,103,0.27184466019417475,0.26703924747875485,0.4407905929640645,3
198,1069,Experience 1069,Puzzle,0.8068156107352968,0.6551858372056814,0.8842124935251735,0.2530347499296835,35,Strategy,Adventure,0.5157890951581322,0.5754262149790318,20,0.0,0.0,0.25,0.6315766016329587,0,0.7644590708312854,121,0.2892561983471074,0.2825945208502613,0.42427681315880494,4
198,1090,Experience 1090,Puzzle,0.5586098880458512,0.4251872277402517,0.5338484342208252,0.861814417816014,19,Strategy,Adventure,0.5157890951581322,0.5754262149790318,20,0.0,0.0,0.0166666666666666,0.981940660937307,1,0.8362527846119124,121,0.2727272727272727,0.26841012368714073,0.406566270989952,5
199,1031,Experience 1031,Adventure,0.6267069522672452,0.6020379288394027,0.9395582128996094,0.5521627033044271,46,Adventure,Strategy,0.8398545397058611,0.789995253886308,51,1.0,0.0,0.0833333333333333,0.9002963268062517,0,0.7228101159179174,113,0.23008849557522124,0.2319235145856154,0.7963312591109765,1
199,1087,Experience 1087,Creative,0.7417160017369715,0.3980069401610766,0.5803538931422866,0.1954958273965873,33,Adventure,Strategy,0.8398545397058611,0.789995253886308,51,0.0,0.0,0.3,0.7404993534364255,0,0.8298674897755076,117,0.15384615384615385,0.16675786452472152,0.4110324515324803,2
199,1015,Experience 1015,Sports,0.9316862802198296,0.7502302540767141,0.1563447605350174,0.9300033473547172,10,Adventure,Strategy,0.8398545397058611,0.789995253886308,51,0.0,0.0,0.6833333333333333,0.3164902208291563,0,0.733891234832855,113,0.19469026548672566,0.20184832661569058,0.3639249198555114,3
199,1081,Experience 1081,Puzzle,0.5738102986510725,0.5468042713764619,0.3811493240377567,0.8099407364448706,60,Adventure,Strategy,0.8398545397058611,0.789995253886308,51,0.0,0.0,0.15,0.5412947843318956,0,0.9905944911910006,107,0.18691588785046728,0.1956364365345421,0.3619437137265827,4
199,1005,Experience 1005,Sports,0.725440926488475,0.5102685875213342,0.2459903544501388,0.2409271164143122,19,Adventure,Strategy,0.8398545397058611,0.789995253886308,51,0.0,0.0,0.5333333333333333,0.4061358147442777,0,0.8668998505114787,114,0.2543859649122807,0.25258080179020037,0.3398402188441163,5
200,1045,Experience 1045,Strategy,0.6865679540637682,0.4124899761623172,0.8858497306039471,0.3446408865116177,23,Strategy,Creative,0.5411571108741182,0.2342880955996645,50,1.0,0.0,0.45,0.6553073802701711,0,0.9216294015866908,95,0.14736842105263157,0.16387676034684212,0.7184494846206991,1
200,1061,Experience 1061,Social,0.9515114053456256,0.4883887845440612,0.3838014404080356,0.6777086144544695,56,Strategy,Creative,0.5411571108741182,0.2342880955996645,50,0.0,0.0,0.1,0.8426443295339174,0,0.9691118486272218,113,0.3274336283185841,0.3146302815029086,0.555989682469421,2
200,1059,Experience 1059,Social,0.7489549716721217,0.4911530499138364,0.6826986067555766,0.9132851837019758,49,Strategy,Creative,0.5411571108741182,0.2342880955996645,50,0.0,0.0,0.0166666666666666,0.8584585041185416,0,0.829969261991338,105,0.34285714285714286,0.32676661951909475,0.5239049822028025,3
200,1044,Experience 1044,Action,0.8578996664042653,0.7405382156713768,0.540545681694017,0.9388053542070384,40,Strategy,Creative,0.5411571108741182,0.2342880955996645,50,0.0,0.0,0.1666666666666666,0.9993885708198988,0,0.7610073464883119,112,0.2857142857142857,0.27913505636277913,0.5045931103171948,4
200,1074,Experience 1074,Social,0.7411737446379107,0.1336446501121093,0.5667526591354218,0.2130749343990023,32,Strategy,Creative,0.5411571108741182,0.2342880955996645,50,0.0,0.0,0.3,0.9744044517386964,0,0.7220082523053093,149,0.2953020134228188,0.28902856473305827,0.48506732426466703,5
201,1116,Experience 1116,Action,0.6678760843020042,0.5482724230839826,0.6479003468582198,0.8466710505082435,57,Action,Adventure,0.8576517309795767,0.8810642964966328,43,1.0,0.0,0.2333333333333333,0.7902486158786431,1,0.9498671105974561,113,0.21238938053097345,0.21688592060065298,0.7923333435171499,1
201,1086,Experience 1086,Action,0.6307900998772656,0.1325899003231649,0.3014212434741936,0.1888364204756389,42,Action,Adventure,0.8576517309795767,0.8810642964966328,43,1.0,0.0,0.0166666666666666,0.4437695124946169,0,0.9020030598508417,127,0.2283464566929134,0.2302437240808629,0.7279865025121409,2
201,1051,Experience 1051,Adventure,0.7608650542535511,0.4945204429565272,0.5049786641965721,0.9492935230092574,34,Action,Adventure,0.8576517309795767,0.8810642964966328,43,0.0,1.0,0.15,0.6473269332169954,0,0.7902275535659842,122,0.2459016393442623,0.24539315098511863,0.5862340306055186,3
201,1077,Experience 1077,Adventure,0.8965830938027713,0.1988675594053931,0.098043795325636,0.9940777724523784,46,Action,Adventure,0.8576517309795767,0.8810642964966328,43,0.0,1.0,0.05,0.2403920643460594,0,0.7630312529571516,116,0.19827586206896552,0.20474873117563858,0.5239423824488237,4
201,1024,Experience 1024,Sports,0.7120515552427965,0.5535760301547662,0.4935230317114728,0.4609313910731102,39,Action,Adventure,0.8576517309795767,0.8810642964966328,43,0.0,0.0,0.0666666666666666,0.6358713007318961,0,0.9909691374806482,138,0.2608695652173913,0.25851789518915724,0.45440261271854143,5
202,1052,Experience 1052,Creative,0.6879474895864814,0.8150878066775633,0.5427584275418881,0.4028796085076296,43,Creative,Puzzle,0.4504563202776564,0.6525663720510116,32,1.0,0.0,0.1833333333333333,0.9076978927357684,0,0.8221116368592944,129,0.3178294573643411,0.30769011704622046,0.8198931872740309,1
202,1110,Experience 1110,Creative,0.8487034770737338,0.6513439158584452,0.7080979103356375,0.2741343936886083,18,Creative,Puzzle,0.4504563202776564,0.6525663720510116,32,1.0,0.0,0.2333333333333333,0.7423584099420188,1,0.8410251169641209,109,0.28440366972477066,0.2778746313169523,0.8180995673324644,2
202,1067,Experience 1067,Creative,0.788764048918011,0.4580972487220676,0.5921026845821029,0.4299570499000478,43,Creative,Puzzle,0.4504563202776564,0.6525663720510116,32,1.0,0.0,0.1833333333333333,0.8583536356955535,1,0.7719634531924006,119,0.31092436974789917,0.30104911827256725,0.8147112397100649,3
202,1021,Experience 1021,Creative,0.6317033375365485,0.227795161908673,0.5969784094803497,0.8897794665398687,40,Creative,Puzzle,0.4504563202776564,0.6525663720510116,32,1.0,0.0,0.1333333333333333,0.8534779107973067,0,0.9248017051124829,117,0.23931623931623933,0.23975056525464852,0.7765208441920556,4
202,1038,Experience 1038,Creative,0.8025898263845425,0.4058560569474049,0.8087225901435202,0.8729120163870842,60,Creative,Puzzle,0.4504563202776564,0.6525663720510116,32,1.0,0.0,0.4666666666666667,0.6417337301341361,1,0.7245314355964605,108,0.2037037037037037,0.209733026874116,0.7745720341260569,5
203,1000,Experience 1000,Action,0.9096695293967186,0.6516437731703687,0.6290364009047581,0.2407530712142694,49,Action,Adventure,0.4374656090968227,0.4046199104465032,29,1.0,0.0,0.3333333333333333,0.8084292081920647,1,0.8497331627626213,124,0.3225806451612903,0.31142935722143644,0.8184449515721024,1
203,1014,Experience 1014,Social,0.7084360738896248,0.6919622480914536,0.5066406143622445,0.7631554898199004,35,Action,Adventure,0.4374656090968227,0.4046199104465032,29,0.0,0.0,0.1,0.9308249947345782,0,0.8268768364799105,117,0.29914529914529914,0.29084545576559745,0.5326199304893151,2
203,1031,Experience 1031,Adventure,0.6267069522672452,0.6020379288394027,0.9395582128996094,0.5521627033044271,46,Action,Adventure,0.4374656090968227,0.4046199104465032,29,0.0,1.0,0.2833333333333333,0.4979073961972133,0,0.7833910434756974,113,0.23008849557522124,0.2319235145856154,0.5194085146526932,3
203,1046,Experience 1046,Puzzle,0.9358581895296346,0.2937905951089806,0.3646871905132503,0.5570017818814502,30,Action,Adventure,0.4374656090968227,0.4046199104465032,29,0.0,0.0,0.0166666666666666,0.9272215814164276,0,0.7482385279095063,124,0.2661290322580645,0.26281824611032534,0.5040854462790669,4
203,1085,Experience 1085,Social,0.715133524882573,0.3923165755464828,0.681782684374937,0.3715432084063615,41,Action,Adventure,0.4374656090968227,0.4046199104465032,29,0.0,0.0,0.2,0.7556829247218857,0,0.8715977200706637,117,0.24786324786324787,0.24704983532764122,0.4824213634231286,5
204,1108,Experience 1108,Puzzle,0.8425576923542274,0.4822507608830354,0.666849920378606,0.8027206052883656,21,Sports,Puzzle,0.4115911614786445,0.3121809161310906,28,0.0,1.0,0.1166666666666666,0.7447412411000385,0,0.8858025550030041,92,0.2717391304347826,0.2664806021418468,0.6261954378056019,1
204,1029,Experience 1029,Puzzle,0.3418174116264629,0.7473540601800795,0.2448417750345193,0.4073623878629723,57,Sports,Puzzle,0.4115911614786445,0.3121809161310906,28,0.0,1.0,0.4833333333333333,0.8332506135558748,1,0.9353729154990427,118,0.1864406779661017,0.1945349814484554,0.4935774724439853,2
204,1043,Experience 1043,Creative,0.8838983032607785,0.7641225701636372,0.5942808569171103,0.6062993981927156,47,Sports,Puzzle,0.4115911614786445,0.3121809161310906,28,0.0,0.0,0.3166666666666666,0.8173103045615342,0,0.786310715109582,110,0.35454545454545455,0.3372755956914373,0.47717133849950116,3
204,1082,Experience 1082,Adventure,0.940069744877272,0.6645999956719907,0.1368397110942475,0.0890420050750532,28,Sports,Puzzle,0.4115911614786445,0.3121809161310906,28,0.0,0.0,0.0,0.725248549615603,1,0.7878849810920179,138,0.2391304347826087,0.23953055341700535,0.4702373756418134,4
204,1062,Experience 1062,Creative,0.7566608128373626,0.2501254620138091,0.431135077105207,0.8144738760309339,50,Sports,Puzzle,0.4115911614786445,0.3121809161310906,28,0.0,0.0,0.3666666666666666,0.9804560843734376,0,0.8392909745406716,118,0.2033898305084746,0.20902773507164382,0.421395323220684,5
205,1037,Experience 1037,Sports,0.7994490651436071,0.7023148063737304,0.3263399911584964,0.9948242136208678,35,Sports,Social,0.4795845788790152,0.4037450557067505,52,1.0,0.0,0.2833333333333333,0.8467554122794811,0,0.929384589652597,120,0.30833333333333335,0.29889876742776317,0.8322039092442871,1
205,1015,Experience 1015,Sports,0.9316862802198296,0.7502302540767141,0.1563447605350174,0.9300033473547172,10,Sports,Social,0.4795845788790152,0.4037450557067505,52,1.0,0.0,0.7,0.6767601816560023,1,0.8357292526213811,113,0.19469026548672566,0.20184832661569058,0.8040709652657726,2
205,1049,Experience 1049,Sports,0.4370836638665348,0.2536527377340197,0.5512982630814426,0.1951855298186556,20,Sports,Social,0.4795845788790152,0.4037450557067505,52,1.0,0.0,0.5333333333333333,0.9282863157975728,0,0.7129020842615018,122,0.19672131147540983,0.20313962985835807,0.7511771625459873,3
205,1059,Experience 1059,Social,0.7489549716721217,0.4911530499138364,0.6826986067555766,0.9132851837019758,49,Sports,Social,0.4795845788790152,0.4037450557067505,52,0.0,1.0,0.05,0.7968859721234387,0,0.9731012582631241,105,0.34285714285714286,0.32676661951909475,0.7147728577081358,4
205,1025,Experience 1025,Social,0.838744739121835,0.7279884901895025,0.5876677647056102,0.0811540004238993,14,Sports,Social,0.4795845788790152,0.4037450557067505,52,0.0,1.0,0.6333333333333333,0.8919168141734051,1,0.7278547295787761,120,0.31666666666666665,0.30604162457062034,0.710622442812604,5
206,1078,Experience 1078,Simulation,0.9139745006021852,0.4875947260651535,0.1081242288365573,0.0386443098268846,51,Simulation,Adventure,0.8545601021204936,0.2460036670421549,20,1.0,0.0,0.5166666666666667,0.2535641267160637,0,0.8843077215435198,97,0.23711340206185566,0.23799852512723801,0.6563498557502118,1
206,1099,Experience 1099,Adventure,0.8332801744008336,0.4077151465805127,0.8307594812615263,0.7545731382181347,49,Simulation,Adventure,0.8545601021204936,0.2460036670421549,20,0.0,1.0,0.4833333333333333,0.9761993791410328,1,0.7597324364768051,119,0.2605042016806723,0.25788365064666796,0.5577186738812001,2
206,1107,Experience 1107,Social,0.7428970964662264,0.8045676070342606,0.8160785123357384,0.9076048913904824,23,Simulation,Adventure,0.8545601021204936,0.2460036670421549,20,0.0,0.0,0.05,0.9615184102152448,0,0.890781416554234,139,0.30935251798561153,0.3009171537099802,0.5121889777789418,3
206,1006,Experience 1006,Action,0.8770181756508404,0.5275353377269014,0.8047332447846338,0.7517807092307816,28,Simulation,Adventure,0.8545601021204936,0.2460036670421549,20,0.0,0.0,0.1333333333333333,0.9501731426641402,0,0.8161178762542057,103,0.27184466019417475,0.26703924747875485,0.4492585874558067,4
206,1085,Experience 1085,Social,0.715133524882573,0.3923165755464828,0.681782684374937,0.3715432084063615,41,Simulation,Adventure,0.8545601021204936,0.2460036670421549,20,0.0,0.0,0.35,0.8272225822544435,0,0.7796429806630265,117,0.24786324786324787,0.24704983532764122,0.4232070979251413,5
207,1027,Experience 1027,Sports,0.8258355726034926,0.7779980359761599,0.5071112833110228,0.4772006332829246,49,Creative,Simulation,0.4802482526267393,0.2794041178476135,43,0.0,0.0,0.1,0.9731369693157164,1,0.9384749652367461,111,0.23423423423423423,0.23546433160218966,0.5119814282054201,1
207,1039,Experience 1039,Social,0.8194814495513689,0.2752805682140255,0.2419454802582048,0.889899007072331,47,Creative,Simulation,0.4802482526267393,0.2794041178476135,43,0.0,0.0,0.0666666666666666,0.7616972276314655,0,0.8895007167670057,110,0.2636363636363636,0.2603525187683603,0.4717476781491286,2
207,1088,Experience 1088,Sports,0.931739259022481,0.4207879774878386,0.5549692853271866,0.4100487869149942,11,Creative,Simulation,0.4802482526267393,0.2794041178476135,43,0.0,0.0,0.5333333333333333,0.9252789672995528,1,0.9011480703845525,113,0.3008849557522124,0.292073890525465,0.4527356967973647,3
207,1055,Experience 1055,Action,0.9121309206982589,0.3826203354113438,0.2499073592941251,0.1919211614110854,38,Creative,Simulation,0.4802482526267393,0.2794041178476135,43,0.0,0.0,0.0833333333333333,0.7696591066673859,0,0.7444306930670858,114,0.23684210526315788,0.237655428655872,0.4421627997055754,4
207,1119,Experience 1119,Action,0.8086136050725224,0.7572883677081093,0.5086964614589882,0.1619415702496311,9,Creative,Simulation,0.4802482526267393,0.2794041178476135,43,0.0,0.0,0.5666666666666667,0.9715517911677513,0,0.8167523440350909,115,0.30434782608695654,0.29515427733249516,0.4338277149936936,5
208,1082,Experience 1082,Adventure,0.940069744877272,0.6645999956719907,0.1368397110942475,0.0890420050750532,28,Adventure,Creative,0.6513687193128596,0.464780571231674,27,1.0,0.0,0.0166666666666666,0.485470991781388,0,0.864584513712441,138,0.2391304347826087,0.23953055341700535,0.7811903125751597,1
208,1108,Experience 1108,Puzzle,0.8425576923542274,0.4822507608830354,0.666849920378606,0.8027206052883656,21,Adventure,Creative,0.6513687193128596,0.464780571231674,27,0.0,0.0,0.1,0.9845187989342536,0,0.8896537282273564,92,0.2717391304347826,0.2664806021418468,0.4970301412387922,2
208,1088,Experience 1088,Sports,0.931739259022481,0.4207879774878386,0.5549692853271866,0.4100487869149942,11,Adventure,Creative,0.6513687193128596,0.464780571231674,27,0.0,0.0,0.2666666666666666,0.903600566014327,1,0.89287691865285,113,0.3008849557522124,0.292073890525465,0.4924303495812275,3
208,1109,Experience 1109,Social,0.5415451963988065,0.6320276759129257,0.4602651355822746,0.2660308726216652,48,Adventure,Creative,0.6513687193128596,0.464780571231674,27,0.0,0.0,0.35,0.808896416269415,0,0.9011948550088756,125,0.312,0.30238501682680585,0.43808066143019375,4
208,1072,Experience 1072,Puzzle,0.7449779069249327,0.3414623639761886,0.973475515285742,0.3783180142237856,25,Adventure,Creative,0.6513687193128596,0.464780571231674,27,0.0,0.0,0.0333333333333333,0.6778932040271175,0,0.8151185916625316,119,0.21008403361344538,0.21471818302076867,0.4322237989172887,5
209,1028,Experience 1028,Simulation,0.7474374024719366,0.7598079156453001,0.9057260947827066,0.4943145335346177,16,Creative,Simulation,0.5415935889246869,0.4126187850030679,22,0.0,1.0,0.1,0.6358674941419803,0,0.7843009257459952,122,0.22950819672131148,0.23130864394286513,0.5753093583282479,1
209,1097,Experience 1097,Social,0.6621084266035628,0.3766200397542547,0.5070806368539267,0.2458755870050586,23,Creative,Simulation,0.5415935889246869,0.4126187850030679,22,0.0,0.0,0.0166666666666666,0.9654870479292398,0,0.9226546534710238,128,0.203125,0.20841775297220844,0.4877938481054395,2
209,1027,Experience 1027,Sports,0.8258355726034926,0.7779980359761599,0.5071112833110228,0.4772006332829246,49,Creative,Simulation,0.5415935889246869,0.4126187850030679,22,0.0,0.0,0.45,0.965517694386336,0,0.7900280679775158,111,0.23423423423423423,0.23546433160218966,0.46833297324198697,3
209,1119,Experience 1119,Action,0.8086136050725224,0.7572883677081093,0.5086964614589882,0.1619415702496311,9,Creative,Simulation,0.5415935889246869,0.4126187850030679,22,0.0,0.0,0.2166666666666666,0.9671028725343012,0,0.8539577123967755,115,0.30434782608695654,0.29515427733249516,0.4641567384434326,4
209,1000,Experience 1000,Action,0.9096695293967186,0.6516437731703687,0.6290364009047581,0.2407530712142694,49,Creative,Simulation,0.5415935889246869,0.4126187850030679,22,0.0,0.0,0.45,0.9125571880199288,0,0.9389724574989524,124,0.3225806451612903,0.31142935722143644,0.45945239248377584,5
210,1043,Experience 1043,Creative,0.8838983032607785,0.7641225701636372,0.5942808569171103,0.6062993981927156,47,Puzzle,Sports,0.4774709789559046,0.3613290682399556,31,0.0,0.0,0.2666666666666666,0.8831901220387943,0,0.8079340781973421,110,0.35454545454545455,0.3372755956914373,0.506449554595373,1
210,1084,Experience 1084,Social,0.6722561348379004,0.2863456816441453,0.5362524927433157,0.7470758006298863,26,Puzzle,Sports,0.4774709789559046,0.3613290682399556,31,0.0,0.0,0.0833333333333333,0.941218486212589,0,0.7857199114841739,111,0.35135135135135137,0.3347009728235637,0.50567251212317,2
210,1012,Experience 1012,Social,0.4912469181469279,0.4504706076181689,0.5423234103127773,0.3692728413409686,11,Puzzle,Sports,0.4774709789559046,0.3613290682399556,31,0.0,0.0,0.3333333333333333,0.9351475686431272,0,0.933983989547314,120,0.2,0.20604162457062034,0.44629128505031934,3
210,1028,Experience 1028,Simulation,0.7474374024719366,0.7598079156453001,0.9057260947827066,0.4943145335346177,16,Puzzle,Sports,0.4774709789559046,0.3613290682399556,31,0.0,0.0,0.25,0.571744884173198,0,0.7237135469796719,122,0.22950819672131148,0.23130864394286513,0.41496924334520124,4
210,1114,Experience 1114,Simulation,0.9094073794904848,0.2867325336723821,0.0751050358773748,0.4020477981570693,23,Puzzle,Sports,0.4774709789559046,0.3613290682399556,31,0.0,0.0,0.1333333333333333,0.5976340569214702,0,0.948337235648575,138,0.2318840579710145,0.23320143949295472,0.40728502357451135,5
211,1106,Experience 1106,Sports,0.8146785788760947,0.3647619692710552,0.6750256601127794,0.7960604476258709,49,Sports,Creative,0.7557945314796483,0.3615066832779125,32,1.0,0.0,0.2833333333333333,0.9192311286331312,1,0.7341867862747172,128,0.28125,0.275985320539776,0.8101151686668104,1
211,1062,Experience 1062,Creative,0.7566608128373626,0.2501254620138091,0.431135077105207,0.8144738760309339,50,Sports,Creative,0.7557945314796483,0.3615066832779125,32,0.0,1.0,0.3,0.6753405456255588,0,0.930142233160171,118,0.2033898305084746,0.20902773507164382,0.541482761069482,2
211,1025,Experience 1025,Social,0.838744739121835,0.7279884901895025,0.5876677647056102,0.0811540004238993,14,Sports,Creative,0.7557945314796483,0.3615066832779125,32,0.0,0.0,0.3,0.831873233225962,0,0.7451656615282288,120,0.31666666666666665,0.30604162457062034,0.5300542386767862,3
211,1006,Experience 1006,Action,0.8770181756508404,0.5275353377269014,0.8047332447846338,0.7517807092307816,28,Sports,Creative,0.7557945314796483,0.3615066832779125,32,0.0,0.0,0.0666666666666666,0.9510612866950144,0,0.805893526272536,103,0.27184466019417475,0.26703924747875485,0.5062252802235265,4
211,1074,Experience 1074,Social,0.7411737446379107,0.1336446501121093,0.5667526591354218,0.2130749343990023,32,Sports,Creative,0.7557945314796483,0.3615066832779125,32,0.0,0.0,0.0,0.8109581276557736,0,0.8979572070784223,149,0.2953020134228188,0.28902856473305827,0.48892561905137377,5
212,1027,Experience 1027,Sports,0.8258355726034926,0.7779980359761599,0.5071112833110228,0.4772006332829246,49,Creative,Simulation,0.3720129864559743,0.2656793782718515,48,0.0,0.0,0.0166666666666666,0.8649017031449515,0,0.9269056713890723,111,0.23423423423423423,0.23546433160218966,0.5053932058441435,1
212,1017,Experience 1017,Adventure,0.8986224157650411,0.4138920991005588,0.5580723954683906,0.6429984233408326,53,Creative,Simulation,0.3720129864559743,0.2656793782718515,48,0.0,0.0,0.0833333333333333,0.8139405909875836,0,0.9485468241722618,125,0.256,0.25410915475784035,0.44686949938674553,2
212,1119,Experience 1119,Action,0.8086136050725224,0.7572883677081093,0.5086964614589882,0.1619415702496311,9,Creative,Simulation,0.3720129864559743,0.2656793782718515,48,0.0,0.0,0.65,0.8633165249969861,0,0.9490889904312058,115,0.30434782608695654,0.29515427733249516,0.4102600486972822,3
212,1099,Experience 1099,Adventure,0.8332801744008336,0.4077151465805127,0.8307594812615263,0.7545731382181347,49,Creative,Simulation,0.3720129864559743,0.2656793782718515,48,0.0,0.0,0.0166666666666666,0.541253505194448,0,0.8992595702173632,119,0.2605042016806723,0.25788365064666796,0.39848235428126866,4
212,1116,Experience 1116,Action,0.6678760843020042,0.5482724230839826,0.6479003468582198,0.8466710505082435,57,Creative,Simulation,0.3720129864559743,0.2656793782718515,48,0.0,0.0,0.15,0.7241126395977544,0,0.9221410829179569,113,0.21238938053097345,0.21688592060065298,0.3944675682490994,5
213,1008,Experience 1008,Adventure,0.8415828324170402,0.3364498304651394,0.599089106012921,0.2728043301458357,40,Adventure,Action,0.4552106260211411,0.6365131167787211,35,1.0,0.0,0.0833333333333333,0.8561215200082202,1,0.7855669204762501,117,0.27350427350427353,0.2689476455466193,0.8002427721439836,1
213,1022,Experience 1022,Adventure,0.5006486309375991,0.407575941114626,0.4697425498140824,0.908608246555642,36,Adventure,Action,0.4552106260211411,0.6365131167787211,35,1.0,0.0,0.0166666666666666,0.9854680762070588,1,0.9717103709131174,124,0.20967741935483872,0.2142071349992142,0.7556682897853314,2
213,1025,Experience 1025,Social,0.838744739121835,0.7279884901895025,0.5876677647056102,0.0811540004238993,14,Adventure,Action,0.4552106260211411,0.6365131167787211,35,0.0,0.0,0.35,0.8675428613155309,0,0.8951596735430055,120,0.31666666666666665,0.30604162457062034,0.5339097612196139,3
213,1024,Experience 1024,Sports,0.7120515552427965,0.5535760301547662,0.4935230317114728,0.4609313910731102,39,Adventure,Action,0.4552106260211411,0.6365131167787211,35,0.0,0.0,0.0666666666666666,0.9616875943096684,0,0.7502363139994607,138,0.2608695652173913,0.25851789518915724,0.4828776455704647,4
213,1039,Experience 1039,Social,0.8194814495513689,0.2752805682140255,0.2419454802582048,0.889899007072331,47,Adventure,Action,0.4552106260211411,0.6365131167787211,35,0.0,0.0,0.2,0.7867348542370637,0,0.7185659704362011,110,0.2636363636363636,0.2603525187683603,0.48003926533612035,5
214,1057,Experience 1057,Adventure,0.6456559365327232,0.2179960435691,0.3788184780326499,0.8119882015105448,28,Simulation,Adventure,0.5842738135482076,0.4655991866340394,50,0.0,1.0,0.3666666666666666,0.7945446644844423,0,0.8812142795959245,128,0.203125,0.20841775297220844,0.48496305646120136,1
214,1001,Experience 1001,Sports,0.6452560499996463,0.8044840559110404,0.5776422262968883,0.3608105614175153,41,Simulation,Adventure,0.5842738135482076,0.4655991866340394,50,0.0,0.0,0.15,0.9933684127486808,0,0.7779168361468249,110,0.2545454545454545,0.25266021107605263,0.465409662365253,2
214,1075,Experience 1075,Puzzle,0.7701763699744956,0.5714931074517187,0.7080993700732455,0.0043057756676786,58,Simulation,Adventure,0.5842738135482076,0.4655991866340394,50,0.0,0.0,0.1333333333333333,0.8761744434749621,0,0.7754304961087191,114,0.22807017543859648,0.23019274208870782,0.46188867266892314,3
214,1007,Experience 1007,Social,0.6113602755027672,0.3693255620200327,0.760432490906593,0.3138467721116466,56,Simulation,Adventure,0.5842738135482076,0.4655991866340394,50,0.0,0.0,0.1,0.8238413226416146,0,0.7845163292846725,112,0.24107142857142858,0.24125626848399126,0.45844185249217473,4
214,1084,Experience 1084,Social,0.6722561348379004,0.2863456816441453,0.5362524927433157,0.7470758006298863,26,Simulation,Adventure,0.5842738135482076,0.4655991866340394,50,0.0,0.0,0.4,0.951978679195108,0,0.8115226448891641,111,0.35135135135135137,0.3347009728235637,0.43925074408508563,5
215,1051,Experience 1051,Adventure,0.7608650542535511,0.4945204429565272,0.5049786641965721,0.9492935230092574,34,Simulation,Adventure,0.6173686885055913,0.6909678268925457,12,0.0,1.0,0.3666666666666666,0.8876099756909808,0,0.9900335912140816,122,0.2459016393442623,0.24539315098511863,0.5469477903850146,1
215,1100,Experience 1100,Sports,0.8539423752816214,0.5771516782683807,0.6603015579098336,0.097787997445443,39,Simulation,Adventure,0.6173686885055913,0.6909678268925457,12,0.0,0.0,0.45,0.9570671305957578,0,0.9687727543061718,107,0.3177570093457944,0.3058726570069831,0.45961327121556755,2
215,1000,Experience 1000,Action,0.9096695293967186,0.6516437731703687,0.6290364009047581,0.2407530712142694,49,Simulation,Adventure,0.6173686885055913,0.6909678268925457,12,0.0,0.0,0.6166666666666667,0.9883322876008332,0,0.7124408209515101,124,0.3225806451612903,0.31142935722143644,0.4480512530849034,3
215,1092,Experience 1092,Sports,0.8280410369904486,0.5343815491606264,0.7426691928850321,0.6904019545155015,39,Simulation,Adventure,0.6173686885055913,0.6909678268925457,12,0.0,0.0,0.45,0.8746994956205593,0,0.8476917127004532,128,0.2421875,0.2422015367559922,0.4321261639001705,4
215,1090,Experience 1090,Puzzle,0.5586098880458512,0.4251872277402517,0.5338484342208252,0.861814417816014,19,Simulation,Adventure,0.6173686885055913,0.6909678268925457,12,0.0,0.0,0.1166666666666666,0.9164797457152338,0,0.87465998163316,121,0.2727272727272727,0.26841012368714073,0.37464164982724585,5
216,1006,Experience 1006,Action,0.8770181756508404,0.5275353377269014,0.8047332447846338,0.7517807092307816,28,Action,Simulation,0.6186066920786717,0.5406744659770846,29,1.0,0.0,0.0166666666666666,0.8138734472940379,1,0.7656681121192097,103,0.27184466019417475,0.26703924747875485,0.8241165556274974,1
216,1115,Experience 1115,Simulation,0.626658707429628,0.7075065986188209,0.5404405149990236,0.2246894745458737,42,Action,Simulation,0.6186066920786717,0.5406744659770846,29,0.0,1.0,0.2166666666666666,0.921833822920352,0,0.9363510272976805,112,0.2767857142857143,0.27155929878702156,0.5953724150364766,2
216,1058,Experience 1058,Social,0.5666390936836835,0.5294440043668863,0.4156619036213059,0.2647117106195373,52,Action,Simulation,0.6186066920786717,0.5406744659770846,29,0.0,0.0,0.3833333333333333,0.7970552115426341,0,0.8029415828183132,100,0.32,0.30704856199905706,0.43261831972460213,3
216,1015,Experience 1015,Sports,0.9316862802198296,0.7502302540767141,0.1563447605350174,0.9300033473547172,10,Action,Simulation,0.6186066920786717,0.5406744659770846,29,0.0,0.0,0.3166666666666666,0.5377380684563458,0,0.7836863727276535,113,0.19469026548672566,0.20184832661569058,0.4292339924485722,4
216,1050,Experience 1050,Sports,0.6444432625143321,0.2032573812502654,0.7840857883345029,0.0579453445381299,24,Action,Simulation,0.6186066920786717,0.5406744659770846,29,0.0,0.0,0.0833333333333333,0.8345209037441688,0,0.7046094864047611,107,0.27102803738317754,0.2665025782668255,0.4279711382443411,5
217,1037,Experience 1037,Sports,0.7994490651436071,0.7023148063737304,0.3263399911584964,0.9948242136208678,35,Simulation,Sports,0.3691679637939114,0.4785859480058245,29,0.0,1.0,0.1,0.957172027364585,0,0.7675575358123209,120,0.30833333333333335,0.29889876742776317,0.6721735149770388,1
217,1036,Experience 1036,Sports,0.9655169972756756,0.2298411882545339,0.2550485289661252,0.8478368672236546,17,Simulation,Sports,0.3691679637939114,0.4785859480058245,29,0.0,1.0,0.2,0.8858805651722137,0,0.9765738895066843,129,0.26356589147286824,0.2607102512744084,0.652848289325217,2
217,1100,Experience 1100,Sports,0.8539423752816214,0.5771516782683807,0.6603015579098336,0.097787997445443,39,Simulation,Sports,0.3691679637939114,0.4785859480058245,29,0.0,1.0,0.1666666666666666,0.7088664058840779,1,0.8835511419504786,107,0.3177570093457944,0.3058726570069831,0.6519126540501083,3
217,1041,Experience 1041,Sports,0.6879201981801872,0.7175911275892214,0.4277301159158936,0.4016616340093764,51,Simulation,Sports,0.3691679637939114,0.4785859480058245,29,0.0,1.0,0.3666666666666666,0.9414378478780178,0,0.9031652982670233,132,0.18181818181818182,0.18977518052557135,0.6318985419693219,4
217,1001,Experience 1001,Sports,0.6452560499996463,0.8044840559110404,0.5776422262968883,0.3608105614175153,41,Simulation,Sports,0.3691679637939114,0.4785859480058245,29,0.0,1.0,0.2,0.791525737497023,0,0.8883177374728085,110,0.2545454545454545,0.25266021107605263,0.6236811211548496,5
218,1070,Experience 1070,Sports,0.9021629239090754,0.4240213755135868,0.7602726894428304,0.7757910864370905,50,Sports,Simulation,0.5046743186921044,0.6588484643831866,33,1.0,0.0,0.2833333333333333,0.744401629249274,1,0.9944954806343155,111,0.2882882882882883,0.28126585831974693,0.8067779269994034,1
218,1083,Experience 1083,Sports,0.5638116113845065,0.5523903507798276,0.3674940432740611,0.3952346537588943,26,Sports,Simulation,0.5046743186921044,0.6588484643831866,33,1.0,0.0,0.1166666666666666,0.8628197245819567,0,0.7537102149447248,122,0.22950819672131148,0.23130864394286513,0.770928187617588,2
218,1016,Experience 1016,Simulation,0.6327408434291123,0.2893552650923534,0.337198205686132,0.4979318527888876,53,Sports,Simulation,0.5046743186921044,0.6588484643831866,33,0.0,1.0,0.3333333333333333,0.8325238869940277,0,0.9580851599836193,124,0.1935483870967742,0.20031824611032534,0.5212175866473693,3
218,1056,Experience 1056,Simulation,0.5850817489192739,0.1274880872408227,0.8708251250831834,0.1754622465790878,53,Sports,Simulation,0.5046743186921044,0.6588484643831866,33,0.0,1.0,0.3333333333333333,0.633849193608921,1,0.9969058042633395,128,0.1640625,0.17463396918842464,0.48604173903389203,4
218,1002,Experience 1002,Social,0.5654662227449457,0.1419781043952984,0.4876512775379703,0.1763555764178013,30,Sports,Simulation,0.5046743186921044,0.6588484643831866,33,0.0,0.0,0.05,0.982976958845866,0,0.9480462615312948,125,0.312,0.30238501682680585,0.4615954984828035,5
219,1076,Experience 1076,Creative,0.7805257487778566,0.3562342599893083,0.7812983230640933,0.571167362055741,8,Creative,Strategy,0.3954457144541962,0.7321230096079026,26,1.0,0.0,0.3,0.6141473913901029,1,0.9936139033139004,124,0.23387096774193547,0.23504046833254755,0.759333562918546,1
219,1038,Experience 1038,Creative,0.8025898263845425,0.4058560569474049,0.8087225901435202,0.8729120163870842,60,Creative,Strategy,0.3954457144541962,0.7321230096079026,26,1.0,0.0,0.5666666666666667,0.586723124310676,1,0.9356081527044181,108,0.2037037037037037,0.209733026874116,0.7478524980064033,2
219,1025,Experience 1025,Social,0.838744739121835,0.7279884901895025,0.5876677647056102,0.0811540004238993,14,Creative,Strategy,0.3954457144541962,0.7321230096079026,26,0.0,0.0,0.2,0.807777949748586,0,0.829337999439226,120,0.31666666666666665,0.30604162457062034,0.5465815873298319,3
219,1097,Experience 1097,Social,0.6621084266035628,0.3766200397542547,0.5070806368539267,0.2458755870050586,23,Creative,Strategy,0.3954457144541962,0.7321230096079026,26,0.0,0.0,0.05,0.8883650776002695,1,0.7246760843020194,128,0.203125,0.20841775297220844,0.5015674092991679,4
219,1015,Experience 1015,Sports,0.9316862802198296,0.7502302540767141,0.1563447605350174,0.9300033473547172,10,Creative,Strategy,0.3954457144541962,0.7321230096079026,26,0.0,0.0,0.2666666666666666,0.7608990460808213,0,0.8281189978898196,113,0.19469026548672566,0.20184832661569058,0.4808405255208847,5
220,1091,Experience 1091,Sports,0.6742348817628386,0.2717222536331008,0.7498162980972818,0.6422524185679935,12,Sports,Action,0.8088268686637847,0.9120147674203876,16,1.0,0.0,0.0666666666666666,0.9409894294334972,1,0.8941485149135084,105,0.2571428571428571,0.25476661951909474,0.8012285123147065,1
220,1049,Experience 1049,Sports,0.4370836638665348,0.2536527377340197,0.5512982630814426,0.1951855298186556,20,Sports,Action,0.8088268686637847,0.9120147674203876,16,1.0,0.0,0.0666666666666666,0.7424713944176579,0,0.8998535952738805,122,0.19672131147540983,0.20313962985835807,0.7314122475536324,2
220,1103,Experience 1103,Action,0.6677544964493587,0.4461723957193605,0.794276194278496,0.1853752728024856,59,Sports,Action,0.8088268686637847,0.9120147674203876,16,0.0,1.0,0.7166666666666667,0.9854493256147112,0,0.8809269262825588,121,0.23140495867768596,0.23294913077933935,0.5725621465286606,3
220,1028,Experience 1028,Simulation,0.7474374024719366,0.7598079156453001,0.9057260947827066,0.4943145335346177,16,Sports,Action,0.8088268686637847,0.9120147674203876,16,0.0,0.0,0.0,0.903100773881078,0,0.8161171457211948,122,0.22950819672131148,0.23130864394286513,0.48692122763697343,4
220,1014,Experience 1014,Social,0.7084360738896248,0.6919622480914536,0.5066406143622445,0.7631554898199004,35,Sports,Action,0.8088268686637847,0.9120147674203876,16,0.0,0.0,0.3166666666666666,0.6978137456984598,1,0.8572641566489663,117,0.29914529914529914,0.29084545576559745,0.4669790805866377,5
221,1043,Experience 1043,Creative,0.8838983032607785,0.7641225701636372,0.5942808569171103,0.6062993981927156,47,Creative,Sports,0.899673674331293,0.6085405359116781,19,1.0,0.0,0.4666666666666667,0.6946071825858173,0,0.7945967474862683,110,0.35454545454545455,0.3372755956914373,0.807286788036789,1
221,1092,Experience 1092,Sports,0.8280410369904486,0.5343815491606264,0.7426691928850321,0.6904019545155015,39,Creative,Sports,0.899673674331293,0.6085405359116781,19,0.0,1.0,0.3333333333333333,0.8429955185537391,0,0.7640161286846938,128,0.2421875,0.2422015367559922,0.6593889209147188,2
221,1050,Experience 1050,Sports,0.6444432625143321,0.2032573812502654,0.7840857883345029,0.0579453445381299,24,Creative,Sports,0.899673674331293,0.6085405359116781,19,0.0,1.0,0.0833333333333333,0.88441211400321,0,0.9741910257452593,107,0.27102803738317754,0.2665025782668255,0.6292801170793466,3
221,1105,Experience 1105,Sports,0.6106599794863272,0.6391373818905719,0.6213931070244737,0.2894297075080649,54,Creative,Sports,0.899673674331293,0.6085405359116781,19,0.0,1.0,0.5833333333333334,0.7217194326931807,0,0.8740782718201917,130,0.23076923076923078,0.2323055162659123,0.5721857201866238,4
221,1102,Experience 1102,Sports,0.9402838286695968,0.4125021221616953,0.1907643304361418,0.200562471321554,40,Creative,Sports,0.899673674331293,0.6085405359116781,19,0.0,1.0,0.35,0.2910906561048488,0,0.7792891340858439,117,0.3076923076923077,0.29814472583859014,0.5691481504738473,5
222,1095,Experience 1095,Creative,0.5802362817422383,0.4006003917193433,0.7708173982045061,0.4033544032491283,54,Creative,Sports,0.3895411872046781,0.2858624457342292,48,1.0,0.0,0.1,0.618723789000172,0,0.9442948475675618,111,0.1981981981981982,0.2049299804571515,0.7655612284659244,1
222,1041,Experience 1041,Sports,0.6879201981801872,0.7175911275892214,0.4277301159158936,0.4016616340093764,51,Creative,Sports,0.3895411872046781,0.2858624457342292,48,0.0,1.0,0.05,0.9618110712887844,0,0.7948134545494817,132,0.18181818181818182,0.18977518052557135,0.6855290399857444,2
222,1102,Experience 1102,Sports,0.9402838286695968,0.4125021221616953,0.1907643304361418,0.200562471321554,40,Creative,Sports,0.3895411872046781,0.2858624457342292,48,0.0,1.0,0.1333333333333333,0.8012231432314637,0,0.8823604923004651,117,0.3076923076923077,0.29814472583859014,0.6810192636583903,3
222,1050,Experience 1050,Sports,0.6444432625143321,0.2032573812502654,0.7840857883345029,0.0579453445381299,24,Creative,Sports,0.3895411872046781,0.2858624457342292,48,0.0,1.0,0.4,0.6054553988701752,0,0.9114816430127736,107,0.27102803738317754,0.2665025782668255,0.5567341565299029,4
222,1044,Experience 1044,Action,0.8578996664042653,0.7405382156713768,0.540545681694017,0.9388053542070384,40,Creative,Sports,0.3895411872046781,0.2858624457342292,48,0.0,0.0,0.1333333333333333,0.8489955055106612,0,0.7285629057976434,112,0.2857142857142857,0.27913505636277913,0.516767849145894,5
223,1107,Experience 1107,Social,0.7428970964662264,0.8045676070342606,0.8160785123357384,0.9076048913904824,23,Social,Puzzle,0.979328246394342,0.4559992542657642,33,1.0,0.0,0.1666666666666666,0.8367502659413963,0,0.7577665571610832,139,0.30935251798561153,0.3009171537099802,0.8479574690789848,1
223,1007,Experience 1007,Social,0.6113602755027672,0.3693255620200327,0.760432490906593,0.3138467721116466,56,Social,Puzzle,0.979328246394342,0.4559992542657642,33,1.0,0.0,0.3833333333333333,0.781104244512251,1,0.7496383967247703,112,0.24107142857142858,0.24125626848399126,0.7965192339718706,2
223,1113,Experience 1113,Puzzle,0.3143534057607174,0.7407415888945685,0.7096912838106965,0.9437983681037112,40,Social,Puzzle,0.979328246394342,0.4559992542657642,33,0.0,1.0,0.1166666666666666,0.7303630374163544,0,0.8487696419716625,112,0.1875,0.19580172302944582,0.5167468787681387,3
223,1006,Experience 1006,Action,0.8770181756508404,0.5275353377269014,0.8047332447846338,0.7517807092307816,28,Social,Puzzle,0.979328246394342,0.4559992542657642,33,0.0,0.0,0.0833333333333333,0.8254049983902918,0,0.9475289624703327,103,0.27184466019417475,0.26703924747875485,0.4881882809044889,4
223,1100,Experience 1100,Sports,0.8539423752816214,0.5771516782683807,0.6603015579098336,0.097787997445443,39,Social,Puzzle,0.979328246394342,0.4559992542657642,33,0.0,0.0,0.1,0.6809733115154916,0,0.9568105290982242,107,0.3177570093457944,0.3058726570069831,0.4814687384591218,5
224,1102,Experience 1102,Sports,0.9402838286695968,0.4125021221616953,0.1907643304361418,0.200562471321554,40,Social,Sports,0.2894563501287995,0.2564252040875889,11,0.0,1.0,0.4833333333333333,0.9013079803073424,0,0.9476177432172675,117,0.3076923076923077,0.29814472583859014,0.6433784658300453,1
224,1100,Experience 1100,Sports,0.8539423752816214,0.5771516782683807,0.6603015579098336,0.097787997445443,39,Social,Sports,0.2894563501287995,0.2564252040875889,11,0.0,1.0,0.4666666666666667,0.629154792218966,1,0.9171564682447653,107,0.3177570093457944,0.3058726570069831,0.6093057280241646,2
224,1106,Experience 1106,Sports,0.8146785788760947,0.3647619692710552,0.6750256601127794,0.7960604476258709,49,Social,Sports,0.2894563501287995,0.2564252040875889,11,0.0,1.0,0.6333333333333333,0.6144306900160201,1,0.9513488471898396,128,0.28125,0.275985320539776,0.5591364496418589,3
224,1096,Experience 1096,Adventure,0.7903170826018652,0.4751627362769494,0.5362341337297925,0.9233469677258124,13,Social,Sports,0.2894563501287995,0.2564252040875889,11,0.0,0.0,0.0333333333333333,0.7532222163990071,0,0.9550162388353775,123,0.25203252032520324,0.25067012195725064,0.42947966092481843,4
224,1101,Experience 1101,Adventure,0.7760911633714107,0.1624374115097873,0.2510263664566988,0.468231405693584,28,Social,Sports,0.2894563501287995,0.2564252040875889,11,0.0,0.0,0.2833333333333333,0.9615700163278992,1,0.897554937847623,106,0.19811320754716982,0.20512561460227657,0.40977544533947113,5
225,1075,Experience 1075,Puzzle,0.7701763699744956,0.5714931074517187,0.7080993700732455,0.0043057756676786,58,Puzzle,Sports,0.6189521007482497,0.6037238640971894,49,1.0,0.0,0.15,0.9108527306750042,1,0.7752066214039,114,0.22807017543859648,0.23019274208870782,0.8413447928448203,1
225,1030,Experience 1030,Puzzle,0.5255875329645523,0.2576702884243441,0.6969604774228595,0.5681673512913645,13,Puzzle,Sports,0.6189521007482497,0.6037238640971894,49,1.0,0.0,0.6,0.9219916233253902,1,0.7755235527609824,122,0.20491803278688525,0.21018188337948485,0.7460696310622406,2
225,1061,Experience 1061,Social,0.9515114053456256,0.4883887845440612,0.3838014404080356,0.6777086144544695,56,Puzzle,Sports,0.6189521007482497,0.6037238640971894,49,0.0,0.0,0.1166666666666666,0.764849339659786,0,0.8832125177144156,113,0.3274336283185841,0.3146302815029086,0.5777063636502788,3
225,1039,Experience 1039,Social,0.8194814495513689,0.2752805682140255,0.2419454802582048,0.889899007072331,47,Puzzle,Sports,0.6189521007482497,0.6037238640971894,49,0.0,0.0,0.0333333333333333,0.6229933795099551,0,0.7564763012588019,110,0.2636363636363636,0.2603525187683603,0.5024176852446169,4
225,1110,Experience 1110,Creative,0.8487034770737338,0.6513439158584452,0.7080979103356375,0.2741343936886083,18,Puzzle,Sports,0.6189521007482497,0.6037238640971894,49,0.0,0.0,0.5166666666666667,0.9108541904126122,0,0.7119008679376326,109,0.28440366972477066,0.2778746313169523,0.4894394339553427,5
226,1106,Experience 1106,Sports,0.8146785788760947,0.3647619692710552,0.6750256601127794,0.7960604476258709,49,Sports,Strategy,0.8927368906905975,0.5792254882620643,39,1.0,0.0,0.1666666666666666,0.782288769422182,0,0.9988111850169713,128,0.28125,0.275985320539776,0.8014351132405556,1
226,1015,Experience 1015,Sports,0.9316862802198296,0.7502302540767141,0.1563447605350174,0.9300033473547172,10,Sports,Strategy,0.8927368906905975,0.5792254882620643,39,1.0,0.0,0.4833333333333333,0.26360786984442,1,0.9897066804389242,113,0.19469026548672566,0.20184832661569058,0.7341243752123278,2
226,1107,Experience 1107,Social,0.7428970964662264,0.8045676070342606,0.8160785123357384,0.9076048913904824,23,Sports,Strategy,0.8927368906905975,0.5792254882620643,39,0.0,0.0,0.2666666666666666,0.9233416216451408,1,0.8119055068133818,139,0.30935251798561153,0.3009171537099802,0.5305149794448792,3
226,1094,Experience 1094,Strategy,0.777065958629862,0.5840090382012306,0.3016147592800985,0.4118434403009737,40,Sports,Strategy,0.8927368906905975,0.5792254882620643,39,0.0,1.0,0.0166666666666666,0.4088778685895011,0,0.7449496399957801,114,0.21929824561403508,0.22273005552154362,0.5276101508313832,4
226,1034,Experience 1034,Strategy,0.5016628944231066,0.7184788322001798,0.7569144817322334,0.2251776661055454,11,Sports,Strategy,0.8927368906905975,0.5792254882620643,39,0.0,1.0,0.4666666666666667,0.8641775910416359,0,0.9449371013917782,132,0.2196969696969697,0.22266991736767663,0.5144986306071347,5
227,1056,Experience 1056,Simulation,0.5850817489192739,0.1274880872408227,0.8708251250831834,0.1754622465790878,53,Simulation,Sports,0.2749579276193406,0.0124456699557271,36,1.0,0.0,0.2833333333333333,0.4041328025361572,0,0.7750001787022346,128,0.1640625,0.17463396918842464,0.6662746433481221,1
227,1036,Experience 1036,Sports,0.9655169972756756,0.2298411882545339,0.2550485289661252,0.8478368672236546,17,Simulation,Sports,0.2749579276193406,0.0124456699557271,36,0.0,1.0,0.3166666666666666,0.9800906013467844,0,0.9807451938530105,129,0.26356589147286824,0.2607102512744084,0.6399189181636064,2
227,1088,Experience 1088,Sports,0.931739259022481,0.4207879774878386,0.5549692853271866,0.4100487869149942,11,Simulation,Sports,0.2749579276193406,0.0124456699557271,36,0.0,1.0,0.4166666666666667,0.719988642292154,0,0.913027376366552,113,0.3008849557522124,0.292073890525465,0.607052271955008,3
227,1000,Experience 1000,Action,0.9096695293967186,0.6516437731703687,0.6290364009047581,0.2407530712142694,49,Simulation,Sports,0.2749579276193406,0.0124456699557271,36,0.0,0.0,0.2166666666666666,0.6459215267145826,0,0.7926887045665448,124,0.3225806451612903,0.31142935722143644,0.45059256412759136,4
227,1011,Experience 1011,Strategy,0.8438936347604792,0.3089791482471649,0.5527453913687409,0.302964628837302,52,Simulation,Sports,0.2749579276193406,0.0124456699557271,36,0.0,0.0,0.2666666666666666,0.7222125362505998,1,0.8733612116523429,123,0.2682926829268293,0.26465613594326465,0.3906394937898756,5
228,1095,Experience 1095,Creative,0.5802362817422383,0.4006003917193433,0.7708173982045061,0.4033544032491283,54,Creative,Action,0.8731968863917172,0.7551066612373083,49,1.0,0.0,0.0833333333333333,0.8976205118127889,0,0.9998709771322025,111,0.1981981981981982,0.2049299804571515,0.7890412991064302,1
228,1076,Experience 1076,Creative,0.7805257487778566,0.3562342599893083,0.7812983230640933,0.571167362055741,8,Creative,Action,0.8731968863917172,0.7551066612373083,49,1.0,0.0,0.6833333333333333,0.908101436672376,0,0.962591382488741,124,0.23387096774193547,0.23504046833254755,0.7723998216053811,2
228,1000,Experience 1000,Action,0.9096695293967186,0.6516437731703687,0.6290364009047581,0.2407530712142694,49,Creative,Action,0.8731968863917172,0.7551066612373083,49,0.0,1.0,0.0,0.7558395145130409,0,0.9723181842010646,124,0.3225806451612903,0.31142935722143644,0.6803832697406524,3
228,1068,Experience 1068,Action,0.698456042052288,0.2594560290757449,0.3550613668330224,0.4325155932423661,21,Creative,Action,0.8731968863917172,0.7551066612373083,49,0.0,1.0,0.4666666666666667,0.4818644804413052,1,0.8981213453958532,111,0.24324324324324326,0.2430979193884492,0.4890700680561824,4
228,1039,Experience 1039,Social,0.8194814495513689,0.2752805682140255,0.2419454802582048,0.889899007072331,47,Creative,Action,0.8731968863917172,0.7551066612373083,49,0.0,0.0,0.0333333333333333,0.3687485938664876,0,0.7754370891028775,110,0.2636363636363636,0.2603525187683603,0.43851827433309265,5
229,1043,Experience 1043,Creative,0.8838983032607785,0.7641225701636372,0.5942808569171103,0.6062993981927156,47,Creative,Action,0.5966793887608725,0.5180968585604246,29,1.0,0.0,0.3,0.9976014681562378,1,0.8571040831434624,110,0.35454545454545455,0.3372755956914373,0.8325804789186135,1
229,1087,Experience 1087,Creative,0.7417160017369715,0.3980069401610766,0.5803538931422866,0.1954958273965873,33,Creative,Action,0.5966793887608725,0.5180968585604246,29,1.0,0.0,0.0666666666666666,0.983674504381414,1,0.8128494416349412,117,0.15384615384615385,0.16675786452472152,0.8085114495800259,2
229,1021,Experience 1021,Creative,0.6317033375365485,0.227795161908673,0.5969784094803497,0.8897794665398687,40,Creative,Action,0.5966793887608725,0.5180968585604246,29,1.0,0.0,0.1833333333333333,0.9997009792805228,0,0.8842010878289784,117,0.23931623931623933,0.23975056525464852,0.7712116561745345,3
229,1068,Experience 1068,Action,0.698456042052288,0.2594560290757449,0.3550613668330224,0.4325155932423661,21,Creative,Action,0.5966793887608725,0.5180968585604246,29,0.0,1.0,0.1333333333333333,0.7583819780721499,1,0.7956465289154472,111,0.24324324324324326,0.2430979193884492,0.5543742018620315,4
229,1014,Experience 1014,Social,0.7084360738896248,0.6919622480914536,0.5066406143622445,0.7631554898199004,35,Creative,Action,0.5966793887608725,0.5180968585604246,29,0.0,0.0,0.1,0.909961225601372,0,0.8498583998432885,117,0.29914529914529914,0.29084545576559745,0.5210983929403065,5
230,1100,Experience 1100,Sports,0.8539423752816214,0.5771516782683807,0.6603015579098336,0.097787997445443,39,Simulation,Action,0.6444336939651063,0.5145573958674259,36,0.0,0.0,0.05,0.9841321360552728,0,0.9141032519050678,107,0.3177570093457944,0.3058726570069831,0.5131895011738518,1
230,1014,Experience 1014,Social,0.7084360738896248,0.6919622480914536,0.5066406143622445,0.7631554898199004,35,Simulation,Action,0.6444336939651063,0.5145573958674259,36,0.0,0.0,0.0166666666666666,0.8622069203971382,0,0.8854572950659445,117,0.29914529914529914,0.29084545576559745,0.5015836402218878,2
230,1072,Experience 1072,Puzzle,0.7449779069249327,0.3414623639761886,0.973475515285742,0.3783180142237856,25,Simulation,Action,0.6444336939651063,0.5145573958674259,36,0.0,0.0,0.1833333333333333,0.6709581786793642,0,0.8800373925231062,119,0.21008403361344538,0.21471818302076867,0.3948051666936077,3
230,1091,Experience 1091,Sports,0.6742348817628386,0.2717222536331008,0.7498162980972818,0.6422524185679935,12,Simulation,Action,0.6444336939651063,0.5145573958674259,36,0.0,0.0,0.4,0.8946173958678245,0,0.9545506222464205,105,0.2571428571428571,0.25476661951909474,0.3853636239815042,4
230,1090,Experience 1090,Puzzle,0.5586098880458512,0.4251872277402517,0.5338484342208252,0.861814417816014,19,Simulation,Action,0.6444336939651063,0.5145573958674259,36,0.0,0.0,0.2833333333333333,0.8894147402557189,1,0.7439530604418259,121,0.2727272727272727,0.26841012368714073,0.3601301114722483,5
231,1061,Experience 1061,Social,0.9515114053456256,0.4883887845440612,0.3838014404080356,0.6777086144544695,56,Adventure,Strategy,0.5649143342120196,0.5943517834781853,34,0.0,0.0,0.3666666666666666,0.8188871061960159,0,0.7206052434404736,113,0.3274336283185841,0.3146302815029086,0.5224561577105029,1
231,1085,Experience 1085,Social,0.715133524882573,0.3923165755464828,0.681782684374937,0.3715432084063615,41,Adventure,Strategy,0.5649143342120196,0.5943517834781853,34,0.0,0.0,0.1166666666666666,0.8831316498370826,0,0.9925069276255856,117,0.24786324786324787,0.24704983532764122,0.504502387697673,2
231,1059,Experience 1059,Social,0.7489549716721217,0.4911530499138364,0.6826986067555766,0.9132851837019758,49,Adventure,Strategy,0.5649143342120196,0.5943517834781853,34,0.0,0.0,0.25,0.882215727456443,0,0.7691578553583789,105,0.34285714285714286,0.32676661951909475,0.5020587896206536,3
231,1069,Experience 1069,Puzzle,0.8068156107352968,0.6551858372056814,0.8842124935251735,0.2530347499296835,35,Adventure,Strategy,0.5649143342120196,0.5943517834781853,34,0.0,0.0,0.0166666666666666,0.6807018406868461,0,0.9779859579137541,121,0.2892561983471074,0.2825945208502613,0.4708550158919456,4
231,1041,Experience 1041,Sports,0.6879201981801872,0.7175911275892214,0.4277301159158936,0.4016616340093764,51,Adventure,Strategy,0.5649143342120196,0.5943517834781853,34,0.0,0.0,0.2833333333333333,0.862815781703874,0,0.9968140160705766,132,0.18181818181818182,0.18977518052557135,0.444363025457548,5
232,1115,Experience 1115,Simulation,0.626658707429628,0.7075065986188209,0.5404405149990236,0.2246894745458737,42,Simulation,Puzzle,0.8885964651356233,0.7289070785127498,43,1.0,0.0,0.0166666666666666,0.6518440498634003,1,0.9194600023502457,112,0.2767857142857143,0.27155929878702156,0.7671524020709183,1
232,1075,Experience 1075,Puzzle,0.7701763699744956,0.5714931074517187,0.7080993700732455,0.0043057756676786,58,Simulation,Puzzle,0.8885964651356233,0.7289070785127498,43,0.0,1.0,0.25,0.8195029049376222,0,0.7455544399536143,114,0.22807017543859648,0.23019274208870782,0.6335955790556301,2
232,1004,Experience 1004,Puzzle,0.809305382335664,0.5027055170834634,0.7716046143560276,0.3920600224154432,16,Simulation,Puzzle,0.8885964651356233,0.7289070785127498,43,0.0,1.0,0.45,0.8830081492204043,0,0.9432655595678923,123,0.21951219512195122,0.2226980939852227,0.6191844379380513,3
232,1046,Experience 1046,Puzzle,0.9358581895296346,0.2937905951089806,0.3646871905132503,0.5570017818814502,30,Simulation,Puzzle,0.8885964651356233,0.7289070785127498,43,0.0,1.0,0.2166666666666666,0.476090725377627,1,0.7692343252706446,124,0.2661290322580645,0.26281824611032534,0.575218560105277,4
232,1030,Experience 1030,Puzzle,0.5255875329645523,0.2576702884243441,0.6969604774228595,0.5681673512913645,13,Simulation,Puzzle,0.8885964651356233,0.7289070785127498,43,0.0,1.0,0.5,0.8083640122872362,0,0.7750338977279216,122,0.20491803278688525,0.21018188337948485,0.5064469360158591,5
233,1116,Experience 1116,Action,0.6678760843020042,0.5482724230839826,0.6479003468582198,0.8466710505082435,57,Action,Sports,0.6495727331986367,0.3422420543991321,24,1.0,0.0,0.55,0.9983276136595832,1,0.9493145388031001,113,0.21238938053097345,0.21688592060065298,0.79624572447168,1
233,1035,Experience 1035,Action,0.684933354468736,0.2628151072276272,0.2926692360835166,0.7930049789596304,54,Action,Sports,0.6495727331986367,0.3422420543991321,24,1.0,0.0,0.5,0.6430965028848799,1,0.7254443013732924,144,0.14583333333333334,0.15759650877979783,0.7326814146157982,2
233,1092,Experience 1092,Sports,0.8280410369904486,0.5343815491606264,0.7426691928850321,0.6904019545155015,39,Action,Sports,0.6495727331986367,0.3422420543991321,24,0.0,1.0,0.25,0.9069035403136048,0,0.8568383191394151,128,0.2421875,0.2422015367559922,0.6836935433401286,3
233,1102,Experience 1102,Sports,0.9402838286695968,0.4125021221616953,0.1907643304361418,0.200562471321554,40,Action,Sports,0.6495727331986367,0.3422420543991321,24,0.0,1.0,0.2666666666666666,0.5411915972375051,1,0.9338605632964744,117,0.3076923076923077,0.29814472583859014,0.6271223431296817,4
233,1083,Experience 1083,Sports,0.5638116113845065,0.5523903507798276,0.3674940432740611,0.3952346537588943,26,Action,Sports,0.6495727331986367,0.3422420543991321,24,0.0,1.0,0.0333333333333333,0.7179213100754244,0,0.8388307560635467,122,0.22950819672131148,0.23130864394286513,0.6008599315002687,5
234,1012,Experience 1012,Social,0.4912469181469279,0.4504706076181689,0.5423234103127773,0.3692728413409686,11,Strategy,Social,0.9440202300024326,0.5883266510053996,55,0.0,1.0,0.7333333333333333,0.5983031803103447,0,0.8611123757390411,120,0.2,0.20604162457062034,0.5426310475129538,1
234,1027,Experience 1027,Sports,0.8258355726034926,0.7779980359761599,0.5071112833110228,0.4772006332829246,49,Strategy,Social,0.9440202300024326,0.5883266510053996,55,0.0,0.0,0.1,0.5630910533085902,0,0.7593335116802786,111,0.23423423423423423,0.23546433160218966,0.4978087306364111,2
234,1067,Experience 1067,Creative,0.788764048918011,0.4580972487220676,0.5921026845821029,0.4299570499000478,43,Strategy,Social,0.9440202300024326,0.5883266510053996,55,0.0,0.0,0.2,0.6480824545796703,1,0.9148502851858007,119,0.31092436974789917,0.30104911827256725,0.451750046393627,3
234,1064,Experience 1064,Puzzle,0.6204758892789963,0.4435351922580418,0.6632419642315316,0.276207363456566,49,Strategy,Social,0.9440202300024326,0.5883266510053996,55,0.0,0.0,0.1,0.719221734229099,0,0.7210902955056676,94,0.2765957446808511,0.27057743368321796,0.4447288284359607,4
234,1050,Experience 1050,Sports,0.6444432625143321,0.2032573812502654,0.7840857883345029,0.0579453445381299,24,Strategy,Social,0.9440202300024326,0.5883266510053996,55,0.0,0.0,0.5166666666666667,0.8400655583320703,0,0.7933488287928958,107,0.27102803738317754,0.2665025782668255,0.4235109770193919,5
235,1017,Experience 1017,Adventure,0.8986224157650411,0.4138920991005588,0.5580723954683906,0.6429984233408326,53,Adventure,Creative,0.3925993675728778,0.8799364845474906,52,1.0,0.0,0.0166666666666666,0.8345269721044872,1,0.7618613575685774,125,0.256,0.25410915475784035,0.8340952809792537,1
235,1057,Experience 1057,Adventure,0.6456559365327232,0.2179960435691,0.3788184780326499,0.8119882015105448,28,Adventure,Creative,0.3925993675728778,0.8799364845474906,52,1.0,0.0,0.4,0.9862191104597722,0,0.7353736623597487,128,0.203125,0.20841775297220844,0.7661332684361345,2
235,1060,Experience 1060,Strategy,0.8620933017122632,0.1051567799118504,0.3772606570904063,0.1400554046894906,58,Adventure,Creative,0.3925993675728778,0.8799364845474906,52,0.0,0.0,0.1,0.9846612895175284,0,0.7478515506739033,102,0.27450980392156865,0.2692280937695643,0.48405856565744576,3
235,1006,Experience 1006,Action,0.8770181756508404,0.5275353377269014,0.8047332447846338,0.7517807092307816,28,Adventure,Creative,0.3925993675728778,0.8799364845474906,52,0.0,0.0,0.4,0.587866122788244,0,0.7849734522783374,103,0.27184466019417475,0.26703924747875485,0.4463411696063283,4
235,1103,Experience 1103,Action,0.6677544964493587,0.4461723957193605,0.794276194278496,0.1853752728024856,59,Adventure,Creative,0.3925993675728778,0.8799364845474906,52,0.0,0.0,0.1166666666666666,0.5983231732943817,0,0.8247013616165959,121,0.23140495867768596,0.23294913077933935,0.43075323472194715,5
236,1099,Experience 1099,Adventure,0.8332801744008336,0.4077151465805127,0.8307594812615263,0.7545731382181347,49,Strategy,Adventure,0.3061334140622354,0.3735169776906947,27,0.0,1.0,0.3666666666666666,0.4753739328007091,0,0.7554734397926375,119,0.2605042016806723,0.25788365064666796,0.5123901704483392,1
236,1025,Experience 1025,Social,0.838744739121835,0.7279884901895025,0.5876677647056102,0.0811540004238993,14,Strategy,Adventure,0.3061334140622354,0.3735169776906947,27,0.0,0.0,0.2166666666666666,0.7184656493566253,0,0.8685958583186092,120,0.31666666666666665,0.30604162457062034,0.4993285349061986,2
236,1073,Experience 1073,Adventure,0.687693407311507,0.5642695337399875,0.7523432280065728,0.8351257910807337,50,Strategy,Adventure,0.3061334140622354,0.3735169776906947,27,0.0,1.0,0.3833333333333333,0.5537901860556627,0,0.8443240009680528,132,0.26515151515151514,0.26214360157820293,0.4955303310354166,3
236,1015,Experience 1015,Sports,0.9316862802198296,0.7502302540767141,0.1563447605350174,0.9300033473547172,10,Strategy,Adventure,0.3061334140622354,0.3735169776906947,27,0.0,0.0,0.2833333333333333,0.8502113464727821,0,0.931684878525518,113,0.19469026548672566,0.20184832661569058,0.4649880600030314,4
236,1104,Experience 1104,Sports,0.7763284069557427,0.7928984171430337,0.1707069630824686,0.4638281104628762,33,Strategy,Adventure,0.3061334140622354,0.3735169776906947,27,0.0,0.0,0.1,0.8645735490202332,0,0.9990685652017428,119,0.17647058823529413,0.1859412046035025,0.46083530803814365,5
237,1051,Experience 1051,Adventure,0.7608650542535511,0.4945204429565272,0.5049786641965721,0.9492935230092574,34,Simulation,Adventure,0.744766883559961,0.4896720555079826,26,0.0,1.0,0.1333333333333333,0.7602117806366111,1,0.9708902462702235,122,0.2459016393442623,0.24539315098511863,0.5443451775984403,1
237,1027,Experience 1027,Sports,0.8258355726034926,0.7779980359761599,0.5071112833110228,0.4772006332829246,49,Simulation,Adventure,0.744766883559961,0.4896720555079826,26,0.0,0.0,0.3833333333333333,0.7623443997510618,0,0.9816801932055673,111,0.23423423423423423,0.23546433160218966,0.42795552466754894,2
237,1038,Experience 1038,Creative,0.8025898263845425,0.4058560569474049,0.8087225901435202,0.8729120163870842,60,Simulation,Adventure,0.744766883559961,0.4896720555079826,26,0.0,0.0,0.5666666666666667,0.9360442934164408,0,0.7014598743736676,108,0.2037037037037037,0.209733026874116,0.3960346700785406,3
237,1042,Experience 1042,Social,0.3938579788705362,0.1390150525777733,0.8546241607610466,0.268085104820551,16,Simulation,Adventure,0.744766883559961,0.4896720555079826,26,0.0,0.0,0.1666666666666666,0.8901427227989144,0,0.8639899918621108,124,0.24193548387096775,0.241984912776992,0.3746131861693873,4
237,1058,Experience 1058,Social,0.5666390936836835,0.5294440043668863,0.4156619036213059,0.2647117106195373,52,Simulation,Adventure,0.744766883559961,0.4896720555079826,26,0.0,0.0,0.4333333333333333,0.6708950200613448,1,0.8949814713465138,100,0.32,0.30704856199905706,0.37212652389017287,5
238,1028,Experience 1028,Simulation,0.7474374024719366,0.7598079156453001,0.9057260947827066,0.4943145335346177,16,Simulation,Sports,0.2307729458349651,0.2659033523570756,30,1.0,0.0,0.2333333333333333,0.3250468510522586,1,0.8048958293062058,122,0.22950819672131148,0.23130864394286513,0.7348329778135616,1
238,1104,Experience 1104,Sports,0.7763284069557427,0.7928984171430337,0.1707069630824686,0.4638281104628762,33,Simulation,Sports,0.2307729458349651,0.2659033523570756,30,0.0,1.0,0.05,0.9399340172475036,0,0.7514247761445332,119,0.17647058823529413,0.1859412046035025,0.6674550328384616,2
238,1025,Experience 1025,Social,0.838744739121835,0.7279884901895025,0.5876677647056102,0.0811540004238993,14,Simulation,Sports,0.2307729458349651,0.2659033523570756,30,0.0,0.0,0.2666666666666666,0.6431051811293549,1,0.8057834781245949,120,0.31666666666666665,0.30604162457062034,0.5036254334187432,3
238,1107,Experience 1107,Social,0.7428970964662264,0.8045676070342606,0.8160785123357384,0.9076048913904824,23,Simulation,Sports,0.2307729458349651,0.2659033523570756,30,0.0,0.0,0.1166666666666666,0.4146944334992268,0,0.7696030220744883,139,0.30935251798561153,0.3009171537099802,0.4620970744517399,4
238,1023,Experience 1023,Strategy,0.934275144868182,0.4241492862896971,0.2179097364670654,0.7914514878076223,48,Simulation,Sports,0.2307729458349651,0.2659033523570756,30,0.0,0.0,0.3,0.9871367906321002,0,0.7133532953682048,110,0.2818181818181818,0.2757371341529757,0.4551174219990886,5
239,1118,Experience 1118,Adventure,0.6594774101626886,0.3565880675711896,0.5086937555214479,0.0351168111096665,58,Strategy,Adventure,0.2549509252526653,0.6381562190199903,40,0.0,1.0,0.3,0.7462571697312174,1,0.7033413369656066,109,0.21100917431192662,0.21585912744098332,0.5373555459166136,1
239,1073,Experience 1073,Adventure,0.687693407311507,0.5642695337399875,0.7523432280065728,0.8351257910807337,50,Strategy,Adventure,0.2549509252526653,0.6381562190199903,40,0.0,1.0,0.1666666666666666,0.5026076972460924,1,0.9068541702051348,132,0.26515151515151514,0.26214360157820293,0.5305460974999017,2
239,1119,Experience 1119,Action,0.8086136050725224,0.7572883677081093,0.5086964614589882,0.1619415702496311,9,Strategy,Adventure,0.2549509252526653,0.6381562190199903,40,0.0,0.0,0.5166666666666667,0.7462544637936771,0,0.7524696224851604,115,0.30434782608695654,0.29515427733249516,0.4165598899568877,3
239,1110,Experience 1110,Creative,0.8487034770737338,0.6513439158584452,0.7080979103356375,0.2741343936886083,18,Strategy,Adventure,0.2549509252526653,0.6381562190199903,40,0.0,0.0,0.3666666666666666,0.5468530149170278,0,0.8975540166286541,109,0.28440366972477066,0.2778746313169523,0.4073108217778644,4
239,1115,Experience 1115,Simulation,0.626658707429628,0.7075065986188209,0.5404405149990236,0.2246894745458737,42,Strategy,Adventure,0.2549509252526653,0.6381562190199903,40,0.0,0.0,0.0333333333333333,0.7145104102536417,1,0.9723566395507149,112,0.2767857142857143,0.27155929878702156,0.40722435028229004,5
240,1075,Experience 1075,Puzzle,0.7701763699744956,0.5714931074517187,0.7080993700732455,0.0043057756676786,58,Puzzle,Strategy,0.5951466584505001,0.2835675197672453,50,1.0,0.0,0.1333333333333333,0.8870472883772546,0,0.9483065096846969,114,0.22807017543859648,0.23019274208870782,0.8113212500056473,1
240,1069,Experience 1069,Puzzle,0.8068156107352968,0.6551858372056814,0.8842124935251735,0.2530347499296835,35,Puzzle,Strategy,0.5951466584505001,0.2835675197672453,50,1.0,0.0,0.25,0.7109341649253266,0,0.989427876303185,121,0.2892561983471074,0.2825945208502613,0.7935176684356052,2
240,1027,Experience 1027,Sports,0.8258355726034926,0.7779980359761599,0.5071112833110228,0.4772006332829246,49,Puzzle,Strategy,0.5951466584505001,0.2835675197672453,50,0.0,0.0,0.0166666666666666,0.9119646248605228,0,0.7303412736411191,111,0.23423423423423423,0.23546433160218966,0.5116469289227031,3
240,1107,Experience 1107,Social,0.7428970964662264,0.8045676070342606,0.8160785123357384,0.9076048913904824,23,Puzzle,Strategy,0.5951466584505001,0.2835675197672453,50,0.0,0.0,0.45,0.7790681461147617,0,0.7040392004077365,139,0.30935251798561153,0.3009171537099802,0.47440756782422827,4
240,1092,Experience 1092,Sports,0.8280410369904486,0.5343815491606264,0.7426691928850321,0.6904019545155015,39,Puzzle,Strategy,0.5951466584505001,0.2835675197672453,50,0.0,0.0,0.1833333333333333,0.852477465565468,0,0.7675364987402549,128,0.2421875,0.2422015367559922,0.4703395844193402,5
241,1101,Experience 1101,Adventure,0.7760911633714107,0.1624374115097873,0.2510263664566988,0.468231405693584,28,Adventure,Sports,0.3863663020124731,0.7506494240367746,28,1.0,0.0,0.0,0.8646600644442257,0,0.7748511730751083,106,0.19811320754716982,0.20512561460227657,0.7995710421956886,1
241,1031,Experience 1031,Adventure,0.6267069522672452,0.6020379288394027,0.9395582128996094,0.5521627033044271,46,Adventure,Sports,0.3863663020124731,0.7506494240367746,28,1.0,0.0,0.3,0.4468080891128636,1,0.7054319067771425,113,0.23008849557522124,0.2319235145856154,0.743154475135205,2
241,1088,Experience 1088,Sports,0.931739259022481,0.4207879774878386,0.5549692853271866,0.4100487869149942,11,Adventure,Sports,0.3863663020124731,0.7506494240367746,28,0.0,1.0,0.2833333333333333,0.8313970166852864,1,0.8382660167325237,113,0.3008849557522124,0.292073890525465,0.6806511206440156,3
241,1049,Experience 1049,Sports,0.4370836638665348,0.2536527377340197,0.5512982630814426,0.1951855298186556,20,Adventure,Sports,0.3863663020124731,0.7506494240367746,28,0.0,1.0,0.1333333333333333,0.8350680389310305,0,0.7513710800603565,122,0.19672131147540983,0.20313962985835807,0.5701887944866767,4
241,1097,Experience 1097,Social,0.6621084266035628,0.3766200397542547,0.5070806368539267,0.2458755870050586,23,Adventure,Sports,0.3863663020124731,0.7506494240367746,28,0.0,0.0,0.0833333333333333,0.8792856651585463,0,0.768233641276888,128,0.203125,0.20841775297220844,0.5257800793018913,5
242,1066,Experience 1066,Strategy,0.5933044321129625,0.8148765601157231,0.9082281614290438,0.2645976053461583,23,Strategy,Puzzle,0.1936333828344657,0.6125155834180763,17,1.0,0.0,0.1,0.2854052214054219,1,0.8227303756086033,125,0.208,0.21272984441301274,0.7112132451728473,1
242,1047,Experience 1047,Strategy,0.22550606962591,0.2148767550411004,0.6209051459122696,0.296299630453485,14,Strategy,Puzzle,0.1936333828344657,0.6125155834180763,17,1.0,0.0,0.05,0.5727282369221961,1,0.7739591133741431,110,0.15454545454545454,0.16804482646066804,0.62536678403846,2
242,1061,Experience 1061,Social,0.9515114053456256,0.4883887845440612,0.3838014404080356,0.6777086144544695,56,Strategy,Puzzle,0.1936333828344657,0.6125155834180763,17,0.0,0.0,0.65,0.8098319424264301,0,0.8491996318049692,113,0.3274336283185841,0.3146302815029086,0.5031310217185425,3
242,1020,Experience 1020,Simulation,0.8220634578382588,0.5054615596538111,0.3982077558970217,0.6135164847298321,13,Strategy,Puzzle,0.1936333828344657,0.6125155834180763,17,0.0,0.0,0.0666666666666666,0.795425626937444,1,0.9854476317163599,129,0.21705426356589147,0.22044179489856944,0.4438094634466093,4
242,1098,Experience 1098,Social,0.534058177188557,0.4459803600128759,0.2707495249900757,0.7298152463028666,35,Strategy,Puzzle,0.1936333828344657,0.6125155834180763,17,0.0,0.0,0.3,0.92288385784439,0,0.7246616877954226,130,0.26153846153846155,0.25897218293257895,0.4412647407220284,5
243,1014,Experience 1014,Social,0.7084360738896248,0.6919622480914536,0.5066406143622445,0.7631554898199004,35,Action,Social,0.8072104377166007,0.4963524120837911,18,0.0,1.0,0.2833333333333333,0.6994301766456438,0,0.719683304813979,117,0.29914529914529914,0.29084545576559745,0.6763343299606177,1
243,1097,Experience 1097,Social,0.6621084266035628,0.3766200397542547,0.5070806368539267,0.2458755870050586,23,Action,Social,0.8072104377166007,0.4963524120837911,18,0.0,1.0,0.0833333333333333,0.699870199137326,1,0.9413155155790164,128,0.203125,0.20841775297220844,0.6662764786739352,2
243,1098,Experience 1098,Social,0.534058177188557,0.4459803600128759,0.2707495249900757,0.7298152463028666,35,Action,Social,0.8072104377166007,0.4963524120837911,18,0.0,1.0,0.2833333333333333,0.463539087273475,1,0.8308939208518856,130,0.26153846153846155,0.25897218293257895,0.5700455431938652,3
243,1069,Experience 1069,Puzzle,0.8068156107352968,0.6551858372056814,0.8842124935251735,0.2530347499296835,35,Action,Social,0.8072104377166007,0.4963524120837911,18,0.0,0.0,0.2833333333333333,0.9229979441914272,0,0.9939152168820641,121,0.2892561983471074,0.2825945208502613,0.5342155846819423,4
243,1070,Experience 1070,Sports,0.9021629239090754,0.4240213755135868,0.7602726894428304,0.7757910864370905,50,Action,Social,0.8072104377166007,0.4963524120837911,18,0.0,0.0,0.5333333333333333,0.9530622517262296,1,0.9582989853817387,111,0.2882882882882883,0.28126585831974693,0.5232937272399513,5
244,1062,Experience 1062,Creative,0.7566608128373626,0.2501254620138091,0.431135077105207,0.8144738760309339,50,Creative,Social,0.4261465443423204,0.6450515392506954,12,1.0,0.0,0.6333333333333333,0.9950114672371136,0,0.7551283613542119,118,0.2033898305084746,0.20902773507164382,0.7885801424913459,1
244,1021,Experience 1021,Creative,0.6317033375365485,0.227795161908673,0.5969784094803497,0.8897794665398687,40,Creative,Social,0.4261465443423204,0.6450515392506954,12,1.0,0.0,0.4666666666666667,0.8291681348619707,0,0.7372299674940364,117,0.23931623931623933,0.23975056525464852,0.7594769118434628,2
244,1058,Experience 1058,Social,0.5666390936836835,0.5294440043668863,0.4156619036213059,0.2647117106195373,52,Creative,Social,0.4261465443423204,0.6450515392506954,12,0.0,1.0,0.6666666666666666,0.9895153592789854,0,0.7008485070370183,100,0.32,0.30704856199905706,0.6436256094975076,3
244,1046,Experience 1046,Puzzle,0.9358581895296346,0.2937905951089806,0.3646871905132503,0.5570017818814502,30,Creative,Social,0.4261465443423204,0.6450515392506954,12,0.0,0.0,0.3,0.9385406461709298,0,0.9632312868134135,124,0.2661290322580645,0.26281824611032534,0.5119247900660082,4
244,1005,Experience 1005,Sports,0.725440926488475,0.5102685875213342,0.2459903544501388,0.2409271164143122,19,Creative,Social,0.4261465443423204,0.6450515392506954,12,0.0,0.0,0.1166666666666666,0.8198438101078184,0,0.9074616896664769,114,0.2543859649122807,0.25258080179020037,0.48106110019921194,5
245,1039,Experience 1039,Social,0.8194814495513689,0.2752805682140255,0.2419454802582048,0.889899007072331,47,Social,Simulation,0.3812062932961045,0.4344013978016682,52,1.0,0.0,0.0833333333333333,0.8607391869621003,1,0.8705734696833278,110,0.2636363636363636,0.2603525187683603,0.8289328762767523,1
245,1007,Experience 1007,Social,0.6113602755027672,0.3693255620200327,0.760432490906593,0.3138467721116466,56,Social,Simulation,0.3812062932961045,0.4344013978016682,52,1.0,0.0,0.0666666666666666,0.6207738023895115,0,0.9895726531051462,112,0.24107142857142858,0.24125626848399126,0.7934618836213642,2
245,1097,Experience 1097,Social,0.6621084266035628,0.3766200397542547,0.5070806368539267,0.2458755870050586,23,Social,Simulation,0.3812062932961045,0.4344013978016682,52,1.0,0.0,0.4833333333333333,0.8741256564421778,1,0.7364213558014602,128,0.203125,0.20841775297220844,0.7925204350653662,3
245,1020,Experience 1020,Simulation,0.8220634578382588,0.5054615596538111,0.3982077558970217,0.6135164847298321,13,Social,Simulation,0.3812062932961045,0.4344013978016682,52,0.0,1.0,0.65,0.9829985373990828,0,0.923787545877575,129,0.21705426356589147,0.22044179489856944,0.5730657439012232,4
245,1092,Experience 1092,Sports,0.8280410369904486,0.5343815491606264,0.7426691928850321,0.6904019545155015,39,Social,Simulation,0.3812062932961045,0.4344013978016682,52,0.0,0.0,0.2166666666666666,0.6385371004110725,1,0.734898000816322,128,0.2421875,0.2422015367559922,0.43887852129146815,5
246,1066,Experience 1066,Strategy,0.5933044321129625,0.8148765601157231,0.9082281614290438,0.2645976053461583,23,Creative,Strategy,0.5336397957199989,0.7322561617607396,11,0.0,1.0,0.2,0.625411634290955,0,0.763517770694955,125,0.208,0.21272984441301274,0.5411715410895063,1
246,1074,Experience 1074,Social,0.7411737446379107,0.1336446501121093,0.5667526591354218,0.2130749343990023,32,Creative,Strategy,0.5336397957199989,0.7322561617607396,11,0.0,0.0,0.35,0.966887136584577,0,0.7080392223492308,149,0.2953020134228188,0.28902856473305827,0.47962825332370734,2
246,1004,Experience 1004,Puzzle,0.809305382335664,0.5027055170834634,0.7716046143560276,0.3920600224154432,16,Creative,Strategy,0.5336397957199989,0.7322561617607396,11,0.0,0.0,0.0833333333333333,0.7620351813639713,1,0.7662313074605209,123,0.21951219512195122,0.2226980939852227,0.4600597069456034,3
246,1046,Experience 1046,Puzzle,0.9358581895296346,0.2937905951089806,0.3646871905132503,0.5570017818814502,30,Creative,Strategy,0.5336397957199989,0.7322561617607396,11,0.0,0.0,0.3166666666666666,0.8310473947932515,0,0.7829088316168873,124,0.2661290322580645,0.26281824611032534,0.44912527273934355,4
246,1092,Experience 1092,Sports,0.8280410369904486,0.5343815491606264,0.7426691928850321,0.6904019545155015,39,Creative,Strategy,0.5336397957199989,0.7322561617607396,11,0.0,0.0,0.4666666666666667,0.7909706028349668,0,0.797458610080265,128,0.2421875,0.2422015367559922,0.4433746456106346,5
247,1049,Experience 1049,Sports,0.4370836638665348,0.2536527377340197,0.5512982630814426,0.1951855298186556,20,Simulation,Sports,0.1646235120512135,0.3402484010966263,32,0.0,1.0,0.2,0.6133252489697709,0,0.8541996704158891,122,0.19672131147540983,0.20313962985835807,0.4940590473114883,1
247,1023,Experience 1023,Strategy,0.934275144868182,0.4241492862896971,0.2179097364670654,0.7914514878076223,48,Simulation,Sports,0.1646235120512135,0.3402484010966263,32,0.0,0.0,0.2666666666666666,0.9467137755841482,0,0.9691139861074306,110,0.2818181818181818,0.2757371341529757,0.4573932705151442,2
247,1044,Experience 1044,Action,0.8578996664042653,0.7405382156713768,0.540545681694017,0.9388053542070384,40,Simulation,Sports,0.1646235120512135,0.3402484010966263,32,0.0,0.0,0.1333333333333333,0.6240778303571966,0,0.7760206435977217,112,0.2857142857142857,0.27913505636277913,0.4523428743076991,3
247,1085,Experience 1085,Social,0.715133524882573,0.3923165755464828,0.681782684374937,0.3715432084063615,41,Simulation,Sports,0.1646235120512135,0.3402484010966263,32,0.0,0.0,0.15,0.4828408276762765,1,0.7310631102943965,117,0.24786324786324787,0.24704983532764122,0.44238767547616353,4
247,1026,Experience 1026,Puzzle,0.7847705334160814,0.4236675665053301,0.2918167090217533,0.0158055554401338,14,Simulation,Sports,0.1646235120512135,0.3402484010966263,32,0.0,0.0,0.3,0.8728068030294602,0,0.7250482062867155,111,0.1981981981981982,0.2049299804571515,0.4388775077519914,5
248,1032,Experience 1032,Action,0.9183909657409184,0.1782087510115781,0.2798409650960937,0.836613041032693,59,Action,Simulation,0.3084980073261699,0.3726111119805251,29,1.0,0.0,0.5,0.9713429577699236,0,0.7836608242056045,120,0.275,0.27032733885633464,0.787799097945385,1
248,1078,Experience 1078,Simulation,0.9139745006021852,0.4875947260651535,0.1081242288365573,0.0386443098268846,51,Action,Simulation,0.3084980073261699,0.3726111119805251,29,0.0,1.0,0.3666666666666666,0.7996262215103874,1,0.8257912726069746,97,0.23711340206185566,0.23799852512723801,0.5978482208022132,2
248,1005,Experience 1005,Sports,0.725440926488475,0.5102685875213342,0.2459903544501388,0.2409271164143122,19,Action,Simulation,0.3084980073261699,0.3726111119805251,29,0.0,0.0,0.1666666666666666,0.937492347123969,0,0.9268739178369644,114,0.2543859649122807,0.25258080179020037,0.45354043066616057,3
248,1085,Experience 1085,Social,0.715133524882573,0.3923165755464828,0.681782684374937,0.3715432084063615,41,Action,Simulation,0.3084980073261699,0.3726111119805251,29,0.0,0.0,0.2,0.6267153229512328,0,0.7991817677603387,117,0.24786324786324787,0.24704983532764122,0.45242415754240506,4
248,1112,Experience 1112,Simulation,0.2735953131794247,0.4885963348973961,0.6296328968909383,0.135038096056236,20,Action,Simulation,0.3084980073261699,0.3726111119805251,29,0.0,1.0,0.15,0.6788651104352317,0,0.8343095906273491,119,0.16806722689075632,0.17874695999918594,0.45052840255842563,5
249,1061,Experience 1061,Social,0.9515114053456256,0.4883887845440612,0.3838014404080356,0.6777086144544695,56,Creative,Action,0.3994034605968367,0.3050437232681275,11,0.0,0.0,0.75,0.9843979798111988,0,0.7393430850776479,113,0.3274336283185841,0.3146302815029086,0.4951888534071397,1
249,1100,Experience 1100,Sports,0.8539423752816214,0.5771516782683807,0.6603015579098336,0.097787997445443,39,Creative,Action,0.3994034605968367,0.3050437232681275,11,0.0,0.0,0.4666666666666667,0.7391019026870032,0,0.7639183789406757,107,0.3177570093457944,0.3058726570069831,0.4291146661186317,2
249,1039,Experience 1039,Social,0.8194814495513689,0.2752805682140255,0.2419454802582048,0.889899007072331,47,Creative,Action,0.3994034605968367,0.3050437232681275,11,0.0,0.0,0.6,0.8425420196613681,0,0.7570409146660539,110,0.2636363636363636,0.2603525187683603,0.4268223366208169,3
249,1085,Experience 1085,Social,0.715133524882573,0.3923165755464828,0.681782684374937,0.3715432084063615,41,Creative,Action,0.3994034605968367,0.3050437232681275,11,0.0,0.0,0.5,0.7176207762218996,0,0.896240178846652,117,0.24786324786324787,0.24704983532764122,0.4195718852546945,4
249,1058,Experience 1058,Social,0.5666390936836835,0.5294440043668863,0.4156619036213059,0.2647117106195373,52,Creative,Action,0.3994034605968367,0.3050437232681275,11,0.0,0.0,0.6833333333333333,0.9837415569755308,0,0.9482868181377958,100,0.32,0.30704856199905706,0.41296649698906557,5
250,1000,Experience 1000,Action,0.9096695293967186,0.6516437731703687,0.6290364009047581,0.2407530712142694,49,Action,Adventure,0.7265922530524958,0.7016357240989228,17,1.0,0.0,0.5333333333333333,0.9024441478522623,1,0.8194718014697839,124,0.3225806451612903,0.31142935722143644,0.8181822291576114,1
250,1082,Experience 1082,Adventure,0.940069744877272,0.6645999956719907,0.1368397110942475,0.0890420050750532,28,Action,Adventure,0.7265922530524958,0.7016357240989228,17,0.0,1.0,0.1833333333333333,0.4102474580417518,0,0.8555569511308329,138,0.2391304347826087,0.23953055341700535,0.5731456774984455,2
250,1085,Experience 1085,Social,0.715133524882573,0.3923165755464828,0.681782684374937,0.3715432084063615,41,Action,Adventure,0.7265922530524958,0.7016357240989228,17,0.0,0.0,0.4,0.9551904313224412,0,0.7056293685561044,117,0.24786324786324787,0.24704983532764122,0.5005686393160236,3
250,1014,Experience 1014,Social,0.7084360738896248,0.6919622480914536,0.5066406143622445,0.7631554898199004,35,Action,Adventure,0.7265922530524958,0.7016357240989228,17,0.0,0.0,0.3,0.7800483613097488,0,0.9144773194054173,117,0.29914529914529914,0.29084545576559745,0.4890742940813909,4
250,1070,Experience 1070,Sports,0.9021629239090754,0.4240213755135868,0.7602726894428304,0.7757910864370905,50,Action,Adventure,0.7265922530524958,0.7016357240989228,17,0.0,0.0,0.55,0.9663195636096652,1,0.920071975038699,111,0.2882882882882883,0.28126585831974693,0.4882782194364353,5
251,1014,Experience 1014,Social,0.7084360738896248,0.6919622480914536,0.5066406143622445,0.7631554898199004,35,Social,Action,0.5587640095187036,0.9034877177110798,21,1.0,0.0,0.2333333333333333,0.9478766048435407,1,0.8024452663865991,117,0.29914529914529914,0.29084545576559745,0.8442103842910423,1
251,1079,Experience 1079,Social,0.6252808613431486,0.1651788036494796,0.2355254260756802,0.2079980737084605,56,Social,Action,0.5587640095187036,0.9034877177110798,21,1.0,0.0,0.5833333333333334,0.6767614165569766,1,0.8556004338485358,123,0.2032520325203252,0.2087120799992087,0.7510572160182017,2
251,1048,Experience 1048,Social,0.2304789954244207,0.8328371585656826,0.2699649703256335,0.1697999737727075,60,Social,Action,0.5587640095187036,0.9034877177110798,21,1.0,0.0,0.65,0.7112009608069298,0,0.973437431383724,119,0.20168067226890757,0.20752393841645214,0.7134238118248485,3
251,1044,Experience 1044,Action,0.8578996664042653,0.7405382156713768,0.540545681694017,0.9388053542070384,40,Social,Action,0.5587640095187036,0.9034877177110798,21,0.0,1.0,0.3166666666666666,0.9817816721753132,0,0.9139000882017568,112,0.2857142857142857,0.27913505636277913,0.6640161095076587,4
251,1108,Experience 1108,Puzzle,0.8425576923542274,0.4822507608830354,0.666849920378606,0.8027206052883656,21,Social,Action,0.5587640095187036,0.9034877177110798,21,0.0,0.0,0.0,0.8919140891400976,0,0.8689436872322361,92,0.2717391304347826,0.2664806021418468,0.5023747398070658,5
252,1061,Experience 1061,Social,0.9515114053456256,0.4883887845440612,0.3838014404080356,0.6777086144544695,56,Social,Sports,0.330090995875086,0.428882528853896,25,1.0,0.0,0.5166666666666667,0.9462895554670504,0,0.9154529646034681,113,0.3274336283185841,0.3146302815029086,0.8603107436775919,1
252,1027,Experience 1027,Sports,0.8258355726034926,0.7779980359761599,0.5071112833110228,0.4772006332829246,49,Social,Sports,0.330090995875086,0.428882528853896,25,0.0,1.0,0.4,0.8229797125640632,0,0.9080723929822003,111,0.23423423423423423,0.23546433160218966,0.6618648224768415,2
252,1018,Experience 1018,Sports,0.595787399703456,0.7252492811161741,0.1405053734195307,0.867172276606706,36,Social,Sports,0.330090995875086,0.428882528853896,25,0.0,1.0,0.1833333333333333,0.8104143775444447,0,0.8183864524161861,104,0.18269230769230768,0.19230505999908748,0.6030517589075542,3
252,1078,Experience 1078,Simulation,0.9139745006021852,0.4875947260651535,0.1081242288365573,0.0386443098268846,51,Social,Sports,0.330090995875086,0.428882528853896,25,0.0,0.0,0.4333333333333333,0.7780332329614713,0,0.7803916331862142,97,0.23711340206185566,0.23799852512723801,0.4441598879374586,4
252,1010,Experience 1010,Simulation,0.8201589080775701,0.1741976609077686,0.1927429310808082,0.4388217018019487,21,Social,Sports,0.330090995875086,0.428882528853896,25,0.0,0.0,0.0666666666666666,0.8626519352057223,0,0.8753531336047602,122,0.19672131147540983,0.20313962985835807,0.4426582319391333,5
253,1020,Experience 1020,Simulation,0.8220634578382588,0.5054615596538111,0.3982077558970217,0.6135164847298321,13,Puzzle,Simulation,0.6655924625073338,0.6745135540781678,52,0.0,1.0,0.65,0.7326152933896879,0,0.8910787275014178,129,0.21705426356589147,0.22044179489856944,0.5295859130607831,1
253,1043,Experience 1043,Creative,0.8838983032607785,0.7641225701636372,0.5942808569171103,0.6062993981927156,47,Puzzle,Simulation,0.6655924625073338,0.6745135540781678,52,0.0,0.0,0.0833333333333333,0.9286883944097764,0,0.7428172171637496,110,0.35454545454545455,0.3372755956914373,0.5131955931357505,2
253,1014,Experience 1014,Social,0.7084360738896248,0.6919622480914536,0.5066406143622445,0.7631554898199004,35,Puzzle,Simulation,0.6655924625073338,0.6745135540781678,52,0.0,0.0,0.2833333333333333,0.8410481518549107,0,0.9921842681819777,117,0.29914529914529914,0.29084545576559745,0.48708166325007024,3
253,1010,Experience 1010,Simulation,0.8201589080775701,0.1741976609077686,0.1927429310808082,0.4388217018019487,21,Puzzle,Simulation,0.6655924625073338,0.6745135540781678,52,0.0,1.0,0.5166666666666667,0.5271504685734745,0,0.8156480256720637,122,0.19672131147540983,0.20313962985835807,0.4771718157919531,4
253,1074,Experience 1074,Social,0.7411737446379107,0.1336446501121093,0.5667526591354218,0.2130749343990023,32,Puzzle,Simulation,0.6655924625073338,0.6745135540781678,52,0.0,0.0,0.3333333333333333,0.901160196628088,0,0.9887232596791643,149,0.2953020134228188,0.28902856473305827,0.4659632266511746,5
254,1027,Experience 1027,Sports,0.8258355726034926,0.7779980359761599,0.5071112833110228,0.4772006332829246,49,Simulation,Sports,0.5340794784546238,0.4043754920883517,48,0.0,1.0,0.0166666666666666,0.9730318048563992,0,0.9822063491510925,111,0.23423423423423423,0.23546433160218966,0.7093116953435195,1
254,1041,Experience 1041,Sports,0.6879201981801872,0.7175911275892214,0.4277301159158936,0.4016616340093764,51,Simulation,Sports,0.5340794784546238,0.4043754920883517,48,0.0,1.0,0.05,0.8936506374612698,0,0.8300945261981177,132,0.18181818181818182,0.18977518052557135,0.6582082289029573,2
254,1005,Experience 1005,Sports,0.725440926488475,0.5102685875213342,0.2459903544501388,0.2409271164143122,19,Simulation,Sports,0.5340794784546238,0.4043754920883517,48,0.0,1.0,0.4833333333333333,0.7119108759955151,0,0.7760486770849657,114,0.2543859649122807,0.25258080179020037,0.5677410599267986,3
254,1000,Experience 1000,Action,0.9096695293967186,0.6516437731703687,0.6290364009047581,0.2407530712142694,49,Simulation,Sports,0.5340794784546238,0.4043754920883517,48,0.0,0.0,0.0166666666666666,0.9050430775498656,1,0.9319290412956419,124,0.3225806451612903,0.31142935722143644,0.5393413839148942,4
254,1008,Experience 1008,Adventure,0.8415828324170402,0.3364498304651394,0.599089106012921,0.2728043301458357,40,Simulation,Sports,0.5340794784546238,0.4043754920883517,48,0.0,0.0,0.1333333333333333,0.9349903724417028,0,0.7434821826556172,117,0.27350427350427353,0.2689476455466193,0.4719680964619694,5
255,1000,Experience 1000,Action,0.9096695293967186,0.6516437731703687,0.6290364009047581,0.2407530712142694,49,Action,Adventure,0.6724903213124096,0.5394485195491708,38,1.0,0.0,0.1833333333333333,0.9565460795923484,0,0.8721569379686622,124,0.3225806451612903,0.31142935722143644,0.8462223887535167,1
255,1006,Experience 1006,Action,0.8770181756508404,0.5275353377269014,0.8047332447846338,0.7517807092307816,28,Action,Adventure,0.6724903213124096,0.5394485195491708,38,1.0,0.0,0.1666666666666666,0.8677570765277758,0,0.7382014177489115,103,0.27184466019417475,0.26703924747875485,0.8272332590741156,2
255,1031,Experience 1031,Adventure,0.6267069522672452,0.6020379288394027,0.9395582128996094,0.5521627033044271,46,Action,Adventure,0.6724903213124096,0.5394485195491708,38,0.0,1.0,0.1333333333333333,0.7329321084128002,0,0.8135181705150428,113,0.23008849557522124,0.2319235145856154,0.5837972523761392,3
255,1027,Experience 1027,Sports,0.8258355726034926,0.7779980359761599,0.5071112833110228,0.4772006332829246,49,Action,Adventure,0.6724903213124096,0.5394485195491708,38,0.0,0.0,0.1833333333333333,0.8346209619986132,1,0.9978200842853956,111,0.23423423423423423,0.23546433160218966,0.5084733470174023,4
255,1108,Experience 1108,Puzzle,0.8425576923542274,0.4822507608830354,0.666849920378606,0.8027206052883656,21,Action,Adventure,0.6724903213124096,0.5394485195491708,38,0.0,0.0,0.2833333333333333,0.9943595990661964,1,0.9353667051741142,92,0.2717391304347826,0.2664806021418468,0.49358579855792584,5
256,1000,Experience 1000,Action,0.9096695293967186,0.6516437731703687,0.6290364009047581,0.2407530712142694,49,Action,Simulation,0.8161760737757214,0.5635158578831865,24,1.0,0.0,0.4166666666666667,0.8128603271290367,0,0.8809316340288955,124,0.3225806451612903,0.31142935722143644,0.808455193486665,1
256,1044,Experience 1044,Action,0.8578996664042653,0.7405382156713768,0.540545681694017,0.9388053542070384,40,Action,Simulation,0.8161760737757214,0.5635158578831865,24,1.0,0.0,0.2666666666666666,0.7243696079182955,0,0.8729883491818927,112,0.2857142857142857,0.27913505636277913,0.7962564804468806,2
256,1088,Experience 1088,Sports,0.931739259022481,0.4207879774878386,0.5549692853271866,0.4100487869149942,11,Action,Simulation,0.8161760737757214,0.5635158578831865,24,0.0,0.0,0.2166666666666666,0.7387932115514652,0,0.8272324801605909,113,0.3008849557522124,0.292073890525465,0.46645450628588603,3
256,1072,Experience 1072,Puzzle,0.7449779069249327,0.3414623639761886,0.973475515285742,0.3783180142237856,25,Action,Simulation,0.8161760737757214,0.5635158578831865,24,0.0,0.0,0.0166666666666666,0.8427005584899794,0,0.7229598800398916,119,0.21008403361344538,0.21471818302076867,0.46045186035431473,4
256,1097,Experience 1097,Social,0.6621084266035628,0.3766200397542547,0.5070806368539267,0.2458755870050586,23,Action,Simulation,0.8161760737757214,0.5635158578831865,24,0.0,0.0,0.0166666666666666,0.6909045630782052,1,0.7038223895473062,128,0.203125,0.20841775297220844,0.4582408340760382,5
257,1044,Experience 1044,Action,0.8578996664042653,0.7405382156713768,0.540545681694017,0.9388053542070384,40,Action,Sports,0.7151467898412124,0.3530030365997178,25,1.0,0.0,0.25,0.8253988918528046,1,0.9636430918791817,112,0.2857142857142857,0.27913505636277913,0.8300804081083332,1
257,1027,Experience 1027,Sports,0.8258355726034926,0.7779980359761599,0.5071112833110228,0.4772006332829246,49,Action,Sports,0.7151467898412124,0.3530030365997178,25,0.0,1.0,0.4,0.7919644934698105,0,0.863975162077119,111,0.23423423423423423,0.23546433160218966,0.6636960659903234,2
257,1050,Experience 1050,Sports,0.6444432625143321,0.2032573812502654,0.7840857883345029,0.0579453445381299,24,Action,Sports,0.7151467898412124,0.3530030365997178,25,0.0,1.0,0.0166666666666666,0.9310610015067096,0,0.9490940739651332,107,0.27102803738317754,0.2665025782668255,0.6502895477736413,3
257,1024,Experience 1024,Sports,0.7120515552427965,0.5535760301547662,0.4935230317114728,0.4609313910731102,39,Action,Sports,0.7151467898412124,0.3530030365997178,25,0.0,1.0,0.2333333333333333,0.7783762418702604,0,0.7261282492067545,138,0.2608695652173913,0.25851789518915724,0.633267430494528,4
257,1107,Experience 1107,Social,0.7428970964662264,0.8045676070342606,0.8160785123357384,0.9076048913904824,23,Action,Sports,0.7151467898412124,0.3530030365997178,25,0.0,0.0,0.0333333333333333,0.899068277505474,0,0.9055781636218941,139,0.30935251798561153,0.3009171537099802,0.5864413172199742,5
258,1109,Experience 1109,Social,0.5415451963988065,0.6320276759129257,0.4602651355822746,0.2660308726216652,48,Social,Action,0.879241143656798,0.5131923085675016,39,1.0,0.0,0.15,0.5810239919254767,1,0.9183102489895071,125,0.312,0.30238501682680585,0.775869573104496,1
258,1048,Experience 1048,Social,0.2304789954244207,0.8328371585656826,0.2699649703256335,0.1697999737727075,60,Social,Action,0.879241143656798,0.5131923085675016,39,1.0,0.0,0.35,0.3907238266688355,0,0.8593014299759026,119,0.20168067226890757,0.20752393841645214,0.679477355320821,2
258,1006,Experience 1006,Action,0.8770181756508404,0.5275353377269014,0.8047332447846338,0.7517807092307816,28,Social,Action,0.879241143656798,0.5131923085675016,39,0.0,1.0,0.1833333333333333,0.925492101127836,1,0.7843565491540392,103,0.27184466019417475,0.26703924747875485,0.6526699113131751,3
258,1068,Experience 1068,Action,0.698456042052288,0.2594560290757449,0.3550613668330224,0.4325155932423661,21,Social,Action,0.879241143656798,0.5131923085675016,39,0.0,1.0,0.3,0.4758202231762245,0,0.8261508503613679,111,0.24324324324324326,0.2430979193884492,0.4847005845105563,4
258,1106,Experience 1106,Sports,0.8146785788760947,0.3647619692710552,0.6750256601127794,0.7960604476258709,49,Social,Action,0.879241143656798,0.5131923085675016,39,0.0,0.0,0.1666666666666666,0.7957845164559815,0,0.7976674812596497,128,0.28125,0.275985320539776,0.45368531474385304,5
259,1082,Experience 1082,Adventure,0.940069744877272,0.6645999956719907,0.1368397110942475,0.0890420050750532,28,Sports,Strategy,0.0690062268536944,0.0608436248312828,48,0.0,0.0,0.3333333333333333,0.932166515759447,0,0.8630494633467494,138,0.2391304347826087,0.23953055341700535,0.4567904179271536,1
259,1065,Experience 1065,Creative,0.7619316682455927,0.3645751585148475,0.2630179910479239,0.9645188861392016,47,Sports,Strategy,0.0690062268536944,0.0608436248312828,48,0.0,0.0,0.0166666666666666,0.8059882358057705,0,0.8250937308743468,114,0.22807017543859648,0.23019274208870782,0.41416579600808223,2
259,1017,Experience 1017,Adventure,0.8986224157650411,0.4138920991005588,0.5580723954683906,0.6429984233408326,53,Sports,Strategy,0.0690062268536944,0.0608436248312828,48,0.0,0.0,0.0833333333333333,0.5109338313853039,0,0.8768181475554473,125,0.256,0.25410915475784035,0.3957557531492019,3
259,1080,Experience 1080,Strategy,0.4960287753620589,0.3772823688301061,0.669450532879556,0.5189146424870842,16,Sports,Strategy,0.0690062268536944,0.0608436248312828,48,0.0,1.0,0.5333333333333333,0.3995556939741385,0,0.7397958209199678,116,0.16379310344827586,0.17533696646975622,0.38594545066135816,4
259,1062,Experience 1062,Creative,0.7566608128373626,0.2501254620138091,0.431135077105207,0.8144738760309339,50,Sports,Strategy,0.0690062268536944,0.0608436248312828,48,0.0,0.0,0.0333333333333333,0.6378711497484875,0,0.7917870442293214,118,0.2033898305084746,0.20902773507164382,0.38284716302808114,5
260,1087,Experience 1087,Creative,0.7417160017369715,0.3980069401610766,0.5803538931422866,0.1954958273965873,33,Creative,Puzzle,0.3749557178870924,0.8792288207020822,52,1.0,0.0,0.3166666666666666,0.7946018247448059,1,0.9141972763055752,117,0.15384615384615385,0.16675786452472152,0.8034126163075012,1
260,1081,Experience 1081,Puzzle,0.5738102986510725,0.5468042713764619,0.3811493240377567,0.8099407364448706,60,Creative,Puzzle,0.3749557178870924,0.8792288207020822,52,0.0,1.0,0.1333333333333333,0.9938063938493358,0,0.9865659449048482,107,0.18691588785046728,0.1956364365345421,0.6456058135377758,2
260,1058,Experience 1058,Social,0.5666390936836835,0.5294440043668863,0.4156619036213059,0.2647117106195373,52,Creative,Puzzle,0.3749557178870924,0.8792288207020822,52,0.0,0.0,0.0,0.9592938142657864,0,0.9825502390286164,100,0.32,0.30704856199905706,0.5485110096176948,3
260,1017,Experience 1017,Adventure,0.8986224157650411,0.4138920991005588,0.5580723954683906,0.6429984233408326,53,Creative,Puzzle,0.3749557178870924,0.8792288207020822,52,0.0,0.0,0.0166666666666666,0.8168833224187018,0,0.8864166480846127,125,0.256,0.25410915475784035,0.5159187757421568,4
260,1107,Experience 1107,Social,0.7428970964662264,0.8045676070342606,0.8160785123357384,0.9076048913904824,23,Creative,Puzzle,0.3749557178870924,0.8792288207020822,52,0.0,0.0,0.4833333333333333,0.558877205551354,0,0.8612005977446153,139,0.30935251798561153,0.3009171537099802,0.49580605600304556,5
261,1075,Experience 1075,Puzzle,0.7701763699744956,0.5714931074517187,0.7080993700732455,0.0043057756676786,58,Creative,Social,0.7592044925266476,0.3099214834916943,54,0.0,0.0,0.0666666666666666,0.948894877546598,0,0.9075204102969296,114,0.22807017543859648,0.23019274208870782,0.5425043547068191,1
261,1069,Experience 1069,Puzzle,0.8068156107352968,0.6551858372056814,0.8842124935251735,0.2530347499296835,35,Creative,Social,0.7592044925266476,0.3099214834916943,54,0.0,0.0,0.3166666666666666,0.8749919990014741,0,0.9841898745716461,121,0.2892561983471074,0.2825945208502613,0.5184714770100732,2
261,1006,Experience 1006,Action,0.8770181756508404,0.5275353377269014,0.8047332447846338,0.7517807092307816,28,Creative,Social,0.7592044925266476,0.3099214834916943,54,0.0,0.0,0.4333333333333333,0.9544712477420138,1,0.9273435784787974,103,0.27184466019417475,0.26703924747875485,0.5107025426242731,3
261,1017,Experience 1017,Adventure,0.8986224157650411,0.4138920991005588,0.5580723954683906,0.6429984233408326,53,Creative,Social,0.7592044925266476,0.3099214834916943,54,0.0,0.0,0.0166666666666666,0.798867902941743,0,0.8658772881155393,125,0.256,0.25410915475784035,0.5049633640039606,4
261,1103,Experience 1103,Action,0.6677544964493587,0.4461723957193605,0.794276194278496,0.1853752728024856,59,Creative,Social,0.7592044925266476,0.3099214834916943,54,0.0,0.0,0.0833333333333333,0.9649282982481516,0,0.8697487949768061,121,0.23140495867768596,0.23294913077933935,0.5019036013375626,5
262,1044,Experience 1044,Action,0.8578996664042653,0.7405382156713768,0.540545681694017,0.9388053542070384,40,Action,Sports,0.5328110266947298,0.7171180935545427,54,1.0,0.0,0.2333333333333333,0.9922653450007128,0,0.7185963450585936,112,0.2857142857142857,0.27913505636277913,0.865145994577354,1
262,1105,Experience 1105,Sports,0.6106599794863272,0.6391373818905719,0.6213931070244737,0.2894297075080649,54,Action,Sports,0.5328110266947298,0.7171180935545427,54,0.0,1.0,0.0,0.911417919670256,1,0.9619102903922454,130,0.23076923076923078,0.2323055162659123,0.7002536987806393,2
262,1037,Experience 1037,Sports,0.7994490651436071,0.7023148063737304,0.3263399911584964,0.9948242136208678,35,Action,Sports,0.5328110266947298,0.7171180935545427,54,0.0,1.0,0.3166666666666666,0.7935289644637666,0,0.89505872730703,120,0.30833333333333335,0.29889876742776317,0.679461406401695,3
262,1015,Experience 1015,Sports,0.9316862802198296,0.7502302540767141,0.1563447605350174,0.9300033473547172,10,Action,Sports,0.5328110266947298,0.7171180935545427,54,0.0,1.0,0.7333333333333333,0.6235337338402877,1,0.723740853597507,113,0.19469026548672566,0.20184832661569058,0.6368931494657235,4
262,1052,Experience 1052,Creative,0.6879474895864814,0.8150878066775633,0.5427584275418881,0.4028796085076296,43,Action,Sports,0.5328110266947298,0.7171180935545427,54,0.0,0.0,0.1833333333333333,0.9900525991528416,0,0.9750514278323339,129,0.3178294573643411,0.30769011704622046,0.5418848734955086,5
263,1044,Experience 1044,Action,0.8578996664042653,0.7405382156713768,0.540545681694017,0.9388053542070384,40,Action,Strategy,0.7792252848720757,0.1666298735463137,26,1.0,0.0,0.2333333333333333,0.7613203968219413,1,0.821493500023049,112,0.2857142857142857,0.27913505636277913,0.7973415483476506,1
263,1059,Experience 1059,Social,0.7489549716721217,0.4911530499138364,0.6826986067555766,0.9132851837019758,49,Action,Strategy,0.7792252848720757,0.1666298735463137,26,0.0,0.0,0.3833333333333333,0.9034733218835008,0,0.8741324701919033,105,0.34285714285714286,0.32676661951909475,0.48410945653844734,2
263,1088,Experience 1088,Sports,0.931739259022481,0.4207879774878386,0.5549692853271866,0.4100487869149942,11,Action,Strategy,0.7792252848720757,0.1666298735463137,26,0.0,0.0,0.25,0.7757440004551109,0,0.8873643992655307,113,0.3008849557522124,0.292073890525465,0.46113021485287853,3
263,1099,Experience 1099,Adventure,0.8332801744008336,0.4077151465805127,0.8307594812615263,0.7545731382181347,49,Action,Strategy,0.7792252848720757,0.1666298735463137,26,0.0,0.0,0.3833333333333333,0.9484658036105492,0,0.7999892338546717,119,0.2605042016806723,0.25788365064666796,0.43185375064513776,4
263,1064,Experience 1064,Puzzle,0.6204758892789963,0.4435351922580418,0.6632419642315316,0.276207363456566,49,Action,Strategy,0.7792252848720757,0.1666298735463137,26,0.0,0.0,0.3833333333333333,0.8840166793594559,0,0.7587517707438681,94,0.2765957446808511,0.27057743368321796,0.39224155406410466,5
264,1119,Experience 1119,Action,0.8086136050725224,0.7572883677081093,0.5086964614589882,0.1619415702496311,9,Adventure,Action,0.4440207741113665,0.9211027744080204,23,0.0,1.0,0.2333333333333333,0.9353243126523784,0,0.8533875411604229,115,0.30434782608695654,0.29515427733249516,0.655092218947574,1
264,1068,Experience 1068,Action,0.698456042052288,0.2594560290757449,0.3550613668330224,0.4325155932423661,21,Adventure,Action,0.4440207741113665,0.9211027744080204,23,0.0,1.0,0.0333333333333333,0.911040592721656,1,0.9837612476329893,111,0.24324324324324326,0.2430979193884492,0.6028459937268489,2
264,1013,Experience 1013,Sports,0.8486275995976889,0.743877614526904,0.1274827038621261,0.2359972626205526,20,Adventure,Action,0.4440207741113665,0.9211027744080204,23,0.0,0.0,0.05,0.6834619297507597,1,0.9782056004915208,116,0.3017241379310345,0.29298402529328565,0.4777170335414824,3
264,1059,Experience 1059,Social,0.7489549716721217,0.4911530499138364,0.6826986067555766,0.9132851837019758,49,Adventure,Action,0.4440207741113665,0.9211027744080204,23,0.0,0.0,0.4333333333333333,0.76132216735579,1,0.8552174202739424,105,0.34285714285714286,0.32676661951909475,0.475019336745025,4
264,1002,Experience 1002,Social,0.5654662227449457,0.1419781043952984,0.4876512775379703,0.1763555764178013,30,Adventure,Action,0.4440207741113665,0.9211027744080204,23,0.0,0.0,0.1166666666666666,0.9563694965733962,0,0.9522040602686098,125,0.312,0.30238501682680585,0.4661075961613633,5
265,1074,Experience 1074,Social,0.7411737446379107,0.1336446501121093,0.5667526591354218,0.2130749343990023,32,Social,Sports,0.4228872306687573,0.3194153124645484,31,1.0,0.0,0.0166666666666666,0.8561345715333355,1,0.9188765524741391,149,0.2953020134228188,0.28902856473305827,0.8397805051029944,1
265,1036,Experience 1036,Sports,0.9655169972756756,0.2298411882545339,0.2550485289661252,0.8478368672236546,17,Social,Sports,0.4228872306687573,0.3194153124645484,31,0.0,1.0,0.2333333333333333,0.8321612982973678,0,0.7661449058930433,129,0.26356589147286824,0.2607102512744084,0.6516871982376313,2
265,1001,Experience 1001,Sports,0.6452560499996463,0.8044840559110404,0.5776422262968883,0.3608105614175153,41,Social,Sports,0.4228872306687573,0.3194153124645484,31,0.0,1.0,0.1666666666666666,0.845245004371869,1,0.7281500327716387,110,0.2545454545454545,0.25266021107605263,0.6465599070892227,3
265,1008,Experience 1008,Adventure,0.8415828324170402,0.3364498304651394,0.599089106012921,0.2728043301458357,40,Social,Sports,0.4228872306687573,0.3194153124645484,31,0.0,0.0,0.15,0.8237981246558364,0,0.8340316885750918,117,0.27350427350427353,0.2689476455466193,0.45860035495914264,4
265,1062,Experience 1062,Creative,0.7566608128373626,0.2501254620138091,0.431135077105207,0.8144738760309339,50,Social,Sports,0.4228872306687573,0.3194153124645484,31,0.0,0.0,0.3166666666666666,0.9917521535635504,0,0.8261720892659192,118,0.2033898305084746,0.20902773507164382,0.44686399326329707,5
266,1103,Experience 1103,Action,0.6677544964493587,0.4461723957193605,0.794276194278496,0.1853752728024856,59,Action,Social,0.6375702211557664,0.3151664345285936,10,1.0,0.0,0.8166666666666667,0.8432940268772704,0,0.7381504338631137,121,0.23140495867768596,0.23294913077933935,0.7628662529849362,1
266,1058,Experience 1058,Social,0.5666390936836835,0.5294440043668863,0.4156619036213059,0.2647117106195373,52,Action,Social,0.6375702211557664,0.3151664345285936,10,0.0,1.0,0.7,0.7780916824655395,1,0.7973284592608365,100,0.32,0.30704856199905706,0.5988529083478527,2
266,1108,Experience 1108,Puzzle,0.8425576923542274,0.4822507608830354,0.666849920378606,0.8027206052883656,21,Action,Social,0.6375702211557664,0.3151664345285936,10,0.0,0.0,0.1833333333333333,0.9707203007771604,0,0.8802492107024358,92,0.2717391304347826,0.2664806021418468,0.5209001085321415,3
266,1048,Experience 1048,Social,0.2304789954244207,0.8328371585656826,0.2699649703256335,0.1697999737727075,60,Action,Social,0.6375702211557664,0.3151664345285936,10,0.0,1.0,0.8333333333333334,0.632394749169867,0,0.9259320413905687,119,0.20168067226890757,0.20752393841645214,0.4948399935996682,4
266,1096,Experience 1096,Adventure,0.7903170826018652,0.4751627362769494,0.5362341337297925,0.9233469677258124,13,Action,Social,0.6375702211557664,0.3151664345285936,10,0.0,0.0,0.05,0.898663912574026,0,0.9199593874844655,123,0.25203252032520324,0.25067012195725064,0.47716743149798496,5
267,1111,Experience 1111,Sports,0.9428982678236224,0.8155250577848677,0.575778764164542,0.2547283501174674,25,Sports,Social,0.3462957346228282,0.2929870806339115,28,1.0,0.0,0.05,0.7705169704582862,1,0.8924534138217483,139,0.3237410071942446,0.31349577006218143,0.8612351307077595,1
267,1102,Experience 1102,Sports,0.9402838286695968,0.4125021221616953,0.1907643304361418,0.200562471321554,40,Sports,Social,0.3462957346228282,0.2929870806339115,28,1.0,0.0,0.2,0.8444685958133136,1,0.8814689221841561,117,0.3076923076923077,0.29814472583859014,0.8379155943065821,2
267,1100,Experience 1100,Sports,0.8539423752816214,0.5771516782683807,0.6603015579098336,0.097787997445443,39,Sports,Social,0.3462957346228282,0.2929870806339115,28,1.0,0.0,0.1833333333333333,0.6859941767129947,0,0.9155561830598357,107,0.3177570093457944,0.3058726570069831,0.828820991921615,3
267,1092,Experience 1092,Sports,0.8280410369904486,0.5343815491606264,0.7426691928850321,0.6904019545155015,39,Sports,Social,0.3462957346228282,0.2929870806339115,28,1.0,0.0,0.1833333333333333,0.6036265417377962,0,0.8402472453817189,128,0.2421875,0.2422015367559922,0.8124505189597494,4
267,1091,Experience 1091,Sports,0.6742348817628386,0.2717222536331008,0.7498162980972818,0.6422524185679935,12,Sports,Social,0.3462957346228282,0.2929870806339115,28,1.0,0.0,0.2666666666666666,0.5964794365255464,0,0.7129788174135318,105,0.2571428571428571,0.25476661951909474,0.7631677732630665,5
268,1064,Experience 1064,Puzzle,0.6204758892789963,0.4435351922580418,0.6632419642315316,0.276207363456566,49,Puzzle,Sports,0.5793591793566846,0.6220625182131355,53,1.0,0.0,0.0666666666666666,0.916117215125153,1,0.9366742101722215,94,0.2765957446808511,0.27057743368321796,0.8181123851595146,1
268,1027,Experience 1027,Sports,0.8258355726034926,0.7779980359761599,0.5071112833110228,0.4772006332829246,49,Puzzle,Sports,0.5793591793566846,0.6220625182131355,53,0.0,1.0,0.0666666666666666,0.9277521039543384,1,0.7270886253323684,111,0.23423423423423423,0.23546433160218966,0.7189797862875028,2
268,1093,Experience 1093,Puzzle,0.5054580561223759,0.3724006037822283,0.1444497473739812,0.982987171535907,29,Puzzle,Sports,0.5793591793566846,0.6220625182131355,53,1.0,0.0,0.4,0.5650905680172967,0,0.7567634586482926,113,0.1415929203539823,0.15673554466080336,0.7001424638473914,3
268,1088,Experience 1088,Sports,0.931739259022481,0.4207879774878386,0.5549692853271866,0.4100487869149942,11,Puzzle,Sports,0.5793591793566846,0.6220625182131355,53,0.0,1.0,0.7,0.975610105970502,1,0.9453096353939375,113,0.3008849557522124,0.292073890525465,0.6648550529959444,4
268,1050,Experience 1050,Sports,0.6444432625143321,0.2032573812502654,0.7840857883345029,0.0579453445381299,24,Puzzle,Sports,0.5793591793566846,0.6220625182131355,53,0.0,1.0,0.4833333333333333,0.7952733910221816,1,0.719830449272329,107,0.27102803738317754,0.2665025782668255,0.5868795186760148,5
269,1055,Experience 1055,Action,0.9121309206982589,0.3826203354113438,0.2499073592941251,0.1919211614110854,38,Action,Sports,0.8038832112434618,0.3482562584236965,33,1.0,0.0,0.0833333333333333,0.4460241480506632,0,0.7814069955011832,114,0.23684210526315788,0.237655428655872,0.7911355162954813,1
269,1032,Experience 1032,Action,0.9183909657409184,0.1782087510115781,0.2798409650960937,0.836613041032693,59,Action,Sports,0.8038832112434618,0.3482562584236965,33,1.0,0.0,0.4333333333333333,0.4759577538526318,1,0.8487956647363845,120,0.275,0.27032733885633464,0.7579881514724636,2
269,1068,Experience 1068,Action,0.698456042052288,0.2594560290757449,0.3550613668330224,0.4325155932423661,21,Action,Sports,0.8038832112434618,0.3482562584236965,33,1.0,0.0,0.2,0.5511781555895605,1,0.8706644759244286,111,0.24324324324324326,0.2430979193884492,0.7489366488757165,3
269,1102,Experience 1102,Sports,0.9402838286695968,0.4125021221616953,0.1907643304361418,0.200562471321554,40,Action,Sports,0.8038832112434618,0.3482562584236965,33,0.0,1.0,0.1166666666666666,0.38688111919268,0,0.9168547058660914,117,0.3076923076923077,0.29814472583859014,0.6189309386316187,4
269,1005,Experience 1005,Sports,0.725440926488475,0.5102685875213342,0.2459903544501388,0.2409271164143122,19,Action,Sports,0.8038832112434618,0.3482562584236965,33,0.0,1.0,0.2333333333333333,0.442107143206677,0,0.9050738623310711,114,0.2543859649122807,0.25258080179020037,0.5684226885348993,5
270,1100,Experience 1100,Sports,0.8539423752816214,0.5771516782683807,0.6603015579098336,0.097787997445443,39,Puzzle,Sports,0.5043957338997924,0.7382814210076418,42,0.0,1.0,0.05,0.8440941759899588,1,0.9201683128191038,107,0.3177570093457944,0.3058726570069831,0.7093719709498809,1
270,1092,Experience 1092,Sports,0.8280410369904486,0.5343815491606264,0.7426691928850321,0.6904019545155015,39,Puzzle,Sports,0.5043957338997924,0.7382814210076418,42,0.0,1.0,0.05,0.7617265410147603,0,0.7279396474604171,128,0.2421875,0.2422015367559922,0.6859071822323721,2
270,1104,Experience 1104,Sports,0.7763284069557427,0.7928984171430337,0.1707069630824686,0.4638281104628762,33,Puzzle,Sports,0.5043957338997924,0.7382814210076418,42,0.0,1.0,0.15,0.6663112291826763,0,0.842765135513772,119,0.17647058823529413,0.1859412046035025,0.6489032487175562,3
270,1014,Experience 1014,Social,0.7084360738896248,0.6919622480914536,0.5066406143622445,0.7631554898199004,35,Puzzle,Sports,0.5043957338997924,0.7382814210076418,42,0.0,0.0,0.1166666666666666,0.997755119537548,0,0.928603425669742,117,0.29914529914529914,0.29084545576559745,0.576887560580439,4
270,1058,Experience 1058,Social,0.5666390936836835,0.5294440043668863,0.4156619036213059,0.2647117106195373,52,Puzzle,Sports,0.5043957338997924,0.7382814210076418,42,0.0,0.0,0.1666666666666666,0.9112661697215134,0,0.9924363685528748,100,0.32,0.30704856199905706,0.5137638758959865,5
271,1046,Experience 1046,Puzzle,0.9358581895296346,0.2937905951089806,0.3646871905132503,0.5570017818814502,30,Puzzle,Social,0.7165432500352743,0.5462709607784835,44,1.0,0.0,0.2333333333333333,0.6481439404779761,1,0.9666555224093626,124,0.2661290322580645,0.26281824611032534,0.8088050356880595,1
271,1026,Experience 1026,Puzzle,0.7847705334160814,0.4236675665053301,0.2918167090217533,0.0158055554401338,14,Puzzle,Social,0.7165432500352743,0.5462709607784835,44,1.0,0.0,0.5,0.575273458986479,1,0.8946345820498803,111,0.1981981981981982,0.2049299804571515,0.7620674335757843,2
271,1025,Experience 1025,Social,0.838744739121835,0.7279884901895025,0.5876677647056102,0.0811540004238993,14,Puzzle,Social,0.7165432500352743,0.5462709607784835,44,0.0,1.0,0.5,0.8711245146703359,1,0.9781396882150377,120,0.31666666666666665,0.30604162457062034,0.7127314047640806,3
271,1012,Experience 1012,Social,0.4912469181469279,0.4504706076181689,0.5423234103127773,0.3692728413409686,11,Puzzle,Social,0.7165432500352743,0.5462709607784835,44,0.0,1.0,0.55,0.825780160277503,1,0.7082081886578754,120,0.2,0.20604162457062034,0.5971353051908237,4
271,1100,Experience 1100,Sports,0.8539423752816214,0.5771516782683807,0.6603015579098336,0.097787997445443,39,Puzzle,Social,0.7165432500352743,0.5462709607784835,44,0.0,0.0,0.0833333333333333,0.9437583078745592,0,0.8574347743350217,107,0.3177570093457944,0.3058726570069831,0.5625771086982327,5
272,1025,Experience 1025,Social,0.838744739121835,0.7279884901895025,0.5876677647056102,0.0811540004238993,14,Social,Puzzle,0.6530950591953089,0.10414794787365,43,1.0,0.0,0.4833333333333333,0.9345727055103014,0,0.7180107621864278,120,0.31666666666666665,0.30604162457062034,0.8446663773203908,1
272,1014,Experience 1014,Social,0.7084360738896248,0.6919622480914536,0.5066406143622445,0.7631554898199004,35,Social,Puzzle,0.6530950591953089,0.10414794787365,43,1.0,0.0,0.1333333333333333,0.8535455551669356,1,0.9848508282163715,117,0.29914529914529914,0.29084545576559745,0.833879133458554,2
272,1074,Experience 1074,Social,0.7411737446379107,0.1336446501121093,0.5667526591354218,0.2130749343990023,32,Social,Puzzle,0.6530950591953089,0.10414794787365,43,1.0,0.0,0.1833333333333333,0.913657599940113,1,0.7229291287433742,149,0.2953020134228188,0.28902856473305827,0.8218159851494264,3
272,1084,Experience 1084,Social,0.6722561348379004,0.2863456816441453,0.5362524927433157,0.7470758006298863,26,Social,Puzzle,0.6530950591953089,0.10414794787365,43,1.0,0.0,0.2833333333333333,0.8831574335480068,0,0.9156803794857248,111,0.35135135135135137,0.3347009728235637,0.8034532941077693,4
272,1097,Experience 1097,Social,0.6621084266035628,0.3766200397542547,0.5070806368539267,0.2458755870050586,23,Social,Puzzle,0.6530950591953089,0.10414794787365,43,1.0,0.0,0.3333333333333333,0.8539855776586178,0,0.859400293104418,128,0.203125,0.20841775297220844,0.8020442662474357,5
273,1008,Experience 1008,Adventure,0.8415828324170402,0.3364498304651394,0.599089106012921,0.2728043301458357,40,Strategy,Adventure,0.7207196075492638,0.1869144827638652,11,0.0,1.0,0.4833333333333333,0.8783694984636572,1,0.7161571705767621,117,0.27350427350427353,0.2689476455466193,0.5376324313251546,1
273,1107,Experience 1107,Social,0.7428970964662264,0.8045676070342606,0.8160785123357384,0.9076048913904824,23,Strategy,Adventure,0.7207196075492638,0.1869144827638652,11,0.0,0.0,0.2,0.9046410952135254,0,0.9353391293206144,139,0.30935251798561153,0.3009171537099802,0.49209260357230356,2
273,1101,Experience 1101,Adventure,0.7760911633714107,0.1624374115097873,0.2510263664566988,0.468231405693584,28,Strategy,Adventure,0.7207196075492638,0.1869144827638652,11,0.0,1.0,0.2833333333333333,0.5303067589074351,0,0.7486552432584183,106,0.19811320754716982,0.20512561460227657,0.4494368314221175,3
273,1000,Experience 1000,Action,0.9096695293967186,0.6516437731703687,0.6290364009047581,0.2407530712142694,49,Strategy,Adventure,0.7207196075492638,0.1869144827638652,11,0.0,0.0,0.6333333333333333,0.9083167933554944,0,0.8058293045023701,124,0.3225806451612903,0.31142935722143644,0.4164153667440264,4
273,1028,Experience 1028,Simulation,0.7474374024719366,0.7598079156453001,0.9057260947827066,0.4943145335346177,16,Strategy,Adventure,0.7207196075492638,0.1869144827638652,11,0.0,0.0,0.0833333333333333,0.8149935127665572,0,0.8913804348072637,122,0.22950819672131148,0.23130864394286513,0.41439448783027044,5
274,1051,Experience 1051,Adventure,0.7608650542535511,0.4945204429565272,0.5049786641965721,0.9492935230092574,34,Simulation,Adventure,0.6308472095239188,0.3065428518678583,48,0.0,1.0,0.2333333333333333,0.8741314546726533,1,0.9955905754153022,122,0.2459016393442623,0.24539315098511863,0.5580284513327073,1
274,1059,Experience 1059,Social,0.7489549716721217,0.4911530499138364,0.6826986067555766,0.9132851837019758,49,Simulation,Adventure,0.6308472095239188,0.3065428518678583,48,0.0,0.0,0.0166666666666666,0.9481486027683422,1,0.7880448166146559,105,0.34285714285714286,0.32676661951909475,0.512463502090222,2
274,1044,Experience 1044,Action,0.8578996664042653,0.7405382156713768,0.540545681694017,0.9388053542070384,40,Simulation,Adventure,0.6308472095239188,0.3065428518678583,48,0.0,0.0,0.1333333333333333,0.909698472170098,0,0.848000036202186,112,0.2857142857142857,0.27913505636277913,0.46508568315895454,3
274,1064,Experience 1064,Puzzle,0.6204758892789963,0.4435351922580418,0.6632419642315316,0.276207363456566,49,Simulation,Adventure,0.6308472095239188,0.3065428518678583,48,0.0,0.0,0.0166666666666666,0.9676052452923872,0,0.9098576168441145,94,0.2765957446808511,0.27057743368321796,0.4262878182364283,4
274,1097,Experience 1097,Social,0.6621084266035628,0.3766200397542547,0.5070806368539267,0.2458755870050586,23,Simulation,Adventure,0.6308472095239188,0.3065428518678583,48,0.0,0.0,0.4166666666666667,0.8762334273300079,1,0.742479817127996,128,0.203125,0.20841775297220844,0.4227511608451629,5
275,1070,Experience 1070,Sports,0.9021629239090754,0.4240213755135868,0.7602726894428304,0.7757910864370905,50,Sports,Simulation,0.8310543868641102,0.3481454171224177,46,1.0,0.0,0.0666666666666666,0.9292183025787204,1,0.8238799675884957,111,0.2882882882882883,0.28126585831974693,0.8312847859647546,1
275,1092,Experience 1092,Sports,0.8280410369904486,0.5343815491606264,0.7426691928850321,0.6904019545155015,39,Sports,Simulation,0.8310543868641102,0.3481454171224177,46,1.0,0.0,0.1166666666666666,0.911614806020922,1,0.8242932288298029,128,0.2421875,0.2422015367559922,0.8193119722637885,2
275,1001,Experience 1001,Sports,0.6452560499996463,0.8044840559110404,0.5776422262968883,0.3608105614175153,41,Sports,Simulation,0.8310543868641102,0.3481454171224177,46,1.0,0.0,0.0833333333333333,0.7465878394327782,0,0.9425096104902645,110,0.2545454545454545,0.25266021107605263,0.785178418257303,3
275,1104,Experience 1104,Sports,0.7763284069557427,0.7928984171430337,0.1707069630824686,0.4638281104628762,33,Sports,Simulation,0.8310543868641102,0.3481454171224177,46,1.0,0.0,0.2166666666666666,0.3396525762183584,1,0.7041946240899748,119,0.17647058823529413,0.1859412046035025,0.7327925076918935,4
275,1006,Experience 1006,Action,0.8770181756508404,0.5275353377269014,0.8047332447846338,0.7517807092307816,28,Sports,Simulation,0.8310543868641102,0.3481454171224177,46,0.0,0.0,0.3,0.9736788579205236,0,0.9646547505339798,103,0.27184466019417475,0.26703924747875485,0.46645399408973903,5
276,1105,Experience 1105,Sports,0.6106599794863272,0.6391373818905719,0.6213931070244737,0.2894297075080649,54,Sports,Adventure,0.9863661217086545,0.4390801672885033,23,1.0,0.0,0.5166666666666667,0.6350269853158194,1,0.9059432034126916,130,0.23076923076923078,0.2323055162659123,0.7230715183697382,1
276,1008,Experience 1008,Adventure,0.8415828324170402,0.3364498304651394,0.599089106012921,0.2728043301458357,40,Sports,Adventure,0.9863661217086545,0.4390801672885033,23,0.0,1.0,0.2833333333333333,0.6127229843042666,0,0.9631040304189686,117,0.27350427350427353,0.2689476455466193,0.5345647969982938,2
276,1017,Experience 1017,Adventure,0.8986224157650411,0.4138920991005588,0.5580723954683906,0.6429984233408326,53,Sports,Adventure,0.9863661217086545,0.4390801672885033,23,0.0,1.0,0.5,0.5717062737597363,0,0.7469048162589388,125,0.256,0.25410915475784035,0.5218772703807383,3
276,1057,Experience 1057,Adventure,0.6456559365327232,0.2179960435691,0.3788184780326499,0.8119882015105448,28,Sports,Adventure,0.9863661217086545,0.4390801672885033,23,0.0,1.0,0.0833333333333333,0.3924523563239955,0,0.8553094497455968,128,0.203125,0.20841775297220844,0.4410785436107911,4
276,1014,Experience 1014,Social,0.7084360738896248,0.6919622480914536,0.5066406143622445,0.7631554898199004,35,Sports,Adventure,0.9863661217086545,0.4390801672885033,23,0.0,0.0,0.2,0.5202744926535902,1,0.9282108499041013,117,0.29914529914529914,0.29084545576559745,0.42217302364974146,5
277,1085,Experience 1085,Social,0.715133524882573,0.3923165755464828,0.681782684374937,0.3715432084063615,41,Action,Social,0.816715068008436,0.7007896542281495,33,0.0,1.0,0.1333333333333333,0.8650676163665011,1,0.8329985297183179,117,0.24786324786324787,0.24704983532764122,0.7220785757643047,1
277,1039,Experience 1039,Social,0.8194814495513689,0.2752805682140255,0.2419454802582048,0.889899007072331,47,Action,Social,0.816715068008436,0.7007896542281495,33,0.0,1.0,0.2333333333333333,0.4252304122497689,0,0.8128607287600311,110,0.2636363636363636,0.2603525187683603,0.6425099844139495,2
277,1099,Experience 1099,Adventure,0.8332801744008336,0.4077151465805127,0.8307594812615263,0.7545731382181347,49,Action,Social,0.816715068008436,0.7007896542281495,33,0.0,0.0,0.2666666666666666,0.9859555867469096,0,0.9277757799026465,119,0.2605042016806723,0.25788365064666796,0.5250859480987844,3
277,1106,Experience 1106,Sports,0.8146785788760947,0.3647619692710552,0.6750256601127794,0.7960604476258709,49,Action,Social,0.816715068008436,0.7007896542281495,33,0.0,0.0,0.2666666666666666,0.8583105921043435,0,0.8650251259727185,128,0.28125,0.275985320539776,0.5223727816337055,4
277,1064,Experience 1064,Puzzle,0.6204758892789963,0.4435351922580418,0.6632419642315316,0.276207363456566,49,Action,Social,0.816715068008436,0.7007896542281495,33,0.0,0.0,0.2666666666666666,0.8465268962230956,0,0.7359882856233806,94,0.2765957446808511,0.27057743368321796,0.4710201588421374,5
278,1076,Experience 1076,Creative,0.7805257487778566,0.3562342599893083,0.7812983230640933,0.571167362055741,8,Adventure,Creative,0.401460732312596,0.3251218617863144,27,0.0,1.0,0.3166666666666666,0.6201624092485027,1,0.8271391916980138,124,0.23387096774193547,0.23504046833254755,0.5494605904462821,1
278,1084,Experience 1084,Social,0.6722561348379004,0.2863456816441453,0.5362524927433157,0.7470758006298863,26,Adventure,Creative,0.401460732312596,0.3251218617863144,27,0.0,0.0,0.0166666666666666,0.8652082395692804,0,0.8648850188794804,111,0.35135135135135137,0.3347009728235637,0.4798152545730569,2
278,1013,Experience 1013,Sports,0.8486275995976889,0.743877614526904,0.1274827038621261,0.2359972626205526,20,Adventure,Creative,0.401460732312596,0.3251218617863144,27,0.0,0.0,0.1166666666666666,0.7260219715495302,0,0.9977098893886265,116,0.3017241379310345,0.29298402529328565,0.46448850451759466,3
278,1098,Experience 1098,Social,0.534058177188557,0.4459803600128759,0.2707495249900757,0.7298152463028666,35,Adventure,Creative,0.401460732312596,0.3251218617863144,27,0.0,0.0,0.1333333333333333,0.8692887926774797,0,0.8377476568542109,130,0.26153846153846155,0.25897218293257895,0.4371530564885355,4
278,1004,Experience 1004,Puzzle,0.809305382335664,0.5027055170834634,0.7716046143560276,0.3920600224154432,16,Adventure,Creative,0.401460732312596,0.3251218617863144,27,0.0,0.0,0.1833333333333333,0.6298561179565685,0,0.8365052456833049,123,0.21951219512195122,0.2226980939852227,0.4239508304528542,5
279,1004,Experience 1004,Puzzle,0.809305382335664,0.5027055170834634,0.7716046143560276,0.3920600224154432,16,Adventure,Puzzle,0.5014272641843919,0.27624328291849,23,0.0,1.0,0.1166666666666666,0.7298226498283643,1,0.7468190283631084,123,0.21951219512195122,0.2226980939852227,0.6152691865475288,1
279,1053,Experience 1053,Puzzle,0.7426572934279929,0.7514869168546299,0.2904976508730454,0.8341208920021081,34,Adventure,Puzzle,0.5014272641843919,0.27624328291849,23,0.0,1.0,0.1833333333333333,0.7890703866886536,0,0.8583604723039205,102,0.3431372549019608,0.3266051429498922,0.6013168379568116,2
279,1085,Experience 1085,Social,0.715133524882573,0.3923165755464828,0.681782684374937,0.3715432084063615,41,Adventure,Puzzle,0.5014272641843919,0.27624328291849,23,0.0,0.0,0.3,0.8196445798094548,0,0.7367567141435454,117,0.24786324786324787,0.24704983532764122,0.4712068908222904,3
279,1059,Experience 1059,Social,0.7489549716721217,0.4911530499138364,0.6826986067555766,0.9132851837019758,49,Adventure,Puzzle,0.5014272641843919,0.27624328291849,23,0.0,0.0,0.4333333333333333,0.8187286574288153,1,0.9411785756331155,105,0.34285714285714286,0.32676661951909475,0.46877199112356366,4
279,1029,Experience 1029,Puzzle,0.3418174116264629,0.7473540601800795,0.2448417750345193,0.4073623878629723,57,Adventure,Puzzle,0.5014272641843919,0.27624328291849,23,0.0,1.0,0.5666666666666667,0.7434145108501274,0,0.960705386009544,118,0.1864406779661017,0.1945349814484554,0.45932061394140034,5
280,1033,Experience 1033,Simulation,0.8859147305780027,0.259942782541492,0.2648265360525452,0.1086571032622624,31,Puzzle,Simulation,0.6552889477052802,0.6126879227274646,41,0.0,1.0,0.1666666666666666,0.609537588347265,0,0.7045231327920887,120,0.275,0.27032733885633464,0.551357736264269,1
280,1056,Experience 1056,Simulation,0.5850817489192739,0.1274880872408227,0.8708251250831834,0.1754622465790878,53,Puzzle,Simulation,0.6552889477052802,0.6126879227274646,41,0.0,1.0,0.2,0.7844638226220968,0,0.7192832534947505,128,0.1640625,0.17463396918842464,0.5191667447234485,2
280,1088,Experience 1088,Sports,0.931739259022481,0.4207879774878386,0.5549692853271866,0.4100487869149942,11,Puzzle,Simulation,0.6552889477052802,0.6126879227274646,41,0.0,0.0,0.5,0.8996803376219064,0,0.7478258562370752,113,0.3008849557522124,0.292073890525465,0.454175462140464,3
280,1109,Experience 1109,Social,0.5415451963988065,0.6320276759129257,0.4602651355822746,0.2660308726216652,48,Puzzle,Simulation,0.6552889477052802,0.6126879227274646,41,0.0,0.0,0.1166666666666666,0.8049761878769943,0,0.90550732177713,125,0.312,0.30238501682680585,0.4487533120618845,4
280,1041,Experience 1041,Sports,0.6879201981801872,0.7175911275892214,0.4277301159158936,0.4016616340093764,51,Puzzle,Simulation,0.6552889477052802,0.6126879227274646,41,0.0,0.0,0.1666666666666666,0.7724411682106134,0,0.7939865737275276,132,0.18181818181818182,0.18977518052557135,0.43080136472186914,5
281,1073,Experience 1073,Adventure,0.687693407311507,0.5642695337399875,0.7523432280065728,0.8351257910807337,50,Adventure,Social,0.2453891050264243,0.347517906393472,36,1.0,0.0,0.2333333333333333,0.4930458770198515,0,0.8216460786148694,132,0.26515151515151514,0.26214360157820293,0.7537563937682203,1
281,1025,Experience 1025,Social,0.838744739121835,0.7279884901895025,0.5876677647056102,0.0811540004238993,14,Adventure,Social,0.2453891050264243,0.347517906393472,36,0.0,1.0,0.3666666666666666,0.6577213403208141,0,0.7873405311888837,120,0.31666666666666665,0.30604162457062034,0.6899231306398932,2
281,1109,Experience 1109,Social,0.5415451963988065,0.6320276759129257,0.4602651355822746,0.2660308726216652,48,Adventure,Social,0.2453891050264243,0.347517906393472,36,0.0,1.0,0.2,0.7851239694441496,0,0.9835082841946705,125,0.312,0.30238501682680585,0.6515937476510344,3
281,1002,Experience 1002,Social,0.5654662227449457,0.1419781043952984,0.4876512775379703,0.1763555764178013,30,Adventure,Social,0.2453891050264243,0.347517906393472,36,0.0,1.0,0.1,0.757737827488454,1,0.9531876691971606,125,0.312,0.30238501682680585,0.6264929166920193,4
281,1102,Experience 1102,Sports,0.9402838286695968,0.4125021221616953,0.1907643304361418,0.200562471321554,40,Adventure,Social,0.2453891050264243,0.347517906393472,36,0.0,0.0,0.0666666666666666,0.9453752254097176,1,0.8534906655321873,117,0.3076923076923077,0.29814472583859014,0.5512966743794521,5
282,1016,Experience 1016,Simulation,0.6327408434291123,0.2893552650923534,0.337198205686132,0.4979318527888876,53,Simulation,Adventure,0.3009813401724052,0.3398114678495063,15,1.0,0.0,0.6333333333333333,0.9637831344862732,0,0.7741003833212382,124,0.1935483870967742,0.20031824611032534,0.6923692772140325,1
282,1112,Experience 1112,Simulation,0.2735953131794247,0.4885963348973961,0.6296328968909383,0.135038096056236,20,Simulation,Adventure,0.3009813401724052,0.3398114678495063,15,1.0,0.0,0.0833333333333333,0.6713484432814669,1,0.9731499839895679,119,0.16806722689075632,0.17874695999918594,0.6380153803445178,2
282,1051,Experience 1051,Adventure,0.7608650542535511,0.4945204429565272,0.5049786641965721,0.9492935230092574,34,Simulation,Adventure,0.3009813401724052,0.3398114678495063,15,0.0,1.0,0.3166666666666666,0.7960026759758331,0,0.8741980124875472,122,0.2459016393442623,0.24539315098511863,0.5249788719416575,3
282,1036,Experience 1036,Sports,0.9655169972756756,0.2298411882545339,0.2550485289661252,0.8478368672236546,17,Simulation,Adventure,0.3009813401724052,0.3398114678495063,15,0.0,0.0,0.0333333333333333,0.95406718879372,0,0.839277835390352,129,0.26356589147286824,0.2607102512744084,0.4651090863640777,4
282,1013,Experience 1013,Sports,0.8486275995976889,0.743877614526904,0.1274827038621261,0.2359972626205526,20,Simulation,Adventure,0.3009813401724052,0.3398114678495063,15,0.0,0.0,0.0833333333333333,0.8265013636897209,0,0.8489857124747144,116,0.3017241379310345,0.29298402529328565,0.4494523982844594,5
283,1025,Experience 1025,Social,0.838744739121835,0.7279884901895025,0.5876677647056102,0.0811540004238993,14,Social,Creative,0.9780622564393596,0.7597180563415548,34,1.0,0.0,0.3333333333333333,0.6096055082662507,1,0.8877507426503987,120,0.31666666666666665,0.30604162457062034,0.8329240908218459,1
283,1012,Experience 1012,Social,0.4912469181469279,0.4504706076181689,0.5423234103127773,0.3692728413409686,11,Social,Creative,0.9780622564393596,0.7597180563415548,34,1.0,0.0,0.3833333333333333,0.5642611538734178,1,0.9845916019861789,120,0.2,0.20604162457062034,0.7486358946247635,2
283,1098,Experience 1098,Social,0.534058177188557,0.4459803600128759,0.2707495249900757,0.7298152463028666,35,Social,Creative,0.9780622564393596,0.7597180563415548,34,1.0,0.0,0.0166666666666666,0.2926872685507162,1,0.9696921994485553,130,0.26153846153846155,0.25897218293257895,0.7422135457901946,3
283,1038,Experience 1038,Creative,0.8025898263845425,0.4058560569474049,0.8087225901435202,0.8729120163870842,60,Social,Creative,0.9780622564393596,0.7597180563415548,34,0.0,1.0,0.4333333333333333,0.8306603337041607,0,0.8289734959534566,108,0.2037037037037037,0.209733026874116,0.6109973148059725,4
283,1087,Experience 1087,Creative,0.7417160017369715,0.3980069401610766,0.5803538931422866,0.1954958273965873,33,Social,Creative,0.9780622564393596,0.7597180563415548,34,0.0,1.0,0.0166666666666666,0.6022916367029271,0,0.8870786585310845,117,0.15384615384615385,0.16675786452472152,0.592621807634316,5
284,1016,Experience 1016,Simulation,0.6327408434291123,0.2893552650923534,0.337198205686132,0.4979318527888876,53,Simulation,Adventure,0.5139333490449528,0.8036704933785355,10,1.0,0.0,0.7166666666666667,0.8232648566411793,0,0.7519476662105358,124,0.1935483870967742,0.20031824611032534,0.678537799237728,1
284,1025,Experience 1025,Social,0.838744739121835,0.7279884901895025,0.5876677647056102,0.0811540004238993,14,Simulation,Adventure,0.5139333490449528,0.8036704933785355,10,0.0,0.0,0.0666666666666666,0.9262655843393426,1,0.9329001481818823,120,0.31666666666666665,0.30604162457062034,0.5496292266968731,2
284,1027,Experience 1027,Sports,0.8258355726034926,0.7779980359761599,0.5071112833110228,0.4772006332829246,49,Simulation,Adventure,0.5139333490449528,0.8036704933785355,10,0.0,0.0,0.65,0.99317793426607,1,0.8198509686590587,111,0.23423423423423423,0.23546433160218966,0.4512567142474039,3
284,1100,Experience 1100,Sports,0.8539423752816214,0.5771516782683807,0.6603015579098336,0.097787997445443,39,Simulation,Adventure,0.5139333490449528,0.8036704933785355,10,0.0,0.0,0.4833333333333333,0.8536317911351192,0,0.980511996142917,107,0.3177570093457944,0.3058726570069831,0.44431603650539275,4
284,1046,Experience 1046,Puzzle,0.9358581895296346,0.2937905951089806,0.3646871905132503,0.5570017818814502,30,Simulation,Adventure,0.5139333490449528,0.8036704933785355,10,0.0,0.0,0.3333333333333333,0.8507538414682976,0,0.7676248033273352,124,0.2661290322580645,0.26281824611032534,0.42950205285226883,5
285,1067,Experience 1067,Creative,0.788764048918011,0.4580972487220676,0.5921026845821029,0.4299570499000478,43,Creative,Action,0.6213069699337507,0.7234079420162327,26,1.0,0.0,0.2833333333333333,0.9707957146483522,0,0.8237351705698616,119,0.31092436974789917,0.30104911827256725,0.8083672260042671,1
285,1009,Experience 1009,Action,0.7987178764315418,0.3460501829476273,0.2238314684756084,0.130890330850495,53,Creative,Action,0.6213069699337507,0.7234079420162327,26,0.0,1.0,0.45,0.6025244985418579,1,0.9571691763836052,104,0.28846153846153844,0.28101473741844224,0.5389496178577028,2
285,1088,Experience 1088,Sports,0.931739259022481,0.4207879774878386,0.5549692853271866,0.4100487869149942,11,Creative,Action,0.6213069699337507,0.7234079420162327,26,0.0,0.0,0.25,0.933662315393436,0,0.7928705348200236,113,0.3008849557522124,0.292073890525465,0.5062612551297044,3
285,1084,Experience 1084,Social,0.6722561348379004,0.2863456816441453,0.5362524927433157,0.7470758006298863,26,Creative,Action,0.6213069699337507,0.7234079420162327,26,0.0,0.0,0.0,0.914945522809565,0,0.7024139099359482,111,0.35135135135135137,0.3347009728235637,0.5002255257035527,4
285,1106,Experience 1106,Sports,0.8146785788760947,0.3647619692710552,0.6750256601127794,0.7960604476258709,49,Creative,Action,0.6213069699337507,0.7234079420162327,26,0.0,0.0,0.3833333333333333,0.9462813098209713,0,0.7911690072510231,128,0.28125,0.275985320539776,0.4682388287209907,5
286,1119,Experience 1119,Action,0.8086136050725224,0.7572883677081093,0.5086964614589882,0.1619415702496311,9,Action,Adventure,0.2534794983421334,0.6608304834347939,54,1.0,0.0,0.75,0.7447830368831453,1,0.9508705784297814,115,0.30434782608695654,0.29515427733249516,0.7832582663444415,1
286,1099,Experience 1099,Adventure,0.8332801744008336,0.4077151465805127,0.8307594812615263,0.7545731382181347,49,Action,Adventure,0.2534794983421334,0.6608304834347939,54,0.0,1.0,0.0833333333333333,0.4227200170806071,1,0.9308423189144224,119,0.2605042016806723,0.25788365064666796,0.5876316709502213,2
286,1040,Experience 1040,Adventure,0.8007594991172722,0.3266907558049443,0.1528993913771743,0.3143479426299048,10,Action,Adventure,0.2534794983421334,0.6608304834347939,54,0.0,1.0,0.7333333333333333,0.8994198930350408,1,0.793063013005814,109,0.2018348623853211,0.20810718945648718,0.5600145871812531,3
286,1037,Experience 1037,Sports,0.7994490651436071,0.7023148063737304,0.3263399911584964,0.9948242136208678,35,Action,Adventure,0.2534794983421334,0.6608304834347939,54,0.0,0.0,0.3166666666666666,0.927139507183637,0,0.9197732879226237,120,0.30833333333333335,0.29889876742776317,0.5040017952786422,4
286,1026,Experience 1026,Puzzle,0.7847705334160814,0.4236675665053301,0.2918167090217533,0.0158055554401338,14,Action,Adventure,0.2534794983421334,0.6608304834347939,54,0.0,0.0,0.6666666666666666,0.9616627893203802,0,0.7646783232787342,111,0.1981981981981982,0.2049299804571515,0.4426434219966746,5
287,1085,Experience 1085,Social,0.715133524882573,0.3923165755464828,0.681782684374937,0.3715432084063615,41,Action,Social,0.6935501728086988,0.2704929219327261,15,0.0,1.0,0.4333333333333333,0.9882325115662384,1,0.7305636541356277,117,0.24786324786324787,0.24704983532764122,0.6893101921868401,1
287,1079,Experience 1079,Social,0.6252808613431486,0.1651788036494796,0.2355254260756802,0.2079980737084605,56,Action,Social,0.6935501728086988,0.2704929219327261,15,0.0,1.0,0.6833333333333333,0.5419752532669815,1,0.9542128205549105,123,0.2032520325203252,0.2087120799992087,0.5412250803475017,2
287,1088,Experience 1088,Sports,0.931739259022481,0.4207879774878386,0.5549692853271866,0.4100487869149942,11,Action,Social,0.6935501728086988,0.2704929219327261,15,0.0,0.0,0.0666666666666666,0.8614191125184878,0,0.9284428487597545,113,0.3008849557522124,0.292073890525465,0.5406028435217186,3
287,1072,Experience 1072,Puzzle,0.7449779069249327,0.3414623639761886,0.973475515285742,0.3783180142237856,25,Action,Social,0.6935501728086988,0.2704929219327261,15,0.0,0.0,0.1666666666666666,0.7200746575229567,0,0.8875641389824238,119,0.21008403361344538,0.21471818302076867,0.45988552285972834,4
287,1087,Experience 1087,Creative,0.7417160017369715,0.3980069401610766,0.5803538931422866,0.1954958273965873,33,Action,Social,0.6935501728086988,0.2704929219327261,15,0.0,0.0,0.3,0.8868037203335878,0,0.9639381613625948,117,0.15384615384615385,0.16675786452472152,0.4588476933744304,5
288,1066,Experience 1066,Strategy,0.5933044321129625,0.8148765601157231,0.9082281614290438,0.2645976053461583,23,Strategy,Social,0.9115249017256418,0.2631922661196382,38,1.0,0.0,0.25,0.996703259703402,0,0.9701890534567066,125,0.208,0.21272984441301274,0.7978078233033694,1
288,1060,Experience 1060,Strategy,0.8620933017122632,0.1051567799118504,0.3772606570904063,0.1400554046894906,58,Strategy,Social,0.9115249017256418,0.2631922661196382,38,1.0,0.0,0.3333333333333333,0.4657357553647645,1,0.7397758519627674,102,0.27450980392156865,0.2692280937695643,0.7253090725380098,2
288,1025,Experience 1025,Social,0.838744739121835,0.7279884901895025,0.5876677647056102,0.0811540004238993,14,Strategy,Social,0.9115249017256418,0.2631922661196382,38,0.0,1.0,0.4,0.6761428629799684,0,0.9901358502285361,120,0.31666666666666665,0.30604162457062034,0.6743619451118915,3
288,1043,Experience 1043,Creative,0.8838983032607785,0.7641225701636372,0.5942808569171103,0.6062993981927156,47,Strategy,Social,0.9115249017256418,0.2631922661196382,38,0.0,0.0,0.15,0.6827559551914685,0,0.9418612721673052,110,0.35454545454545455,0.3372755956914373,0.4844848827779069,4
288,1031,Experience 1031,Adventure,0.6267069522672452,0.6020379288394027,0.9395582128996094,0.5521627033044271,46,Strategy,Social,0.9115249017256418,0.2631922661196382,38,0.0,0.0,0.1333333333333333,0.9719666888260324,0,0.8107468883680059,113,0.23008849557522124,0.2319235145856154,0.45811240691818794,5
289,1061,Experience 1061,Social,0.9515114053456256,0.4883887845440612,0.3838014404080356,0.6777086144544695,56,Social,Strategy,0.4605967999812054,0.387668270709502,32,1.0,0.0,0.4,0.92320464042683,0,0.9238999698886589,113,0.3274336283185841,0.3146302815029086,0.8469217696187071,1
289,1000,Experience 1000,Action,0.9096695293967186,0.6516437731703687,0.6290364009047581,0.2407530712142694,49,Social,Strategy,0.4605967999812054,0.387668270709502,32,0.0,0.0,0.2833333333333333,0.8315603990764473,0,0.8893580960646836,124,0.3225806451612903,0.31142935722143644,0.4751001238169836,2
289,1119,Experience 1119,Action,0.8086136050725224,0.7572883677081093,0.5086964614589882,0.1619415702496311,9,Social,Strategy,0.4605967999812054,0.387668270709502,32,0.0,0.0,0.3833333333333333,0.9519003385222172,0,0.9581523529686017,115,0.30434782608695654,0.29515427733249516,0.456381766568554,3
289,1001,Experience 1001,Sports,0.6452560499996463,0.8044840559110404,0.5776422262968883,0.3608105614175153,41,Social,Strategy,0.4605967999812054,0.387668270709502,32,0.0,0.0,0.15,0.8829545736843172,0,0.8182449343691359,110,0.2545454545454545,0.25266021107605263,0.45628965758211126,4
289,1104,Experience 1104,Sports,0.7763284069557427,0.7928984171430337,0.1707069630824686,0.4638281104628762,33,Social,Strategy,0.4605967999812054,0.387668270709502,32,0.0,0.0,0.0166666666666666,0.7101101631012632,0,0.8719480222566438,119,0.17647058823529413,0.1859412046035025,0.45386983460290337,5
290,1113,Experience 1113,Puzzle,0.3143534057607174,0.7407415888945685,0.7096912838106965,0.9437983681037112,40,Puzzle,Strategy,0.2447503189171952,0.4734283194355015,31,1.0,0.0,0.15,0.5350590351064988,0,0.837841872274777,112,0.1875,0.19580172302944582,0.6800454245818721,1
290,1063,Experience 1063,Strategy,0.7810917854701819,0.2349952712342425,0.5114173417348135,0.235256388415645,21,Puzzle,Strategy,0.2447503189171952,0.4734283194355015,31,0.0,1.0,0.1666666666666666,0.7333329771823818,0,0.8431005924901868,117,0.18803418803418803,0.19595494481669232,0.5432276700498614,2
290,1032,Experience 1032,Action,0.9183909657409184,0.1782087510115781,0.2798409650960937,0.836613041032693,59,Puzzle,Strategy,0.2447503189171952,0.4734283194355015,31,0.0,0.0,0.4666666666666667,0.9649093538211015,0,0.8771103219386931,120,0.275,0.27032733885633464,0.4272450309840767,3
290,1065,Experience 1065,Creative,0.7619316682455927,0.3645751585148475,0.2630179910479239,0.9645188861392016,47,Puzzle,Strategy,0.2447503189171952,0.4734283194355015,31,0.0,0.0,0.2666666666666666,0.9817323278692712,0,0.8500281690899356,114,0.22807017543859648,0.23019274208870782,0.4206733121295926,4
290,1110,Experience 1110,Creative,0.8487034770737338,0.6513439158584452,0.7080979103356375,0.2741343936886083,18,Puzzle,Strategy,0.2447503189171952,0.4734283194355015,31,0.0,0.0,0.2166666666666666,0.5366524085815577,1,0.7480890486807998,109,0.28440366972477066,0.2778746313169523,0.4111349968539233,5
291,1107,Experience 1107,Social,0.7428970964662264,0.8045676070342606,0.8160785123357384,0.9076048913904824,23,Social,Adventure,0.8522526421160231,0.1539201228314673,10,1.0,0.0,0.2166666666666666,0.9638258702197152,1,0.7032927602751329,139,0.30935251798561153,0.3009171537099802,0.8323256362650826,1
291,1109,Experience 1109,Social,0.5415451963988065,0.6320276759129257,0.4602651355822746,0.2660308726216652,48,Social,Adventure,0.8522526421160231,0.1539201228314673,10,1.0,0.0,0.6333333333333333,0.6080124934662514,1,0.8102515009949276,125,0.312,0.30238501682680585,0.7130799007380261,2
291,1079,Experience 1079,Social,0.6252808613431486,0.1651788036494796,0.2355254260756802,0.2079980737084605,56,Social,Adventure,0.8522526421160231,0.1539201228314673,10,1.0,0.0,0.7666666666666667,0.3832727839596571,0,0.9980431125886627,123,0.2032520325203252,0.2087120799992087,0.6484406465005079,3
291,1101,Experience 1101,Adventure,0.7760911633714107,0.1624374115097873,0.2510263664566988,0.468231405693584,28,Social,Adventure,0.8522526421160231,0.1539201228314673,10,0.0,1.0,0.3,0.3987737243406757,1,0.9061232283656886,106,0.19811320754716982,0.20512561460227657,0.42864897919667705,4
291,1087,Experience 1087,Creative,0.7417160017369715,0.3980069401610766,0.5803538931422866,0.1954958273965873,33,Social,Adventure,0.8522526421160231,0.1539201228314673,10,0.0,0.0,0.3833333333333333,0.7281012510262634,0,0.9082363968317531,117,0.15384615384615385,0.16675786452472152,0.35119465256297316,5
292,1034,Experience 1034,Strategy,0.5016628944231066,0.7184788322001798,0.7569144817322334,0.2251776661055454,11,Strategy,Adventure,0.4786935056963743,0.6174979906423858,33,1.0,0.0,0.3666666666666666,0.7217790239641408,1,0.7443645136669419,132,0.2196969696969697,0.22266991736767663,0.7061724453298339,1
292,1025,Experience 1025,Social,0.838744739121835,0.7279884901895025,0.5876677647056102,0.0811540004238993,14,Strategy,Adventure,0.4786935056963743,0.6174979906423858,33,0.0,0.0,0.3166666666666666,0.891025740990764,0,0.9186117429192049,120,0.31666666666666665,0.30604162457062034,0.5320337378767267,2
292,1092,Experience 1092,Sports,0.8280410369904486,0.5343815491606264,0.7426691928850321,0.6904019545155015,39,Strategy,Adventure,0.4786935056963743,0.6174979906423858,33,0.0,0.0,0.1,0.7360243128113422,0,0.9187257669227955,128,0.2421875,0.2422015367559922,0.4653679901561073,3
292,1069,Experience 1069,Puzzle,0.8068156107352968,0.6551858372056814,0.8842124935251735,0.2530347499296835,35,Strategy,Adventure,0.4786935056963743,0.6174979906423858,33,0.0,0.0,0.0333333333333333,0.5944810121712008,0,0.759051520176191,121,0.2892561983471074,0.2825945208502613,0.4498548151083891,4
292,1006,Experience 1006,Action,0.8770181756508404,0.5275353377269014,0.8047332447846338,0.7517807092307816,28,Strategy,Adventure,0.4786935056963743,0.6174979906423858,33,0.0,0.0,0.0833333333333333,0.6739602609117405,0,0.808351232458562,103,0.27184466019417475,0.26703924747875485,0.4491145684749536,5
293,1067,Experience 1067,Creative,0.788764048918011,0.4580972487220676,0.5921026845821029,0.4299570499000478,43,Creative,Action,0.6794343487100252,0.2202058363761716,50,1.0,0.0,0.1166666666666666,0.9126683358720776,0,0.8670584760530008,119,0.31092436974789917,0.30104911827256725,0.8044131908416633,1
293,1062,Experience 1062,Creative,0.7566608128373626,0.2501254620138091,0.431135077105207,0.8144738760309339,50,Creative,Action,0.6794343487100252,0.2202058363761716,50,1.0,0.0,0.0,0.7517007283951818,1,0.7009094918060934,118,0.2033898305084746,0.20902773507164382,0.7714745119565315,2
293,1006,Experience 1006,Action,0.8770181756508404,0.5275353377269014,0.8047332447846338,0.7517807092307816,28,Creative,Action,0.6794343487100252,0.2202058363761716,50,0.0,1.0,0.3666666666666666,0.8747011039253914,0,0.7055877155274477,103,0.27184466019417475,0.26703924747875485,0.6240739048608563,3
293,1100,Experience 1100,Sports,0.8539423752816214,0.5771516782683807,0.6603015579098336,0.097787997445443,39,Creative,Action,0.6794343487100252,0.2202058363761716,50,0.0,0.0,0.1833333333333333,0.9808672091998084,1,0.7818535157478377,107,0.3177570093457944,0.3058726570069831,0.5132377059804306,4
293,1014,Experience 1014,Social,0.7084360738896248,0.6919622480914536,0.5066406143622445,0.7631554898199004,35,Creative,Action,0.6794343487100252,0.2202058363761716,50,0.0,0.0,0.25,0.8272062656522193,0,0.9861656921519093,117,0.29914529914529914,0.29084545576559745,0.485499814567283,5
294,1015,Experience 1015,Sports,0.9316862802198296,0.7502302540767141,0.1563447605350174,0.9300033473547172,10,Social,Simulation,0.4740676511517148,0.4615776999713349,18,0.0,0.0,0.1333333333333333,0.6822771093833027,0,0.8045272934406236,113,0.19469026548672566,0.20184832661569058,0.4486239468668779,1
294,1005,Experience 1005,Sports,0.725440926488475,0.5102685875213342,0.2459903544501388,0.2409271164143122,19,Social,Simulation,0.4740676511517148,0.4615776999713349,18,0.0,0.0,0.0166666666666666,0.771922703298424,0,0.749577744012822,114,0.2543859649122807,0.25258080179020037,0.41923245389157765,2
294,1041,Experience 1041,Sports,0.6879201981801872,0.7175911275892214,0.4277301159158936,0.4016616340093764,51,Social,Simulation,0.4740676511517148,0.4615776999713349,18,0.0,0.0,0.55,0.9536624647641788,0,0.7705830941733067,132,0.18181818181818182,0.18977518052557135,0.41317386545736395,3
294,1050,Experience 1050,Sports,0.6444432625143321,0.2032573812502654,0.7840857883345029,0.0579453445381299,24,Social,Simulation,0.4740676511517148,0.4615776999713349,18,0.0,0.0,0.1,0.6899818628172119,0,0.726083203355488,107,0.27102803738317754,0.2665025782668255,0.3776445444421214,4
294,1105,Experience 1105,Sports,0.6106599794863272,0.6391373818905719,0.6213931070244737,0.2894297075080649,54,Social,Simulation,0.4740676511517148,0.4615776999713349,18,0.0,0.0,0.6,0.8526745441272412,0,0.8729244864035409,130,0.23076923076923078,0.2323055162659123,0.37555066652082547,5
295,1023,Experience 1023,Strategy,0.934275144868182,0.4241492862896971,0.2179097364670654,0.7914514878076223,48,Strategy,Social,0.7154794527761755,0.8526058583698367,20,1.0,0.0,0.4666666666666667,0.5024302836908899,0,0.8692323419573088,110,0.2818181818181818,0.2757371341529757,0.7583872477894108,1
295,1014,Experience 1014,Social,0.7084360738896248,0.6919622480914536,0.5066406143622445,0.7631554898199004,35,Strategy,Social,0.7154794527761755,0.8526058583698367,20,0.0,1.0,0.25,0.791161161586069,0,0.7689474039795956,117,0.29914529914529914,0.29084545576559745,0.6890508643656227,2
295,1100,Experience 1100,Sports,0.8539423752816214,0.5771516782683807,0.6603015579098336,0.097787997445443,39,Strategy,Social,0.7154794527761755,0.8526058583698367,20,0.0,0.0,0.3166666666666666,0.944822105133658,0,0.8134994826947921,107,0.3177570093457944,0.3058726570069831,0.5405104020196917,3
295,1119,Experience 1119,Action,0.8086136050725224,0.7572883677081093,0.5086964614589882,0.1619415702496311,9,Strategy,Social,0.7154794527761755,0.8526058583698367,20,0.0,0.0,0.1833333333333333,0.7932170086828126,1,0.9991311818988431,115,0.30434782608695654,0.29515427733249516,0.49884541349360834,4
295,1013,Experience 1013,Sports,0.8486275995976889,0.743877614526904,0.1274827038621261,0.2359972626205526,20,Strategy,Social,0.7154794527761755,0.8526058583698367,20,0.0,0.0,0.0,0.4120032510859506,1,0.834920467721788,116,0.3017241379310345,0.29298402529328565,0.4654374474223425,5
296,1103,Experience 1103,Action,0.6677544964493587,0.4461723957193605,0.794276194278496,0.1853752728024856,59,Action,Puzzle,0.8290815387190762,0.2393649700820181,43,1.0,0.0,0.2666666666666666,0.96519465555942,0,0.9279850004642336,121,0.23140495867768596,0.23294913077933935,0.806056347449953,1
296,1116,Experience 1116,Action,0.6678760843020042,0.5482724230839826,0.6479003468582198,0.8466710505082435,57,Action,Puzzle,0.8290815387190762,0.2393649700820181,43,1.0,0.0,0.2333333333333333,0.8188188081391437,1,0.9688204634146207,113,0.21238938053097345,0.21688592060065298,0.7879908732626436,2
296,1046,Experience 1046,Puzzle,0.9358581895296346,0.2937905951089806,0.3646871905132503,0.5570017818814502,30,Action,Puzzle,0.8290815387190762,0.2393649700820181,43,0.0,1.0,0.2166666666666666,0.5356056517941741,0,0.8938198392395739,124,0.2661290322580645,0.26281824611032534,0.5981389393265708,3
296,1113,Experience 1113,Puzzle,0.3143534057607174,0.7407415888945685,0.7096912838106965,0.9437983681037112,40,Action,Puzzle,0.8290815387190762,0.2393649700820181,43,0.0,1.0,0.05,0.8806097450916203,0,0.854592449980097,112,0.1875,0.19580172302944582,0.5641528267752072,4
296,1059,Experience 1059,Social,0.7489549716721217,0.4911530499138364,0.6826986067555766,0.9132851837019758,49,Action,Puzzle,0.8290815387190762,0.2393649700820181,43,0.0,0.0,0.1,0.8536170680365004,0,0.9480973260545502,105,0.34285714285714286,0.32676661951909475,0.5353838791045824,5
297,1055,Experience 1055,Action,0.9121309206982589,0.3826203354113438,0.2499073592941251,0.1919211614110854,38,Action,Adventure,0.8904330393827692,0.6387449913053125,54,1.0,0.0,0.2666666666666666,0.3594743199113559,0,0.7614238018922832,114,0.23684210526315788,0.237655428655872,0.7584529397331039,1
297,1086,Experience 1086,Action,0.6307900998772656,0.1325899003231649,0.3014212434741936,0.1888364204756389,42,Action,Adventure,0.8904330393827692,0.6387449913053125,54,1.0,0.0,0.2,0.4109882040914244,1,0.7764427106436087,127,0.2283464566929134,0.2302437240808629,0.7018679540550825,2
297,1031,Experience 1031,Adventure,0.6267069522672452,0.6020379288394027,0.9395582128996094,0.5521627033044271,46,Action,Adventure,0.8904330393827692,0.6387449913053125,54,0.0,1.0,0.1333333333333333,0.9508748264831598,0,0.7343076437206457,113,0.23008849557522124,0.2319235145856154,0.6301023994478908,3
297,1118,Experience 1118,Adventure,0.6594774101626886,0.3565880675711896,0.5086937555214479,0.0351168111096665,58,Action,Adventure,0.8904330393827692,0.6387449913053125,54,0.0,1.0,0.0666666666666666,0.6182607161386787,0,0.9559864899517468,109,0.21100917431192662,0.21585912744098332,0.5621985847820175,4
297,1061,Experience 1061,Social,0.9515114053456256,0.4883887845440612,0.3838014404080356,0.6777086144544695,56,Action,Adventure,0.8904330393827692,0.6387449913053125,54,0.0,0.0,0.0333333333333333,0.4933684010252663,0,0.706920241300274,113,0.3274336283185841,0.3146302815029086,0.5274470745612756,5
298,1115,Experience 1115,Simulation,0.626658707429628,0.7075065986188209,0.5404405149990236,0.2246894745458737,42,Simulation,Puzzle,0.4389531654580382,0.6732154918821903,18,1.0,0.0,0.4,0.8985126504590146,1,0.7284954498079733,112,0.2767857142857143,0.27155929878702156,0.7628443688907581,1
298,1019,Experience 1019,Puzzle,0.5059661119161158,0.8228200647408448,0.2570325653065184,0.9988296373336586,24,Simulation,Puzzle,0.4389531654580382,0.6732154918821903,18,0.0,1.0,0.1,0.8180793998484803,0,0.7999640217313787,121,0.19834710743801653,0.2045803364530982,0.5594816443109563,2
298,1093,Experience 1093,Puzzle,0.5054580561223759,0.3724006037822283,0.1444497473739812,0.982987171535907,29,Simulation,Puzzle,0.4389531654580382,0.6732154918821903,18,0.0,1.0,0.1833333333333333,0.7054965819159431,0,0.8227288382224787,113,0.1415929203539823,0.15673554466080336,0.49331210118353364,3
298,1113,Experience 1113,Puzzle,0.3143534057607174,0.7407415888945685,0.7096912838106965,0.9437983681037112,40,Simulation,Puzzle,0.4389531654580382,0.6732154918821903,18,0.0,1.0,0.3666666666666666,0.7292618816473417,0,0.854819136967472,112,0.1875,0.19580172302944582,0.4822461105918408,4
298,1074,Experience 1074,Social,0.7411737446379107,0.1336446501121093,0.5667526591354218,0.2130749343990023,32,Simulation,Puzzle,0.4389531654580382,0.6732154918821903,18,0.0,0.0,0.2333333333333333,0.8722005063226164,1,0.737936692545697,149,0.2953020134228188,0.28902856473305827,0.4730505649672361,5
299,1110,Experience 1110,Creative,0.8487034770737338,0.6513439158584452,0.7080979103356375,0.2741343936886083,18,Creative,Puzzle,0.7474719426315511,0.2254426568910995,22,1.0,0.0,0.0666666666666666,0.9606259677040864,0,0.8997238562472148,109,0.28440366972477066,0.2778746313169523,0.8320860176371374,1
299,1062,Experience 1062,Creative,0.7566608128373626,0.2501254620138091,0.431135077105207,0.8144738760309339,50,Creative,Puzzle,0.7474719426315511,0.2254426568910995,22,1.0,0.0,0.4666666666666667,0.6836631344736559,0,0.7607830218671359,118,0.2033898305084746,0.20902773507164382,0.7266907294332107,2
299,1108,Experience 1108,Puzzle,0.8425576923542274,0.4822507608830354,0.666849920378606,0.8027206052883656,21,Creative,Puzzle,0.7474719426315511,0.2254426568910995,22,0.0,1.0,0.0166666666666666,0.9193779777470548,1,0.8769275581409668,92,0.2717391304347826,0.2664806021418468,0.6556237398617515,3
299,1053,Experience 1053,Puzzle,0.7426572934279929,0.7514869168546299,0.2904976508730454,0.8341208920021081,34,Creative,Puzzle,0.7474719426315511,0.2254426568910995,22,0.0,1.0,0.2,0.5430257082414943,0,0.8418703078224459,102,0.3431372549019608,0.3266051429498922,0.5577296371337168,4
299,1014,Experience 1014,Social,0.7084360738896248,0.6919622480914536,0.5066406143622445,0.7631554898199004,35,Creative,Puzzle,0.7474719426315511,0.2254426568910995,22,0.0,0.0,0.2166666666666666,0.7591686717306934,0,0.9721541483319117,117,0.29914529914529914,0.29084545576559745,0.47852794912225727,5
300,1104,Experience 1104,Sports,0.7763284069557427,0.7928984171430337,0.1707069630824686,0.4638281104628762,33,Strategy,Adventure,0.2222263323573183,0.4334253980963043,44,0.0,0.0,0.1833333333333333,0.9484806307251504,0,0.9996287232645876,119,0.17647058823529413,0.1859412046035025,0.4802617239113056,1
300,1025,Experience 1025,Social,0.838744739121835,0.7279884901895025,0.5876677647056102,0.0811540004238993,14,Strategy,Adventure,0.2222263323573183,0.4334253980963043,44,0.0,0.0,0.5,0.634558567651708,0,0.9380202804458626,120,0.31666666666666665,0.30604162457062034,0.4682021859113053,2
300,1043,Experience 1043,Creative,0.8838983032607785,0.7641225701636372,0.5942808569171103,0.6062993981927156,47,Strategy,Adventure,0.2222263323573183,0.4334253980963043,44,0.0,0.0,0.05,0.6279454754402081,0,0.7015029689436555,110,0.35454545454545455,0.3372755956914373,0.46148385595221264,3
300,1019,Experience 1019,Puzzle,0.5059661119161158,0.8228200647408448,0.2570325653065184,0.9988296373336586,24,Strategy,Adventure,0.2222263323573183,0.4334253980963043,44,0.0,0.0,0.3333333333333333,0.9651937670507998,0,0.9719077294510311,121,0.19834710743801653,0.2045803364530982,0.3871015827482162,4
300,1108,Experience 1108,Puzzle,0.8425576923542274,0.4822507608830354,0.666849920378606,0.8027206052883656,21,Strategy,Adventure,0.2222263323573183,0.4334253980963043,44,0.0,0.0,0.3833333333333333,0.5553764119787123,0,0.9086820630940861,92,0.2717391304347826,0.2664806021418468,0.3869860433831043,5
301,1088,Experience 1088,Sports,0.931739259022481,0.4207879774878386,0.5549692853271866,0.4100487869149942,11,Creative,Sports,0.3786447711778564,0.4136007987866604,31,0.0,1.0,0.3333333333333333,0.8236754858506699,0,0.8502746811488435,113,0.3008849557522124,0.292073890525465,0.6678049503413358,1
301,1018,Experience 1018,Sports,0.595787399703456,0.7252492811161741,0.1405053734195307,0.867172276606706,36,Creative,Sports,0.3786447711778564,0.4136007987866604,31,0.0,1.0,0.0833333333333333,0.7618606022416743,0,0.8147197324956186,104,0.18269230769230768,0.19230505999908748,0.6095147711011027,2
301,1050,Experience 1050,Sports,0.6444432625143321,0.2032573812502654,0.7840857883345029,0.0579453445381299,24,Creative,Sports,0.3786447711778564,0.4136007987866604,31,0.0,1.0,0.1166666666666666,0.5945589828433535,0,0.9639978381789401,107,0.27102803738317754,0.2665025782668255,0.5817478108389529,3
301,1061,Experience 1061,Social,0.9515114053456256,0.4883887845440612,0.3838014404080356,0.6777086144544695,56,Creative,Sports,0.3786447711778564,0.4136007987866604,31,0.0,0.0,0.4166666666666667,0.9948433307698208,0,0.7861293707937751,113,0.3274336283185841,0.3146302815029086,0.5816742364577098,4
301,1107,Experience 1107,Social,0.7428970964662264,0.8045676070342606,0.8160785123357384,0.9076048913904824,23,Creative,Sports,0.3786447711778564,0.4136007987866604,31,0.0,0.0,0.1333333333333333,0.5625662588421181,0,0.8059445310002462,139,0.30935251798561153,0.3009171537099802,0.5147241069618854,5
302,1060,Experience 1060,Strategy,0.8620933017122632,0.1051567799118504,0.3772606570904063,0.1400554046894906,58,Strategy,Simulation,0.3768805001632741,0.6708325319749654,53,1.0,0.0,0.0833333333333333,0.9996198430728678,1,0.739565547871127,102,0.27450980392156865,0.2692280937695643,0.7995410333090893,1
302,1094,Experience 1094,Strategy,0.777065958629862,0.5840090382012306,0.3016147592800985,0.4118434403009737,40,Strategy,Simulation,0.3768805001632741,0.6708325319749654,53,1.0,0.0,0.2166666666666666,0.9247342591168244,1,0.7286495896585813,114,0.21929824561403508,0.22273005552154362,0.7851518954359149,2
302,1061,Experience 1061,Social,0.9515114053456256,0.4883887845440612,0.3838014404080356,0.6777086144544695,56,Strategy,Simulation,0.3768805001632741,0.6708325319749654,53,0.0,0.0,0.05,0.9930790597552386,1,0.9307174411324501,113,0.3274336283185841,0.3146302815029086,0.5886548331290676,3
302,1109,Experience 1109,Social,0.5415451963988065,0.6320276759129257,0.4602651355822746,0.2660308726216652,48,Strategy,Simulation,0.3768805001632741,0.6708325319749654,53,0.0,0.0,0.0833333333333333,0.9166153645809996,0,0.8598086985588841,125,0.312,0.30238501682680585,0.4849573765716597,4
302,1044,Experience 1044,Action,0.8578996664042653,0.7405382156713768,0.540545681694017,0.9388053542070384,40,Strategy,Simulation,0.3768805001632741,0.6708325319749654,53,0.0,0.0,0.2166666666666666,0.8363348184692572,0,0.8517962456093986,112,0.2857142857142857,0.27913505636277913,0.47219461739292656,5
303,1081,Experience 1081,Puzzle,0.5738102986510725,0.5468042713764619,0.3811493240377567,0.8099407364448706,60,Creative,Puzzle,0.6630358384558991,0.4324904808250934,50,0.0,1.0,0.1666666666666666,0.7181134855818576,0,0.8138788448454441,107,0.18691588785046728,0.1956364365345421,0.5690130838320555,1
303,1113,Experience 1113,Puzzle,0.3143534057607174,0.7407415888945685,0.7096912838106965,0.9437983681037112,40,Creative,Puzzle,0.6630358384558991,0.4324904808250934,50,0.0,1.0,0.1666666666666666,0.9533445546452026,1,0.748383424479175,112,0.1875,0.19580172302944582,0.5664658869076534,2
303,1026,Experience 1026,Puzzle,0.7847705334160814,0.4236675665053301,0.2918167090217533,0.0158055554401338,14,Creative,Puzzle,0.6630358384558991,0.4324904808250934,50,0.0,1.0,0.6,0.6287808705658542,0,0.7968219034080012,111,0.1981981981981982,0.2049299804571515,0.5485239526201345,3
303,1014,Experience 1014,Social,0.7084360738896248,0.6919622480914536,0.5066406143622445,0.7631554898199004,35,Creative,Puzzle,0.6630358384558991,0.4324904808250934,50,0.0,0.0,0.25,0.8436047759063454,0,0.733348042591091,117,0.29914529914529914,0.29084545576559745,0.5167523547637299,4
303,1041,Experience 1041,Sports,0.6879201981801872,0.7175911275892214,0.4277301159158936,0.4016616340093764,51,Creative,Puzzle,0.6630358384558991,0.4324904808250934,50,0.0,0.0,0.0166666666666666,0.7646942774599945,0,0.9335994049323436,132,0.18181818181818182,0.18977518052557135,0.47940101431035037,5
304,1046,Experience 1046,Puzzle,0.9358581895296346,0.2937905951089806,0.3646871905132503,0.5570017818814502,30,Puzzle,Action,0.8117352356591269,0.4225003533976286,29,1.0,0.0,0.0166666666666666,0.5529519548541235,1,0.9252061630582792,124,0.2661290322580645,0.26281824611032534,0.7736450420338787,1
304,1103,Experience 1103,Action,0.6677544964493587,0.4461723957193605,0.794276194278496,0.1853752728024856,59,Puzzle,Action,0.8117352356591269,0.4225003533976286,29,0.0,1.0,0.5,0.9825409586193692,1,0.9865804564643189,121,0.23140495867768596,0.23294913077933935,0.5699635429021855,2
304,1111,Experience 1111,Sports,0.9428982678236224,0.8155250577848677,0.575778764164542,0.2547283501174674,25,Puzzle,Action,0.8117352356591269,0.4225003533976286,29,0.0,0.0,0.0666666666666666,0.7640435285054151,0,0.7259488143199998,139,0.3237410071942446,0.31349577006218143,0.5067271440700497,3
304,1059,Experience 1059,Social,0.7489549716721217,0.4911530499138364,0.6826986067555766,0.9132851837019758,49,Puzzle,Action,0.8117352356591269,0.4225003533976286,29,0.0,0.0,0.3333333333333333,0.8709633710964497,0,0.9736230991460211,105,0.34285714285714286,0.32676661951909475,0.4736781075835996,4
304,1067,Experience 1067,Creative,0.788764048918011,0.4580972487220676,0.5921026845821029,0.4299570499000478,43,Puzzle,Action,0.8117352356591269,0.4225003533976286,29,0.0,0.0,0.2333333333333333,0.780367448922976,0,0.9098264628770657,119,0.31092436974789917,0.30104911827256725,0.4092715623841081,5
305,1015,Experience 1015,Sports,0.9316862802198296,0.7502302540767141,0.1563447605350174,0.9300033473547172,10,Sports,Social,0.4936766912514721,0.4013517388855139,43,1.0,0.0,0.55,0.6626680692835454,0,0.8459012977764837,113,0.19469026548672566,0.20184832661569058,0.8091625209282871,1
305,1109,Experience 1109,Social,0.5415451963988065,0.6320276759129257,0.4602651355822746,0.2660308726216652,48,Sports,Social,0.4936766912514721,0.4013517388855139,43,0.0,1.0,0.0833333333333333,0.9665884443308024,0,0.7484070343423869,125,0.312,0.30238501682680585,0.696035175742379,2
305,1007,Experience 1007,Social,0.6113602755027672,0.3693255620200327,0.760432490906593,0.3138467721116466,56,Sports,Social,0.4936766912514721,0.4013517388855139,43,0.0,1.0,0.2166666666666666,0.7332442003448791,0,0.745130045722225,112,0.24107142857142858,0.24125626848399126,0.6569114220031925,3
305,1046,Experience 1046,Puzzle,0.9358581895296346,0.2937905951089806,0.3646871905132503,0.5570017818814502,30,Sports,Social,0.4936766912514721,0.4013517388855139,43,0.0,0.0,0.2166666666666666,0.8710104992617782,0,0.9217844932302298,124,0.2661290322580645,0.26281824611032534,0.5083194290266525,4
305,1069,Experience 1069,Puzzle,0.8068156107352968,0.6551858372056814,0.8842124935251735,0.2530347499296835,35,Sports,Social,0.4936766912514721,0.4013517388855139,43,0.0,0.0,0.1333333333333333,0.6094641977262987,0,0.7152050060461591,121,0.2892561983471074,0.2825945208502613,0.49035681998407327,5
306,1096,Experience 1096,Adventure,0.7903170826018652,0.4751627362769494,0.5362341337297925,0.9233469677258124,13,Adventure,Simulation,0.3968415799655809,0.2001258164347115,30,1.0,0.0,0.2833333333333333,0.8606074462357884,1,0.7045953634441419,123,0.25203252032520324,0.25067012195725064,0.7495542643600742,1
306,1057,Experience 1057,Adventure,0.6456559365327232,0.2179960435691,0.3788184780326499,0.8119882015105448,28,Adventure,Simulation,0.3968415799655809,0.2001258164347115,30,1.0,0.0,0.0333333333333333,0.981976898067069,0,0.7653344794209263,128,0.203125,0.20841775297220844,0.7413904082797814,2
306,1040,Experience 1040,Adventure,0.8007594991172722,0.3266907558049443,0.1528993913771743,0.3143479426299048,10,Adventure,Simulation,0.3968415799655809,0.2001258164347115,30,1.0,0.0,0.3333333333333333,0.7560578114115935,0,0.7462059439514418,109,0.2018348623853211,0.20810718945648718,0.7174301103574657,3
306,1033,Experience 1033,Simulation,0.8859147305780027,0.259942782541492,0.2648265360525452,0.1086571032622624,31,Adventure,Simulation,0.3968415799655809,0.2001258164347115,30,0.0,1.0,0.0166666666666666,0.8679849560869644,0,0.9880456599557392,120,0.275,0.27032733885633464,0.5923055797323445,4
306,1111,Experience 1111,Sports,0.9428982678236224,0.8155250577848677,0.575778764164542,0.2547283501174674,25,Adventure,Simulation,0.3968415799655809,0.2001258164347115,30,0.0,0.0,0.0833333333333333,0.8210628158010389,0,0.8350938895014238,139,0.3237410071942446,0.31349577006218143,0.5029787848537786,5
307,1119,Experience 1119,Action,0.8086136050725224,0.7572883677081093,0.5086964614589882,0.1619415702496311,9,Adventure,Action,0.4731780255873225,0.2794882143899236,25,0.0,1.0,0.2666666666666666,0.9644815641283344,0,0.7301267951645342,115,0.30434782608695654,0.29515427733249516,0.6271321948361612,1
307,1006,Experience 1006,Action,0.8770181756508404,0.5275353377269014,0.8047332447846338,0.7517807092307816,28,Adventure,Action,0.4731780255873225,0.2794882143899236,25,0.0,1.0,0.05,0.6684447808026888,1,0.839029178881091,103,0.27184466019417475,0.26703924747875485,0.6075260606283056,2
307,1088,Experience 1088,Sports,0.931739259022481,0.4207879774878386,0.5549692853271866,0.4100487869149942,11,Adventure,Action,0.4731780255873225,0.2794882143899236,25,0.0,0.0,0.2333333333333333,0.918208740260136,0,0.773189199748892,113,0.3008849557522124,0.292073890525465,0.4771447463038497,3
307,1027,Experience 1027,Sports,0.8258355726034926,0.7779980359761599,0.5071112833110228,0.4772006332829246,49,Adventure,Action,0.4731780255873225,0.2794882143899236,25,0.0,0.0,0.4,0.9660667422762996,0,0.8133826596610043,111,0.23423423423423423,0.23546433160218966,0.47329335351579777,4
307,1074,Experience 1074,Social,0.7411737446379107,0.1336446501121093,0.5667526591354218,0.2130749343990023,32,Adventure,Action,0.4731780255873225,0.2794882143899236,25,0.0,0.0,0.1166666666666666,0.9064253664519006,0,0.8367051955938971,149,0.2953020134228188,0.28902856473305827,0.47253883581084066,5
308,1103,Experience 1103,Action,0.6677544964493587,0.4461723957193605,0.794276194278496,0.1853752728024856,59,Action,Simulation,0.5784382915548223,0.5222408747065599,21,1.0,0.0,0.6333333333333333,0.7841620972763262,0,0.7841767118592484,121,0.23140495867768596,0.23294913077933935,0.7417370631887565,1
308,1088,Experience 1088,Sports,0.931739259022481,0.4207879774878386,0.5549692853271866,0.4100487869149942,11,Action,Simulation,0.5784382915548223,0.5222408747065599,21,0.0,0.0,0.1666666666666666,0.9765309937723644,0,0.737158893475303,113,0.3008849557522124,0.292073890525465,0.5136605491931157,2
308,1112,Experience 1112,Simulation,0.2735953131794247,0.4885963348973961,0.6296328968909383,0.135038096056236,20,Action,Simulation,0.5784382915548223,0.5222408747065599,21,0.0,1.0,0.0166666666666666,0.948805394663884,0,0.8556913586829373,119,0.16806722689075632,0.17874695999918594,0.5110281649902609,3
308,1097,Experience 1097,Social,0.6621084266035628,0.3766200397542547,0.5070806368539267,0.2458755870050586,23,Action,Simulation,0.5784382915548223,0.5222408747065599,21,0.0,0.0,0.0333333333333333,0.9286423452991044,0,0.8722861618764658,128,0.203125,0.20841775297220844,0.4983754194859502,4
308,1100,Experience 1100,Sports,0.8539423752816214,0.5771516782683807,0.6603015579098336,0.097787997445443,39,Action,Simulation,0.5784382915548223,0.5222408747065599,21,0.0,0.0,0.3,0.9181367336449888,0,0.8182683476581067,107,0.3177570093457944,0.3058726570069831,0.4945993516171703,5
309,1000,Experience 1000,Action,0.9096695293967186,0.6516437731703687,0.6290364009047581,0.2407530712142694,49,Creative,Action,0.603661117458002,0.931493513861694,37,0.0,1.0,0.2,0.974624716553244,1,0.9385345543523632,124,0.3225806451612903,0.31142935722143644,0.7011544513027853,1
309,1061,Experience 1061,Social,0.9515114053456256,0.4883887845440612,0.3838014404080356,0.6777086144544695,56,Creative,Action,0.603661117458002,0.931493513861694,37,0.0,0.0,0.3166666666666666,0.7801403229500337,0,0.7105627260270635,113,0.3274336283185841,0.3146302815029086,0.5472508892872158,2
309,1059,Experience 1059,Social,0.7489549716721217,0.4911530499138364,0.6826986067555766,0.9132851837019758,49,Creative,Action,0.603661117458002,0.931493513861694,37,0.0,0.0,0.2,0.9209625107024254,1,0.9190297768082066,105,0.34285714285714286,0.32676661951909475,0.5405511835772387,3
309,1108,Experience 1108,Puzzle,0.8425576923542274,0.4822507608830354,0.666849920378606,0.8027206052883656,21,Creative,Action,0.603661117458002,0.931493513861694,37,0.0,0.0,0.2666666666666666,0.936811197079396,1,0.9249590488995961,92,0.2717391304347826,0.2664806021418468,0.49458116075011216,4
309,1104,Experience 1104,Sports,0.7763284069557427,0.7928984171430337,0.1707069630824686,0.4638281104628762,33,Creative,Action,0.603661117458002,0.931493513861694,37,0.0,0.0,0.0666666666666666,0.5670458456244667,0,0.8146417021885354,119,0.17647058823529413,0.1859412046035025,0.4554713588500068,5
310,1065,Experience 1065,Creative,0.7619316682455927,0.3645751585148475,0.2630179910479239,0.9645188861392016,47,Creative,Social,0.6228038697848408,0.815484952759553,28,1.0,0.0,0.3166666666666666,0.6402141212630832,0,0.880787183113127,114,0.22807017543859648,0.23019274208870782,0.7792504730167503,1
310,1084,Experience 1084,Social,0.6722561348379004,0.2863456816441453,0.5362524927433157,0.7470758006298863,26,Creative,Social,0.6228038697848408,0.815484952759553,28,0.0,1.0,0.0333333333333333,0.9134486229584748,1,0.9496166835699285,111,0.35135135135135137,0.3347009728235637,0.704926169937086,2
310,1002,Experience 1002,Social,0.5654662227449457,0.1419781043952984,0.4876512775379703,0.1763555764178013,30,Creative,Social,0.6228038697848408,0.815484952759553,28,0.0,1.0,0.0333333333333333,0.8648474077531295,1,0.8898168784991491,125,0.312,0.30238501682680585,0.6691839567800018,3
310,1098,Experience 1098,Social,0.534058177188557,0.4459803600128759,0.2707495249900757,0.7298152463028666,35,Creative,Social,0.6228038697848408,0.815484952759553,28,0.0,1.0,0.1166666666666666,0.647945655205235,0,0.976495646477251,130,0.26153846153846155,0.25897218293257895,0.6278238306734264,4
310,1042,Experience 1042,Social,0.3938579788705362,0.1390150525777733,0.8546241607610466,0.268085104820551,16,Creative,Social,0.6228038697848408,0.815484952759553,28,0.0,1.0,0.2,0.7681797090237942,0,0.779870978392954,124,0.24193548387096775,0.241984912776992,0.6063166986114115,5
311,1100,Experience 1100,Sports,0.8539423752816214,0.5771516782683807,0.6603015579098336,0.097787997445443,39,Sports,Strategy,0.6090956780082067,0.3935865999449646,15,1.0,0.0,0.4,0.9487941200983732,1,0.9648637622460711,107,0.3177570093457944,0.3058726570069831,0.8129453868277035,1
311,1001,Experience 1001,Sports,0.6452560499996463,0.8044840559110404,0.5776422262968883,0.3608105614175153,41,Sports,Strategy,0.6090956780082067,0.3935865999449646,15,1.0,0.0,0.4333333333333333,0.9685465482886816,0,0.8262725366277304,110,0.2545454545454545,0.25266021107605263,0.7862808789228831,2
311,1005,Experience 1005,Sports,0.725440926488475,0.5102685875213342,0.2459903544501388,0.2409271164143122,19,Sports,Strategy,0.6090956780082067,0.3935865999449646,15,1.0,0.0,0.0666666666666666,0.6368946764419321,0,0.7237365773697259,114,0.2543859649122807,0.25258080179020037,0.7597558861888837,3
311,1066,Experience 1066,Strategy,0.5933044321129625,0.8148765601157231,0.9082281614290438,0.2645976053461583,23,Sports,Strategy,0.6090956780082067,0.3935865999449646,15,0.0,1.0,0.1333333333333333,0.7008675165791629,0,0.9750923989915954,125,0.208,0.21272984441301274,0.5415903321827661,4
311,1045,Experience 1045,Strategy,0.6865679540637682,0.4124899761623172,0.8858497306039471,0.3446408865116177,23,Sports,Strategy,0.6090956780082067,0.3935865999449646,15,0.0,1.0,0.1333333333333333,0.7232459474042596,0,0.9169786986284766,95,0.14736842105263157,0.16387676034684212,0.5367986985270577,5
312,1111,Experience 1111,Sports,0.9428982678236224,0.8155250577848677,0.575778764164542,0.2547283501174674,25,Puzzle,Action,0.6986763645829261,0.4564175622385303,13,0.0,0.0,0.2,0.8771023995816158,1,0.9999484923963242,139,0.3237410071942446,0.31349577006218143,0.5075548439366512,1
312,1035,Experience 1035,Action,0.684933354468736,0.2628151072276272,0.2926692360835166,0.7930049789596304,54,Puzzle,Action,0.6986763645829261,0.4564175622385303,13,0.0,1.0,0.6833333333333333,0.5939928715005904,1,0.8031528334425676,144,0.14583333333333334,0.15759650877979783,0.44086288435320886,2
312,1074,Experience 1074,Social,0.7411737446379107,0.1336446501121093,0.5667526591354218,0.2130749343990023,32,Puzzle,Action,0.6986763645829261,0.4564175622385303,13,0.0,0.0,0.3166666666666666,0.8680762945524957,0,0.939086585807392,149,0.2953020134228188,0.28902856473305827,0.4407044706912984,3
312,1043,Experience 1043,Creative,0.8838983032607785,0.7641225701636372,0.5942808569171103,0.6062993981927156,47,Puzzle,Action,0.6986763645829261,0.4564175622385303,13,0.0,0.0,0.5666666666666667,0.8956044923341842,1,0.7794854336049629,110,0.35454545454545455,0.3372755956914373,0.43536721228823644,4
312,1034,Experience 1034,Strategy,0.5016628944231066,0.7184788322001798,0.7569144817322334,0.2251776661055454,11,Puzzle,Action,0.6986763645829261,0.4564175622385303,13,0.0,0.0,0.0333333333333333,0.9417618828506928,1,0.9312990490313693,132,0.2196969696969697,0.22266991736767663,0.38101413182488836,5
313,1114,Experience 1114,Simulation,0.9094073794904848,0.2867325336723821,0.0751050358773748,0.4020477981570693,23,Simulation,Sports,0.6055248845564541,0.4411342744259532,19,1.0,0.0,0.0666666666666666,0.4695801513209207,0,0.9375427587524384,138,0.2318840579710145,0.23320143949295472,0.7465844511114652,1
313,1056,Experience 1056,Simulation,0.5850817489192739,0.1274880872408227,0.8708251250831834,0.1754622465790878,53,Simulation,Sports,0.6055248845564541,0.4411342744259532,19,1.0,0.0,0.5666666666666667,0.7346997594732707,0,0.7393810162155048,128,0.1640625,0.17463396918842464,0.6973481200373939,2
313,1091,Experience 1091,Sports,0.6742348817628386,0.2717222536331008,0.7498162980972818,0.6422524185679935,12,Simulation,Sports,0.6055248845564541,0.4411342744259532,19,0.0,1.0,0.1166666666666666,0.8557085864591724,0,0.9516324766034732,105,0.2571428571428571,0.25476661951909474,0.5984635434650857,3
313,1102,Experience 1102,Sports,0.9402838286695968,0.4125021221616953,0.1907643304361418,0.200562471321554,40,Simulation,Sports,0.6055248845564541,0.4411342744259532,19,0.0,1.0,0.35,0.5852394458796877,0,0.9967306511785997,117,0.3076923076923077,0.29814472583859014,0.5937920720113324,4
313,1110,Experience 1110,Creative,0.8487034770737338,0.6513439158584452,0.7080979103356375,0.2741343936886083,18,Simulation,Sports,0.6055248845564541,0.4411342744259532,19,0.0,0.0,0.0166666666666666,0.8974269742208166,0,0.7461642270058175,109,0.28440366972477066,0.2778746313169523,0.5035867198367406,5
314,1000,Experience 1000,Action,0.9096695293967186,0.6516437731703687,0.6290364009047581,0.2407530712142694,49,Puzzle,Action,0.6459511791228955,0.5143876288591537,17,0.0,1.0,0.5333333333333333,0.9830852217818626,1,0.8432062694484074,124,0.3225806451612903,0.31142935722143644,0.6330391014084938,1
314,1119,Experience 1119,Action,0.8086136050725224,0.7572883677081093,0.5086964614589882,0.1619415702496311,9,Puzzle,Action,0.6459511791228955,0.5143876288591537,17,0.0,1.0,0.1333333333333333,0.8627452823360927,0,0.8126183821291351,115,0.30434782608695654,0.29515427733249516,0.6250800990157216,2
314,1068,Experience 1068,Action,0.698456042052288,0.2594560290757449,0.3550613668330224,0.4325155932423661,21,Puzzle,Action,0.6459511791228955,0.5143876288591537,17,0.0,1.0,0.0666666666666666,0.7091101877101269,0,0.7334899783770749,111,0.24324324324324326,0.2430979193884492,0.5348371894120002,3
314,1032,Experience 1032,Action,0.9183909657409184,0.1782087510115781,0.2798409650960937,0.836613041032693,59,Puzzle,Action,0.6459511791228955,0.5143876288591537,17,0.0,1.0,0.7,0.6338897859731982,1,0.7845702496863936,120,0.275,0.27032733885633464,0.5049095883847375,4
314,1100,Experience 1100,Sports,0.8539423752816214,0.5771516782683807,0.6603015579098336,0.097787997445443,39,Puzzle,Action,0.6459511791228955,0.5143876288591537,17,0.0,0.0,0.3666666666666666,0.985649621213062,0,0.7979350097633396,107,0.3177570093457944,0.3058726570069831,0.48194112392337907,5
315,1021,Experience 1021,Creative,0.6317033375365485,0.227795161908673,0.5969784094803497,0.8897794665398687,40,Creative,Social,0.4472193245512152,0.4809830483818709,44,1.0,0.0,0.0666666666666666,0.8502409150708655,0,0.8038506497102202,117,0.23931623931623933,0.23975056525464852,0.7969278815394641,1
315,1074,Experience 1074,Social,0.7411737446379107,0.1336446501121093,0.5667526591354218,0.2130749343990023,32,Creative,Social,0.4472193245512152,0.4809830483818709,44,0.0,1.0,0.2,0.8804666654157934,0,0.9802384700112018,149,0.2953020134228188,0.28902856473305827,0.6924885788203554,2
315,1084,Experience 1084,Social,0.6722561348379004,0.2863456816441453,0.5362524927433157,0.7470758006298863,26,Creative,Social,0.4472193245512152,0.4809830483818709,44,0.0,1.0,0.3,0.9109668318078996,1,0.7027024818594418,111,0.35135135135135137,0.3347009728235637,0.6757068594684372,3
315,1007,Experience 1007,Social,0.6113602755027672,0.3693255620200327,0.760432490906593,0.3138467721116466,56,Creative,Social,0.4472193245512152,0.4809830483818709,44,0.0,1.0,0.2,0.6867868336446222,0,0.9962527744102425,112,0.24107142857142858,0.24125626848399126,0.6591800003332117,4
315,1111,Experience 1111,Sports,0.9428982678236224,0.8155250577848677,0.575778764164542,0.2547283501174674,25,Creative,Social,0.4472193245512152,0.4809830483818709,44,0.0,0.0,0.3166666666666666,0.8714405603866733,0,0.7656987672838199,139,0.3237410071942446,0.31349577006218143,0.5698257655876623,5
316,1063,Experience 1063,Strategy,0.7810917854701819,0.2349952712342425,0.5114173417348135,0.235256388415645,21,Strategy,Adventure,0.3384788125799188,0.5204628265284188,54,1.0,0.0,0.55,0.8270614708451054,0,0.9070546825453564,117,0.18803418803418803,0.19595494481669232,0.7339001884451067,1
316,1008,Experience 1008,Adventure,0.8415828324170402,0.3364498304651394,0.599089106012921,0.2728043301458357,40,Strategy,Adventure,0.3384788125799188,0.5204628265284188,54,0.0,1.0,0.2333333333333333,0.7393897065669979,0,0.9330359507887295,117,0.27350427350427353,0.2689476455466193,0.584815578406882,2
316,1051,Experience 1051,Adventure,0.7608650542535511,0.4945204429565272,0.5049786641965721,0.9492935230092574,34,Strategy,Adventure,0.3384788125799188,0.5204628265284188,54,0.0,1.0,0.3333333333333333,0.8335001483833466,0,0.8578584224305194,122,0.2459016393442623,0.24539315098511863,0.5703003262060846,3
316,1096,Experience 1096,Adventure,0.7903170826018652,0.4751627362769494,0.5362341337297925,0.9233469677258124,13,Strategy,Adventure,0.3384788125799188,0.5204628265284188,54,0.0,1.0,0.6833333333333333,0.8022446788501263,0,0.7948993481496476,123,0.25203252032520324,0.25067012195725064,0.5316792453952557,4
316,1117,Experience 1117,Adventure,0.4143954852484882,0.5042520610293434,0.5381695778516243,0.3991953026577904,51,Strategy,Adventure,0.3384788125799188,0.5204628265284188,54,0.0,1.0,0.05,0.8003092347282945,0,0.8497210316937848,114,0.17543859649122806,0.18541662268572273,0.5179210627344977,5
317,1061,Experience 1061,Social,0.9515114053456256,0.4883887845440612,0.3838014404080356,0.6777086144544695,56,Social,Action,0.4039523570792578,0.28772419089315,28,1.0,0.0,0.4666666666666667,0.9798490833287776,1,0.8900623110027032,113,0.3274336283185841,0.3146302815029086,0.8456550078517789,1
317,1097,Experience 1097,Social,0.6621084266035628,0.3766200397542547,0.5070806368539267,0.2458755870050586,23,Social,Action,0.4039523570792578,0.28772419089315,28,1.0,0.0,0.0833333333333333,0.8968717202253311,0,0.8073595500905785,128,0.203125,0.20841775297220844,0.8155637586299828,2
317,1009,Experience 1009,Action,0.7987178764315418,0.3460501829476273,0.2238314684756084,0.130890330850495,53,Social,Action,0.4039523570792578,0.28772419089315,28,0.0,1.0,0.4166666666666667,0.8198791113963506,1,0.7190691207040112,104,0.28846153846153844,0.28101473741844224,0.559827659585159,3
317,1102,Experience 1102,Sports,0.9402838286695968,0.4125021221616953,0.1907643304361418,0.200562471321554,40,Social,Action,0.4039523570792578,0.28772419089315,28,0.0,0.0,0.2,0.7868119733568839,0,0.8059095762800107,117,0.3076923076923077,0.29814472583859014,0.46046799127416893,4
317,1110,Experience 1110,Creative,0.8487034770737338,0.6513439158584452,0.7080979103356375,0.2741343936886083,18,Social,Action,0.4039523570792578,0.28772419089315,28,0.0,0.0,0.1666666666666666,0.6958544467436203,1,0.7511893376474396,109,0.28440366972477066,0.2778746313169523,0.438685778135329,5
318,1118,Experience 1118,Adventure,0.6594774101626886,0.3565880675711896,0.5086937555214479,0.0351168111096665,58,Action,Adventure,0.5889286927220243,0.0825365333055364,55,0.0,1.0,0.05,0.9197650627994236,0,0.7795492514271459,109,0.21100917431192662,0.21585912744098332,0.5933759473858714,1
318,1101,Experience 1101,Adventure,0.7760911633714107,0.1624374115097873,0.2510263664566988,0.468231405693584,28,Action,Adventure,0.5889286927220243,0.0825365333055364,55,0.0,1.0,0.45,0.6620976737346744,0,0.7896943865434517,106,0.19811320754716982,0.20512561460227657,0.5009442413895382,2
318,1097,Experience 1097,Social,0.6621084266035628,0.3766200397542547,0.5070806368539267,0.2458755870050586,23,Action,Adventure,0.5889286927220243,0.0825365333055364,55,0.0,0.0,0.5333333333333333,0.9181519441319024,0,0.7743659299298933,128,0.203125,0.20841775297220844,0.44752794348097436,3
318,1078,Experience 1078,Simulation,0.9139745006021852,0.4875947260651535,0.1081242288365573,0.0386443098268846,51,Action,Adventure,0.5889286927220243,0.0825365333055364,55,0.0,0.0,0.0666666666666666,0.5191955361145331,0,0.9306107734026665,97,0.23711340206185566,0.23799852512723801,0.41274797658112594,4
319,1076,Experience 1076,Creative,0.7805257487778566,0.3562342599893083,0.7812983230640933,0.571167362055741,8,Puzzle,Creative,0.3415878257726254,0.7765319647671018,28,0.0,1.0,0.3333333333333333,0.5602895027085322,0,0.745876615700934,124,0.23387096774193547,0.23504046833254755,0.558268497856784,1
319,1038,Experience 1038,Creative,0.8025898263845425,0.4058560569474049,0.8087225901435202,0.8729120163870842,60,Puzzle,Creative,0.3415878257726254,0.7765319647671018,28,0.0,1.0,0.5333333333333333,0.5328652356291053,0,0.8436621841460833,108,0.2037037037037037,0.209733026874116,0.5499358149460604,2
319,1074,Experience 1074,Social,0.7411737446379107,0.1336446501121093,0.5667526591354218,0.2130749343990023,32,Puzzle,Creative,0.3415878257726254,0.7765319647671018,28,0.0,0.0,0.0666666666666666,0.7748351666372035,0,0.8659586624480162,149,0.2953020134228188,0.28902856473305827,0.494077479456138,3
319,1088,Experience 1088,Sports,0.931739259022481,0.4207879774878386,0.5549692853271866,0.4100487869149942,11,Puzzle,Creative,0.3415878257726254,0.7765319647671018,28,0.0,0.0,0.2833333333333333,0.7866185404454389,0,0.7392532842732344,113,0.3008849557522124,0.292073890525465,0.48815530964825404,4
319,1092,Experience 1092,Sports,0.8280410369904486,0.5343815491606264,0.7426691928850321,0.6904019545155015,39,Puzzle,Creative,0.3415878257726254,0.7765319647671018,28,0.0,0.0,0.1833333333333333,0.5989186328875933,0,0.7512082279112896,128,0.2421875,0.2422015367559922,0.4576923182513486,5
320,1101,Experience 1101,Adventure,0.7760911633714107,0.1624374115097873,0.2510263664566988,0.468231405693584,28,Adventure,Puzzle,0.4728144699626622,0.3751627475101245,41,1.0,0.0,0.2166666666666666,0.7782118964940365,0,0.8115423530958835,106,0.19811320754716982,0.20512561460227657,0.7524707188066152,1
320,1071,Experience 1071,Adventure,0.5432545608778258,0.5917055303234199,0.8111881708009158,0.7718493432291552,17,Adventure,Puzzle,0.4728144699626622,0.3751627475101245,41,1.0,0.0,0.4,0.6616262991617464,0,0.9124033949960381,121,0.21487603305785125,0.21876473361621876,0.7132001504320914,2
320,1046,Experience 1046,Puzzle,0.9358581895296346,0.2937905951089806,0.3646871905132503,0.5570017818814502,30,Adventure,Puzzle,0.4728144699626622,0.3751627475101245,41,0.0,1.0,0.1833333333333333,0.8918727205505881,0,0.7658442557365011,124,0.2661290322580645,0.26281824611032534,0.6506299448901013,3
320,1069,Experience 1069,Puzzle,0.8068156107352968,0.6551858372056814,0.8842124935251735,0.2530347499296835,35,Adventure,Puzzle,0.4728144699626622,0.3751627475101245,41,0.0,1.0,0.1,0.5886019764374887,1,0.8981420334647717,121,0.2892561983471074,0.2825945208502613,0.6272717409132919,4
320,1108,Experience 1108,Puzzle,0.8425576923542274,0.4822507608830354,0.666849920378606,0.8027206052883656,21,Adventure,Puzzle,0.4728144699626622,0.3751627475101245,41,0.0,1.0,0.3333333333333333,0.8059645495840562,0,0.7662896029431306,92,0.2717391304347826,0.2664806021418468,0.6199535307930326,5
321,1075,Experience 1075,Puzzle,0.7701763699744956,0.5714931074517187,0.7080993700732455,0.0043057756676786,58,Puzzle,Adventure,0.4268514020797153,0.4422305015559268,28,1.0,0.0,0.5,0.7187520320064698,0,0.8575637956155098,114,0.22807017543859648,0.23019274208870782,0.7634730874254552,1
321,1064,Experience 1064,Puzzle,0.6204758892789963,0.4435351922580418,0.6632419642315316,0.276207363456566,49,Puzzle,Adventure,0.4268514020797153,0.4422305015559268,28,1.0,0.0,0.35,0.7636094378481837,0,0.7806577582171024,94,0.2765957446808511,0.27057743368321796,0.740460514390732,2
321,1003,Experience 1003,Puzzle,0.7658593377467232,0.3759100169419204,0.0773164253661275,0.4674845394285718,49,Puzzle,Adventure,0.4268514020797153,0.4422305015559268,28,1.0,0.0,0.35,0.6504650232864122,0,0.9681361869468638,111,0.1981981981981982,0.2049299804571515,0.7303652258269405,3
321,1093,Experience 1093,Puzzle,0.5054580561223759,0.3724006037822283,0.1444497473739812,0.982987171535907,29,Puzzle,Adventure,0.4268514020797153,0.4422305015559268,28,1.0,0.0,0.0166666666666666,0.717598345294266,1,0.8623907788462872,113,0.1415929203539823,0.15673554466080336,0.7086663279941302,4
321,1097,Experience 1097,Social,0.6621084266035628,0.3766200397542547,0.5070806368539267,0.2458755870050586,23,Puzzle,Adventure,0.4268514020797153,0.4422305015559268,28,0.0,0.0,0.0833333333333333,0.9197707652257886,0,0.9539136631199514,128,0.203125,0.20841775297220844,0.4764597538097673,5
322,1014,Experience 1014,Social,0.7084360738896248,0.6919622480914536,0.5066406143622445,0.7631554898199004,35,Adventure,Strategy,0.728461668181391,0.5167414689838953,49,0.0,0.0,0.2333333333333333,0.7781789461808535,0,0.7914648342064373,117,0.29914529914529914,0.29084545576559745,0.4840294528323633,1
322,1067,Experience 1067,Creative,0.788764048918011,0.4580972487220676,0.5921026845821029,0.4299570499000478,43,Adventure,Strategy,0.728461668181391,0.5167414689838953,49,0.0,0.0,0.1,0.8636410164007119,0,0.741245433630399,119,0.31092436974789917,0.30104911827256725,0.4562248634207412,2
322,1115,Experience 1115,Simulation,0.626658707429628,0.7075065986188209,0.5404405149990236,0.2246894745458737,42,Adventure,Strategy,0.728461668181391,0.5167414689838953,49,0.0,0.0,0.1166666666666666,0.8119788468176325,0,0.9681406305902338,112,0.2767857142857143,0.27155929878702156,0.41273774112090944,3
322,1091,Experience 1091,Sports,0.6742348817628386,0.2717222536331008,0.7498162980972818,0.6422524185679935,12,Adventure,Strategy,0.728461668181391,0.5167414689838953,49,0.0,0.0,0.6166666666666667,0.9786453700841092,0,0.9353726214266815,105,0.2571428571428571,0.25476661951909474,0.3968561234039795,4
322,1078,Experience 1078,Simulation,0.9139745006021852,0.4875947260651535,0.1081242288365573,0.0386443098268846,51,Adventure,Strategy,0.728461668181391,0.5167414689838953,49,0.0,0.0,0.0333333333333333,0.3796625606551663,0,0.7857974316191638,97,0.23711340206185566,0.23799852512723801,0.3897838877442451,5
323,1013,Experience 1013,Sports,0.8486275995976889,0.743877614526904,0.1274827038621261,0.2359972626205526,20,Social,Strategy,0.2389536520215662,0.3166463048277639,15,0.0,0.0,0.0833333333333333,0.88852905184056,0,0.8483214401933881,116,0.3017241379310345,0.29298402529328565,0.48195467102956774,1
323,1009,Experience 1009,Action,0.7987178764315418,0.3460501829476273,0.2238314684756084,0.130890330850495,53,Social,Strategy,0.2389536520215662,0.3166463048277639,15,0.0,0.0,0.6333333333333333,0.9848778164540424,1,0.7128148940748943,104,0.28846153846153844,0.28101473741844224,0.3922682497468523,2
323,1075,Experience 1075,Puzzle,0.7701763699744956,0.5714931074517187,0.7080993700732455,0.0043057756676786,58,Social,Strategy,0.2389536520215662,0.3166463048277639,15,0.0,0.0,0.7166666666666667,0.5308542819483207,0,0.843745937127834,114,0.22807017543859648,0.23019274208870782,0.34574074580423664,3
323,1072,Experience 1072,Puzzle,0.7449779069249327,0.3414623639761886,0.973475515285742,0.3783180142237856,25,Social,Strategy,0.2389536520215662,0.3166463048277639,15,0.0,0.0,0.1666666666666666,0.2654781367358242,0,0.7309276624787481,119,0.21008403361344538,0.21471818302076867,0.3338409422415108,4
324,1025,Experience 1025,Social,0.838744739121835,0.7279884901895025,0.5876677647056102,0.0811540004238993,14,Social,Puzzle,0.777153445791389,0.6495296671988612,26,1.0,0.0,0.2,0.8105143189142212,0,0.9754503942046224,120,0.31666666666666665,0.30604162457062034,0.8571667280265289,1
324,1084,Experience 1084,Social,0.6722561348379004,0.2863456816441453,0.5362524927433157,0.7470758006298863,26,Social,Puzzle,0.777153445791389,0.6495296671988612,26,1.0,0.0,0.0,0.7590990469519266,1,0.9500019697404012,111,0.35135135135135137,0.3347009728235637,0.8185578006877539,2
324,1002,Experience 1002,Social,0.5654662227449457,0.1419781043952984,0.4876512775379703,0.1763555764178013,30,Social,Puzzle,0.777153445791389,0.6495296671988612,26,1.0,0.0,0.0666666666666666,0.7104978317465813,1,0.8911129488537188,125,0.312,0.30238501682680585,0.787868463177606,3
324,1012,Experience 1012,Social,0.4912469181469279,0.4504706076181689,0.5423234103127773,0.3692728413409686,11,Social,Puzzle,0.777153445791389,0.6495296671988612,26,1.0,0.0,0.25,0.7651699645213883,1,0.9659553058741565,120,0.2,0.20604162457062034,0.7819063483936186,4
324,1004,Experience 1004,Puzzle,0.809305382335664,0.5027055170834634,0.7716046143560276,0.3920600224154432,16,Social,Puzzle,0.777153445791389,0.6495296671988612,26,0.0,1.0,0.1666666666666666,0.9944511685646386,1,0.7125916218363967,123,0.21951219512195122,0.2226980939852227,0.6719443450631287,5
325,1107,Experience 1107,Social,0.7428970964662264,0.8045676070342606,0.8160785123357384,0.9076048913904824,23,Creative,Social,0.4674936218264769,0.0193257586104697,49,0.0,1.0,0.4333333333333333,0.6514151094907386,1,0.8671190133402659,139,0.30935251798561153,0.3009171537099802,0.6626731270495488,1
325,1084,Experience 1084,Social,0.6722561348379004,0.2863456816441453,0.5362524927433157,0.7470758006298863,26,Creative,Social,0.4674936218264769,0.0193257586104697,49,0.0,1.0,0.3833333333333333,0.9312411290831611,0,0.9733164966039144,111,0.35135135135135137,0.3347009728235637,0.6522162064734528,2
325,1070,Experience 1070,Sports,0.9021629239090754,0.4240213755135868,0.7602726894428304,0.7757910864370905,50,Creative,Social,0.4674936218264769,0.0193257586104697,49,0.0,0.0,0.0166666666666666,0.7072209323836465,1,0.9416888551243839,111,0.2882882882882883,0.28126585831974693,0.5178101750525422,3
325,1037,Experience 1037,Sports,0.7994490651436071,0.7023148063737304,0.3263399911584964,0.9948242136208678,35,Creative,Social,0.4674936218264769,0.0193257586104697,49,0.0,0.0,0.2333333333333333,0.8588463693320195,0,0.735599314871281,120,0.30833333333333335,0.29889876742776317,0.49445845879668365,4
325,1055,Experience 1055,Action,0.9121309206982589,0.3826203354113438,0.2499073592941251,0.1919211614110854,38,Creative,Social,0.4674936218264769,0.0193257586104697,49,0.0,0.0,0.1833333333333333,0.7824137374676483,0,0.7133001390830856,114,0.23684210526315788,0.237655428655872,0.47844332756336305,5
326,1025,Experience 1025,Social,0.838744739121835,0.7279884901895025,0.5876677647056102,0.0811540004238993,14,Social,Simulation,0.4198993416894621,0.6131975831985421,50,1.0,0.0,0.6,0.8322315769838519,0,0.7633840369973751,120,0.31666666666666665,0.30604162457062034,0.8308603922085999,1
326,1007,Experience 1007,Social,0.6113602755027672,0.3693255620200327,0.760432490906593,0.3138467721116466,56,Social,Simulation,0.4198993416894621,0.6131975831985421,50,1.0,0.0,0.1,0.659466850782869,0,0.9987154996901789,112,0.24107142857142858,0.24125626848399126,0.8003946121078505,2
326,1048,Experience 1048,Social,0.2304789954244207,0.8328371585656826,0.2699649703256335,0.1697999737727075,60,Social,Simulation,0.4198993416894621,0.6131975831985421,50,1.0,0.0,0.1666666666666666,0.8500656286361714,0,0.9272610999542688,119,0.20168067226890757,0.20752393841645214,0.7651902738708235,3
326,1016,Experience 1016,Simulation,0.6327408434291123,0.2893552650923534,0.337198205686132,0.4979318527888876,53,Social,Simulation,0.4198993416894621,0.6131975831985421,50,0.0,1.0,0.05,0.91729886399667,1,0.9154324945037235,124,0.1935483870967742,0.20031824611032534,0.5741348537373706,4
326,1011,Experience 1011,Strategy,0.8438936347604792,0.3089791482471649,0.5527453913687409,0.302964628837302,52,Social,Simulation,0.4198993416894621,0.6131975831985421,50,0.0,0.0,0.0333333333333333,0.8671539503207212,0,0.8918223141727559,123,0.2682926829268293,0.26465613594326465,0.44970485984503517,5
327,1011,Experience 1011,Strategy,0.8438936347604792,0.3089791482471649,0.5527453913687409,0.302964628837302,52,Strategy,Action,0.1149145876548805,0.0920044979435785,42,1.0,0.0,0.1666666666666666,0.5621691962861397,1,0.9028323964219775,123,0.2682926829268293,0.26465613594326465,0.7347237254103091,1
327,1084,Experience 1084,Social,0.6722561348379004,0.2863456816441453,0.5362524927433157,0.7470758006298863,26,Strategy,Action,0.1149145876548805,0.0920044979435785,42,0.0,0.0,0.2666666666666666,0.578662094911565,0,0.8145808440749622,111,0.35135135135135137,0.3347009728235637,0.38802669452459726,2
327,1088,Experience 1088,Sports,0.931739259022481,0.4207879774878386,0.5549692853271866,0.4100487869149942,11,Strategy,Action,0.1149145876548805,0.0920044979435785,42,0.0,0.0,0.5166666666666667,0.559945302327694,0,0.923264361106747,113,0.3008849557522124,0.292073890525465,0.38749229485820197,3
327,1054,Experience 1054,Puzzle,0.6795756146978778,0.2537314254122666,0.2509959349159629,0.6813294726896911,34,Strategy,Action,0.1149145876548805,0.0920044979435785,42,0.0,0.0,0.1333333333333333,0.8639186527389177,0,0.787785594433615,113,0.20353982300884957,0.20936712360817178,0.3831535357842009,4
327,1115,Experience 1115,Simulation,0.626658707429628,0.7075065986188209,0.5404405149990236,0.2246894745458737,42,Strategy,Action,0.1149145876548805,0.0920044979435785,42,0.0,0.0,0.0,0.574474072655857,1,0.8972541961409938,112,0.2767857142857143,0.27155929878702156,0.36704334842977215,5
328,1066,Experience 1066,Strategy,0.5933044321129625,0.8148765601157231,0.9082281614290438,0.2645976053461583,23,Strategy,Sports,0.2693752217368652,0.3428522912368572,36,1.0,0.0,0.2166666666666666,0.3611470603078213,0,0.7666502472243898,125,0.208,0.21272984441301274,0.7215142936274639,1
328,1102,Experience 1102,Sports,0.9402838286695968,0.4125021221616953,0.1907643304361418,0.200562471321554,40,Strategy,Sports,0.2693752217368652,0.3428522912368572,36,0.0,1.0,0.0666666666666666,0.9213891086992766,0,0.7302783043280251,117,0.3076923076923077,0.29814472583859014,0.6941845625100911,2
328,1080,Experience 1080,Strategy,0.4960287753620589,0.3772823688301061,0.669450532879556,0.5189146424870842,16,Strategy,Sports,0.2693752217368652,0.3428522912368572,36,1.0,0.0,0.3333333333333333,0.5999246888573091,0,0.8649011652750581,116,0.16379310344827586,0.17533696646975622,0.6864779371660094,3
328,1047,Experience 1047,Strategy,0.22550606962591,0.2148767550411004,0.6209051459122696,0.296299630453485,14,Strategy,Sports,0.2693752217368652,0.3428522912368572,36,1.0,0.0,0.3666666666666666,0.6484700758245956,1,0.9204449165457085,110,0.15454545454545454,0.16804482646066804,0.6174546977978981,4
328,1053,Experience 1053,Puzzle,0.7426572934279929,0.7514869168546299,0.2904976508730454,0.8341208920021081,34,Strategy,Sports,0.2693752217368652,0.3428522912368572,36,0.0,0.0,0.0333333333333333,0.9788775708638198,0,0.7241051453242859,102,0.3431372549019608,0.3266051429498922,0.5065549251382333,5
329,1020,Experience 1020,Simulation,0.8220634578382588,0.5054615596538111,0.3982077558970217,0.6135164847298321,13,Strategy,Simulation,0.2130992155218816,0.3710361233878825,31,0.0,1.0,0.3,0.81489145962486,0,0.8326560500568315,129,0.21705426356589147,0.22044179489856944,0.5606128060351937,1
329,1111,Experience 1111,Sports,0.9428982678236224,0.8155250577848677,0.575778764164542,0.2547283501174674,25,Strategy,Simulation,0.2130992155218816,0.3710361233878825,31,0.0,0.0,0.1,0.6373204513573396,0,0.8335688545217453,139,0.3237410071942446,0.31349577006218143,0.4771475314863719,2
329,1025,Experience 1025,Social,0.838744739121835,0.7279884901895025,0.5876677647056102,0.0811540004238993,14,Strategy,Simulation,0.2130992155218816,0.3710361233878825,31,0.0,0.0,0.2833333333333333,0.6254314508162715,0,0.9844027371644839,120,0.31666666666666665,0.30604162457062034,0.47160340332568673,3
329,1043,Experience 1043,Creative,0.8838983032607785,0.7641225701636372,0.5942808569171103,0.6062993981927156,47,Strategy,Simulation,0.2130992155218816,0.3710361233878825,31,0.0,0.0,0.2666666666666666,0.6188183586047713,0,0.7325798259498396,110,0.35454545454545455,0.3372755956914373,0.41983773067447744,4
329,1088,Experience 1088,Sports,0.931739259022481,0.4207879774878386,0.5549692853271866,0.4100487869149942,11,Strategy,Simulation,0.2130992155218816,0.3710361233878825,31,0.0,0.0,0.3333333333333333,0.658129930194695,0,0.8334569620879781,113,0.3008849557522124,0.292073890525465,0.41853282065016406,5
330,1095,Experience 1095,Creative,0.5802362817422383,0.4006003917193433,0.7708173982045061,0.4033544032491283,54,Creative,Adventure,0.5869919047505022,0.3213981632775549,52,1.0,0.0,0.0333333333333333,0.8161745065459961,0,0.7755894065489728,111,0.1981981981981982,0.2049299804571515,0.7696205392883907,1
330,1073,Experience 1073,Adventure,0.687693407311507,0.5642695337399875,0.7523432280065728,0.8351257910807337,50,Creative,Adventure,0.5869919047505022,0.3213981632775549,52,0.0,1.0,0.0333333333333333,0.8346486767439294,1,0.880330094382177,132,0.26515151515151514,0.26214360157820293,0.598183858568155,2
330,1006,Experience 1006,Action,0.8770181756508404,0.5275353377269014,0.8047332447846338,0.7517807092307816,28,Creative,Adventure,0.5869919047505022,0.3213981632775549,52,0.0,0.0,0.4,0.7822586599658684,0,0.7497721839430981,103,0.27184466019417475,0.26703924747875485,0.4396105313297066,3
330,1078,Experience 1078,Simulation,0.9139745006021852,0.4875947260651535,0.1081242288365573,0.0386443098268846,51,Creative,Adventure,0.5869919047505022,0.3213981632775549,52,0.0,0.0,0.0166666666666666,0.521132324086055,0,0.7363751527732582,97,0.23711340206185566,0.23799852512723801,0.4144912299972809,4
330,1090,Experience 1090,Puzzle,0.5586098880458512,0.4251872277402517,0.5338484342208252,0.861814417816014,19,Creative,Adventure,0.5869919047505022,0.3213981632775549,52,0.0,0.0,0.55,0.946856529470323,0,0.9276006016123669,121,0.2727272727272727,0.26841012368714073,0.36115424211396924,5
331,1114,Experience 1114,Simulation,0.9094073794904848,0.2867325336723821,0.0751050358773748,0.4020477981570693,23,Simulation,Puzzle,0.4952131690038654,0.2137327474674393,46,1.0,0.0,0.3833333333333333,0.5798918668735094,1,0.8521212278171735,138,0.2318840579710145,0.23320143949295472,0.7266961203051763,1
331,1053,Experience 1053,Puzzle,0.7426572934279929,0.7514869168546299,0.2904976508730454,0.8341208920021081,34,Simulation,Puzzle,0.4952131690038654,0.2137327474674393,46,0.0,1.0,0.2,0.79528448186918,0,0.7355530506514613,102,0.3431372549019608,0.3266051429498922,0.5948693627070162,2
331,1072,Experience 1072,Puzzle,0.7449779069249327,0.3414623639761886,0.973475515285742,0.3783180142237856,25,Simulation,Puzzle,0.4952131690038654,0.2137327474674393,46,0.0,1.0,0.35,0.5217376537181234,1,0.800061541917141,119,0.21008403361344538,0.21471818302076867,0.5310623311328573,3
331,1043,Experience 1043,Creative,0.8838983032607785,0.7641225701636372,0.5942808569171103,0.6062993981927156,47,Simulation,Puzzle,0.4952131690038654,0.2137327474674393,46,0.0,0.0,0.0166666666666666,0.9009323120867552,0,0.7371487329408765,110,0.35454545454545455,0.3372755956914373,0.5077513862229998,4
331,1100,Experience 1100,Sports,0.8539423752816214,0.5771516782683807,0.6603015579098336,0.097787997445443,39,Simulation,Puzzle,0.4952131690038654,0.2137327474674393,46,0.0,0.0,0.1166666666666666,0.8349116110940319,1,0.738023916547133,107,0.3177570093457944,0.3058726570069831,0.4896162599214538,5
332,1004,Experience 1004,Puzzle,0.809305382335664,0.5027055170834634,0.7716046143560276,0.3920600224154432,16,Puzzle,Strategy,0.0850714360966424,0.8398898105977717,25,1.0,0.0,0.15,0.3134668217406149,0,0.9726021656384304,123,0.21951219512195122,0.2226980939852227,0.7534666802218176,1
332,1072,Experience 1072,Puzzle,0.7449779069249327,0.3414623639761886,0.973475515285742,0.3783180142237856,25,Puzzle,Strategy,0.0850714360966424,0.8398898105977717,25,1.0,0.0,0.0,0.1115959208109003,1,0.9013466906847959,119,0.21008403361344538,0.21471818302076867,0.7235779780991834,2
332,1094,Experience 1094,Strategy,0.777065958629862,0.5840090382012306,0.3016147592800985,0.4118434403009737,40,Puzzle,Strategy,0.0850714360966424,0.8398898105977717,25,0.0,1.0,0.25,0.7834566768165439,1,0.9124271865174307,114,0.21929824561403508,0.22273005552154362,0.5799881344588493,3
332,1061,Experience 1061,Social,0.9515114053456256,0.4883887845440612,0.3838014404080356,0.6777086144544695,56,Puzzle,Strategy,0.0850714360966424,0.8398898105977717,25,0.0,0.0,0.5166666666666667,0.7012699956886068,0,0.7690446422927015,113,0.3274336283185841,0.3146302815029086,0.4980113820885449,4
332,1088,Experience 1088,Sports,0.931739259022481,0.4207879774878386,0.5549692853271866,0.4100487869149942,11,Puzzle,Strategy,0.0850714360966424,0.8398898105977717,25,0.0,0.0,0.2333333333333333,0.5301021507694559,0,0.7532399892584011,113,0.3008849557522124,0.292073890525465,0.4395366966355552,5
333,1068,Experience 1068,Action,0.698456042052288,0.2594560290757449,0.3550613668330224,0.4325155932423661,21,Action,Adventure,0.8106062048830321,0.1783209478195007,27,1.0,0.0,0.1,0.5444551619499902,0,0.7345948390241923,111,0.24324324324324326,0.2430979193884492,0.7180324799390737,1
333,1032,Experience 1032,Action,0.9183909657409184,0.1782087510115781,0.2798409650960937,0.836613041032693,59,Action,Adventure,0.8106062048830321,0.1783209478195007,27,1.0,0.0,0.5333333333333333,0.4692347602130615,0,0.9654456548888349,120,0.275,0.27032733885633464,0.7107688224628596,2
333,1092,Experience 1092,Sports,0.8280410369904486,0.5343815491606264,0.7426691928850321,0.6904019545155015,39,Action,Adventure,0.8106062048830321,0.1783209478195007,27,0.0,0.0,0.2,0.932062988002,0,0.7611315925739821,128,0.2421875,0.2422015367559922,0.484156046439827,3
333,1085,Experience 1085,Social,0.715133524882573,0.3923165755464828,0.681782684374937,0.3715432084063615,41,Action,Adventure,0.8106062048830321,0.1783209478195007,27,0.0,0.0,0.2333333333333333,0.8711764794919049,0,0.8275778544036945,117,0.24786324786324787,0.24704983532764122,0.4807478350231817,4
333,1117,Experience 1117,Adventure,0.4143954852484882,0.5042520610293434,0.5381695778516243,0.3991953026577904,51,Action,Adventure,0.8106062048830321,0.1783209478195007,27,0.0,1.0,0.4,0.7275633729685922,0,0.9394654990293217,114,0.17543859649122806,0.18541662268572273,0.45460677378260494,5
334,1030,Experience 1030,Puzzle,0.5255875329645523,0.2576702884243441,0.6969604774228595,0.5681673512913645,13,Puzzle,Creative,0.8227579943986534,0.3527269803465357,21,1.0,0.0,0.1333333333333333,0.8742024830242061,1,0.7326575360042977,122,0.20491803278688525,0.21018188337948485,0.7382767677135944,1
334,1026,Experience 1026,Puzzle,0.7847705334160814,0.4236675665053301,0.2918167090217533,0.0158055554401338,14,Puzzle,Creative,0.8227579943986534,0.3527269803465357,21,1.0,0.0,0.1166666666666666,0.4690587146231,1,0.8206876295245066,111,0.1981981981981982,0.2049299804571515,0.7381162902472931,2
334,1053,Experience 1053,Puzzle,0.7426572934279929,0.7514869168546299,0.2904976508730454,0.8341208920021081,34,Puzzle,Creative,0.8227579943986534,0.3527269803465357,21,1.0,0.0,0.2166666666666666,0.4677396564743921,0,0.9272876300721892,102,0.3431372549019608,0.3266051429498922,0.7368463908141654,3
334,1043,Experience 1043,Creative,0.8838983032607785,0.7641225701636372,0.5942808569171103,0.6062993981927156,47,Puzzle,Creative,0.8227579943986534,0.3527269803465357,21,0.0,1.0,0.4333333333333333,0.7715228625184569,1,0.9887651055378318,110,0.35454545454545455,0.3372755956914373,0.6082301429101313,4
334,1065,Experience 1065,Creative,0.7619316682455927,0.3645751585148475,0.2630179910479239,0.9645188861392016,47,Puzzle,Creative,0.8227579943986534,0.3527269803465357,21,0.0,1.0,0.4333333333333333,0.4402599966492706,0,0.8105322132780952,114,0.22807017543859648,0.23019274208870782,0.47297964706219514,5
335,1087,Experience 1087,Creative,0.7417160017369715,0.3980069401610766,0.5803538931422866,0.1954958273965873,33,Creative,Adventure,0.6433504428454876,0.4841782213204317,25,1.0,0.0,0.1333333333333333,0.937003450296799,1,0.9818889984943087,117,0.15384615384615385,0.16675786452472152,0.7937716494504025,1
335,1076,Experience 1076,Creative,0.7805257487778566,0.3562342599893083,0.7812983230640933,0.571167362055741,8,Creative,Adventure,0.6433504428454876,0.4841782213204317,25,1.0,0.0,0.2833333333333333,0.8620521197813943,0,0.923731228026352,124,0.23387096774193547,0.23504046833254755,0.7778405452596061,2
335,1101,Experience 1101,Adventure,0.7760911633714107,0.1624374115097873,0.2510263664566988,0.468231405693584,28,Creative,Adventure,0.6433504428454876,0.4841782213204317,25,0.0,1.0,0.05,0.6076759236112113,0,0.7910323095436115,106,0.19811320754716982,0.20512561460227657,0.5226012489455647,3
335,1084,Experience 1084,Social,0.6722561348379004,0.2863456816441453,0.5362524927433157,0.7470758006298863,26,Creative,Adventure,0.6433504428454876,0.4841782213204317,25,0.0,0.0,0.0166666666666666,0.8929020498978281,0,0.8964412240997686,111,0.35135135135135137,0.3347009728235637,0.47827262042135693,4
335,1109,Experience 1109,Social,0.5415451963988065,0.6320276759129257,0.4602651355822746,0.2660308726216652,48,Creative,Adventure,0.6433504428454876,0.4841782213204317,25,0.0,0.0,0.3833333333333333,0.816914692736787,0,0.9928604632405377,125,0.312,0.30238501682680585,0.42664566614009175,5
336,1039,Experience 1039,Social,0.8194814495513689,0.2752805682140255,0.2419454802582048,0.889899007072331,47,Social,Simulation,0.232495507504168,0.6967037905084932,39,1.0,0.0,0.1333333333333333,0.9905500272459632,1,0.8041471978598487,110,0.2636363636363636,0.2603525187683603,0.843367076874277,1
336,1033,Experience 1033,Simulation,0.8859147305780027,0.259942782541492,0.2648265360525452,0.1086571032622624,31,Social,Simulation,0.232495507504168,0.6967037905084932,39,0.0,1.0,0.1333333333333333,0.9676689714516228,0,0.8806332845538015,120,0.275,0.27032733885633464,0.6324015942032237,2
336,1055,Experience 1055,Action,0.9121309206982589,0.3826203354113438,0.2499073592941251,0.1919211614110854,38,Social,Simulation,0.232495507504168,0.6967037905084932,39,0.0,0.0,0.0166666666666666,0.9825881482100428,0,0.9249404615307395,114,0.23684210526315788,0.237655428655872,0.5063648266187402,3
336,1041,Experience 1041,Sports,0.6879201981801872,0.7175911275892214,0.4277301159158936,0.4016616340093764,51,Social,Simulation,0.232495507504168,0.6967037905084932,39,0.0,0.0,0.2,0.8047653915882743,0,0.9249400256567214,132,0.18181818181818182,0.18977518052557135,0.45015312177207484,4
336,1052,Experience 1052,Creative,0.6879474895864814,0.8150878066775633,0.5427584275418881,0.4028796085076296,43,Social,Simulation,0.232495507504168,0.6967037905084932,39,0.0,0.0,0.0666666666666666,0.68973707996228,0,0.970895944060668,129,0.3178294573643411,0.30769011704622046,0.43513480592584464,5
337,1099,Experience 1099,Adventure,0.8332801744008336,0.4077151465805127,0.8307594812615263,0.7545731382181347,49,Adventure,Strategy,0.5933828931550288,0.3679824427083856,12,1.0,0.0,0.6166666666666667,0.7626234118935025,1,0.7858881697966155,119,0.2605042016806723,0.25788365064666796,0.7341213136006862,1
337,1101,Experience 1101,Adventure,0.7760911633714107,0.1624374115097873,0.2510263664566988,0.468231405693584,28,Adventure,Strategy,0.5933828931550288,0.3679824427083856,12,1.0,0.0,0.2666666666666666,0.6576434733016701,0,0.8704634758468162,106,0.19811320754716982,0.20512561460227657,0.7029649236114806,2
337,1014,Experience 1014,Social,0.7084360738896248,0.6919622480914536,0.5066406143622445,0.7631554898199004,35,Adventure,Strategy,0.5933828931550288,0.3679824427083856,12,0.0,0.0,0.3833333333333333,0.9132577212072156,0,0.926476346571026,117,0.29914529914529914,0.29084545576559745,0.466836934595628,3
337,1110,Experience 1110,Creative,0.8487034770737338,0.6513439158584452,0.7080979103356375,0.2741343936886083,18,Adventure,Strategy,0.5933828931550288,0.3679824427083856,12,0.0,0.0,0.1,0.8852849828193913,0,0.8527418112697867,109,0.28440366972477066,0.2778746313169523,0.46611509389847333,4
337,1000,Experience 1000,Action,0.9096695293967186,0.6516437731703687,0.6290364009047581,0.2407530712142694,49,Adventure,Strategy,0.5933828931550288,0.3679824427083856,12,0.0,0.0,0.6166666666666667,0.9643464922502708,0,0.7070199084441054,124,0.3225806451612903,0.31142935722143644,0.445440765415337,5
338,1074,Experience 1074,Social,0.7411737446379107,0.1336446501121093,0.5667526591354218,0.2130749343990023,32,Strategy,Social,0.4269052523504748,0.7701057525967734,34,0.0,1.0,0.0333333333333333,0.8601525932150529,0,0.8989290217483886,149,0.2953020134228188,0.28902856473305827,0.7029374247122996,1
338,1107,Experience 1107,Social,0.7428970964662264,0.8045676070342606,0.8160785123357384,0.9076048913904824,23,Strategy,Social,0.4269052523504748,0.7701057525967734,34,0.0,1.0,0.1833333333333333,0.6108267400147365,0,0.793730385138093,139,0.30935251798561153,0.3009171537099802,0.6963742474785356,2
338,1084,Experience 1084,Social,0.6722561348379004,0.2863456816441453,0.5362524927433157,0.7470758006298863,26,Strategy,Social,0.4269052523504748,0.7701057525967734,34,0.0,1.0,0.1333333333333333,0.8906527596071592,1,0.9797889823084323,111,0.35135135135135137,0.3347009728235637,0.6864677524092329,3
338,1104,Experience 1104,Sports,0.7763284069557427,0.7928984171430337,0.1707069630824686,0.4638281104628762,33,Strategy,Social,0.4269052523504748,0.7701057525967734,34,0.0,0.0,0.0166666666666666,0.7438017107319939,0,0.8534114505888322,119,0.17647058823529413,0.1859412046035025,0.5170364858555798,4
338,1036,Experience 1036,Sports,0.9655169972756756,0.2298411882545339,0.2550485289661252,0.8478368672236546,17,Strategy,Social,0.4269052523504748,0.7701057525967734,34,0.0,0.0,0.2833333333333333,0.8281432766156505,0,0.9807859720051466,129,0.26356589147286824,0.2607102512744084,0.5047876709300481,5
339,1047,Experience 1047,Strategy,0.22550606962591,0.2148767550411004,0.6209051459122696,0.296299630453485,14,Strategy,Puzzle,0.3894822405099846,0.3138241513578917,38,1.0,0.0,0.4,0.7685770945977151,1,0.7978437351635729,110,0.15454545454545454,0.16804482646066804,0.6164904383733611,1
339,1108,Experience 1108,Puzzle,0.8425576923542274,0.4822507608830354,0.666849920378606,0.8027206052883656,21,Strategy,Puzzle,0.3894822405099846,0.3138241513578917,38,0.0,1.0,0.2833333333333333,0.7226323201313787,0,0.7220632252207266,92,0.2717391304347826,0.2664806021418468,0.6041217745032579,2
339,1090,Experience 1090,Puzzle,0.5586098880458512,0.4251872277402517,0.5338484342208252,0.861814417816014,19,Strategy,Puzzle,0.3894822405099846,0.3138241513578917,38,0.0,1.0,0.3166666666666666,0.8556338062891595,1,0.9096900267359459,121,0.2727272727272727,0.26841012368714073,0.5424167441791827,3
339,1102,Experience 1102,Sports,0.9402838286695968,0.4125021221616953,0.1907643304361418,0.200562471321554,40,Strategy,Puzzle,0.3894822405099846,0.3138241513578917,38,0.0,0.0,0.0333333333333333,0.8012820899261571,0,0.9243347085712409,117,0.3076923076923077,0.29814472583859014,0.49659030413339617,4
339,1107,Experience 1107,Social,0.7428970964662264,0.8045676070342606,0.8160785123357384,0.9076048913904824,23,Strategy,Puzzle,0.3894822405099846,0.3138241513578917,38,0.0,0.0,0.25,0.5734037281742463,0,0.9183846744947228,139,0.30935251798561153,0.3009171537099802,0.4752338375781084,5
340,1000,Experience 1000,Action,0.9096695293967186,0.6516437731703687,0.6290364009047581,0.2407530712142694,49,Action,Adventure,0.4225549949557426,0.1208446930272781,20,1.0,0.0,0.4833333333333333,0.7935185940509846,1,0.725954154451162,124,0.3225806451612903,0.31142935722143644,0.7951136042261511,1
340,1096,Experience 1096,Adventure,0.7903170826018652,0.4751627362769494,0.5362341337297925,0.9233469677258124,13,Action,Adventure,0.4225549949557426,0.1208446930272781,20,0.0,1.0,0.1166666666666666,0.8863208612259502,1,0.9416438862925413,123,0.25203252032520324,0.25067012195725064,0.5910331708253869,2
340,1057,Experience 1057,Adventure,0.6456559365327232,0.2179960435691,0.3788184780326499,0.8119882015105448,28,Action,Adventure,0.4225549949557426,0.1208446930272781,20,0.0,1.0,0.1333333333333333,0.9562634830769072,0,0.8817653108192106,128,0.203125,0.20841775297220844,0.5440112959047874,3
340,1015,Experience 1015,Sports,0.9316862802198296,0.7502302540767141,0.1563447605350174,0.9300033473547172,10,Action,Adventure,0.4225549949557426,0.1208446930272781,20,0.0,0.0,0.1666666666666666,0.7337897655792748,0,0.8015458465259989,113,0.19469026548672566,0.20184832661569058,0.46397091904846793,4
340,1037,Experience 1037,Sports,0.7994490651436071,0.7023148063737304,0.3263399911584964,0.9948242136208678,35,Action,Adventure,0.4225549949557426,0.1208446930272781,20,0.0,0.0,0.25,0.9037849962027538,1,0.904751582257116,120,0.30833333333333335,0.29889876742776317,0.4586426043739692,5
341,1071,Experience 1071,Adventure,0.5432545608778258,0.5917055303234199,0.8111881708009158,0.7718493432291552,17,Adventure,Creative,0.8520961690353287,0.4570212311520882,24,1.0,0.0,0.1166666666666666,0.9590920017655872,0,0.7825551166768708,121,0.21487603305785125,0.21876473361621876,0.7652943576045232,1
341,1017,Experience 1017,Adventure,0.8986224157650411,0.4138920991005588,0.5580723954683906,0.6429984233408326,53,Adventure,Creative,0.8520961690353287,0.4570212311520882,24,1.0,0.0,0.4833333333333333,0.7059762264330619,1,0.8388520425607162,125,0.256,0.25410915475784035,0.7599158016429592,2
341,1101,Experience 1101,Adventure,0.7760911633714107,0.1624374115097873,0.2510263664566988,0.468231405693584,28,Adventure,Creative,0.8520961690353287,0.4570212311520882,24,1.0,0.0,0.0666666666666666,0.3989301974213701,0,0.7168868111766903,106,0.19811320754716982,0.20512561460227657,0.7004353268679647,3
341,1028,Experience 1028,Simulation,0.7474374024719366,0.7598079156453001,0.9057260947827066,0.4943145335346177,16,Adventure,Creative,0.8520961690353287,0.4570212311520882,24,0.0,0.0,0.1333333333333333,0.946370074252622,0,0.925357079367604,122,0.22950819672131148,0.23130864394286513,0.4709307876741707,4
341,1088,Experience 1088,Sports,0.931739259022481,0.4207879774878386,0.5549692853271866,0.4100487869149942,11,Adventure,Creative,0.8520961690353287,0.4570212311520882,24,0.0,0.0,0.2166666666666666,0.7028731162918579,0,0.8836471277511043,113,0.3008849557522124,0.292073890525465,0.45722239441583656,5
342,1062,Experience 1062,Creative,0.7566608128373626,0.2501254620138091,0.431135077105207,0.8144738760309339,50,Strategy,Creative,0.305738819038768,0.7550764735091808,35,0.0,1.0,0.25,0.874603741933561,0,0.7011766932939384,118,0.2033898305084746,0.20902773507164382,0.601683770157734,1
342,1102,Experience 1102,Sports,0.9402838286695968,0.4125021221616953,0.1907643304361418,0.200562471321554,40,Strategy,Creative,0.305738819038768,0.7550764735091808,35,0.0,0.0,0.0833333333333333,0.8850255113973738,0,0.9740654688669088,117,0.3076923076923077,0.29814472583859014,0.5246429010950208,2
342,1059,Experience 1059,Social,0.7489549716721217,0.4911530499138364,0.6826986067555766,0.9132851837019758,49,Strategy,Creative,0.305738819038768,0.7550764735091808,35,0.0,0.0,0.2333333333333333,0.6230402122831914,1,0.9468959365673634,105,0.34285714285714286,0.32676661951909475,0.4817852753291956,3
342,1058,Experience 1058,Social,0.5666390936836835,0.5294440043668863,0.4156619036213059,0.2647117106195373,52,Strategy,Creative,0.305738819038768,0.7550764735091808,35,0.0,0.0,0.2833333333333333,0.8900769154174621,0,0.7982077877273951,100,0.32,0.30704856199905706,0.47744016338490186,4
342,1069,Experience 1069,Puzzle,0.8068156107352968,0.6551858372056814,0.8842124935251735,0.2530347499296835,35,Strategy,Creative,0.305738819038768,0.7550764735091808,35,0.0,0.0,0.0,0.4215263255135945,0,0.8667654379475185,121,0.2892561983471074,0.2825945208502613,0.4507010420675766,5
343,1013,Experience 1013,Sports,0.8486275995976889,0.743877614526904,0.1274827038621261,0.2359972626205526,20,Adventure,Sports,0.6312557656729918,0.716920502683792,17,0.0,1.0,0.05,0.4962269381891343,0,0.7376097190638286,116,0.3017241379310345,0.29298402529328565,0.6307018725525559,1
343,1050,Experience 1050,Sports,0.6444432625143321,0.2032573812502654,0.7840857883345029,0.0579453445381299,24,Adventure,Sports,0.6312557656729918,0.716920502683792,17,0.0,1.0,0.1166666666666666,0.8471699773384889,0,0.7893670438133072,107,0.27102803738317754,0.2665025782668255,0.6210491938449076,2
343,1025,Experience 1025,Social,0.838744739121835,0.7279884901895025,0.5876677647056102,0.0811540004238993,14,Adventure,Sports,0.6312557656729918,0.716920502683792,17,0.0,0.0,0.05,0.9564119990326184,0,0.7958217512618709,120,0.31666666666666665,0.30604162457062034,0.604987373525212,3
343,1041,Experience 1041,Sports,0.6879201981801872,0.7175911275892214,0.4277301159158936,0.4016616340093764,51,Adventure,Sports,0.6312557656729918,0.716920502683792,17,0.0,1.0,0.5666666666666667,0.7964743502429019,1,0.8401609599017527,132,0.18181818181818182,0.18977518052557135,0.6037292363763428,4
343,1018,Experience 1018,Sports,0.595787399703456,0.7252492811161741,0.1405053734195307,0.867172276606706,36,Adventure,Sports,0.6312557656729918,0.716920502683792,17,0.0,1.0,0.3166666666666666,0.5092496077465389,0,0.8520823137465464,104,0.18269230769230768,0.19230505999908748,0.5385959482541481,5
344,1004,Experience 1004,Puzzle,0.809305382335664,0.5027055170834634,0.7716046143560276,0.3920600224154432,16,Puzzle,Creative,0.7323315766355128,0.6687395332542919,52,1.0,0.0,0.6,0.9607269622794852,1,0.9398482450406112,123,0.21951219512195122,0.2226980939852227,0.8060133050490097,1
344,1043,Experience 1043,Creative,0.8838983032607785,0.7641225701636372,0.5942808569171103,0.6062993981927156,47,Puzzle,Creative,0.7323315766355128,0.6687395332542919,52,0.0,1.0,0.0833333333333333,0.8619492802815975,0,0.9035336994440692,110,0.35454545454545455,0.3372755956914373,0.6873353495924991,2
344,1076,Experience 1076,Creative,0.7805257487778566,0.3562342599893083,0.7812983230640933,0.571167362055741,8,Puzzle,Creative,0.7323315766355128,0.6687395332542919,52,0.0,1.0,0.7333333333333333,0.9510332535714195,0,0.8134548407024939,124,0.23387096774193547,0.23504046833254755,0.5855516151793736,3
344,1061,Experience 1061,Social,0.9515114053456256,0.4883887845440612,0.3838014404080356,0.6777086144544695,56,Puzzle,Creative,0.7323315766355128,0.6687395332542919,52,0.0,0.0,0.0666666666666666,0.6514698637725227,0,0.8864364417361994,113,0.3274336283185841,0.3146302815029086,0.5466535151573442,4
344,1099,Experience 1099,Adventure,0.8332801744008336,0.4077151465805127,0.8307594812615263,0.7545731382181347,49,Puzzle,Creative,0.7323315766355128,0.6687395332542919,52,0.0,0.0,0.05,0.9015720953739864,1,0.8757597123026104,119,0.2605042016806723,0.25788365064666796,0.4881538086756238,5
345,1014,Experience 1014,Social,0.7084360738896248,0.6919622480914536,0.5066406143622445,0.7631554898199004,35,Social,Sports,0.3972507862334924,0.4463164806783735,18,1.0,0.0,0.2833333333333333,0.8906101718712479,0,0.7092653161341677,117,0.29914529914529914,0.29084545576559745,0.8421112181179085,1
345,1085,Experience 1085,Social,0.715133524882573,0.3923165755464828,0.681782684374937,0.3715432084063615,41,Social,Sports,0.3972507862334924,0.4463164806783735,18,1.0,0.0,0.3833333333333333,0.7154681018585554,1,0.8310342791116868,117,0.24786324786324787,0.24704983532764122,0.8135148194811758,2
345,1012,Experience 1012,Social,0.4912469181469279,0.4504706076181689,0.5423234103127773,0.3692728413409686,11,Social,Sports,0.3972507862334924,0.4463164806783735,18,1.0,0.0,0.1166666666666666,0.8549273759207151,1,0.7996459908551414,120,0.2,0.20604162457062034,0.806510800684587,3
345,1002,Experience 1002,Social,0.5654662227449457,0.1419781043952984,0.4876512775379703,0.1763555764178013,30,Social,Sports,0.3972507862334924,0.4463164806783735,18,1.0,0.0,0.2,0.909599508695522,1,0.8457031504864779,125,0.312,0.30238501682680585,0.806506123874684,4
345,1013,Experience 1013,Sports,0.8486275995976889,0.743877614526904,0.1274827038621261,0.2359972626205526,20,Social,Sports,0.3972507862334924,0.4463164806783735,18,0.0,1.0,0.0333333333333333,0.7302319176286337,0,0.750810445108929,116,0.3017241379310345,0.29298402529328565,0.6651768665691264,5
346,1070,Experience 1070,Sports,0.9021629239090754,0.4240213755135868,0.7602726894428304,0.7757910864370905,50,Sports,Creative,0.8637583587235652,0.2829636182287967,20,1.0,0.0,0.5,0.8965143307192652,1,0.8005490211085792,111,0.2882882882882883,0.28126585831974693,0.8049076971882017,1
346,1106,Experience 1106,Sports,0.8146785788760947,0.3647619692710552,0.6750256601127794,0.7960604476258709,49,Sports,Creative,0.8637583587235652,0.2829636182287967,20,1.0,0.0,0.4833333333333333,0.8112673013892142,0,0.8849364764384764,128,0.28125,0.275985320539776,0.77586475188001,2
346,1001,Experience 1001,Sports,0.6452560499996463,0.8044840559110404,0.5776422262968883,0.3608105614175153,41,Sports,Creative,0.8637583587235652,0.2829636182287967,20,1.0,0.0,0.35,0.7138838675733231,0,0.8612396007019544,110,0.2545454545454545,0.25266021107605263,0.7665399737863342,3
346,1037,Experience 1037,Sports,0.7994490651436071,0.7023148063737304,0.3263399911584964,0.9948242136208678,35,Sports,Creative,0.8637583587235652,0.2829636182287967,20,1.0,0.0,0.25,0.4625816324349312,1,0.7115881634565016,120,0.30833333333333335,0.29889876742776317,0.7517011811114926,4
346,1004,Experience 1004,Puzzle,0.809305382335664,0.5027055170834634,0.7716046143560276,0.3920600224154432,16,Sports,Creative,0.8637583587235652,0.2829636182287967,20,0.0,0.0,0.0666666666666666,0.9078462556324624,0,0.8183611149995982,123,0.21951219512195122,0.2226980939852227,0.47521126813025466,5
347,1010,Experience 1010,Simulation,0.8201589080775701,0.1741976609077686,0.1927429310808082,0.4388217018019487,21,Simulation,Sports,0.3089055460005646,0.525544504754568,23,1.0,0.0,0.0333333333333333,0.8838373850802437,0,0.982123177350214,122,0.19672131147540983,0.20313962985835807,0.7893120664525534,1
347,1056,Experience 1056,Simulation,0.5850817489192739,0.1274880872408227,0.8708251250831834,0.1754622465790878,53,Simulation,Sports,0.3089055460005646,0.525544504754568,23,1.0,0.0,0.5,0.4380804209173812,1,0.9225248165190806,128,0.1640625,0.17463396918842464,0.6678100387597714,2
347,1037,Experience 1037,Sports,0.7994490651436071,0.7023148063737304,0.3263399911584964,0.9948242136208678,35,Simulation,Sports,0.3089055460005646,0.525544504754568,23,0.0,1.0,0.2,0.9825655548420682,0,0.8247911000695856,120,0.30833333333333335,0.29889876742776317,0.6669234487552004,3
347,1083,Experience 1083,Sports,0.5638116113845065,0.5523903507798276,0.3674940432740611,0.3952346537588943,26,Simulation,Sports,0.3089055460005646,0.525544504754568,23,0.0,1.0,0.05,0.9414115027265036,1,0.9211306054097506,122,0.22950819672131148,0.23130864394286513,0.6149337733729628,4
347,1049,Experience 1049,Sports,0.4370836638665348,0.2536527377340197,0.5512982630814426,0.1951855298186556,20,Simulation,Sports,0.3089055460005646,0.525544504754568,23,0.0,1.0,0.05,0.757607282919122,0,0.7695592658811732,122,0.19672131147540983,0.20313962985835807,0.5375369443045996,5
348,1057,Experience 1057,Adventure,0.6456559365327232,0.2179960435691,0.3788184780326499,0.8119882015105448,28,Creative,Adventure,0.36043785281113,0.6441427059372501,28,0.0,1.0,0.0,0.9816193747784802,1,0.7132689475083499,128,0.203125,0.20841775297220844,0.5794704394754209,1
348,1084,Experience 1084,Social,0.6722561348379004,0.2863456816441453,0.5362524927433157,0.7470758006298863,26,Creative,Adventure,0.36043785281113,0.6441427059372501,28,0.0,0.0,0.0333333333333333,0.8241853600678144,0,0.8240405848871887,111,0.35135135135135137,0.3347009728235637,0.478648459919237,2
348,1015,Experience 1015,Sports,0.9316862802198296,0.7502302540767141,0.1563447605350174,0.9300033473547172,10,Creative,Adventure,0.36043785281113,0.6441427059372501,28,0.0,0.0,0.3,0.7959069077238874,0,0.8579621001883971,113,0.19469026548672566,0.20184832661569058,0.4783154309661137,3
348,1104,Experience 1104,Sports,0.7763284069557427,0.7928984171430337,0.1707069630824686,0.4638281104628762,33,Creative,Adventure,0.36043785281113,0.6441427059372501,28,0.0,0.0,0.0833333333333333,0.8102691102713386,0,0.8327537075707522,119,0.17647058823529413,0.1859412046035025,0.4776548763590168,4
348,1059,Experience 1059,Social,0.7489549716721217,0.4911530499138364,0.6826986067555766,0.9132851837019758,49,Creative,Adventure,0.36043785281113,0.6441427059372501,28,0.0,0.0,0.35,0.6777392460555535,0,0.8108024135660001,105,0.34285714285714286,0.32676661951909475,0.46318734526876026,5
349,1033,Experience 1033,Simulation,0.8859147305780027,0.259942782541492,0.2648265360525452,0.1086571032622624,31,Simulation,Social,0.6630007927269038,0.8634267523996264,38,1.0,0.0,0.1166666666666666,0.6018257433256414,0,0.9644189642658095,120,0.275,0.27032733885633464,0.7911460550004846,1
349,1079,Experience 1079,Social,0.6252808613431486,0.1651788036494796,0.2355254260756802,0.2079980737084605,56,Simulation,Social,0.6630007927269038,0.8634267523996264,38,0.0,1.0,0.3,0.5725246333487765,1,0.7677987554495916,123,0.2032520325203252,0.2087120799992087,0.591926512366724,2
349,1042,Experience 1042,Social,0.3938579788705362,0.1390150525777733,0.8546241607610466,0.268085104820551,16,Simulation,Social,0.6630007927269038,0.8634267523996264,38,0.0,1.0,0.3666666666666666,0.8083766319658572,0,0.8153575251269514,124,0.24193548387096775,0.241984912776992,0.5812061152329421,3
349,1070,Experience 1070,Sports,0.9021629239090754,0.4240213755135868,0.7602726894428304,0.7757910864370905,50,Simulation,Social,0.6630007927269038,0.8634267523996264,38,0.0,0.0,0.2,0.9027281032840734,0,0.8514389891064861,111,0.2882882882882883,0.28126585831974693,0.5440506249115137,4
349,1008,Experience 1008,Adventure,0.8415828324170402,0.3364498304651394,0.599089106012921,0.2728043301458357,40,Simulation,Social,0.6630007927269038,0.8634267523996264,38,0.0,0.0,0.0333333333333333,0.9360883132860172,0,0.7819265437478984,117,0.27350427350427353,0.2689476455466193,0.5084540775102787,5
350,1063,Experience 1063,Strategy,0.7810917854701819,0.2349952712342425,0.5114173417348135,0.235256388415645,21,Simulation,Strategy,0.8394372150627668,0.8055923706691214,25,0.0,1.0,0.0666666666666666,0.6719801266720467,0,0.8627886389383229,117,0.18803418803418803,0.19595494481669232,0.5351407235402629,1
350,1023,Experience 1023,Strategy,0.934275144868182,0.4241492862896971,0.2179097364670654,0.7914514878076223,48,Simulation,Strategy,0.8394372150627668,0.8055923706691214,25,0.0,1.0,0.3833333333333333,0.3784725214042986,0,0.948272027034835,110,0.2818181818181818,0.2757371341529757,0.49138824158689753,2
350,1108,Experience 1108,Puzzle,0.8425576923542274,0.4822507608830354,0.666849920378606,0.8027206052883656,21,Simulation,Strategy,0.8394372150627668,0.8055923706691214,25,0.0,0.0,0.0666666666666666,0.8274127053158392,1,0.9574261600995532,92,0.2717391304347826,0.2664806021418468,0.4562715791349086,3
350,1091,Experience 1091,Sports,0.6742348817628386,0.2717222536331008,0.7498162980972818,0.6422524185679935,12,Simulation,Strategy,0.8394372150627668,0.8055923706691214,25,0.0,0.0,0.2166666666666666,0.910379083034515,0,0.9568185566634168,105,0.2571428571428571,0.25476661951909474,0.41121413840130316,4
350,1067,Experience 1067,Creative,0.788764048918011,0.4580972487220676,0.5921026845821029,0.4299570499000478,43,Simulation,Strategy,0.8394372150627668,0.8055923706691214,25,0.0,0.0,0.3,0.7526654695193361,0,0.8233002460145895,119,0.31092436974789917,0.30104911827256725,0.40154455227785557,5
351,1018,Experience 1018,Sports,0.595787399703456,0.7252492811161741,0.1405053734195307,0.867172276606706,36,Sports,Simulation,0.5158399373662297,0.3085560430507696,38,1.0,0.0,0.0333333333333333,0.624665436053301,1,0.8126024789978882,104,0.18269230769230768,0.19230505999908748,0.7420434493180014,1
351,1033,Experience 1033,Simulation,0.8859147305780027,0.259942782541492,0.2648265360525452,0.1086571032622624,31,Sports,Simulation,0.5158399373662297,0.3085560430507696,38,0.0,1.0,0.1166666666666666,0.7489865986863156,0,0.9957384160710854,120,0.275,0.27032733885633464,0.5730240586953893,2
351,1020,Experience 1020,Simulation,0.8220634578382588,0.5054615596538111,0.3982077558970217,0.6135164847298321,13,Sports,Simulation,0.5158399373662297,0.3085560430507696,38,0.0,1.0,0.4166666666666667,0.8823678185307919,1,0.9502489419327518,129,0.21705426356589147,0.22044179489856944,0.5635555024812006,3
351,1028,Experience 1028,Simulation,0.7474374024719366,0.7598079156453001,0.9057260947827066,0.4943145335346177,16,Sports,Simulation,0.5158399373662297,0.3085560430507696,38,0.0,1.0,0.3666666666666666,0.6101138425835231,0,0.8563254810441836,122,0.22950819672131148,0.23130864394286513,0.5431900545147141,4
351,1043,Experience 1043,Creative,0.8838983032607785,0.7641225701636372,0.5942808569171103,0.6062993981927156,47,Sports,Simulation,0.5158399373662297,0.3085560430507696,38,0.0,0.0,0.15,0.9215590804491194,1,0.9963673304363976,110,0.35454545454545455,0.3372755956914373,0.4882010313510913,5
352,1118,Experience 1118,Adventure,0.6594774101626886,0.3565880675711896,0.5086937555214479,0.0351168111096665,58,Adventure,Action,0.5306528175317812,0.5475106100693061,54,1.0,0.0,0.0666666666666666,0.9780409379896668,0,0.8489258824681951,109,0.21100917431192662,0.21585912744098332,0.7908000897012422,1
352,1051,Experience 1051,Adventure,0.7608650542535511,0.4945204429565272,0.5049786641965721,0.9492935230092574,34,Adventure,Action,0.5306528175317812,0.5475106100693061,54,1.0,0.0,0.3333333333333333,0.9743258466647908,0,0.8711759346182256,122,0.2459016393442623,0.24539315098511863,0.7858117075359006,2
352,1117,Experience 1117,Adventure,0.4143954852484882,0.5042520610293434,0.5381695778516243,0.3991953026577904,51,Adventure,Action,0.5306528175317812,0.5475106100693061,54,1.0,0.0,0.05,0.9924832396801568,1,0.8361803709666192,114,0.17543859649122806,0.18541662268572273,0.7548607613492658,3
352,1031,Experience 1031,Adventure,0.6267069522672452,0.6020379288394027,0.9395582128996094,0.5521627033044271,46,Adventure,Action,0.5306528175317812,0.5475106100693061,54,1.0,0.0,0.1333333333333333,0.5910946046321718,1,0.9569729926926925,113,0.23008849557522124,0.2319235145856154,0.7511851525471596,4
352,1040,Experience 1040,Adventure,0.8007594991172722,0.3266907558049443,0.1528993913771743,0.3143479426299048,10,Adventure,Action,0.5306528175317812,0.5475106100693061,54,1.0,0.0,0.7333333333333333,0.6222465738453931,0,0.9724692137501973,109,0.2018348623853211,0.20810718945648718,0.6956536394641368,5
353,1045,Experience 1045,Strategy,0.6865679540637682,0.4124899761623172,0.8858497306039471,0.3446408865116177,23,Strategy,Puzzle,0.4970259705232384,0.046551948948759,53,1.0,0.0,0.5,0.6111762399192913,0,0.7872741212219464,95,0.14736842105263157,0.16387676034684212,0.7047387552207237,1
353,1004,Experience 1004,Puzzle,0.809305382335664,0.5027055170834634,0.7716046143560276,0.3920600224154432,16,Strategy,Puzzle,0.4970259705232384,0.046551948948759,53,0.0,1.0,0.6166666666666667,0.7254213561672109,0,0.8892919880851105,123,0.21951219512195122,0.2226980939852227,0.5641494291881436,2
353,1026,Experience 1026,Puzzle,0.7847705334160814,0.4236675665053301,0.2918167090217533,0.0158055554401338,14,Strategy,Puzzle,0.4970259705232384,0.046551948948759,53,0.0,1.0,0.65,0.7947907384985149,1,0.7902999782365117,111,0.1981981981981982,0.2049299804571515,0.5458988170664469,3
353,1014,Experience 1014,Social,0.7084360738896248,0.6919622480914536,0.5066406143622445,0.7631554898199004,35,Strategy,Puzzle,0.4970259705232384,0.046551948948759,53,0.0,0.0,0.3,0.990385356160994,0,0.8146401695836089,117,0.29914529914529914,0.29084545576559745,0.5107184775881692,4
353,1044,Experience 1044,Action,0.8578996664042653,0.7405382156713768,0.540545681694017,0.9388053542070384,40,Strategy,Puzzle,0.4970259705232384,0.046551948948759,53,0.0,0.0,0.2166666666666666,0.9564802888292214,1,0.8034521671196353,112,0.2857142857142857,0.27913505636277913,0.48810682951963275,5
354,1111,Experience 1111,Sports,0.9428982678236224,0.8155250577848677,0.575778764164542,0.2547283501174674,25,Sports,Simulation,0.6841401964454974,0.3512884206828245,30,1.0,0.0,0.0833333333333333,0.8916385677190446,0,0.8883884650025315,139,0.3237410071942446,0.31349577006218143,0.8419817677631806,1
354,1027,Experience 1027,Sports,0.8258355726034926,0.7779980359761599,0.5071112833110228,0.4772006332829246,49,Sports,Simulation,0.6841401964454974,0.3512884206828245,30,1.0,0.0,0.3166666666666666,0.8229710868655254,0,0.855487875314764,111,0.23423423423423423,0.23546433160218966,0.8011853085950082,2
354,1033,Experience 1033,Simulation,0.8859147305780027,0.259942782541492,0.2648265360525452,0.1086571032622624,31,Sports,Simulation,0.6841401964454974,0.3512884206828245,30,0.0,1.0,0.0166666666666666,0.5806863396070479,0,0.786168208618993,120,0.275,0.27032733885633464,0.5494677365164234,3
354,1110,Experience 1110,Creative,0.8487034770737338,0.6513439158584452,0.7080979103356375,0.2741343936886083,18,Sports,Simulation,0.6841401964454974,0.3512884206828245,30,0.0,0.0,0.2,0.97604228610986,0,0.9868840243333613,109,0.28440366972477066,0.2778746313169523,0.4725170073796795,4
354,1006,Experience 1006,Action,0.8770181756508404,0.5275353377269014,0.8047332447846338,0.7517807092307816,28,Sports,Simulation,0.6841401964454974,0.3512884206828245,30,0.0,0.0,0.0333333333333333,0.8794069516608636,0,0.7137083809528988,103,0.27184466019417475,0.26703924747875485,0.4718541806994791,5
355,1084,Experience 1084,Social,0.6722561348379004,0.2863456816441453,0.5362524927433157,0.7470758006298863,26,Social,Puzzle,0.4307427071576286,0.391909260332754,27,1.0,0.0,0.0166666666666666,0.894490214414313,0,0.8952506372218093,111,0.35135135135135137,0.3347009728235637,0.8273356650151911,1
355,1075,Experience 1075,Puzzle,0.7701763699744956,0.5714931074517187,0.7080993700732455,0.0043057756676786,58,Social,Puzzle,0.4307427071576286,0.391909260332754,27,0.0,1.0,0.5166666666666667,0.722643337084383,0,0.998803314771397,114,0.22807017543859648,0.23019274208870782,0.5918442999843581,2
355,1019,Experience 1019,Puzzle,0.5059661119161158,0.8228200647408448,0.2570325653065184,0.9988296373336586,24,Social,Puzzle,0.4307427071576286,0.391909260332754,27,0.0,1.0,0.05,0.8262898581488899,0,0.7275808562709701,121,0.19834710743801653,0.2045803364530982,0.5761166037180606,3
355,1052,Experience 1052,Creative,0.6879474895864814,0.8150878066775633,0.5427584275418881,0.4028796085076296,43,Social,Puzzle,0.4307427071576286,0.391909260332754,27,0.0,0.0,0.2666666666666666,0.8879842796157404,1,0.8099452028987948,129,0.3178294573643411,0.30769011704622046,0.4521097031691216,4
355,1070,Experience 1070,Sports,0.9021629239090754,0.4240213755135868,0.7602726894428304,0.7757910864370905,50,Social,Puzzle,0.4307427071576286,0.391909260332754,27,0.0,0.0,0.3833333333333333,0.6704700177147982,0,0.8066229752703628,111,0.2882882882882883,0.28126585831974693,0.45125190599520865,5
356,1085,Experience 1085,Social,0.715133524882573,0.3923165755464828,0.681782684374937,0.3715432084063615,41,Social,Simulation,0.5395257155392911,0.5919538111194621,19,1.0,0.0,0.3666666666666666,0.857743031164354,1,0.8613526454375977,117,0.24786324786324787,0.24704983532764122,0.8059573274376419,1
356,1111,Experience 1111,Sports,0.9428982678236224,0.8155250577848677,0.575778764164542,0.2547283501174674,25,Social,Simulation,0.5395257155392911,0.5919538111194621,19,0.0,0.0,0.1,0.9637469513747492,0,0.7638067547475004,139,0.3237410071942446,0.31349577006218143,0.5423252226057553,2
356,1112,Experience 1112,Simulation,0.2735953131794247,0.4885963348973961,0.6296328968909383,0.135038096056236,20,Social,Simulation,0.5395257155392911,0.5919538111194621,19,0.0,1.0,0.0166666666666666,0.9098928186483528,0,0.9879571585360999,119,0.16806722689075632,0.17874695999918594,0.4897581010046094,3
356,1110,Experience 1110,Creative,0.8487034770737338,0.6513439158584452,0.7080979103356375,0.2741343936886083,18,Social,Simulation,0.5395257155392911,0.5919538111194621,19,0.0,0.0,0.0166666666666666,0.8314278052036536,0,0.9904843755859921,109,0.28440366972477066,0.2778746313169523,0.47549610206060644,4
356,1119,Experience 1119,Action,0.8086136050725224,0.7572883677081093,0.5086964614589882,0.1619415702496311,9,Social,Simulation,0.5395257155392911,0.5919538111194621,19,0.0,0.0,0.1666666666666666,0.9691707459196972,0,0.9604023035110311,115,0.30434782608695654,0.29515427733249516,0.47417574788526223,5
357,1066,Experience 1066,Strategy,0.5933044321129625,0.8148765601157231,0.9082281614290438,0.2645976053461583,23,Simulation,Strategy,0.8413991058614791,0.3943896792101694,21,0.0,1.0,0.0333333333333333,0.9331709444324352,1,0.8311674660125434,125,0.208,0.21272984441301274,0.5731308419617019,1
357,1100,Experience 1100,Sports,0.8539423752816214,0.5771516782683807,0.6603015579098336,0.097787997445443,39,Simulation,Strategy,0.8413991058614791,0.3943896792101694,21,0.0,0.0,0.3,0.8189024520483544,1,0.9984439502651774,107,0.3177570093457944,0.3058726570069831,0.43979095177412725,2
357,1042,Experience 1042,Social,0.3938579788705362,0.1390150525777733,0.8546241607610466,0.268085104820551,16,Simulation,Strategy,0.8413991058614791,0.3943896792101694,21,0.0,0.0,0.0833333333333333,0.9867749451004324,0,0.9083645934948752,124,0.24193548387096775,0.241984912776992,0.3926750019121525,3
357,1071,Experience 1071,Adventure,0.5432545608778258,0.5917055303234199,0.8111881708009158,0.7718493432291552,17,Simulation,Strategy,0.8413991058614791,0.3943896792101694,21,0.0,0.0,0.0666666666666666,0.9697890649394366,0,0.7967810801347006,121,0.21487603305785125,0.21876473361621876,0.37483910004129883,4
357,1036,Experience 1036,Sports,0.9655169972756756,0.2298411882545339,0.2550485289661252,0.8478368672236546,17,Simulation,Strategy,0.8413991058614791,0.3943896792101694,21,0.0,0.0,0.0666666666666666,0.413649423104646,0,0.7257393697491293,129,0.26356589147286824,0.2607102512744084,0.3691164446054108,5
358,1025,Experience 1025,Social,0.838744739121835,0.7279884901895025,0.5876677647056102,0.0811540004238993,14,Social,Action,0.1754573666362209,0.5869277409745547,25,1.0,0.0,0.1833333333333333,0.5877896019306107,1,0.9734631806718999,120,0.31666666666666665,0.30604162457062034,0.8314759303392623,1
358,1000,Experience 1000,Action,0.9096695293967186,0.6516437731703687,0.6290364009047581,0.2407530712142694,49,Social,Action,0.1754573666362209,0.5869277409745547,25,0.0,1.0,0.4,0.5464209657314628,0,0.7170820715836432,124,0.3225806451612903,0.31142935722143644,0.5952051250751278,2
358,1068,Experience 1068,Action,0.698456042052288,0.2594560290757449,0.3550613668330224,0.4325155932423661,21,Social,Action,0.1754573666362209,0.5869277409745547,25,0.0,1.0,0.0666666666666666,0.8203959998031986,0,0.9153882946778935,111,0.24324324324324326,0.2430979193884492,0.5768786424967766,3
358,1086,Experience 1086,Action,0.6307900998772656,0.1325899003231649,0.3014212434741936,0.1888364204756389,42,Social,Action,0.1754573666362209,0.5869277409745547,25,0.0,1.0,0.2833333333333333,0.8740361231620273,0,0.9371639159164395,127,0.2283464566929134,0.2302437240808629,0.5418462825668257,4
358,1102,Experience 1102,Sports,0.9402838286695968,0.4125021221616953,0.1907643304361418,0.200562471321554,40,Social,Action,0.1754573666362209,0.5869277409745547,25,0.0,0.0,0.25,0.9846930362000792,0,0.7672426638318312,117,0.3076923076923077,0.29814472583859014,0.5072422360850205,5
359,1043,Experience 1043,Creative,0.8838983032607785,0.7641225701636372,0.5942808569171103,0.6062993981927156,47,Creative,Action,0.9201673450587274,0.7590818966572539,15,1.0,0.0,0.5333333333333333,0.6741135118583829,1,0.8316563270062363,110,0.35454545454545455,0.3372755956914373,0.7817583395562874,1
359,1038,Experience 1038,Creative,0.8025898263845425,0.4058560569474049,0.8087225901435202,0.8729120163870842,60,Creative,Action,0.9201673450587274,0.7590818966572539,15,1.0,0.0,0.75,0.8885552450847928,1,0.7080107800072619,108,0.2037037037037037,0.209733026874116,0.7640329210097906,2
359,1107,Experience 1107,Social,0.7428970964662264,0.8045676070342606,0.8160785123357384,0.9076048913904824,23,Creative,Action,0.9201673450587274,0.7590818966572539,15,0.0,0.0,0.1333333333333333,0.8959111672770109,0,0.8265924035516239,139,0.30935251798561153,0.3009171537099802,0.5400964180250525,3
359,1069,Experience 1069,Puzzle,0.8068156107352968,0.6551858372056814,0.8842124935251735,0.2530347499296835,35,Creative,Action,0.9201673450587274,0.7590818966572539,15,0.0,0.0,0.3333333333333333,0.964045148466446,0,0.8874849289758571,121,0.2892561983471074,0.2825945208502613,0.4882763782142788,4
359,1100,Experience 1100,Sports,0.8539423752816214,0.5771516782683807,0.6603015579098336,0.097787997445443,39,Creative,Action,0.9201673450587274,0.7590818966572539,15,0.0,0.0,0.4,0.7401342128511061,0,0.7444418671915564,107,0.3177570093457944,0.3058726570069831,0.4529191045717547,5
360,1076,Experience 1076,Creative,0.7805257487778566,0.3562342599893083,0.7812983230640933,0.571167362055741,8,Creative,Adventure,0.7353118613480741,0.4607177429489869,28,1.0,0.0,0.3333333333333333,0.9540135382839808,0,0.7724888060659444,124,0.23387096774193547,0.23504046833254755,0.7846013657656097,1
360,1111,Experience 1111,Sports,0.9428982678236224,0.8155250577848677,0.575778764164542,0.2547283501174674,25,Creative,Adventure,0.7353118613480741,0.4607177429489869,28,0.0,0.0,0.05,0.8404669028164679,0,0.8768573734981204,139,0.3237410071942446,0.31349577006218143,0.5319012944083169,2
360,1092,Experience 1092,Sports,0.8280410369904486,0.5343815491606264,0.7426691928850321,0.6904019545155015,39,Creative,Adventure,0.7353118613480741,0.4607177429489869,28,0.0,0.0,0.1833333333333333,0.992642668463042,0,0.9417407104350191,128,0.2421875,0.2422015367559922,0.49829628909926127,3
360,1040,Experience 1040,Adventure,0.8007594991172722,0.3266907558049443,0.1528993913771743,0.3143479426299048,10,Creative,Adventure,0.7353118613480741,0.4607177429489869,28,0.0,1.0,0.3,0.4175875300291001,0,0.7813042148771181,109,0.2018348623853211,0.20810718945648718,0.47490654538836324,4
360,1088,Experience 1088,Sports,0.931739259022481,0.4207879774878386,0.5549692853271866,0.4100487869149942,11,Creative,Adventure,0.7353118613480741,0.4607177429489869,28,0.0,0.0,0.2833333333333333,0.8196574239791125,0,0.722361108683637,113,0.3008849557522124,0.292073890525465,0.4653323840381621,5
361,1119,Experience 1119,Action,0.8086136050725224,0.7572883677081093,0.5086964614589882,0.1619415702496311,9,Action,Social,0.797252846343212,0.5975645816629432,30,1.0,0.0,0.35,0.7114436151157761,0,0.761784321998866,115,0.30434782608695654,0.29515427733249516,0.8202700572838407,1
361,1061,Experience 1061,Social,0.9515114053456256,0.4883887845440612,0.3838014404080356,0.6777086144544695,56,Action,Social,0.797252846343212,0.5975645816629432,30,0.0,1.0,0.4333333333333333,0.5865485940648236,0,0.8243136168552773,113,0.3274336283185841,0.3146302815029086,0.6959982087103287,2
361,1109,Experience 1109,Social,0.5415451963988065,0.6320276759129257,0.4602651355822746,0.2660308726216652,48,Action,Social,0.797252846343212,0.5975645816629432,30,0.0,1.0,0.3,0.6630122892390626,0,0.9681482911722498,125,0.312,0.30238501682680585,0.6428667125259029,3
361,1004,Experience 1004,Puzzle,0.809305382335664,0.5027055170834634,0.7716046143560276,0.3920600224154432,16,Action,Social,0.797252846343212,0.5975645816629432,30,0.0,0.0,0.2333333333333333,0.9743517680128156,0,0.8079075608908481,123,0.21951219512195122,0.2226980939852227,0.5394819304263181,4
361,1106,Experience 1106,Sports,0.8146785788760947,0.3647619692710552,0.6750256601127794,0.7960604476258709,49,Action,Social,0.797252846343212,0.5975645816629432,30,0.0,0.0,0.3166666666666666,0.8777728137695674,0,0.9037392909354715,128,0.28125,0.275985320539776,0.5139980411227595,5
362,1073,Experience 1073,Adventure,0.687693407311507,0.5642695337399875,0.7523432280065728,0.8351257910807337,50,Puzzle,Adventure,0.5547728965251262,0.5132876482019503,55,0.0,1.0,0.0833333333333333,0.8024296685185534,0,0.975171135140378,132,0.26515151515151514,0.26214360157820293,0.5888143958694904,1
362,1117,Experience 1117,Adventure,0.4143954852484882,0.5042520610293434,0.5381695778516243,0.3991953026577904,51,Puzzle,Adventure,0.5547728965251262,0.5132876482019503,55,0.0,1.0,0.0666666666666666,0.9833966813264982,0,0.7558048319484568,114,0.17543859649122806,0.18541662268572273,0.5456780290843296,2
362,1059,Experience 1059,Social,0.7489549716721217,0.4911530499138364,0.6826986067555766,0.9132851837019758,49,Puzzle,Adventure,0.5547728965251262,0.5132876482019503,55,0.0,0.0,0.1,0.8720742897695496,0,0.8221403445411434,105,0.34285714285714286,0.32676661951909475,0.5178048248745227,3
362,1022,Experience 1022,Adventure,0.5006486309375991,0.407575941114626,0.4697425498140824,0.908608246555642,36,Puzzle,Adventure,0.5547728965251262,0.5132876482019503,55,0.0,1.0,0.3166666666666666,0.9149696532889562,1,0.8531878472499996,124,0.20967741935483872,0.2142071349992142,0.5106542902170041,4
362,1100,Experience 1100,Sports,0.8539423752816214,0.5771516782683807,0.6603015579098336,0.097787997445443,39,Puzzle,Adventure,0.5547728965251262,0.5132876482019503,55,0.0,0.0,0.2666666666666666,0.8944713386152926,0,0.7270865666012971,107,0.3177570093457944,0.3058726570069831,0.4948838201588489,5
363,1087,Experience 1087,Creative,0.7417160017369715,0.3980069401610766,0.5803538931422866,0.1954958273965873,33,Simulation,Creative,0.4247397679024594,0.9878094719606008,29,0.0,1.0,0.0666666666666666,0.8443858747601729,0,0.7287622170130471,117,0.15384615384615385,0.16675786452472152,0.6264551854506965,1
363,1069,Experience 1069,Puzzle,0.8068156107352968,0.6551858372056814,0.8842124935251735,0.2530347499296835,35,Simulation,Creative,0.4247397679024594,0.9878094719606008,29,0.0,0.0,0.1,0.540527274377286,1,0.8795845585579025,121,0.2892561983471074,0.2825945208502613,0.4563774048411038,2
363,1012,Experience 1012,Social,0.4912469181469279,0.4504706076181689,0.5423234103127773,0.3692728413409686,11,Simulation,Creative,0.4247397679024594,0.9878094719606008,29,0.0,0.0,0.3,0.8824163575896822,1,0.8790417363791714,120,0.2,0.20604162457062034,0.4402021046559044,3
363,1075,Experience 1075,Puzzle,0.7701763699744956,0.5714931074517187,0.7080993700732455,0.0043057756676786,58,Simulation,Creative,0.4247397679024594,0.9878094719606008,29,0.0,0.0,0.4833333333333333,0.716640397829214,0,0.8968632335322549,114,0.22807017543859648,0.23019274208870782,0.4320694732994405,4
363,1019,Experience 1019,Puzzle,0.5059661119161158,0.8228200647408448,0.2570325653065184,0.9988296373336586,24,Simulation,Creative,0.4247397679024594,0.9878094719606008,29,0.0,0.0,0.0833333333333333,0.832292797404059,0,0.7977312473073114,121,0.19834710743801653,0.2045803364530982,0.41149183730729055,5
364,1058,Experience 1058,Social,0.5666390936836835,0.5294440043668863,0.4156619036213059,0.2647117106195373,52,Social,Creative,0.0992858698481255,0.2591057242237811,55,1.0,0.0,0.05,0.6836239662268196,0,0.7772651957594845,100,0.32,0.30704856199905706,0.807525619724431,1
364,1084,Experience 1084,Social,0.6722561348379004,0.2863456816441453,0.5362524927433157,0.7470758006298863,26,Social,Creative,0.0992858698481255,0.2591057242237811,55,1.0,0.0,0.4833333333333333,0.5630333771048099,0,0.8813958295935164,111,0.35135135135135137,0.3347009728235637,0.7642539321122651,2
364,1052,Experience 1052,Creative,0.6879474895864814,0.8150878066775633,0.5427584275418881,0.4028796085076296,43,Social,Creative,0.0992858698481255,0.2591057242237811,55,0.0,1.0,0.2,0.5565274423062375,0,0.7657762309598307,129,0.3178294573643411,0.30769011704622046,0.5817763762910713,3
364,1087,Experience 1087,Creative,0.7417160017369715,0.3980069401610766,0.5803538931422866,0.1954958273965873,33,Social,Creative,0.0992858698481255,0.2591057242237811,55,0.0,1.0,0.3666666666666666,0.518931976705839,1,0.8257902089477576,117,0.15384615384615385,0.16675786452472152,0.5418068759343235,4
364,1009,Experience 1009,Action,0.7987178764315418,0.3460501829476273,0.2238314684756084,0.130890330850495,53,Social,Creative,0.0992858698481255,0.2591057242237811,55,0.0,0.0,0.0333333333333333,0.8754544013725171,0,0.8460473051007712,104,0.28846153846153844,0.28101473741844224,0.46994448995397436,5
365,1013,Experience 1013,Sports,0.8486275995976889,0.743877614526904,0.1274827038621261,0.2359972626205526,20,Sports,Strategy,0.77377245472322,0.3809225149817947,36,1.0,0.0,0.2666666666666666,0.3537102491389061,1,0.988545000513082,116,0.3017241379310345,0.29298402529328565,0.7463272929897313,1
365,1038,Experience 1038,Creative,0.8025898263845425,0.4058560569474049,0.8087225901435202,0.8729120163870842,60,Sports,Strategy,0.77377245472322,0.3809225149817947,36,0.0,0.0,0.4,0.9650498645796998,0,0.7285973571032505,108,0.2037037037037037,0.209733026874116,0.4382784902382991,2
365,1103,Experience 1103,Action,0.6677544964493587,0.4461723957193605,0.794276194278496,0.1853752728024856,59,Sports,Strategy,0.77377245472322,0.3809225149817947,36,0.0,0.0,0.3833333333333333,0.979496260444724,0,0.7904825613216763,121,0.23140495867768596,0.23294913077933935,0.41920851649528734,3
365,1055,Experience 1055,Action,0.9121309206982589,0.3826203354113438,0.2499073592941251,0.1919211614110854,38,Sports,Strategy,0.77377245472322,0.3809225149817947,36,0.0,0.0,0.0333333333333333,0.4761349045709051,0,0.7291211861989518,114,0.23684210526315788,0.237655428655872,0.4000712790929775,4
365,1032,Experience 1032,Action,0.9183909657409184,0.1782087510115781,0.2798409650960937,0.836613041032693,59,Sports,Strategy,0.77377245472322,0.3809225149817947,36,0.0,0.0,0.3833333333333333,0.5060685103728737,0,0.9848616389329644,120,0.275,0.27032733885633464,0.3554264292411704,5
366,1100,Experience 1100,Sports,0.8539423752816214,0.5771516782683807,0.6603015579098336,0.097787997445443,39,Sports,Action,0.7264910323017161,0.0857351305004636,53,1.0,0.0,0.2333333333333333,0.9338105256081176,0,0.7451112549270231,107,0.3177570093457944,0.3058726570069831,0.8240510779520169,1
366,1092,Experience 1092,Sports,0.8280410369904486,0.5343815491606264,0.7426691928850321,0.6904019545155015,39,Sports,Action,0.7264910323017161,0.0857351305004636,53,1.0,0.0,0.2333333333333333,0.983821839416684,0,0.8000105479564558,128,0.2421875,0.2422015367559922,0.8214349931636346,2
366,1104,Experience 1104,Sports,0.7763284069557427,0.7928984171430337,0.1707069630824686,0.4638281104628762,33,Sports,Action,0.7264910323017161,0.0857351305004636,53,1.0,0.0,0.3333333333333333,0.4442159307807525,1,0.9255515895532479,119,0.17647058823529413,0.1859412046035025,0.7400174721309527,3
366,1068,Experience 1068,Action,0.698456042052288,0.2594560290757449,0.3550613668330224,0.4325155932423661,21,Sports,Action,0.7264910323017161,0.0857351305004636,53,0.0,1.0,0.5333333333333333,0.6285703345313063,0,0.8360158406147983,111,0.24324324324324326,0.2430979193884492,0.47473887974918016,4
366,1067,Experience 1067,Creative,0.788764048918011,0.4580972487220676,0.5921026845821029,0.4299570499000478,43,Sports,Action,0.7264910323017161,0.0857351305004636,53,0.0,0.0,0.1666666666666666,0.8656116522803868,0,0.7809812384622349,119,0.31092436974789917,0.30104911827256725,0.434783822010118,5
367,1105,Experience 1105,Sports,0.6106599794863272,0.6391373818905719,0.6213931070244737,0.2894297075080649,54,Sports,Strategy,0.4206517655324749,0.8157873506410609,36,1.0,0.0,0.3,0.7992586585080013,1,0.9056241315167134,130,0.23076923076923078,0.2323055162659123,0.7886487315315021,1
367,1049,Experience 1049,Sports,0.4370836638665348,0.2536527377340197,0.5512982630814426,0.1951855298186556,20,Sports,Strategy,0.4206517655324749,0.8157873506410609,36,1.0,0.0,0.2666666666666666,0.8693535024510324,1,0.8474607737214525,122,0.19672131147540983,0.20313962985835807,0.7410105501674161,2
367,1025,Experience 1025,Social,0.838744739121835,0.7279884901895025,0.5876677647056102,0.0811540004238993,14,Sports,Strategy,0.4206517655324749,0.8157873506410609,36,0.0,0.0,0.3666666666666666,0.8329840008268647,0,0.7953536666080361,120,0.31666666666666665,0.30604162457062034,0.5390926535475674,3
367,1059,Experience 1059,Social,0.7489549716721217,0.4911530499138364,0.6826986067555766,0.9132851837019758,49,Sports,Strategy,0.4206517655324749,0.8157873506410609,36,0.0,0.0,0.2166666666666666,0.7379531587768984,1,0.8712290294858632,105,0.34285714285714286,0.32676661951909475,0.49855920834114487,4
367,1058,Experience 1058,Social,0.5666390936836835,0.5294440043668863,0.4156619036213059,0.2647117106195373,52,Sports,Strategy,0.4206517655324749,0.8157873506410609,36,0.0,0.0,0.2666666666666666,0.995010138088831,0,0.8126634260153163,100,0.32,0.30704856199905706,0.4924481713590488,5
368,1096,Experience 1096,Adventure,0.7903170826018652,0.4751627362769494,0.5362341337297925,0.9233469677258124,13,Adventure,Action,0.4841505221362015,0.5432745653313108,41,1.0,0.0,0.4666666666666667,0.947916388406409,0,0.8869168500194947,123,0.25203252032520324,0.25067012195725064,0.7707751676996282,1
368,1037,Experience 1037,Sports,0.7994490651436071,0.7023148063737304,0.3263399911584964,0.9948242136208678,35,Adventure,Action,0.4841505221362015,0.5432745653313108,41,0.0,0.0,0.1,0.8421894690222949,0,0.8038738373976303,120,0.30833333333333335,0.29889876742776317,0.47673952973673883,2
368,1084,Experience 1084,Social,0.6722561348379004,0.2863456816441453,0.5362524927433157,0.7470758006298863,26,Adventure,Action,0.4841505221362015,0.5432745653313108,41,0.0,0.0,0.25,0.9478980293928858,0,0.7791397425197558,111,0.35135135135135137,0.3347009728235637,0.47334969393911525,3
368,1106,Experience 1106,Sports,0.8146785788760947,0.3647619692710552,0.6750256601127794,0.7960604476258709,49,Adventure,Action,0.4841505221362015,0.5432745653313108,41,0.0,0.0,0.1333333333333333,0.8091248620234222,0,0.9018457784745326,128,0.28125,0.275985320539776,0.4640786945420108,4
368,1002,Experience 1002,Social,0.5654662227449457,0.1419781043952984,0.4876512775379703,0.1763555764178013,30,Adventure,Action,0.4841505221362015,0.5432745653313108,41,0.0,0.0,0.1833333333333333,0.9964992445982312,0,0.956420048525011,125,0.312,0.30238501682680585,0.4560084526832395,5
369,1062,Experience 1062,Creative,0.7566608128373626,0.2501254620138091,0.431135077105207,0.8144738760309339,50,Creative,Action,0.5446470100926569,0.8495331133214674,28,1.0,0.0,0.3666666666666666,0.8864880670125501,0,0.937067329748263,118,0.2033898305084746,0.20902773507164382,0.7766978587899794,1
369,1032,Experience 1032,Action,0.9183909657409184,0.1782087510115781,0.2798409650960937,0.836613041032693,59,Creative,Action,0.5446470100926569,0.8495331133214674,28,0.0,1.0,0.5166666666666667,0.7351939550034368,0,0.9422551948893417,120,0.275,0.27032733885633464,0.5766688861972916,2
369,1035,Experience 1035,Action,0.684933354468736,0.2628151072276272,0.2926692360835166,0.7930049789596304,54,Creative,Action,0.5446470100926569,0.8495331133214674,28,0.0,1.0,0.4333333333333333,0.7480222259908598,0,0.7963471706245545,144,0.14583333333333334,0.15759650877979783,0.5351479711966315,3
369,1024,Experience 1024,Sports,0.7120515552427965,0.5535760301547662,0.4935230317114728,0.4609313910731102,39,Creative,Action,0.5446470100926569,0.8495331133214674,28,0.0,0.0,0.1833333333333333,0.948876021618816,0,0.702723554349911,138,0.2608695652173913,0.25851789518915724,0.481396198796252,4
369,1099,Experience 1099,Adventure,0.8332801744008336,0.4077151465805127,0.8307594812615263,0.7545731382181347,49,Creative,Action,0.5446470100926569,0.8495331133214674,28,0.0,0.0,0.35,0.7138875288311306,0,0.8468174347588722,119,0.2605042016806723,0.25788365064666796,0.4203511017721321,5
370,1043,Experience 1043,Creative,0.8838983032607785,0.7641225701636372,0.5942808569171103,0.6062993981927156,47,Creative,Adventure,0.7788080896009123,0.4413733735474889,30,1.0,0.0,0.2833333333333333,0.815472767316198,1,0.955597893127614,110,0.35454545454545455,0.3372755956914373,0.8091468374865437,1
370,1008,Experience 1008,Adventure,0.8415828324170402,0.3364498304651394,0.599089106012921,0.2728043301458357,40,Creative,Adventure,0.7788080896009123,0.4413733735474889,30,0.0,1.0,0.1666666666666666,0.8202810164120087,0,0.947042692386608,117,0.27350427350427353,0.2689476455466193,0.5932053091227772,2
370,1051,Experience 1051,Adventure,0.7608650542535511,0.4945204429565272,0.5049786641965721,0.9492935230092574,34,Creative,Adventure,0.7788080896009123,0.4413733735474889,30,0.0,1.0,0.0666666666666666,0.7261705745956598,0,0.8550549782315445,122,0.2459016393442623,0.24539315098511863,0.5669333181380924,3
370,1031,Experience 1031,Adventure,0.6267069522672452,0.6020379288394027,0.9395582128996094,0.5521627033044271,46,Creative,Adventure,0.7788080896009123,0.4413733735474889,30,0.0,1.0,0.2666666666666666,0.8392498767013029,1,0.7160154037336455,113,0.23008849557522124,0.2319235145856154,0.5635846662876719,4
370,1071,Experience 1071,Adventure,0.5432545608778258,0.5917055303234199,0.8111881708009158,0.7718493432291552,17,Creative,Adventure,0.7788080896009123,0.4413733735474889,30,0.0,1.0,0.2166666666666666,0.9676199187999964,0,0.8870391878057453,121,0.21487603305785125,0.21876473361621876,0.5562680284667425,5
371,1017,Experience 1017,Adventure,0.8986224157650411,0.4138920991005588,0.5580723954683906,0.6429984233408326,53,Adventure,Puzzle,0.7248859494973519,0.7440544810732606,26,1.0,0.0,0.45,0.8331864459710387,1,0.8127303276112278,125,0.256,0.25410915475784035,0.7926658111449083,1
371,1117,Experience 1117,Adventure,0.4143954852484882,0.5042520610293434,0.5381695778516243,0.3991953026577904,51,Adventure,Puzzle,0.7248859494973519,0.7440544810732606,26,1.0,0.0,0.4166666666666667,0.8132836283542725,0,0.9805111555267876,114,0.17543859649122806,0.18541662268572273,0.7069470386002163,2
371,1046,Experience 1046,Puzzle,0.9358581895296346,0.2937905951089806,0.3646871905132503,0.5570017818814502,30,Adventure,Puzzle,0.7248859494973519,0.7440544810732606,26,0.0,1.0,0.0666666666666666,0.6398012410158984,0,0.9784588532188718,124,0.2661290322580645,0.26281824611032534,0.627168428985195,3
371,1085,Experience 1085,Social,0.715133524882573,0.3923165755464828,0.681782684374937,0.3715432084063615,41,Adventure,Puzzle,0.7248859494973519,0.7440544810732606,26,0.0,0.0,0.25,0.9568967348775852,1,0.7486533033286622,117,0.24786324786324787,0.24704983532764122,0.5224608273712288,4
371,1027,Experience 1027,Sports,0.8258355726034926,0.7779980359761599,0.5071112833110228,0.4772006332829246,49,Adventure,Puzzle,0.7248859494973519,0.7440544810732606,26,0.0,0.0,0.3833333333333333,0.782225333813671,0,0.788082689759263,111,0.23423423423423423,0.23546433160218966,0.48009336061171143,5
372,1061,Experience 1061,Social,0.9515114053456256,0.4883887845440612,0.3838014404080356,0.6777086144544695,56,Social,Simulation,0.9420675812135187,0.5008622094308346,34,1.0,0.0,0.3666666666666666,0.4417338591945168,0,0.9155689379982858,113,0.3274336283185841,0.3146302815029086,0.7926839936825917,1
372,1079,Experience 1079,Social,0.6252808613431486,0.1651788036494796,0.2355254260756802,0.2079980737084605,56,Social,Simulation,0.9420675812135187,0.5008622094308346,34,1.0,0.0,0.3666666666666666,0.2934578448621615,0,0.7732078533561396,123,0.2032520325203252,0.2087120799992087,0.6905084652773211,2
372,1028,Experience 1028,Simulation,0.7474374024719366,0.7598079156453001,0.9057260947827066,0.4943145335346177,16,Social,Simulation,0.9420675812135187,0.5008622094308346,34,0.0,1.0,0.3,0.963658513569188,0,0.9668906063733957,122,0.22950819672131148,0.23130864394286513,0.6120664739479672,3
372,1115,Experience 1115,Simulation,0.626658707429628,0.7075065986188209,0.5404405149990236,0.2246894745458737,42,Social,Simulation,0.9420675812135187,0.5008622094308346,34,0.0,1.0,0.1333333333333333,0.5983729337855048,1,0.7670639655253882,112,0.2767857142857143,0.27155929878702156,0.5262915097206475,4
372,1069,Experience 1069,Puzzle,0.8068156107352968,0.6551858372056814,0.8842124935251735,0.2530347499296835,35,Social,Simulation,0.9420675812135187,0.5008622094308346,34,0.0,0.0,0.0166666666666666,0.9421449123116548,0,0.9434361979400158,121,0.2892561983471074,0.2825945208502613,0.5002749550730754,5
373,1012,Experience 1012,Social,0.4912469181469279,0.4504706076181689,0.5423234103127773,0.3692728413409686,11,Social,Simulation,0.8353046683338565,0.8119374016333243,39,1.0,0.0,0.4666666666666667,0.7070187419789208,1,0.7216177024342089,120,0.2,0.20604162457062034,0.7479986903855775,1
373,1092,Experience 1092,Sports,0.8280410369904486,0.5343815491606264,0.7426691928850321,0.6904019545155015,39,Social,Simulation,0.8353046683338565,0.8119374016333243,39,0.0,0.0,0.0,0.9073645245511756,1,0.9955864053438134,128,0.2421875,0.2422015367559922,0.5137970301431485,2
373,1070,Experience 1070,Sports,0.9021629239090754,0.4240213755135868,0.7602726894428304,0.7757910864370905,50,Social,Simulation,0.8353046683338565,0.8119374016333243,39,0.0,0.0,0.1833333333333333,0.924968021108974,1,0.8516460048366291,111,0.2882882882882883,0.28126585831974693,0.5099686312460648,3
373,1000,Experience 1000,Action,0.9096695293967186,0.6516437731703687,0.6290364009047581,0.2407530712142694,49,Social,Simulation,0.8353046683338565,0.8119374016333243,39,0.0,0.0,0.1666666666666666,0.7937317325709016,0,0.701040994929208,124,0.3225806451612903,0.31142935722143644,0.48989792547172467,4
373,1010,Experience 1010,Simulation,0.8201589080775701,0.1741976609077686,0.1927429310808082,0.4388217018019487,21,Social,Simulation,0.8353046683338565,0.8119374016333243,39,0.0,1.0,0.3,0.3574382627469518,0,0.945273880266677,122,0.19672131147540983,0.20313962985835807,0.4749345385269625,5
374,1100,Experience 1100,Sports,0.8539423752816214,0.5771516782683807,0.6603015579098336,0.097787997445443,39,Sports,Action,0.2933105758218123,0.458423683213463,32,1.0,0.0,0.1166666666666666,0.6330090179119787,1,0.9881205354403382,107,0.3177570093457944,0.3058726570069831,0.808381454343604,1
374,1024,Experience 1024,Sports,0.7120515552427965,0.5535760301547662,0.4935230317114728,0.4609313910731102,39,Sports,Action,0.2933105758218123,0.458423683213463,32,1.0,0.0,0.1166666666666666,0.7997875441103395,1,0.7256119423220372,138,0.2608695652173913,0.25851789518915724,0.7962194469691987,2
374,1018,Experience 1018,Sports,0.595787399703456,0.7252492811161741,0.1405053734195307,0.867172276606706,36,Sports,Action,0.2933105758218123,0.458423683213463,32,1.0,0.0,0.0666666666666666,0.8471947975977183,0,0.7786517613059645,104,0.18269230769230768,0.19230505999908748,0.7817115381241202,3
374,1091,Experience 1091,Sports,0.6742348817628386,0.2717222536331008,0.7498162980972818,0.6422524185679935,12,Sports,Action,0.2933105758218123,0.458423683213463,32,1.0,0.0,0.3333333333333333,0.5434942777245306,0,0.9188713010264536,105,0.2571428571428571,0.25476661951909474,0.7263409026281823,4
374,1053,Experience 1053,Puzzle,0.7426572934279929,0.7514869168546299,0.2904976508730454,0.8341208920021081,34,Sports,Action,0.2933105758218123,0.458423683213463,32,0.0,0.0,0.0333333333333333,0.997187075051233,0,0.7770154762072009,102,0.3431372549019608,0.3266051429498922,0.4871012054775974,5
375,1034,Experience 1034,Strategy,0.5016628944231066,0.7184788322001798,0.7569144817322334,0.2251776661055454,11,Strategy,Social,0.8421065990648325,0.4926766510663687,11,1.0,0.0,0.0,0.9148078826674008,1,0.9815473283334549,132,0.2196969696969697,0.22266991736767663,0.7788723136012122,1
375,1094,Experience 1094,Strategy,0.777065958629862,0.5840090382012306,0.3016147592800985,0.4118434403009737,40,Strategy,Social,0.8421065990648325,0.4926766510663687,11,1.0,0.0,0.4833333333333333,0.4595081602152659,0,0.9304117938053452,114,0.21929824561403508,0.22273005552154362,0.7146529088886326,2
375,1014,Experience 1014,Social,0.7084360738896248,0.6919622480914536,0.5066406143622445,0.7631554898199004,35,Strategy,Social,0.8421065990648325,0.4926766510663687,11,0.0,1.0,0.4,0.664534015297412,0,0.9899058887366833,117,0.29914529914529914,0.29084545576559745,0.6324142633639623,3
375,1084,Experience 1084,Social,0.6722561348379004,0.2863456816441453,0.5362524927433157,0.7470758006298863,26,Strategy,Social,0.8421065990648325,0.4926766510663687,11,0.0,1.0,0.25,0.6941458936784831,1,0.819245401913955,111,0.35135135135135137,0.3347009728235637,0.613899876000494,4
375,1039,Experience 1039,Social,0.8194814495513689,0.2752805682140255,0.2419454802582048,0.889899007072331,47,Strategy,Social,0.8421065990648325,0.4926766510663687,11,0.0,1.0,0.6,0.3998388811933723,0,0.9141104311753581,110,0.2636363636363636,0.2603525187683603,0.5547920289981779,5
376,1037,Experience 1037,Sports,0.7994490651436071,0.7023148063737304,0.3263399911584964,0.9948242136208678,35,Sports,Simulation,0.8839258519014205,0.5044595642635266,19,1.0,0.0,0.2666666666666666,0.4424141392570759,1,0.8863504220100332,120,0.30833333333333335,0.29889876742776317,0.7366722459429988,1
376,1020,Experience 1020,Simulation,0.8220634578382588,0.5054615596538111,0.3982077558970217,0.6135164847298321,13,Sports,Simulation,0.8839258519014205,0.5044595642635266,19,0.0,1.0,0.1,0.5142819039956013,0,0.9763670988157341,129,0.21705426356589147,0.22044179489856944,0.5262923181394471,2
376,1010,Experience 1010,Simulation,0.8201589080775701,0.1741976609077686,0.1927429310808082,0.4388217018019487,21,Sports,Simulation,0.8839258519014205,0.5044595642635266,19,0.0,1.0,0.0333333333333333,0.3088170791793878,0,0.8634165015244519,122,0.19672131147540983,0.20313962985835807,0.4668727824495538,3
376,1110,Experience 1110,Creative,0.8487034770737338,0.6513439158584452,0.7080979103356375,0.2741343936886083,18,Sports,Simulation,0.8839258519014205,0.5044595642635266,19,0.0,0.0,0.0166666666666666,0.824172058434217,0,0.887100330647729,109,0.28440366972477066,0.2778746313169523,0.46382062371160615,4
376,1061,Experience 1061,Social,0.9515114053456256,0.4883887845440612,0.3838014404080356,0.6777086144544695,56,Sports,Simulation,0.8839258519014205,0.5044595642635266,19,0.0,0.0,0.6166666666666667,0.499875588506615,1,0.8447816683896235,113,0.3274336283185841,0.3146302815029086,0.4166004572050355,5
377,1015,Experience 1015,Sports,0.9316862802198296,0.7502302540767141,0.1563447605350174,0.9300033473547172,10,Simulation,Puzzle,0.1801930539805434,0.7562505392598083,27,0.0,0.0,0.2833333333333333,0.976151706554474,1,0.8981475131766694,113,0.19469026548672566,0.20184832661569058,0.5177464502003771,1
377,1029,Experience 1029,Puzzle,0.3418174116264629,0.7473540601800795,0.2448417750345193,0.4073623878629723,57,Simulation,Puzzle,0.1801930539805434,0.7562505392598083,27,0.0,1.0,0.5,0.935351278946024,1,0.789873206083127,118,0.1864406779661017,0.1945349814484554,0.5164668010655394,2
377,1113,Experience 1113,Puzzle,0.3143534057607174,0.7407415888945685,0.7096912838106965,0.9437983681037112,40,Simulation,Puzzle,0.1801930539805434,0.7562505392598083,27,0.0,1.0,0.2166666666666666,0.4705017701698469,0,0.9857452126171398,112,0.1875,0.19580172302944582,0.4656560556451961,3
377,1044,Experience 1044,Action,0.8578996664042653,0.7405382156713768,0.540545681694017,0.9388053542070384,40,Simulation,Puzzle,0.1801930539805434,0.7562505392598083,27,0.0,0.0,0.2166666666666666,0.6396473722865265,0,0.7454471537337642,112,0.2857142857142857,0.27913505636277913,0.4482087078487299,4
377,1110,Experience 1110,Creative,0.8487034770737338,0.6513439158584452,0.7080979103356375,0.2741343936886083,18,Simulation,Puzzle,0.1801930539805434,0.7562505392598083,27,0.0,0.0,0.15,0.4720951436449059,0,0.8500221019705834,109,0.28440366972477066,0.2778746313169523,0.4258264987035197,5
378,1115,Experience 1115,Simulation,0.626658707429628,0.7075065986188209,0.5404405149990236,0.2246894745458737,42,Simulation,Social,0.2743526903111704,0.7218345660907569,33,1.0,0.0,0.15,0.7339121753121469,1,0.792218607325999,112,0.2767857142857143,0.27155929878702156,0.788357985013325,1
378,1061,Experience 1061,Social,0.9515114053456256,0.4883887845440612,0.3838014404080356,0.6777086144544695,56,Simulation,Social,0.2743526903111704,0.7218345660907569,33,0.0,1.0,0.3833333333333333,0.8905512499031348,1,0.7916733244318693,113,0.3274336283185841,0.3146302815029086,0.7271916686435279,2
378,1056,Experience 1056,Simulation,0.5850817489192739,0.1274880872408227,0.8708251250831834,0.1754622465790878,53,Simulation,Social,0.2743526903111704,0.7218345660907569,33,1.0,0.0,0.3333333333333333,0.403527565227987,0,0.9676672263564242,128,0.1640625,0.17463396918842464,0.6999722298845685,3
378,1112,Experience 1112,Simulation,0.2735953131794247,0.4885963348973961,0.6296328968909383,0.135038096056236,20,Simulation,Social,0.2743526903111704,0.7218345660907569,33,1.0,0.0,0.2166666666666666,0.6447197934202322,1,0.8074395399819112,119,0.16806722689075632,0.17874695999918594,0.6893183842334101,4
378,1097,Experience 1097,Social,0.6621084266035628,0.3766200397542547,0.5070806368539267,0.2458755870050586,23,Simulation,Social,0.2743526903111704,0.7218345660907569,33,0.0,1.0,0.1666666666666666,0.7672720534572437,0,0.8710955448186544,128,0.203125,0.20841775297220844,0.6609160703617958,5
379,1005,Experience 1005,Sports,0.725440926488475,0.5102685875213342,0.2459903544501388,0.2409271164143122,19,Sports,Strategy,0.763203745705095,0.8721789422418657,22,1.0,0.0,0.05,0.4827866087450438,0,0.7550033638457595,114,0.2543859649122807,0.25258080179020037,0.7599176245518963,1
379,1034,Experience 1034,Strategy,0.5016628944231066,0.7184788322001798,0.7569144817322334,0.2251776661055454,11,Sports,Strategy,0.763203745705095,0.8721789422418657,22,0.0,1.0,0.1833333333333333,0.9937107360271384,1,0.8554910054328256,132,0.2196969696969697,0.22266991736767663,0.574497812429484,2
379,1023,Experience 1023,Strategy,0.934275144868182,0.4241492862896971,0.2179097364670654,0.7914514878076223,48,Sports,Strategy,0.763203745705095,0.8721789422418657,22,0.0,1.0,0.4333333333333333,0.4547059907619705,1,0.7755758668299328,110,0.2818181818181818,0.2757371341529757,0.5216094882869419,3
379,1059,Experience 1059,Social,0.7489549716721217,0.4911530499138364,0.6826986067555766,0.9132851837019758,49,Sports,Strategy,0.763203745705095,0.8721789422418657,22,0.0,0.0,0.45,0.9194948610504816,0,0.7281264434684489,105,0.34285714285714286,0.32676661951909475,0.4958753935109694,4
379,1072,Experience 1072,Puzzle,0.7449779069249327,0.3414623639761886,0.973475515285742,0.3783180142237856,25,Sports,Strategy,0.763203745705095,0.8721789422418657,22,0.0,0.0,0.05,0.7897282304193529,1,0.7439907723667983,119,0.21008403361344538,0.21471818302076867,0.4552596881927548,5
380,1046,Experience 1046,Puzzle,0.9358581895296346,0.2937905951089806,0.3646871905132503,0.5570017818814502,30,Action,Puzzle,0.724638032160877,0.7515094468172049,39,0.0,1.0,0.15,0.6400491583523733,0,0.851197130099023,124,0.2661290322580645,0.26281824611032534,0.6460497760256708,1
380,1059,Experience 1059,Social,0.7489549716721217,0.4911530499138364,0.6826986067555766,0.9132851837019758,49,Action,Puzzle,0.724638032160877,0.7515094468172049,39,0.0,0.0,0.1666666666666666,0.9580605745946996,0,0.9544414177697527,105,0.34285714285714286,0.32676661951909475,0.5718868122873959,2
380,1070,Experience 1070,Sports,0.9021629239090754,0.4240213755135868,0.7602726894428304,0.7757910864370905,50,Action,Puzzle,0.724638032160877,0.7515094468172049,39,0.0,0.0,0.1833333333333333,0.9643653427180464,1,0.8285030141720175,111,0.2882882882882883,0.28126585831974693,0.5612189143225096,3
380,1014,Experience 1014,Social,0.7084360738896248,0.6919622480914536,0.5066406143622445,0.7631554898199004,35,Action,Puzzle,0.724638032160877,0.7515094468172049,39,0.0,0.0,0.0666666666666666,0.7820025822013675,0,0.9111757207652261,117,0.29914529914529914,0.29084545576559745,0.5488015559884258,4
380,1027,Experience 1027,Sports,0.8258355726034926,0.7779980359761599,0.5071112833110228,0.4772006332829246,49,Action,Puzzle,0.724638032160877,0.7515094468172049,39,0.0,0.0,0.1666666666666666,0.7824732511501459,0,0.7553244749672371,111,0.23423423423423423,0.23546433160218966,0.5320719414713113,5
381,1063,Experience 1063,Strategy,0.7810917854701819,0.2349952712342425,0.5114173417348135,0.235256388415645,21,Strategy,Adventure,0.7394883439619975,0.8551350851610658,37,1.0,0.0,0.2666666666666666,0.771928997772816,0,0.9150934656007235,117,0.18803418803418803,0.19595494481669232,0.7504831385569402,1
381,1023,Experience 1023,Strategy,0.934275144868182,0.4241492862896971,0.2179097364670654,0.7914514878076223,48,Strategy,Adventure,0.7394883439619975,0.8551350851610658,37,1.0,0.0,0.1833333333333333,0.478421392505068,1,0.9606035969409891,110,0.2818181818181818,0.2757371341529757,0.7492494073947182,2
381,1059,Experience 1059,Social,0.7489549716721217,0.4911530499138364,0.6826986067555766,0.9132851837019758,49,Strategy,Adventure,0.7394883439619975,0.8551350851610658,37,0.0,0.0,0.2,0.9432102627935792,0,0.8334679233907015,105,0.34285714285714286,0.32676661951909475,0.523955748592341,3
381,1014,Experience 1014,Social,0.7084360738896248,0.6919622480914536,0.5066406143622445,0.7631554898199004,35,Strategy,Adventure,0.7394883439619975,0.8551350851610658,37,0.0,0.0,0.0333333333333333,0.767152270400247,0,0.8120964010836352,117,0.29914529914529914,0.29084545576559745,0.5075704011481494,4
381,1077,Experience 1077,Adventure,0.8965830938027713,0.1988675594053931,0.098043795325636,0.9940777724523784,46,Strategy,Adventure,0.7394883439619975,0.8551350851610658,37,0.0,1.0,0.15,0.3585554513636386,0,0.7624975319896689,116,0.19827586206896552,0.20474873117563858,0.5059436989350764,5
382,1111,Experience 1111,Sports,0.9428982678236224,0.8155250577848677,0.575778764164542,0.2547283501174674,25,Action,Strategy,0.3557351691078016,0.6671717711683298,28,0.0,0.0,0.05,0.7799564049432597,0,0.9246268764568899,139,0.3237410071942446,0.31349577006218143,0.5543322187063628,1
382,1045,Experience 1045,Strategy,0.6865679540637682,0.4124899761623172,0.8858497306039471,0.3446408865116177,23,Action,Strategy,0.3557351691078016,0.6671717711683298,28,0.0,1.0,0.0833333333333333,0.4698854385038544,0,0.9490028956292667,95,0.14736842105263157,0.16387676034684212,0.5403097650754753,2
382,1027,Experience 1027,Sports,0.8258355726034926,0.7779980359761599,0.5071112833110228,0.4772006332829246,49,Action,Strategy,0.3557351691078016,0.6671717711683298,28,0.0,0.0,0.35,0.8486238857967787,0,0.8324145905363112,111,0.23423423423423423,0.23546433160218966,0.5018970325089386,3
382,1100,Experience 1100,Sports,0.8539423752816214,0.5771516782683807,0.6603015579098336,0.097787997445443,39,Action,Strategy,0.3557351691078016,0.6671717711683298,28,0.0,0.0,0.1833333333333333,0.695433611197968,0,0.9012586270296501,107,0.3177570093457944,0.3058726570069831,0.4924750945280245,4
382,1110,Experience 1110,Creative,0.8487034770737338,0.6513439158584452,0.7080979103356375,0.2741343936886083,18,Action,Strategy,0.3557351691078016,0.6671717711683298,28,0.0,0.0,0.1666666666666666,0.6476372587721642,0,0.8534356262593005,109,0.28440366972477066,0.2778746313169523,0.4665637864909112,5
383,1076,Experience 1076,Creative,0.7805257487778566,0.3562342599893083,0.7812983230640933,0.571167362055741,8,Creative,Sports,0.1940890957788676,0.2474164822837347,34,1.0,0.0,0.4333333333333333,0.4127907727147744,0,0.8435558326077561,124,0.23387096774193547,0.23504046833254755,0.7350988206432784,1
383,1095,Experience 1095,Creative,0.5802362817422383,0.4006003917193433,0.7708173982045061,0.4033544032491283,54,Creative,Sports,0.1940890957788676,0.2474164822837347,34,1.0,0.0,0.3333333333333333,0.4232716975743615,0,0.8036999290607967,111,0.1981981981981982,0.2049299804571515,0.7154165319110565,2
383,1100,Experience 1100,Sports,0.8539423752816214,0.5771516782683807,0.6603015579098336,0.097787997445443,39,Creative,Sports,0.1940890957788676,0.2474164822837347,34,0.0,1.0,0.0833333333333333,0.533787537869034,1,0.8138740803247153,107,0.3177570093457944,0.3058726570069831,0.6467558990374432,3
383,1005,Experience 1005,Sports,0.725440926488475,0.5102685875213342,0.2459903544501388,0.2409271164143122,19,Creative,Sports,0.1940890957788676,0.2474164822837347,34,0.0,1.0,0.25,0.9480987413287288,1,0.7534799006183092,114,0.2543859649122807,0.25258080179020037,0.6429337772137977,4
383,1083,Experience 1083,Sports,0.5638116113845065,0.5523903507798276,0.3674940432740611,0.3952346537588943,26,Creative,Sports,0.1940890957788676,0.2474164822837347,34,0.0,1.0,0.1333333333333333,0.8265950525048065,1,0.9401349095960605,122,0.22950819672131148,0.23130864394286513,0.6027971209064289,5
384,1039,Experience 1039,Social,0.8194814495513689,0.2752805682140255,0.2419454802582048,0.889899007072331,47,Action,Social,0.428115807036473,0.5807883083036592,16,0.0,1.0,0.5166666666666667,0.8138296732217317,1,0.7908428518636114,110,0.2636363636363636,0.2603525187683603,0.6692359199723883,1
384,1012,Experience 1012,Social,0.4912469181469279,0.4504706076181689,0.5423234103127773,0.3692728413409686,11,Action,Social,0.428115807036473,0.5807883083036592,16,0.0,1.0,0.0833333333333333,0.8857923967236958,0,0.7619617083014388,120,0.2,0.20604162457062034,0.6677694971180664,2
384,1002,Experience 1002,Social,0.5654662227449457,0.1419781043952984,0.4876512775379703,0.1763555764178013,30,Action,Social,0.428115807036473,0.5807883083036592,16,0.0,1.0,0.2333333333333333,0.9404645294985028,0,0.8032002339444209,125,0.312,0.30238501682680585,0.6614970576408691,3
384,1004,Experience 1004,Puzzle,0.809305382335664,0.5027055170834634,0.7716046143560276,0.3920600224154432,16,Action,Social,0.428115807036473,0.5807883083036592,16,0.0,0.0,0.0,0.6565111926804454,0,0.9928862166919569,123,0.21951219512195122,0.2226980939852227,0.5056581529377776,4
384,1024,Experience 1024,Sports,0.7120515552427965,0.5535760301547662,0.4935230317114728,0.4609313910731102,39,Action,Social,0.428115807036473,0.5807883083036592,16,0.0,0.0,0.3833333333333333,0.9345927753250004,0,0.7736443941234631,138,0.2608695652173913,0.25851789518915724,0.4974611180616926,5
385,1041,Experience 1041,Sports,0.6879201981801872,0.7175911275892214,0.4277301159158936,0.4016616340093764,51,Sports,Puzzle,0.6002609136687257,0.1877854712895993,16,1.0,0.0,0.5833333333333334,0.8274692022471679,0,0.912931515680728,132,0.18181818181818182,0.18977518052557135,0.7637774554828805,1
385,1107,Experience 1107,Social,0.7428970964662264,0.8045676070342606,0.8160785123357384,0.9076048913904824,23,Sports,Puzzle,0.6002609136687257,0.1877854712895993,16,0.0,0.0,0.1166666666666666,0.7841824013329873,0,0.8998727837537084,139,0.30935251798561153,0.3009171537099802,0.5125119300910291,2
385,1007,Experience 1007,Social,0.6113602755027672,0.3693255620200327,0.760432490906593,0.3138467721116466,56,Sports,Puzzle,0.6002609136687257,0.1877854712895993,16,0.0,0.0,0.6666666666666666,0.8398284227621327,0,0.7635583106846552,112,0.24107142857142858,0.24125626848399126,0.4095044588469517,3
385,1063,Experience 1063,Strategy,0.7810917854701819,0.2349952712342425,0.5114173417348135,0.235256388415645,21,Sports,Puzzle,0.6002609136687257,0.1877854712895993,16,0.0,0.0,0.0833333333333333,0.9111564280660878,0,0.9322610443251321,117,0.18803418803418803,0.19595494481669232,0.40949738024737525,4
385,1068,Experience 1068,Action,0.698456042052288,0.2594560290757449,0.3550613668330224,0.4325155932423661,21,Sports,Puzzle,0.6002609136687257,0.1877854712895993,16,0.0,0.0,0.0833333333333333,0.7548004531642967,0,0.7409518476907246,111,0.24324324324324326,0.2430979193884492,0.3795069268830985,5
386,1111,Experience 1111,Sports,0.9428982678236224,0.8155250577848677,0.575778764164542,0.2547283501174674,25,Strategy,Adventure,0.7645307742375849,0.6573773669372732,45,0.0,0.0,0.3333333333333333,0.8112479899269571,0,0.8522679929821074,139,0.3237410071942446,0.31349577006218143,0.5042979370358481,1
386,1004,Experience 1004,Puzzle,0.809305382335664,0.5027055170834634,0.7716046143560276,0.3920600224154432,16,Strategy,Adventure,0.7645307742375849,0.6573773669372732,45,0.0,0.0,0.4833333333333333,0.9929261598815572,0,0.8850455738458369,123,0.21951219512195122,0.2226980939852227,0.45574398793072357,2
386,1055,Experience 1055,Action,0.9121309206982589,0.3826203354113438,0.2499073592941251,0.1919211614110854,38,Strategy,Adventure,0.7645307742375849,0.6573773669372732,45,0.0,0.0,0.1166666666666666,0.4853765850565403,0,0.9683864569716409,114,0.23684210526315788,0.237655428655872,0.4018841731740544,3
386,1113,Experience 1113,Puzzle,0.3143534057607174,0.7407415888945685,0.7096912838106965,0.9437983681037112,40,Strategy,Adventure,0.7645307742375849,0.6573773669372732,45,0.0,0.0,0.0833333333333333,0.9451605095731116,0,0.8843986227291214,112,0.1875,0.19580172302944582,0.3798679988762181,4
386,1079,Experience 1079,Social,0.6252808613431486,0.1651788036494796,0.2355254260756802,0.2079980737084605,56,Strategy,Adventure,0.7645307742375849,0.6573773669372732,45,0.0,0.0,0.1833333333333333,0.4709946518380954,0,0.8769802826032258,123,0.2032520325203252,0.2087120799992087,0.3744084926739105,5
387,1025,Experience 1025,Social,0.838744739121835,0.7279884901895025,0.5876677647056102,0.0811540004238993,14,Strategy,Social,0.6494131433087701,0.5233598220639041,16,0.0,1.0,0.0333333333333333,0.93825462139684,0,0.8355266614142806,120,0.31666666666666665,0.30604162457062034,0.7483595652470979,1
387,1060,Experience 1060,Strategy,0.8620933017122632,0.1051567799118504,0.3772606570904063,0.1400554046894906,58,Strategy,Social,0.6494131433087701,0.5233598220639041,16,1.0,0.0,0.7,0.7278475137816363,0,0.8060958768103851,102,0.27450980392156865,0.2692280937695643,0.7356788236177126,2
387,1014,Experience 1014,Social,0.7084360738896248,0.6919622480914536,0.5066406143622445,0.7631554898199004,35,Strategy,Social,0.6494131433087701,0.5233598220639041,16,0.0,1.0,0.3166666666666666,0.8572274710534744,1,0.9074832867819608,117,0.29914529914529914,0.29084545576559745,0.6776146413647123,3
387,1108,Experience 1108,Puzzle,0.8425576923542274,0.4822507608830354,0.666849920378606,0.8027206052883656,21,Strategy,Social,0.6494131433087701,0.5233598220639041,16,0.0,0.0,0.0833333333333333,0.982563222930164,0,0.9528302515844751,92,0.2717391304347826,0.2664806021418468,0.5214863783846553,4
387,1043,Experience 1043,Creative,0.8838983032607785,0.7641225701636372,0.5942808569171103,0.6062993981927156,47,Strategy,Social,0.6494131433087701,0.5233598220639041,16,0.0,0.0,0.5166666666666667,0.9448677136083402,0,0.8079057400299314,110,0.35454545454545455,0.3372755956914373,0.4976492665431926,5
388,1066,Experience 1066,Strategy,0.5933044321129625,0.8148765601157231,0.9082281614290438,0.2645976053461583,23,Strategy,Sports,0.6866188142420376,0.5170718944267106,34,1.0,0.0,0.1833333333333333,0.7783906528129938,0,0.9297501944451654,125,0.208,0.21272984441301274,0.7798540160044629,1
388,1100,Experience 1100,Sports,0.8539423752816214,0.5771516782683807,0.6603015579098336,0.097787997445443,39,Strategy,Sports,0.6866188142420376,0.5170718944267106,34,0.0,1.0,0.0833333333333333,0.973682743667796,1,0.7509135843789375,107,0.3177570093457944,0.3058726570069831,0.7095869575606921,2
388,1070,Experience 1070,Sports,0.9021629239090754,0.4240213755135868,0.7602726894428304,0.7757910864370905,50,Strategy,Sports,0.6866188142420376,0.5170718944267106,34,0.0,1.0,0.2666666666666666,0.9263461247992072,0,0.9748054586103023,111,0.2882882882882883,0.28126585831974693,0.6854781360476184,3
388,1106,Experience 1106,Sports,0.8146785788760947,0.3647619692710552,0.6750256601127794,0.7960604476258709,49,Strategy,Sports,0.6866188142420376,0.5170718944267106,34,0.0,1.0,0.25,0.9884068458707418,0,0.9892591429008725,128,0.28125,0.275985320539776,0.6698278932516103,4
388,1024,Experience 1024,Sports,0.7120515552427965,0.5535760301547662,0.4935230317114728,0.4609313910731102,39,Strategy,Sports,0.6866188142420376,0.5170718944267106,34,0.0,1.0,0.0833333333333333,0.8069042174694352,0,0.9771558507341929,138,0.2608695652173913,0.25851789518915724,0.6414088170481995,5
389,1044,Experience 1044,Action,0.8578996664042653,0.7405382156713768,0.540545681694017,0.9388053542070384,40,Creative,Action,0.3235307304068742,0.1727998332612388,17,0.0,1.0,0.3833333333333333,0.7829850487128572,1,0.7879255546496197,112,0.2857142857142857,0.27913505636277913,0.5946554934935699,1
389,1025,Experience 1025,Social,0.838744739121835,0.7279884901895025,0.5876677647056102,0.0811540004238993,14,Creative,Action,0.3235307304068742,0.1727998332612388,17,0.0,0.0,0.05,0.735862965701264,0,0.7774750162379268,120,0.31666666666666665,0.30604162457062034,0.5186580798114454,2
389,1039,Experience 1039,Social,0.8194814495513689,0.2752805682140255,0.2419454802582048,0.889899007072331,47,Creative,Action,0.3235307304068742,0.1727998332612388,17,0.0,0.0,0.5,0.9184147498513306,0,0.7598309265700711,110,0.2636363636363636,0.2603525187683603,0.44809592236958595,3
389,1024,Experience 1024,Sports,0.7120515552427965,0.5535760301547662,0.4935230317114728,0.4609313910731102,39,Creative,Action,0.3235307304068742,0.1727998332612388,17,0.0,0.0,0.3666666666666666,0.8300076986954014,1,0.8628088692384769,138,0.2608695652173913,0.25851789518915724,0.40547618375220507,4
389,1001,Experience 1001,Sports,0.6452560499996463,0.8044840559110404,0.5776422262968883,0.3608105614175153,41,Creative,Action,0.3235307304068742,0.1727998332612388,17,0.0,0.0,0.4,0.7458885041099859,0,0.988781914127472,110,0.2545454545454545,0.25266021107605263,0.39454257641692725,5
390,1073,Experience 1073,Adventure,0.687693407311507,0.5642695337399875,0.7523432280065728,0.8351257910807337,50,Adventure,Strategy,0.5725077033210729,0.303162685306629,12,1.0,0.0,0.6333333333333333,0.8201644753145001,1,0.8309767717993916,132,0.26515151515151514,0.26214360157820293,0.715370214971244,1
390,1031,Experience 1031,Adventure,0.6267069522672452,0.6020379288394027,0.9395582128996094,0.5521627033044271,46,Adventure,Strategy,0.5725077033210729,0.303162685306629,12,1.0,0.0,0.5666666666666667,0.6329494904214635,0,0.8648903795258681,113,0.23008849557522124,0.2319235145856154,0.6911798686220252,2
390,1022,Experience 1022,Adventure,0.5006486309375991,0.407575941114626,0.4697425498140824,0.908608246555642,36,Adventure,Strategy,0.5725077033210729,0.303162685306629,12,1.0,0.0,0.4,0.8972348464930096,1,0.8905218529627,124,0.20967741935483872,0.2142071349992142,0.6850195807317109,3
390,1094,Experience 1094,Strategy,0.777065958629862,0.5840090382012306,0.3016147592800985,0.4118434403009737,40,Adventure,Strategy,0.5725077033210729,0.303162685306629,12,0.0,1.0,0.4666666666666667,0.7291070559590256,0,0.8304360549981882,114,0.21929824561403508,0.22273005552154362,0.5094590697894874,4
390,1100,Experience 1100,Sports,0.8539423752816214,0.5771516782683807,0.6603015579098336,0.097787997445443,39,Adventure,Strategy,0.5725077033210729,0.303162685306629,12,0.0,0.0,0.45,0.9122061454112392,0,0.7952309866302204,107,0.3177570093457944,0.3058726570069831,0.4504049343946291,5
391,1100,Experience 1100,Sports,0.8539423752816214,0.5771516782683807,0.6603015579098336,0.097787997445443,39,Creative,Sports,0.5309050657005182,0.1722005091784924,52,0.0,1.0,0.2166666666666666,0.8706035077906846,0,0.7151899227578654,107,0.3177570093457944,0.3058726570069831,0.6873804275897591,1
391,1106,Experience 1106,Sports,0.8146785788760947,0.3647619692710552,0.6750256601127794,0.7960604476258709,49,Creative,Sports,0.5309050657005182,0.1722005091784924,52,0.0,1.0,0.05,0.8558794055877388,0,0.8978547265455179,128,0.28125,0.275985320539776,0.6729858244071045,2
391,1088,Experience 1088,Sports,0.931739259022481,0.4207879774878386,0.5549692853271866,0.4100487869149942,11,Creative,Sports,0.5309050657005182,0.1722005091784924,52,0.0,1.0,0.6833333333333333,0.9759357803733316,0,0.7313123154693361,113,0.3008849557522124,0.292073890525465,0.6557147421199808,3
391,1091,Experience 1091,Sports,0.6742348817628386,0.2717222536331008,0.7498162980972818,0.6422524185679935,12,Creative,Sports,0.5309050657005182,0.1722005091784924,52,0.0,1.0,0.6666666666666666,0.7810887676032364,0,0.8658350568962525,105,0.2571428571428571,0.25476661951909474,0.5562904022133633,4
391,1044,Experience 1044,Action,0.8578996664042653,0.7405382156713768,0.540545681694017,0.9388053542070384,40,Creative,Sports,0.5309050657005182,0.1722005091784924,52,0.0,0.0,0.2,0.9903593840065013,1,0.8404486601459181,112,0.2857142857142857,0.27913505636277913,0.5287463430539987,5
392,1108,Experience 1108,Puzzle,0.8425576923542274,0.4822507608830354,0.666849920378606,0.8027206052883656,21,Puzzle,Sports,0.3733902248992331,0.4147647454489345,30,1.0,0.0,0.15,0.7065403045206271,0,0.978492501157045,92,0.2717391304347826,0.2664806021418468,0.8077817620296225,1
392,1090,Experience 1090,Puzzle,0.5586098880458512,0.4251872277402517,0.5338484342208252,0.861814417816014,19,Puzzle,Sports,0.3733902248992331,0.4147647454489345,30,1.0,0.0,0.1833333333333333,0.839541790678408,1,0.8490232831114477,121,0.2727272727272727,0.26841012368714073,0.7654988396223659,2
392,1041,Experience 1041,Sports,0.6879201981801872,0.7175911275892214,0.4277301159158936,0.4016616340093764,51,Puzzle,Sports,0.3733902248992331,0.4147647454489345,30,0.0,1.0,0.35,0.9456601089833394,0,0.8228963069430786,132,0.18181818181818182,0.18977518052557135,0.642799973790879,3
392,1070,Experience 1070,Sports,0.9021629239090754,0.4240213755135868,0.7602726894428304,0.7757910864370905,50,Puzzle,Sports,0.3733902248992331,0.4147647454489345,30,0.0,1.0,0.3333333333333333,0.6131175354564027,0,0.826632274776939,111,0.2882882882882883,0.28126585831974693,0.6278945483964048,4
392,1105,Experience 1105,Sports,0.6106599794863272,0.6391373818905719,0.6213931070244737,0.2894297075080649,54,Puzzle,Sports,0.3733902248992331,0.4147647454489345,30,0.0,1.0,0.4,0.7519971178747594,1,0.9000807014316973,130,0.23076923076923078,0.2323055162659123,0.5901471446483483,5
393,1006,Experience 1006,Action,0.8770181756508404,0.5275353377269014,0.8047332447846338,0.7517807092307816,28,Simulation,Action,0.9234794838805558,0.8566816535137465,35,0.0,1.0,0.1166666666666666,0.881253760904078,0,0.7853052005509301,103,0.27184466019417475,0.26703924747875485,0.6474526051279811,1
393,1103,Experience 1103,Action,0.6677544964493587,0.4461723957193605,0.794276194278496,0.1853752728024856,59,Simulation,Action,0.9234794838805558,0.8566816535137465,35,0.0,1.0,0.4,0.8707967103979403,0,0.8582121163838743,121,0.23140495867768596,0.23294913077933935,0.5722051344663596,2
393,1069,Experience 1069,Puzzle,0.8068156107352968,0.6551858372056814,0.8842124935251735,0.2530347499296835,35,Simulation,Action,0.9234794838805558,0.8566816535137465,35,0.0,0.0,0.0,0.9607330096446176,1,0.8521585236270119,121,0.2892561983471074,0.2825945208502613,0.5157454961328152,3
393,1106,Experience 1106,Sports,0.8146785788760947,0.3647619692710552,0.6750256601127794,0.7960604476258709,49,Simulation,Action,0.9234794838805558,0.8566816535137465,35,0.0,0.0,0.2333333333333333,0.7515461762322236,0,0.7010241082373975,128,0.28125,0.275985320539776,0.43414743853093146,4
393,1038,Experience 1038,Creative,0.8025898263845425,0.4058560569474049,0.8087225901435202,0.8729120163870842,60,Simulation,Action,0.9234794838805558,0.8566816535137465,35,0.0,0.0,0.4166666666666667,0.8852431062629644,0,0.9515456559384666,108,0.2037037037037037,0.209733026874116,0.42581483420074684,5
394,1020,Experience 1020,Simulation,0.8220634578382588,0.5054615596538111,0.3982077558970217,0.6135164847298321,13,Simulation,Adventure,0.4085616346415379,0.2181477255034297,38,1.0,0.0,0.4166666666666667,0.9896461212554838,0,0.9619805496986753,129,0.21705426356589147,0.22044179489856944,0.7632219406352556,1
394,1010,Experience 1010,Simulation,0.8201589080775701,0.1741976609077686,0.1927429310808082,0.4388217018019487,21,Simulation,Adventure,0.4085616346415379,0.2181477255034297,38,1.0,0.0,0.2833333333333333,0.7841812964392704,1,0.8115319853830099,122,0.19672131147540983,0.20313962985835807,0.7232353732898751,2
394,1025,Experience 1025,Social,0.838744739121835,0.7279884901895025,0.5876677647056102,0.0811540004238993,14,Simulation,Adventure,0.4085616346415379,0.2181477255034297,38,0.0,0.0,0.4,0.8208938699359276,0,0.7842570551657072,120,0.31666666666666665,0.30604162457062034,0.482992273604549,3
394,1027,Experience 1027,Sports,0.8258355726034926,0.7779980359761599,0.5071112833110228,0.4772006332829246,49,Simulation,Adventure,0.4085616346415379,0.2181477255034297,38,0.0,0.0,0.1833333333333333,0.901450351330515,0,0.741179993331847,111,0.23423423423423423,0.23546433160218966,0.47106544779405796,4
394,1044,Experience 1044,Action,0.8578996664042653,0.7405382156713768,0.540545681694017,0.9388053542070384,40,Simulation,Adventure,0.4085616346415379,0.2181477255034297,38,0.0,0.0,0.0333333333333333,0.8680159529475209,0,0.7913570603166767,112,0.2857142857142857,0.27913505636277913,0.4619844609428858,5
395,1009,Experience 1009,Action,0.7987178764315418,0.3460501829476273,0.2238314684756084,0.130890330850495,53,Action,Creative,0.5615847859142159,0.3239669365078859,18,1.0,0.0,0.5833333333333334,0.6622466825613926,0,0.8845786425727385,104,0.28846153846153844,0.28101473741844224,0.7418538625898895,1
395,1014,Experience 1014,Social,0.7084360738896248,0.6919622480914536,0.5066406143622445,0.7631554898199004,35,Action,Creative,0.5615847859142159,0.3239669365078859,18,0.0,0.0,0.2833333333333333,0.9450558284480286,1,0.9150283319256376,117,0.29914529914529914,0.29084545576559745,0.520873020109918,2
395,1004,Experience 1004,Puzzle,0.809305382335664,0.5027055170834634,0.7716046143560276,0.3920600224154432,16,Action,Creative,0.5615847859142159,0.3239669365078859,18,0.0,0.0,0.0333333333333333,0.7899801715581883,0,0.7790746190952739,123,0.21951219512195122,0.2226980939852227,0.48177433537723785,3
395,1015,Experience 1015,Sports,0.9316862802198296,0.7502302540767141,0.1563447605350174,0.9300033473547172,10,Action,Creative,0.5615847859142159,0.3239669365078859,18,0.0,0.0,0.1333333333333333,0.5947599746208015,1,0.7510732558675067,113,0.19469026548672566,0.20184832661569058,0.4670121581370973,4
395,1026,Experience 1026,Puzzle,0.7847705334160814,0.4236675665053301,0.2918167090217533,0.0158055554401338,14,Action,Creative,0.5615847859142159,0.3239669365078859,18,0.0,0.0,0.0666666666666666,0.7302319231075374,1,0.8941441035967308,111,0.1981981981981982,0.2049299804571515,0.44080767126602,5
396,1098,Experience 1098,Social,0.534058177188557,0.4459803600128759,0.2707495249900757,0.7298152463028666,35,Social,Puzzle,0.3161902131739861,0.3591831099395907,35,1.0,0.0,0.0,0.9545593118160896,0,0.9874680511586802,130,0.26153846153846155,0.25897218293257895,0.8188249101073859,1
396,1059,Experience 1059,Social,0.7489549716721217,0.4911530499138364,0.6826986067555766,0.9132851837019758,49,Social,Puzzle,0.3161902131739861,0.3591831099395907,35,1.0,0.0,0.2333333333333333,0.6334916064184095,0,0.8568620764649832,105,0.34285714285714286,0.32676661951909475,0.8151730513915536,2
396,1058,Experience 1058,Social,0.5666390936836835,0.5294440043668863,0.4156619036213059,0.2647117106195373,52,Social,Puzzle,0.3161902131739861,0.3591831099395907,35,1.0,0.0,0.2833333333333333,0.9005283095526803,1,0.9954934634756156,100,0.32,0.30704856199905706,0.8125356272515039,3
396,1048,Experience 1048,Social,0.2304789954244207,0.8328371585656826,0.2699649703256335,0.1697999737727075,60,Social,Puzzle,0.3161902131739861,0.3591831099395907,35,1.0,0.0,0.4166666666666667,0.9537747571516472,0,0.8549606847423071,119,0.20168067226890757,0.20752393841645214,0.7659391830172466,4
396,1042,Experience 1042,Social,0.3938579788705362,0.1390150525777733,0.8546241607610466,0.268085104820551,16,Social,Puzzle,0.3161902131739861,0.3591831099395907,35,1.0,0.0,0.3166666666666666,0.4615660524129394,0,0.7715566227079859,124,0.24193548387096775,0.241984912776992,0.7081838662942705,5
397,1008,Experience 1008,Adventure,0.8415828324170402,0.3364498304651394,0.599089106012921,0.2728043301458357,40,Puzzle,Social,0.6296935751904981,0.3913656715453105,24,0.0,0.0,0.2666666666666666,0.9693955308224228,0,0.9947115161958838,117,0.27350427350427353,0.2689476455466193,0.47085626856151813,1
397,1050,Experience 1050,Sports,0.6444432625143321,0.2032573812502654,0.7840857883345029,0.0579453445381299,24,Puzzle,Social,0.6296935751904981,0.3913656715453105,24,0.0,0.0,0.0,0.8456077868559951,0,0.713222392965913,107,0.27102803738317754,0.2665025782668255,0.45746802936116304,2
397,1102,Experience 1102,Sports,0.9402838286695968,0.4125021221616953,0.1907643304361418,0.200562471321554,40,Puzzle,Social,0.6296935751904981,0.3913656715453105,24,0.0,0.0,0.2666666666666666,0.5610707552456438,0,0.7339335824776322,117,0.3076923076923077,0.29814472583859014,0.4492843886277076,3
397,1055,Experience 1055,Action,0.9121309206982589,0.3826203354113438,0.2499073592941251,0.1919211614110854,38,Puzzle,Social,0.6296935751904981,0.3913656715453105,24,0.0,0.0,0.2333333333333333,0.620213784103627,0,0.9977526274996293,114,0.23684210526315788,0.237655428655872,0.43720383366782806,4
397,1049,Experience 1049,Sports,0.4370836638665348,0.2536527377340197,0.5512982630814426,0.1951855298186556,20,Puzzle,Social,0.6296935751904981,0.3913656715453105,24,0.0,0.0,0.0666666666666666,0.9216046878909444,0,0.8397850058761575,122,0.19672131147540983,0.20313962985835807,0.40445910087095044,5
398,1088,Experience 1088,Sports,0.931739259022481,0.4207879774878386,0.5549692853271866,0.4100487869149942,11,Simulation,Sports,0.8295034862653644,0.1918642649032614,55,0.0,1.0,0.7333333333333333,0.7254657990618222,0,0.8122553993410576,113,0.3008849557522124,0.292073890525465,0.5859265218842097,1
398,1036,Experience 1036,Sports,0.9655169972756756,0.2298411882545339,0.2550485289661252,0.8478368672236546,17,Simulation,Sports,0.8295034862653644,0.1918642649032614,55,0.0,1.0,0.6333333333333333,0.4255450427007607,0,0.7348076113821299,129,0.26356589147286824,0.2607102512744084,0.5230686931465234,2
398,1075,Experience 1075,Puzzle,0.7701763699744956,0.5714931074517187,0.7080993700732455,0.0043057756676786,58,Simulation,Sports,0.8295034862653644,0.1918642649032614,55,0.0,0.0,0.05,0.8785958838078811,0,0.9329559918234369,114,0.22807017543859648,0.23019274208870782,0.4928318576873488,3
398,1083,Experience 1083,Sports,0.5638116113845065,0.5523903507798276,0.3674940432740611,0.3952346537588943,26,Simulation,Sports,0.8295034862653644,0.1918642649032614,55,0.0,1.0,0.4833333333333333,0.5379905570086967,0,0.8369110724791287,122,0.22950819672131148,0.23130864394286513,0.49211468717034207,4
398,1072,Experience 1072,Puzzle,0.7449779069249327,0.3414623639761886,0.973475515285742,0.3783180142237856,25,Simulation,Sports,0.8295034862653644,0.1918642649032614,55,0.0,0.0,0.5,0.8560279709796224,0,0.9342448478174687,119,0.21008403361344538,0.21471818302076867,0.4177092994304307,5
399,1028,Experience 1028,Simulation,0.7474374024719366,0.7598079156453001,0.9057260947827066,0.4943145335346177,16,Simulation,Creative,0.4273274984830028,0.726408962355452,13,1.0,0.0,0.05,0.5216014037002962,1,0.798799993597609,122,0.22950819672131148,0.23130864394286513,0.7685463933935812,1
399,1114,Experience 1114,Simulation,0.9094073794904848,0.2867325336723821,0.0751050358773748,0.4020477981570693,23,Simulation,Creative,0.4273274984830028,0.726408962355452,13,1.0,0.0,0.1666666666666666,0.6477775373943722,0,0.7719360989887368,138,0.2318840579710145,0.23320143949295472,0.7578092526947738,2
399,1056,Experience 1056,Simulation,0.5850817489192739,0.1274880872408227,0.8708251250831834,0.1754622465790878,53,Simulation,Creative,0.4273274984830028,0.726408962355452,13,1.0,0.0,0.6666666666666666,0.5565023733998193,1,0.7114355490218217,128,0.1640625,0.17463396918842464,0.6555730098947046,3
399,1067,Experience 1067,Creative,0.788764048918011,0.4580972487220676,0.5921026845821029,0.4299570499000478,43,Simulation,Creative,0.4273274984830028,0.726408962355452,13,0.0,1.0,0.5,0.8352248139008999,0,0.752317871615745,119,0.31092436974789917,0.30104911827256725,0.5759059293056455,4
399,1002,Experience 1002,Social,0.5654662227449457,0.1419781043952984,0.4876512775379703,0.1763555764178013,30,Simulation,Creative,0.4273274984830028,0.726408962355452,13,0.0,0.0,0.2833333333333333,0.9396762209450324,0,0.7927814706875391,125,0.312,0.30238501682680585,0.42947375712356045,5
400,1028,Experience 1028,Simulation,0.7474374024719366,0.7598079156453001,0.9057260947827066,0.4943145335346177,16,Simulation,Action,0.4871428151418747,0.592587408568616,55,1.0,0.0,0.65,0.5814167203591681,1,0.9868045649343103,122,0.22950819672131148,0.23130864394286513,0.7297456976564012,1
400,1014,Experience 1014,Social,0.7084360738896248,0.6919622480914536,0.5066406143622445,0.7631554898199004,35,Simulation,Action,0.4871428151418747,0.592587408568616,55,0.0,0.0,0.3333333333333333,0.9805022007796302,0,0.8966471777636364,117,0.29914529914529914,0.29084545576559745,0.5057062075384245,2
400,1025,Experience 1025,Social,0.838744739121835,0.7279884901895025,0.5876677647056102,0.0811540004238993,14,Simulation,Action,0.4871428151418747,0.592587408568616,55,0.0,0.0,0.6833333333333333,0.8994750504362645,0,0.8532938220653717,120,0.31666666666666665,0.30604162457062034,0.49713787955525623,3
400,1074,Experience 1074,Social,0.7411737446379107,0.1336446501121093,0.5667526591354218,0.2130749343990023,32,Simulation,Action,0.4871428151418747,0.592587408568616,55,0.0,0.0,0.3833333333333333,0.9203901560064528,0,0.8046724631493003,149,0.2953020134228188,0.28902856473305827,0.46341052243661907,4
400,1011,Experience 1011,Strategy,0.8438936347604792,0.3089791482471649,0.5527453913687409,0.302964628837302,52,Simulation,Action,0.4871428151418747,0.592587408568616,55,0.0,0.0,0.05,0.9343974237731338,0,0.7630051218758264,123,0.2682926829268293,0.26465613594326465,0.4518580889488344,5
401,1006,Experience 1006,Action,0.8770181756508404,0.5275353377269014,0.8047332447846338,0.7517807092307816,28,Action,Social,0.926607953674778,0.3283058998065573,30,1.0,0.0,0.0333333333333333,0.8781252911098557,1,0.7222604002868406,103,0.27184466019417475,0.26703924747875485,0.8507638403675898,1
401,1009,Experience 1009,Action,0.7987178764315418,0.3460501829476273,0.2238314684756084,0.130890330850495,53,Action,Social,0.926607953674778,0.3283058998065573,30,1.0,0.0,0.3833333333333333,0.2972235148008304,1,0.7458187434506203,104,0.28846153846153844,0.28101473741844224,0.7320582806670484,2
401,1084,Experience 1084,Social,0.6722561348379004,0.2863456816441453,0.5362524927433157,0.7470758006298863,26,Action,Social,0.926607953674778,0.3283058998065573,30,0.0,1.0,0.0666666666666666,0.6096445390685375,0,0.7717460919335126,111,0.35135135135135137,0.3347009728235637,0.642441094285188,3
401,1097,Experience 1097,Social,0.6621084266035628,0.3766200397542547,0.5070806368539267,0.2458755870050586,23,Action,Social,0.926607953674778,0.3283058998065573,30,0.0,1.0,0.1166666666666666,0.5804726831791486,1,0.8425575486482813,128,0.203125,0.20841775297220844,0.640394411177786,4
401,1031,Experience 1031,Adventure,0.6267069522672452,0.6020379288394027,0.9395582128996094,0.5521627033044271,46,Action,Social,0.926607953674778,0.3283058998065573,30,0.0,0.0,0.2666666666666666,0.9870497407751688,0,0.9215256867289814,113,0.23008849557522124,0.2319235145856154,0.47108819383766604,5
402,1110,Experience 1110,Creative,0.8487034770737338,0.6513439158584452,0.7080979103356375,0.2741343936886083,18,Social,Creative,0.755078938856771,0.2593937242508968,32,0.0,1.0,0.2333333333333333,0.9530189714788664,1,0.922474218311183,109,0.28440366972477066,0.2778746313169523,0.6525233444685233,1
402,1038,Experience 1038,Creative,0.8025898263845425,0.4058560569474049,0.8087225901435202,0.8729120163870842,60,Social,Creative,0.755078938856771,0.2593937242508968,32,0.0,1.0,0.4666666666666667,0.9463563487132508,0,0.8370924084575173,108,0.2037037037037037,0.209733026874116,0.6052023698758549,2
402,1108,Experience 1108,Puzzle,0.8425576923542274,0.4822507608830354,0.666849920378606,0.8027206052883656,21,Social,Creative,0.755078938856771,0.2593937242508968,32,0.0,0.0,0.1833333333333333,0.911770981521835,0,0.7525704003528642,92,0.2717391304347826,0.2664806021418468,0.4703343824365483,3
402,1099,Experience 1099,Adventure,0.8332801744008336,0.4077151465805127,0.8307594812615263,0.7545731382181347,49,Social,Creative,0.755078938856771,0.2593937242508968,32,0.0,0.0,0.2833333333333333,0.9243194575952448,0,0.9661866255598675,119,0.2605042016806723,0.25788365064666796,0.44343016563373033,4
402,1072,Experience 1072,Puzzle,0.7449779069249327,0.3414623639761886,0.973475515285742,0.3783180142237856,25,Social,Creative,0.755078938856771,0.2593937242508968,32,0.0,0.0,0.1166666666666666,0.781603423571029,0,0.8854494226413075,119,0.21008403361344538,0.21471818302076867,0.4365239134691904,5
403,1052,Experience 1052,Creative,0.6879474895864814,0.8150878066775633,0.5427584275418881,0.4028796085076296,43,Action,Creative,0.5199633347922504,0.2334986376810801,35,0.0,1.0,0.1333333333333333,0.9772049072503624,0,0.7746726705853615,129,0.3178294573643411,0.30769011704622046,0.6570035983651475,1
403,1087,Experience 1087,Creative,0.7417160017369715,0.3980069401610766,0.5803538931422866,0.1954958273965873,33,Action,Creative,0.5199633347922504,0.2334986376810801,35,0.0,1.0,0.0333333333333333,0.939609441649964,1,0.785325637115289,117,0.15384615384615385,0.16675786452472152,0.6456480224833213,2
403,1110,Experience 1110,Creative,0.8487034770737338,0.6513439158584452,0.7080979103356375,0.2741343936886083,18,Action,Creative,0.5199633347922504,0.2334986376810801,35,0.0,1.0,0.2833333333333333,0.8118654244566129,0,0.8426652094954244,109,0.28440366972477066,0.2778746313169523,0.6446726423194211,3
403,1038,Experience 1038,Creative,0.8025898263845425,0.4058560569474049,0.8087225901435202,0.8729120163870842,60,Action,Creative,0.5199633347922504,0.2334986376810801,35,0.0,1.0,0.4166666666666667,0.7112407446487302,0,0.9030658428941561,108,0.2037037037037037,0.209733026874116,0.591134070185943,4
403,1037,Experience 1037,Sports,0.7994490651436071,0.7023148063737304,0.3263399911584964,0.9948242136208678,35,Action,Creative,0.5199633347922504,0.2334986376810801,35,0.0,0.0,0.0,0.806376656366246,0,0.8537926820008781,120,0.30833333333333335,0.29889876742776317,0.4969516384668435,5
404,1080,Experience 1080,Strategy,0.4960287753620589,0.3772823688301061,0.669450532879556,0.5189146424870842,16,Strategy,Sports,0.8791793566613043,0.4661704464893443,46,1.0,0.0,0.5,0.7902711762182517,0,0.7974528921943016,116,0.16379310344827586,0.17533696646975622,0.7016789475510348,1
404,1092,Experience 1092,Sports,0.8280410369904486,0.5343815491606264,0.7426691928850321,0.6904019545155015,39,Strategy,Sports,0.8791793566613043,0.4661704464893443,46,0.0,1.0,0.1166666666666666,0.8634898362237278,1,0.830188324453199,128,0.2421875,0.2422015367559922,0.6795089472178443,2
404,1100,Experience 1100,Sports,0.8539423752816214,0.5771516782683807,0.6603015579098336,0.097787997445443,39,Strategy,Sports,0.8791793566613043,0.4661704464893443,46,0.0,1.0,0.1166666666666666,0.7811222012485293,0,0.9658776913562067,107,0.3177570093457944,0.3058726570069831,0.6784460377502244,3
404,1037,Experience 1037,Sports,0.7994490651436071,0.7023148063737304,0.3263399911584964,0.9948242136208678,35,Strategy,Sports,0.8791793566613043,0.4661704464893443,46,0.0,1.0,0.1833333333333333,0.4471606344971921,0,0.9318867350933905,120,0.30833333333333335,0.29889876742776317,0.591560996353551,4
404,1015,Experience 1015,Sports,0.9316862802198296,0.7502302540767141,0.1563447605350174,0.9300033473547172,10,Strategy,Sports,0.8791793566613043,0.4661704464893443,46,0.0,1.0,0.6,0.2771654038737131,1,0.9899255522565225,113,0.19469026548672566,0.20184832661569058,0.5451341129810243,5
405,1007,Experience 1007,Social,0.6113602755027672,0.3693255620200327,0.760432490906593,0.3138467721116466,56,Social,Sports,0.6071639393681885,0.5775298112314492,29,1.0,0.0,0.45,0.8467314484615954,0,0.9141795986079643,112,0.24107142857142858,0.24125626848399126,0.8157996246295227,1
405,1039,Experience 1039,Social,0.8194814495513689,0.2752805682140255,0.2419454802582048,0.889899007072331,47,Social,Sports,0.6071639393681885,0.5775298112314492,29,1.0,0.0,0.3,0.6347815408900164,1,0.7522046688468795,110,0.2636363636363636,0.2603525187683603,0.8133505506317691,2
405,1088,Experience 1088,Sports,0.931739259022481,0.4207879774878386,0.5549692853271866,0.4100487869149942,11,Social,Sports,0.6071639393681885,0.5775298112314492,29,0.0,1.0,0.3,0.947805345958998,0,0.9703243201537796,113,0.3008849557522124,0.292073890525465,0.6903731625756401,3
405,1092,Experience 1092,Sports,0.8280410369904486,0.5343815491606264,0.7426691928850321,0.6904019545155015,39,Social,Sports,0.6071639393681885,0.5775298112314492,29,0.0,1.0,0.1666666666666666,0.8644947464831564,1,0.7274665505794661,128,0.2421875,0.2422015367559922,0.6829319094528763,4
405,1070,Experience 1070,Sports,0.9021629239090754,0.4240213755135868,0.7602726894428304,0.7757910864370905,50,Social,Sports,0.6071639393681885,0.5775298112314492,29,0.0,1.0,0.35,0.846891249925358,0,0.9081241914616973,111,0.2882882882882883,0.28126585831974693,0.6741753857275459,5
406,1097,Experience 1097,Social,0.6621084266035628,0.3766200397542547,0.5070806368539267,0.2458755870050586,23,Social,Sports,0.3047321391496208,0.4175839543663441,23,1.0,0.0,0.0,0.7976515022956941,1,0.9759489269468229,128,0.203125,0.20841775297220844,0.8332007089848604,1
406,1059,Experience 1059,Social,0.7489549716721217,0.4911530499138364,0.6826986067555766,0.9132851837019758,49,Social,Sports,0.3047321391496208,0.4175839543663441,23,1.0,0.0,0.4333333333333333,0.6220335323940442,1,0.7426812719292772,105,0.34285714285714286,0.32676661951909475,0.8090585965066843,2
406,1001,Experience 1001,Sports,0.6452560499996463,0.8044840559110404,0.5776422262968883,0.3608105614175153,41,Social,Sports,0.3047321391496208,0.4175839543663441,23,0.0,1.0,0.3,0.7270899128527325,0,0.97244900041435,110,0.2545454545454545,0.25266021107605263,0.6165110876508753,3
406,1070,Experience 1070,Sports,0.9021629239090754,0.4240213755135868,0.7602726894428304,0.7757910864370905,50,Social,Sports,0.3047321391496208,0.4175839543663441,23,0.0,1.0,0.45,0.5444594497067904,0,0.8458306026478788,111,0.2882882882882883,0.28126585831974693,0.609590391157883,4
406,1110,Experience 1110,Creative,0.8487034770737338,0.6513439158584452,0.7080979103356375,0.2741343936886083,18,Social,Sports,0.3047321391496208,0.4175839543663441,23,0.0,0.0,0.0833333333333333,0.5966342288139833,0,0.8678377839557687,109,0.28440366972477066,0.2778746313169523,0.46889274785275536,5
407,1088,Experience 1088,Sports,0.931739259022481,0.4207879774878386,0.5549692853271866,0.4100487869149942,11,Sports,Creative,0.7302261256935801,0.526254083197062,27,1.0,0.0,0.2666666666666666,0.8247431596336064,0,0.9291309337401117,113,0.3008849557522124,0.292073890525465,0.820615120492582,1
407,1027,Experience 1027,Sports,0.8258355726034926,0.7779980359761599,0.5071112833110228,0.4772006332829246,49,Sports,Creative,0.7302261256935801,0.526254083197062,27,1.0,0.0,0.3666666666666666,0.7768851576174427,1,0.9972729178427239,111,0.23423423423423423,0.23546433160218966,0.8124024361295688,2
407,1106,Experience 1106,Sports,0.8146785788760947,0.3647619692710552,0.6750256601127794,0.7960604476258709,49,Sports,Creative,0.7302261256935801,0.526254083197062,27,1.0,0.0,0.3666666666666666,0.9447995344191992,1,0.8079967455569879,128,0.28125,0.275985320539776,0.8112373694195449,3
407,1085,Experience 1085,Social,0.715133524882573,0.3923165755464828,0.681782684374937,0.3715432084063615,41,Sports,Creative,0.7302261256935801,0.526254083197062,27,0.0,0.0,0.2333333333333333,0.9515565586813568,1,0.8283271908280031,117,0.24786324786324787,0.24704983532764122,0.512871515927843,4
407,1069,Experience 1069,Puzzle,0.8068156107352968,0.6551858372056814,0.8842124935251735,0.2530347499296835,35,Sports,Creative,0.7302261256935801,0.526254083197062,27,0.0,0.0,0.1333333333333333,0.8460136321684066,0,0.9835564449052044,121,0.2892561983471074,0.2825945208502613,0.4962731372959571,5
408,1063,Experience 1063,Strategy,0.7810917854701819,0.2349952712342425,0.5114173417348135,0.235256388415645,21,Strategy,Social,0.5029765093865148,0.1706611892038512,36,1.0,0.0,0.25,0.9915591676517014,0,0.7525408204557579,117,0.18803418803418803,0.19595494481669232,0.7898461525744731,1
408,1025,Experience 1025,Social,0.838744739121835,0.7279884901895025,0.5876677647056102,0.0811540004238993,14,Strategy,Social,0.5029765093865148,0.1706611892038512,36,0.0,1.0,0.3666666666666666,0.9153087446809046,1,0.8999457955292639,120,0.31666666666666665,0.30604162457062034,0.7137361084160055,2
408,1085,Experience 1085,Social,0.715133524882573,0.3923165755464828,0.681782684374937,0.3715432084063615,41,Strategy,Social,0.5029765093865148,0.1706611892038512,36,0.0,1.0,0.0833333333333333,0.8211938250115778,0,0.7906426183134625,117,0.24786324786324787,0.24704983532764122,0.6815535397650127,3
408,1002,Experience 1002,Social,0.5654662227449457,0.1419781043952984,0.4876512775379703,0.1763555764178013,30,Strategy,Social,0.5029765093865148,0.1706611892038512,36,0.0,1.0,0.1,0.9846747681514556,1,0.7221495855216992,125,0.312,0.30238501682680585,0.6478101803591236,4
408,1052,Experience 1052,Creative,0.6879474895864814,0.8150878066775633,0.5427584275418881,0.4028796085076296,43,Strategy,Social,0.5029765093865148,0.1706611892038512,36,0.0,0.0,0.1166666666666666,0.9602180818446268,0,0.9151751703510327,129,0.3178294573643411,0.30769011704622046,0.49099485007149585,5
409,1060,Experience 1060,Strategy,0.8620933017122632,0.1051567799118504,0.3772606570904063,0.1400554046894906,58,Strategy,Simulation,0.2302114532073285,0.3312847408673101,49,1.0,0.0,0.15,0.8529507961169223,1,0.825843824127344,102,0.27450980392156865,0.2692280937695643,0.765596085224739,1
409,1063,Experience 1063,Strategy,0.7810917854701819,0.2349952712342425,0.5114173417348135,0.235256388415645,21,Strategy,Simulation,0.2302114532073285,0.3312847408673101,49,1.0,0.0,0.4666666666666667,0.7187941114725152,1,0.8421007365542699,117,0.18803418803418803,0.19595494481669232,0.7108877400763347,2
409,1016,Experience 1016,Simulation,0.6327408434291123,0.2893552650923534,0.337198205686132,0.4979318527888876,53,Strategy,Simulation,0.2302114532073285,0.3312847408673101,49,0.0,1.0,0.0666666666666666,0.8930132475211965,0,0.7608728479416431,124,0.1935483870967742,0.20031824611032534,0.5484980120490776,3
409,1082,Experience 1082,Adventure,0.940069744877272,0.6645999956719907,0.1368397110942475,0.0890420050750532,28,Strategy,Simulation,0.2302114532073285,0.3312847408673101,49,0.0,0.0,0.35,0.9066282578869188,0,0.7295745982669992,138,0.2391304347826087,0.23953055341700535,0.44456221382578326,4
409,1013,Experience 1013,Sports,0.8486275995976889,0.743877614526904,0.1274827038621261,0.2359972626205526,20,Strategy,Simulation,0.2302114532073285,0.3312847408673101,49,0.0,0.0,0.4833333333333333,0.8972712506547975,1,0.844514948558471,116,0.3017241379310345,0.29298402529328565,0.44236135504172236,5
410,1053,Experience 1053,Puzzle,0.7426572934279929,0.7514869168546299,0.2904976508730454,0.8341208920021081,34,Puzzle,Sports,0.6730226494683224,0.2502370805214505,33,1.0,0.0,0.0166666666666666,0.6174750014047231,1,0.7204641655193401,102,0.3431372549019608,0.3266051429498922,0.7881382049004059,1
410,1111,Experience 1111,Sports,0.9428982678236224,0.8155250577848677,0.575778764164542,0.2547283501174674,25,Puzzle,Sports,0.6730226494683224,0.2502370805214505,33,0.0,1.0,0.1333333333333333,0.9027561146962196,0,0.8272655418600505,139,0.3237410071942446,0.31349577006218143,0.711306678208703,2
410,1100,Experience 1100,Sports,0.8539423752816214,0.5771516782683807,0.6603015579098336,0.097787997445443,39,Puzzle,Sports,0.6730226494683224,0.2502370805214505,33,0.0,1.0,0.1,0.9872789084415112,0,0.9592223959719024,107,0.3177570093457944,0.3058726570069831,0.6990803814995523,3
410,1014,Experience 1014,Social,0.7084360738896248,0.6919622480914536,0.5066406143622445,0.7631554898199004,35,Puzzle,Sports,0.6730226494683224,0.2502370805214505,33,0.0,0.0,0.0333333333333333,0.8336179648939221,0,0.963877894537635,117,0.29914529914529914,0.29084545576559745,0.5250089191866396,4
410,1000,Experience 1000,Action,0.9096695293967186,0.6516437731703687,0.6290364009047581,0.2407530712142694,49,Puzzle,Sports,0.6730226494683224,0.2502370805214505,33,0.0,0.0,0.2666666666666666,0.9560137514364356,1,0.764582157500819,124,0.3225806451612903,0.31142935722143644,0.5160288416935751,5
411,1104,Experience 1104,Sports,0.7763284069557427,0.7928984171430337,0.1707069630824686,0.4638281104628762,33,Sports,Adventure,0.3370621449679273,0.8085641440932488,55,1.0,0.0,0.3666666666666666,0.8336448181145413,1,0.9764210842842169,119,0.17647058823529413,0.1859412046035025,0.8129994678306195,1
411,1106,Experience 1106,Sports,0.8146785788760947,0.3647619692710552,0.6750256601127794,0.7960604476258709,49,Sports,Adventure,0.3370621449679273,0.8085641440932488,55,1.0,0.0,0.1,0.6620364848551479,0,0.7836035031252323,128,0.28125,0.275985320539776,0.8093159611011078,2
411,1036,Experience 1036,Sports,0.9655169972756756,0.2298411882545339,0.2550485289661252,0.8478368672236546,17,Sports,Adventure,0.3370621449679273,0.8085641440932488,55,1.0,0.0,0.6333333333333333,0.917986383998198,1,0.7765744239408174,129,0.26356589147286824,0.2607102512744084,0.8054321355094155,3
411,1001,Experience 1001,Sports,0.6452560499996463,0.8044840559110404,0.5776422262968883,0.3608105614175153,41,Sports,Adventure,0.3370621449679273,0.8085641440932488,55,1.0,0.0,0.2333333333333333,0.759419918671039,1,0.9121830410738629,110,0.2545454545454545,0.25266021107605263,0.8049631874512803,4
411,1085,Experience 1085,Social,0.715133524882573,0.3923165755464828,0.681782684374937,0.3715432084063615,41,Sports,Adventure,0.3370621449679273,0.8085641440932488,55,0.0,0.0,0.2333333333333333,0.6552794605929902,1,0.7824711729463746,117,0.24786324786324787,0.24704983532764122,0.4792679714881734,5
412,1036,Experience 1036,Sports,0.9655169972756756,0.2298411882545339,0.2550485289661252,0.8478368672236546,17,Sports,Simulation,0.6226615164238164,0.4096912678160422,32,1.0,0.0,0.25,0.6323870125423088,0,0.9511107240528053,129,0.26356589147286824,0.2607102512744084,0.7686920843259331,1
412,1050,Experience 1050,Sports,0.6444432625143321,0.2032573812502654,0.7840857883345029,0.0579453445381299,24,Sports,Simulation,0.6226615164238164,0.4096912678160422,32,1.0,0.0,0.1333333333333333,0.8385757280893135,0,0.7189990118179397,107,0.27102803738317754,0.2665025782668255,0.765467492381999,2
412,1013,Experience 1013,Sports,0.8486275995976889,0.743877614526904,0.1274827038621261,0.2359972626205526,20,Sports,Simulation,0.6226615164238164,0.4096912678160422,32,1.0,0.0,0.2,0.5048211874383097,1,0.7665211840819373,116,0.3017241379310345,0.29298402529328565,0.7649505082977203,3
412,1049,Experience 1049,Sports,0.4370836638665348,0.2536527377340197,0.5512982630814426,0.1951855298186556,20,Sports,Simulation,0.6226615164238164,0.4096912678160422,32,1.0,0.0,0.2,0.9286367466576262,0,0.9102353768399845,122,0.19672131147540983,0.20313962985835807,0.7263992838193619,4
412,1097,Experience 1097,Social,0.6621084266035628,0.3766200397542547,0.5070806368539267,0.2458755870050586,23,Sports,Simulation,0.6226615164238164,0.4096912678160422,32,0.0,0.0,0.15,0.8844191204301103,1,0.9991902842779931,128,0.203125,0.20841775297220844,0.4598209855232766,5
413,1106,Experience 1106,Sports,0.8146785788760947,0.3647619692710552,0.6750256601127794,0.7960604476258709,49,Strategy,Sports,0.6754774896899995,0.414602431598926,38,0.0,1.0,0.1833333333333333,0.99954817042278,0,0.7538132884899184,128,0.28125,0.275985320539776,0.6752033193887796,1
413,1025,Experience 1025,Social,0.838744739121835,0.7279884901895025,0.5876677647056102,0.0811540004238993,14,Strategy,Sports,0.6754774896899995,0.414602431598926,38,0.0,0.0,0.4,0.9121902750156108,0,0.759680728948748,120,0.31666666666666665,0.30604162457062034,0.5530026107371236,2
413,1044,Experience 1044,Action,0.8578996664042653,0.7405382156713768,0.540545681694017,0.9388053542070384,40,Strategy,Sports,0.6754774896899995,0.414602431598926,38,0.0,0.0,0.0333333333333333,0.8650681920040174,0,0.7374879975027876,112,0.2857142857142857,0.27913505636277913,0.5155093410149094,3
413,1017,Experience 1017,Adventure,0.8986224157650411,0.4138920991005588,0.5580723954683906,0.6429984233408326,53,Strategy,Sports,0.6754774896899995,0.414602431598926,38,0.0,0.0,0.25,0.8825949057783911,0,0.91289208652685,125,0.256,0.25410915475784035,0.472119384159576,4
413,1022,Experience 1022,Adventure,0.5006486309375991,0.407575941114626,0.4697425498140824,0.908608246555642,36,Strategy,Sports,0.6754774896899995,0.414602431598926,38,0.0,0.0,0.0333333333333333,0.7942650601240828,0,0.7471284853566905,124,0.20967741935483872,0.2142071349992142,0.3705212138536194,5
414,1016,Experience 1016,Simulation,0.6327408434291123,0.2893552650923534,0.337198205686132,0.4979318527888876,53,Simulation,Action,0.2308368257350089,0.4406718461581989,18,1.0,0.0,0.5833333333333334,0.8936386200488768,1,0.8939771449914433,124,0.1935483870967742,0.20031824611032534,0.6957932546952187,1
414,1112,Experience 1112,Simulation,0.2735953131794247,0.4885963348973961,0.6296328968909383,0.135038096056236,20,Simulation,Action,0.2308368257350089,0.4406718461581989,18,1.0,0.0,0.0333333333333333,0.6012039288440707,1,0.7823526023359487,119,0.16806722689075632,0.17874695999918594,0.6417312828298345,2
414,1009,Experience 1009,Action,0.7987178764315418,0.3460501829476273,0.2238314684756084,0.130890330850495,53,Simulation,Action,0.2308368257350089,0.4406718461581989,18,0.0,1.0,0.5833333333333334,0.9929946427405996,0,0.7442974140586041,104,0.28846153846153844,0.28101473741844224,0.5583908365000445,3
414,1116,Experience 1116,Action,0.6678760843020042,0.5482724230839826,0.6479003468582198,0.8466710505082435,57,Simulation,Action,0.2308368257350089,0.4406718461581989,18,0.0,1.0,0.65,0.5829364788767891,0,0.9959398362950861,113,0.21238938053097345,0.21688592060065298,0.4707764221817228,4
414,1082,Experience 1082,Adventure,0.940069744877272,0.6645999956719907,0.1368397110942475,0.0890420050750532,28,Simulation,Action,0.2308368257350089,0.4406718461581989,18,0.0,0.0,0.1666666666666666,0.9060028853592386,1,0.7937090269437451,138,0.2391304347826087,0.23953055341700535,0.4523043011294732,5
415,1103,Experience 1103,Action,0.6677544964493587,0.4461723957193605,0.794276194278496,0.1853752728024856,59,Action,Puzzle,0.8912666833131231,0.5854948383411928,38,1.0,0.0,0.35,0.903009510965373,0,0.813435304943532,121,0.23140495867768596,0.23294913077933935,0.802393495786707,1
415,1035,Experience 1035,Action,0.684933354468736,0.2628151072276272,0.2926692360835166,0.7930049789596304,54,Action,Puzzle,0.8912666833131231,0.5854948383411928,38,1.0,0.0,0.2666666666666666,0.4014025527703935,1,0.7242389045814487,144,0.14583333333333334,0.15759650877979783,0.7180621264674687,2
415,1081,Experience 1081,Puzzle,0.5738102986510725,0.5468042713764619,0.3811493240377567,0.8099407364448706,60,Action,Puzzle,0.8912666833131231,0.5854948383411928,38,0.0,1.0,0.3666666666666666,0.4898826407246336,0,0.8555144195326737,107,0.18691588785046728,0.1956364365345421,0.5202297217819105,3
415,1029,Experience 1029,Puzzle,0.3418174116264629,0.7473540601800795,0.2448417750345193,0.4073623878629723,57,Action,Puzzle,0.8912666833131231,0.5854948383411928,38,0.0,1.0,0.3166666666666666,0.3535750917213962,0,0.8941260648352866,118,0.1864406779661017,0.1945349814484554,0.4563285187031268,4
415,1037,Experience 1037,Sports,0.7994490651436071,0.7023148063737304,0.3263399911584964,0.9948242136208678,35,Action,Puzzle,0.8912666833131231,0.5854948383411928,38,0.0,0.0,0.05,0.4350733078453733,0,0.8608352643836702,120,0.30833333333333335,0.29889876742776317,0.44364118292655963,5
416,1070,Experience 1070,Sports,0.9021629239090754,0.4240213755135868,0.7602726894428304,0.7757910864370905,50,Sports,Simulation,0.6221891860469001,0.027106435037114,41,1.0,0.0,0.15,0.8619164966040697,1,0.8777138933899403,111,0.2882882882882883,0.28126585831974693,0.8099154135566478,1
416,1106,Experience 1106,Sports,0.8146785788760947,0.3647619692710552,0.6750256601127794,0.7960604476258709,49,Sports,Simulation,0.6221891860469001,0.027106435037114,41,1.0,0.0,0.1333333333333333,0.9471635259341208,1,0.7920286607529133,128,0.28125,0.275985320539776,0.8012545097971588,2
416,1037,Experience 1037,Sports,0.7994490651436071,0.7023148063737304,0.3263399911584964,0.9948242136208678,35,Sports,Simulation,0.6221891860469001,0.027106435037114,41,1.0,0.0,0.1,0.7041508051115963,1,0.8657894063629611,120,0.30833333333333335,0.29889876742776317,0.7773534105109395,3
416,1041,Experience 1041,Sports,0.6879201981801872,0.7175911275892214,0.4277301159158936,0.4016616340093764,51,Sports,Simulation,0.6221891860469001,0.027106435037114,41,1.0,0.0,0.1666666666666666,0.8055409298689935,0,0.8133206126004258,132,0.18181818181818182,0.18977518052557135,0.7754888930704378,4
416,1089,Experience 1089,Sports,0.3014679423689484,0.7496212264791996,0.8991409816135325,0.4794170748058911,60,Sports,Simulation,0.6221891860469001,0.027106435037114,41,1.0,0.0,0.3166666666666666,0.7230482044333676,1,0.8082732096017801,125,0.184,0.19204018924059896,0.6922263357179979,5
417,1085,Experience 1085,Social,0.715133524882573,0.3923165755464828,0.681782684374937,0.3715432084063615,41,Social,Simulation,0.3451662716099575,0.8048302963129432,35,1.0,0.0,0.1,0.6633835872350204,0,0.8937541567799896,117,0.24786324786324787,0.24704983532764122,0.815975756283807,1
417,1097,Experience 1097,Social,0.6621084266035628,0.3766200397542547,0.5070806368539267,0.2458755870050586,23,Social,Simulation,0.3451662716099575,0.8048302963129432,35,1.0,0.0,0.2,0.8380856347560308,0,0.8281520192735765,128,0.203125,0.20841775297220844,0.8138847972900528,2
417,1048,Experience 1048,Social,0.2304789954244207,0.8328371585656826,0.2699649703256335,0.1697999737727075,60,Social,Simulation,0.3451662716099575,0.8048302963129432,35,1.0,0.0,0.4166666666666667,0.924798698715676,0,0.7709395176532479,119,0.20168067226890757,0.20752393841645214,0.7577200852157903,3
417,1016,Experience 1016,Simulation,0.6327408434291123,0.2893552650923534,0.337198205686132,0.4979318527888876,53,Social,Simulation,0.3451662716099575,0.8048302963129432,35,0.0,1.0,0.3,0.9920319340761744,1,0.9891237137038942,124,0.1935483870967742,0.20031824611032534,0.5640493889057951,4
417,1102,Experience 1102,Sports,0.9402838286695968,0.4125021221616953,0.1907643304361418,0.200562471321554,40,Social,Simulation,0.3451662716099575,0.8048302963129432,35,0.0,0.0,0.0833333333333333,0.8455980588261843,0,0.7542366958038529,117,0.3076923076923077,0.29814472583859014,0.5029276692642383,5
418,1092,Experience 1092,Sports,0.8280410369904486,0.5343815491606264,0.7426691928850321,0.6904019545155015,39,Sports,Social,0.877059124838986,0.4318567739927023,36,1.0,0.0,0.05,0.8656100680460461,1,0.9359419739245359,128,0.2421875,0.2422015367559922,0.8479406891954385,1
418,1102,Experience 1102,Sports,0.9402838286695968,0.4125021221616953,0.1907643304361418,0.200562471321554,40,Sports,Social,0.877059124838986,0.4318567739927023,36,1.0,0.0,0.0666666666666666,0.3137052055971558,1,0.9831745293310272,117,0.3076923076923077,0.29814472583859014,0.791888117906209,2
418,1089,Experience 1089,Sports,0.3014679423689484,0.7496212264791996,0.8991409816135325,0.4794170748058911,60,Sports,Social,0.877059124838986,0.4318567739927023,36,1.0,0.0,0.4,0.9779181432254536,1,0.9029763156085758,125,0.184,0.19204018924059896,0.7736440023781639,3
418,1061,Experience 1061,Social,0.9515114053456256,0.4883887845440612,0.3838014404080356,0.6777086144544695,56,Sports,Social,0.877059124838986,0.4318567739927023,36,0.0,1.0,0.3333333333333333,0.5067423155690496,1,0.9705823672666251,113,0.3274336283185841,0.3146302815029086,0.6717754899162827,4
418,1039,Experience 1039,Social,0.8194814495513689,0.2752805682140255,0.2419454802582048,0.889899007072331,47,Sports,Social,0.877059124838986,0.4318567739927023,36,0.0,1.0,0.1833333333333333,0.3648863554192189,0,0.9708661095462525,110,0.2636363636363636,0.2603525187683603,0.608412387230075,5
419,1093,Experience 1093,Puzzle,0.5054580561223759,0.3724006037822283,0.1444497473739812,0.982987171535907,29,Puzzle,Strategy,0.6546253737840618,0.4790299130142121,29,1.0,0.0,0.0,0.4898243735899195,0,0.8122655753195094,113,0.1415929203539823,0.15673554466080336,0.6769564602955216,1
419,1094,Experience 1094,Strategy,0.777065958629862,0.5840090382012306,0.3016147592800985,0.4118434403009737,40,Puzzle,Strategy,0.6546253737840618,0.4790299130142121,29,0.0,1.0,0.1833333333333333,0.6469893854960367,1,0.9464428024521787,114,0.21929824561403508,0.22273005552154362,0.5383002391179973,2
419,1110,Experience 1110,Creative,0.8487034770737338,0.6513439158584452,0.7080979103356375,0.2741343936886083,18,Puzzle,Strategy,0.6546253737840618,0.4790299130142121,29,0.0,0.0,0.1833333333333333,0.9465274634484244,0,0.8268765980091034,109,0.28440366972477066,0.2778746313169523,0.478646404394297,3
419,1088,Experience 1088,Sports,0.931739259022481,0.4207879774878386,0.5549692853271866,0.4100487869149942,11,Puzzle,Strategy,0.6546253737840618,0.4790299130142121,29,0.0,0.0,0.3,0.9003439115431248,0,0.7975145169874944,113,0.3008849557522124,0.292073890525465,0.4722295295498527,4
419,1070,Experience 1070,Sports,0.9021629239090754,0.4240213755135868,0.7602726894428304,0.7757910864370905,50,Puzzle,Strategy,0.6546253737840618,0.4790299130142121,29,0.0,0.0,0.35,0.8943526843412314,0,0.7253716928182293,111,0.2882882882882883,0.28126585831974693,0.47028568819842387,5
420,1067,Experience 1067,Creative,0.788764048918011,0.4580972487220676,0.5921026845821029,0.4299570499000478,43,Creative,Sports,0.6154655772278376,0.422575647489965,25,1.0,0.0,0.3,0.9766371073542652,1,0.7148535101750066,119,0.31092436974789917,0.30104911827256725,0.8188064668736087,1
420,1052,Experience 1052,Creative,0.6879474895864814,0.8150878066775633,0.5427584275418881,0.4028796085076296,43,Creative,Sports,0.6154655772278376,0.422575647489965,25,1.0,0.0,0.3,0.9272928503140504,1,0.7987730485855512,129,0.3178294573643411,0.30769011704622046,0.8135736634763777,2
420,1095,Experience 1095,Creative,0.5802362817422383,0.4006003917193433,0.7708173982045061,0.4033544032491283,54,Creative,Sports,0.6154655772278376,0.422575647489965,25,1.0,0.0,0.4833333333333333,0.8446481790233314,0,0.8647027789482467,111,0.1981981981981982,0.2049299804571515,0.7586337993758362,3
420,1001,Experience 1001,Sports,0.6452560499996463,0.8044840559110404,0.5776422262968883,0.3608105614175153,41,Creative,Sports,0.6154655772278376,0.422575647489965,25,0.0,1.0,0.2666666666666666,0.9621766490690508,0,0.9694079993069552,110,0.2545454545454545,0.25266021107605263,0.657591668806159,4
420,1105,Experience 1105,Sports,0.6106599794863272,0.6391373818905719,0.6213931070244737,0.2894297075080649,54,Creative,Sports,0.6154655772278376,0.422575647489965,25,0.0,1.0,0.4833333333333333,0.994072470203364,0,0.7414187744756562,130,0.23076923076923078,0.2323055162659123,0.6267090619256175,5
421,1110,Experience 1110,Creative,0.8487034770737338,0.6513439158584452,0.7080979103356375,0.2741343936886083,18,Creative,Puzzle,0.7991114951817861,0.8453571263746104,28,1.0,0.0,0.1666666666666666,0.9089864151538514,0,0.8331304323440936,109,0.28440366972477066,0.2778746313169523,0.8399097653506863,1
421,1062,Experience 1062,Creative,0.7566608128373626,0.2501254620138091,0.431135077105207,0.8144738760309339,50,Creative,Puzzle,0.7991114951817861,0.8453571263746104,28,1.0,0.0,0.3666666666666666,0.6320235819234208,0,0.9149129375523529,118,0.2033898305084746,0.20902773507164382,0.753859550427679,2
421,1004,Experience 1004,Puzzle,0.809305382335664,0.5027055170834634,0.7716046143560276,0.3920600224154432,16,Creative,Puzzle,0.7991114951817861,0.8453571263746104,28,0.0,1.0,0.2,0.9724931191742414,0,0.7515810968852686,123,0.21951219512195122,0.2226980939852227,0.6775769613800997,3
421,1019,Experience 1019,Puzzle,0.5059661119161158,0.8228200647408448,0.2570325653065184,0.9988296373336586,24,Creative,Puzzle,0.7991114951817861,0.8453571263746104,28,0.0,1.0,0.0666666666666666,0.4579210701247322,0,0.8594339476266741,121,0.19834710743801653,0.2045803364530982,0.5308281708351806,4
421,1061,Experience 1061,Social,0.9515114053456256,0.4883887845440612,0.3838014404080356,0.6777086144544695,56,Creative,Puzzle,0.7991114951817861,0.8453571263746104,28,0.0,0.0,0.4666666666666667,0.5846899452262495,1,0.9445030851636368,113,0.3274336283185841,0.3146302815029086,0.5021280281805784,5
422,1062,Experience 1062,Creative,0.7566608128373626,0.2501254620138091,0.431135077105207,0.8144738760309339,50,Creative,Simulation,0.4019007389517267,0.6687496441410071,50,1.0,0.0,0.0,0.9707656618465196,0,0.9516739727800267,118,0.2033898305084746,0.20902773507164382,0.8077781339821507,1
422,1110,Experience 1110,Creative,0.8487034770737338,0.6513439158584452,0.7080979103356375,0.2741343936886083,18,Creative,Simulation,0.4019007389517267,0.6687496441410071,50,1.0,0.0,0.5333333333333333,0.6938028286160892,0,0.7786540824782766,109,0.28440366972477066,0.2778746313169523,0.7814404417348655,2
422,1033,Experience 1033,Simulation,0.8859147305780027,0.259942782541492,0.2648265360525452,0.1086571032622624,31,Creative,Simulation,0.4019007389517267,0.6687496441410071,50,0.0,1.0,0.3166666666666666,0.8629257971008185,0,0.7367111683598102,120,0.275,0.27032733885633464,0.6013166538665863,3
422,1061,Experience 1061,Social,0.9515114053456256,0.4883887845440612,0.3838014404080356,0.6777086144544695,56,Creative,Simulation,0.4019007389517267,0.6687496441410071,50,0.0,0.0,0.1,0.9819007014563088,1,0.9963135871127515,113,0.3274336283185841,0.3146302815029086,0.5905097715319942,4
422,1016,Experience 1016,Simulation,0.6327408434291123,0.2893552650923534,0.337198205686132,0.4979318527888876,53,Creative,Simulation,0.4019007389517267,0.6687496441410071,50,0.0,1.0,0.05,0.9352974667344054,0,0.7466535496859205,124,0.1935483870967742,0.20031824611032534,0.583307770070824,5
423,1066,Experience 1066,Strategy,0.5933044321129625,0.8148765601157231,0.9082281614290438,0.2645976053461583,23,Simulation,Strategy,0.8226797532708972,0.6388721395133277,31,0.0,1.0,0.1333333333333333,0.9144515918418532,0,0.8803615560184781,125,0.208,0.21272984441301274,0.5772800041742737,1
423,1080,Experience 1080,Strategy,0.4960287753620589,0.3772823688301061,0.669450532879556,0.5189146424870842,16,Simulation,Strategy,0.8226797532708972,0.6388721395133277,31,0.0,1.0,0.25,0.8467707796086589,1,0.733850265502138,116,0.16379310344827586,0.17533696646975622,0.48181941925687866,2
423,1088,Experience 1088,Sports,0.931739259022481,0.4207879774878386,0.5549692853271866,0.4100487869149942,11,Simulation,Strategy,0.8226797532708972,0.6388721395133277,31,0.0,0.0,0.3333333333333333,0.7322895320562894,1,0.9620313867263399,113,0.3008849557522124,0.292073890525465,0.4339065341153949,3
423,1050,Experience 1050,Sports,0.6444432625143321,0.2032573812502654,0.7840857883345029,0.0579453445381299,24,Simulation,Strategy,0.8226797532708972,0.6388721395133277,31,0.0,0.0,0.1166666666666666,0.9614060350636058,0,0.7624478094996854,107,0.27102803738317754,0.2665025782668255,0.4228362405625302,4
423,1073,Experience 1073,Adventure,0.687693407311507,0.5642695337399875,0.7523432280065728,0.8351257910807337,50,Simulation,Strategy,0.8226797532708972,0.6388721395133277,31,0.0,0.0,0.3166666666666666,0.9296634747356756,0,0.8380710396978158,132,0.26515151515151514,0.26214360157820293,0.3966339116791571,5
424,1066,Experience 1066,Strategy,0.5933044321129625,0.8148765601157231,0.9082281614290438,0.2645976053461583,23,Strategy,Adventure,0.8619519585279587,0.3258780193034644,30,1.0,0.0,0.1166666666666666,0.9537237970989147,0,0.8400456921319039,125,0.208,0.21272984441301274,0.7703212918120359,1
424,1022,Experience 1022,Adventure,0.5006486309375991,0.407575941114626,0.4697425498140824,0.908608246555642,36,Strategy,Adventure,0.8619519585279587,0.3258780193034644,30,0.0,1.0,0.1,0.6077905912861237,0,0.8337144080600645,124,0.20967741935483872,0.2142071349992142,0.45105549480698554,2
424,1040,Experience 1040,Adventure,0.8007594991172722,0.3266907558049443,0.1528993913771743,0.3143479426299048,10,Strategy,Adventure,0.8619519585279587,0.3258780193034644,30,0.0,1.0,0.3333333333333333,0.2909474328492156,0,0.861063338073785,109,0.2018348623853211,0.20810718945648718,0.43043034410620884,3
424,1087,Experience 1087,Creative,0.7417160017369715,0.3980069401610766,0.5803538931422866,0.1954958273965873,33,Strategy,Adventure,0.8619519585279587,0.3258780193034644,30,0.0,0.0,0.05,0.7184019346143279,0,0.9281036356930916,117,0.15384615384615385,0.16675786452472152,0.3928261427705281,4
424,1042,Experience 1042,Social,0.3938579788705362,0.1390150525777733,0.8546241607610466,0.268085104820551,16,Strategy,Adventure,0.8619519585279587,0.3258780193034644,30,0.0,0.0,0.2333333333333333,0.992672202233088,0,0.7513260503611593,124,0.24193548387096775,0.241984912776992,0.3882288342779309,5
425,1056,Experience 1056,Simulation,0.5850817489192739,0.1274880872408227,0.8708251250831834,0.1754622465790878,53,Simulation,Strategy,0.8509323396513027,0.693158385053643,21,1.0,0.0,0.5333333333333333,0.9801072145681192,1,0.8291460958496284,128,0.1640625,0.17463396918842464,0.7157089367506636,1
425,1006,Experience 1006,Action,0.8770181756508404,0.5275353377269014,0.8047332447846338,0.7517807092307816,28,Simulation,Strategy,0.8509323396513027,0.693158385053643,21,0.0,0.0,0.1166666666666666,0.9538009051333312,0,0.7204932139116786,103,0.27184466019417475,0.26703924747875485,0.47716791867457836,2
425,1099,Experience 1099,Adventure,0.8332801744008336,0.4077151465805127,0.8307594812615263,0.7545731382181347,49,Simulation,Strategy,0.8509323396513027,0.693158385053643,21,0.0,0.0,0.4666666666666667,0.9798271416102236,0,0.8962086728743407,119,0.2605042016806723,0.25788365064666796,0.41487156622072113,3
425,1031,Experience 1031,Adventure,0.6267069522672452,0.6020379288394027,0.9395582128996094,0.5521627033044271,46,Simulation,Strategy,0.8509323396513027,0.693158385053643,21,0.0,0.0,0.4166666666666667,0.9113741267516932,1,0.8560560832794714,113,0.23008849557522124,0.2319235145856154,0.37781484896385364,4
425,1052,Experience 1052,Creative,0.6879474895864814,0.8150878066775633,0.5427584275418881,0.4028796085076296,43,Simulation,Strategy,0.8509323396513027,0.693158385053643,21,0.0,0.0,0.3666666666666666,0.6918260878905854,0,0.7965212564241705,129,0.3178294573643411,0.30769011704622046,0.37699932814374976,5
426,1099,Experience 1099,Adventure,0.8332801744008336,0.4077151465805127,0.8307594812615263,0.7545731382181347,49,Action,Adventure,0.7934337037622604,0.898449473688385,30,0.0,1.0,0.3166666666666666,0.962674222500734,1,0.9125478954052639,119,0.2605042016806723,0.25788365064666796,0.6454335751657786,1
426,1008,Experience 1008,Adventure,0.8415828324170402,0.3364498304651394,0.599089106012921,0.2728043301458357,40,Action,Adventure,0.7934337037622604,0.898449473688385,30,0.0,1.0,0.1666666666666666,0.8056554022506606,0,0.9805994111850692,117,0.27350427350427353,0.2689476455466193,0.6263266241304756,2
426,1118,Experience 1118,Adventure,0.6594774101626886,0.3565880675711896,0.5086937555214479,0.0351168111096665,58,Action,Adventure,0.7934337037622604,0.898449473688385,30,0.0,1.0,0.4666666666666667,0.7152600517591875,0,0.7066165303806283,109,0.21100917431192662,0.21585912744098332,0.5392659729951926,3
426,1092,Experience 1092,Sports,0.8280410369904486,0.5343815491606264,0.7426691928850321,0.6904019545155015,39,Action,Adventure,0.7934337037622604,0.898449473688385,30,0.0,0.0,0.15,0.9492354891227716,1,0.8149261028396052,128,0.2421875,0.2422015367559922,0.5309067108449194,4
426,1084,Experience 1084,Social,0.6722561348379004,0.2863456816441453,0.5362524927433157,0.7470758006298863,26,Action,Adventure,0.7934337037622604,0.898449473688385,30,0.0,0.0,0.0666666666666666,0.7428187889810552,0,0.8098713233441304,111,0.35135135135135137,0.3347009728235637,0.4822761863513093,5
427,1022,Experience 1022,Adventure,0.5006486309375991,0.407575941114626,0.4697425498140824,0.908608246555642,36,Adventure,Action,0.5637159358558916,0.2192434687863659,42,1.0,0.0,0.1,0.9060266139581908,1,0.7054788522501917,124,0.20967741935483872,0.2142071349992142,0.7233500874540721,1
427,1057,Experience 1057,Adventure,0.6456559365327232,0.2179960435691,0.3788184780326499,0.8119882015105448,28,Adventure,Action,0.5637159358558916,0.2192434687863659,42,1.0,0.0,0.2333333333333333,0.8151025421767583,1,0.8453502888099707,128,0.203125,0.20841775297220844,0.7139356594179898,2
427,1044,Experience 1044,Action,0.8578996664042653,0.7405382156713768,0.540545681694017,0.9388053542070384,40,Adventure,Action,0.5637159358558916,0.2192434687863659,42,0.0,1.0,0.0333333333333333,0.9768297458381252,0,0.9784742619911584,112,0.2857142857142857,0.27913505636277913,0.6649794870883645,3
427,1014,Experience 1014,Social,0.7084360738896248,0.6919622480914536,0.5066406143622445,0.7631554898199004,35,Adventure,Action,0.5637159358558916,0.2192434687863659,42,0.0,0.0,0.1166666666666666,0.9429246785063528,1,0.8220637756139807,117,0.29914529914529914,0.29084545576559745,0.5100402446601642,4
427,1052,Experience 1052,Creative,0.6879474895864814,0.8150878066775633,0.5427584275418881,0.4028796085076296,43,Adventure,Action,0.5637159358558916,0.2192434687863659,42,0.0,0.0,0.0166666666666666,0.9790424916859964,0,0.7770891101290508,129,0.3178294573643411,0.30769011704622046,0.4699320466028932,5
428,1069,Experience 1069,Puzzle,0.8068156107352968,0.6551858372056814,0.8842124935251735,0.2530347499296835,35,Puzzle,Adventure,0.4246072276469493,0.5814698677093021,23,1.0,0.0,0.2,0.5403947341217759,1,0.7970646737576423,121,0.2892561983471074,0.2825945208502613,0.7775282564663076,1
428,1113,Experience 1113,Puzzle,0.3143534057607174,0.7407415888945685,0.7096912838106965,0.9437983681037112,40,Puzzle,Adventure,0.4246072276469493,0.5814698677093021,23,1.0,0.0,0.2833333333333333,0.7149159438362529,0,0.8969400467874552,112,0.1875,0.19580172302944582,0.6918075321022422,2
428,1111,Experience 1111,Sports,0.9428982678236224,0.8155250577848677,0.575778764164542,0.2547283501174674,25,Puzzle,Adventure,0.4246072276469493,0.5814698677093021,23,0.0,0.0,0.0333333333333333,0.8488284634824073,0,0.9351105726241886,139,0.3237410071942446,0.31349577006218143,0.5329015106112647,3
428,1117,Experience 1117,Adventure,0.4143954852484882,0.5042520610293434,0.5381695778516243,0.3991953026577904,51,Puzzle,Adventure,0.4246072276469493,0.5814698677093021,23,0.0,1.0,0.4666666666666667,0.886437649795325,0,0.8622704734489643,114,0.17543859649122806,0.18541662268572273,0.4749640780670468,4
428,1043,Experience 1043,Creative,0.8838983032607785,0.7641225701636372,0.5942808569171103,0.6062993981927156,47,Puzzle,Adventure,0.4246072276469493,0.5814698677093021,23,0.0,0.0,0.4,0.830326370729839,1,0.8756575076432739,110,0.35454545454545455,0.3372755956914373,0.45400455291377373,5
429,1055,Experience 1055,Action,0.9121309206982589,0.3826203354113438,0.2499073592941251,0.1919211614110854,38,Action,Adventure,0.3572614467302097,0.2759123969031643,48,1.0,0.0,0.1666666666666666,0.8926459125639155,0,0.8357442525836876,114,0.23684210526315788,0.237655428655872,0.8190089765866663,1
429,1061,Experience 1061,Social,0.9515114053456256,0.4883887845440612,0.3838014404080356,0.6777086144544695,56,Action,Adventure,0.3572614467302097,0.2759123969031643,48,0.0,0.0,0.1333333333333333,0.973460006322174,1,0.7810589298220858,113,0.3274336283185841,0.3146302815029086,0.5874825697345714,2
429,1096,Experience 1096,Adventure,0.7903170826018652,0.4751627362769494,0.5362341337297925,0.9233469677258124,13,Action,Adventure,0.3572614467302097,0.2759123969031643,48,0.0,1.0,0.5833333333333334,0.8210273130004173,0,0.7831805695295821,123,0.25203252032520324,0.25067012195725064,0.5550560155810078,3
429,1031,Experience 1031,Adventure,0.6267069522672452,0.6020379288394027,0.9395582128996094,0.5521627033044271,46,Action,Adventure,0.3572614467302097,0.2759123969031643,48,0.0,1.0,0.0333333333333333,0.4177032338306004,0,0.7082295828876976,113,0.23008849557522124,0.2319235145856154,0.5364812681747073,4
429,1040,Experience 1040,Adventure,0.8007594991172722,0.3266907558049443,0.1528993913771743,0.3143479426299048,10,Action,Adventure,0.3572614467302097,0.2759123969031643,48,0.0,1.0,0.6333333333333333,0.7956379446469646,0,0.9548673710068639,109,0.2018348623853211,0.20810718945648718,0.5280832861139443,5
430,1098,Experience 1098,Social,0.534058177188557,0.4459803600128759,0.2707495249900757,0.7298152463028666,35,Simulation,Social,0.7365189336763452,0.805821331714007,35,0.0,1.0,0.0,0.5342305913137305,0,0.7720963706320804,130,0.26153846153846155,0.25897218293257895,0.6003396730776652,1
430,1111,Experience 1111,Sports,0.9428982678236224,0.8155250577848677,0.575778764164542,0.2547283501174674,25,Simulation,Social,0.7365189336763452,0.805821331714007,35,0.0,0.0,0.1666666666666666,0.8392598304881967,1,0.9592837369407948,139,0.3237410071942446,0.31349577006218143,0.5644486595588728,2
430,1100,Experience 1100,Sports,0.8539423752816214,0.5771516782683807,0.6603015579098336,0.097787997445443,39,Simulation,Social,0.7365189336763452,0.805821331714007,35,0.0,0.0,0.0666666666666666,0.9237826242334884,0,0.8920308001338049,107,0.3177570093457944,0.3058726570069831,0.5568856112454523,3
430,1099,Experience 1099,Adventure,0.8332801744008336,0.4077151465805127,0.8307594812615263,0.7545731382181347,49,Simulation,Social,0.7365189336763452,0.805821331714007,35,0.0,0.0,0.2333333333333333,0.9057594524148188,0,0.9673824021576298,119,0.2605042016806723,0.25788365064666796,0.48508962374659265,4
430,1013,Experience 1013,Sports,0.8486275995976889,0.743877614526904,0.1274827038621261,0.2359972626205526,20,Simulation,Social,0.7365189336763452,0.805821331714007,35,0.0,0.0,0.25,0.3909637701857809,0,0.7044995123167219,116,0.3017241379310345,0.29298402529328565,0.42967639149826986,5
431,1039,Experience 1039,Social,0.8194814495513689,0.2752805682140255,0.2419454802582048,0.889899007072331,47,Simulation,Social,0.7616054760018597,0.3935302910253647,46,0.0,1.0,0.0166666666666666,0.4803400042563451,0,0.9867555927166309,110,0.2636363636363636,0.2603525187683603,0.6311188050856551,1
431,1088,Experience 1088,Sports,0.931739259022481,0.4207879774878386,0.5549692853271866,0.4100487869149942,11,Simulation,Social,0.7616054760018597,0.3935302910253647,46,0.0,0.0,0.5833333333333334,0.7933638093253269,0,0.9749879565092009,113,0.3008849557522124,0.292073890525465,0.4590142079820754,2
431,1050,Experience 1050,Sports,0.6444432625143321,0.2032573812502654,0.7840857883345029,0.0579453445381299,24,Simulation,Social,0.7616054760018597,0.3935302910253647,46,0.0,0.0,0.3666666666666666,0.9775196876673568,1,0.986058930069305,107,0.27102803738317754,0.2665025782668255,0.4399843378837218,3
431,1072,Experience 1072,Puzzle,0.7449779069249327,0.3414623639761886,0.973475515285742,0.3783180142237856,25,Simulation,Social,0.7616054760018597,0.3935302910253647,46,0.0,0.0,0.35,0.7881299607161176,0,0.9370279669457272,119,0.21008403361344538,0.21471818302076867,0.43749027471585056,4
431,1046,Experience 1046,Puzzle,0.9358581895296346,0.2937905951089806,0.3646871905132503,0.5570017818814502,30,Simulation,Social,0.7616054760018597,0.3935302910253647,46,0.0,0.0,0.2666666666666666,0.6030817145113907,0,0.8089231867725407,124,0.2661290322580645,0.26281824611032534,0.4340717759872369,5
432,1029,Experience 1029,Puzzle,0.3418174116264629,0.7473540601800795,0.2448417750345193,0.4073623878629723,57,Puzzle,Adventure,0.7414923243308459,0.6167383558199303,14,1.0,0.0,0.7166666666666667,0.5033494507036734,0,0.9474040385772668,118,0.1864406779661017,0.1945349814484554,0.6081539114121958,1
432,1082,Experience 1082,Adventure,0.940069744877272,0.6645999956719907,0.1368397110942475,0.0890420050750532,28,Puzzle,Adventure,0.7414923243308459,0.6167383558199303,14,0.0,1.0,0.2333333333333333,0.3953473867634016,0,0.7349823821474478,138,0.2391304347826087,0.23953055341700535,0.5345395642244503,2
432,1088,Experience 1088,Sports,0.931739259022481,0.4207879774878386,0.5549692853271866,0.4100487869149942,11,Puzzle,Adventure,0.7414923243308459,0.6167383558199303,14,0.0,0.0,0.05,0.8134769609963407,0,0.9465304247027367,113,0.3008849557522124,0.292073890525465,0.47849600031331646,3
432,1022,Experience 1022,Adventure,0.5006486309375991,0.407575941114626,0.4697425498140824,0.908608246555642,36,Puzzle,Adventure,0.7414923243308459,0.6167383558199303,14,0.0,1.0,0.3666666666666666,0.7282502254832366,1,0.9372082888647189,124,0.20967741935483872,0.2142071349992142,0.4529308096733021,4
432,1028,Experience 1028,Simulation,0.7474374024719366,0.7598079156453001,0.9057260947827066,0.4943145335346177,16,Puzzle,Adventure,0.7414923243308459,0.6167383558199303,14,0.0,0.0,0.0333333333333333,0.8357662295481393,1,0.9729719982880864,122,0.22950819672131148,0.23130864394286513,0.4464468863020584,5
433,1110,Experience 1110,Creative,0.8487034770737338,0.6513439158584452,0.7080979103356375,0.2741343936886083,18,Creative,Adventure,0.5177531338272375,0.6792104810636079,35,1.0,0.0,0.2833333333333333,0.8096552234916,1,0.9248871589119884,109,0.28440366972477066,0.2778746313169523,0.8107814448509004,1
433,1065,Experience 1065,Creative,0.7619316682455927,0.3645751585148475,0.2630179910479239,0.9645188861392016,47,Creative,Adventure,0.5177531338272375,0.6792104810636079,35,1.0,0.0,0.2,0.7452648572206864,0,0.7112047087802913,114,0.22807017543859648,0.23019274208870782,0.7669815078578349,2
433,1022,Experience 1022,Adventure,0.5006486309375991,0.407575941114626,0.4697425498140824,0.908608246555642,36,Creative,Adventure,0.5177531338272375,0.6792104810636079,35,0.0,1.0,0.0166666666666666,0.951989415986845,0,0.84164352822452,124,0.20967741935483872,0.2142071349992142,0.557499348504318,3
433,1044,Experience 1044,Action,0.8578996664042653,0.7405382156713768,0.540545681694017,0.9388053542070384,40,Creative,Adventure,0.5177531338272375,0.6792104810636079,35,0.0,0.0,0.0833333333333333,0.9772074521332206,0,0.7449596222584189,112,0.2857142857142857,0.27913505636277913,0.5186807981488222,4
433,1100,Experience 1100,Sports,0.8539423752816214,0.5771516782683807,0.6603015579098336,0.097787997445443,39,Creative,Adventure,0.5177531338272375,0.6792104810636079,35,0.0,0.0,0.0666666666666666,0.857451575917404,0,0.9664097156499605,107,0.3177570093457944,0.3058726570069831,0.5183808258551724,5
434,1063,Experience 1063,Strategy,0.7810917854701819,0.2349952712342425,0.5114173417348135,0.235256388415645,21,Strategy,Action,0.7438923765066283,0.4316305729978879,48,1.0,0.0,0.45,0.7675249652281851,1,0.8114966156508244,117,0.18803418803418803,0.19595494481669232,0.7253239311386532,1
434,1116,Experience 1116,Action,0.6678760843020042,0.5482724230839826,0.6479003468582198,0.8466710505082435,57,Strategy,Action,0.7438923765066283,0.4316305729978879,48,0.0,1.0,0.15,0.9040079703515916,0,0.9787237491020303,113,0.21238938053097345,0.21688592060065298,0.5976546914566773,2
434,1009,Experience 1009,Action,0.7987178764315418,0.3460501829476273,0.2238314684756084,0.130890330850495,53,Strategy,Action,0.7438923765066283,0.4316305729978879,48,0.0,1.0,0.0833333333333333,0.4799390919689801,1,0.8090972772174102,104,0.28846153846153844,0.28101473741844224,0.5397167442324123,3
434,1059,Experience 1059,Social,0.7489549716721217,0.4911530499138364,0.6826986067555766,0.9132851837019758,49,Strategy,Action,0.7438923765066283,0.4316305729978879,48,0.0,0.0,0.0166666666666666,0.9388062302489484,0,0.8744146173309966,105,0.34285714285714286,0.32676661951909475,0.5300497039792706,4
434,1070,Experience 1070,Sports,0.9021629239090754,0.4240213755135868,0.7602726894428304,0.7757910864370905,50,Strategy,Action,0.7438923765066283,0.4316305729978879,48,0.0,0.0,0.0333333333333333,0.983619687063798,0,0.9087187195942125,111,0.2882882882882883,0.28126585831974693,0.5259900893446373,5
435,1000,Experience 1000,Action,0.9096695293967186,0.6516437731703687,0.6290364009047581,0.2407530712142694,49,Action,Simulation,0.4551577994349968,0.2499868443899177,29,1.0,0.0,0.3333333333333333,0.8261213985302387,1,0.9986032743877694,124,0.3225806451612903,0.31142935722143644,0.8106806921728112,1
435,1020,Experience 1020,Simulation,0.8220634578382588,0.5054615596538111,0.3982077558970217,0.6135164847298321,13,Action,Simulation,0.4551577994349968,0.2499868443899177,29,0.0,1.0,0.2666666666666666,0.9430499564620248,0,0.8111213687751302,129,0.21705426356589147,0.22044179489856944,0.6002151186202853,2
435,1010,Experience 1010,Simulation,0.8201589080775701,0.1741976609077686,0.1927429310808082,0.4388217018019487,21,Action,Simulation,0.4551577994349968,0.2499868443899177,29,0.0,1.0,0.1333333333333333,0.7375851316458114,1,0.9280362833718064,122,0.19672131147540983,0.20313962985835807,0.5489683290004148,3
435,1074,Experience 1074,Social,0.7411737446379107,0.1336446501121093,0.5667526591354218,0.2130749343990023,32,Action,Simulation,0.4551577994349968,0.2499868443899177,29,0.0,0.0,0.05,0.888405140299575,0,0.8875395499872772,149,0.2953020134228188,0.28902856473305827,0.48799691373796145,4
435,1024,Experience 1024,Sports,0.7120515552427965,0.5535760301547662,0.4935230317114728,0.4609313910731102,39,Action,Simulation,0.4551577994349968,0.2499868443899177,29,0.0,0.0,0.1666666666666666,0.961634767723524,0,0.7001961027156716,138,0.2608695652173913,0.25851789518915724,0.4602389007954365,5
436,1073,Experience 1073,Adventure,0.687693407311507,0.5642695337399875,0.7523432280065728,0.8351257910807337,50,Adventure,Puzzle,0.764034731864005,0.23771054859358,43,1.0,0.0,0.1166666666666666,0.988308496142568,0,0.851436435617886,132,0.26515151515151514,0.26214360157820293,0.7976939762745313,1
436,1096,Experience 1096,Adventure,0.7903170826018652,0.4751627362769494,0.5362341337297925,0.9233469677258124,13,Adventure,Puzzle,0.764034731864005,0.23771054859358,43,1.0,0.0,0.5,0.7721994018657875,1,0.9715245525518525,123,0.25203252032520324,0.25067012195725064,0.7442753508029684,2
436,1057,Experience 1057,Adventure,0.6456559365327232,0.2179960435691,0.3788184780326499,0.8119882015105448,28,Adventure,Puzzle,0.764034731864005,0.23771054859358,43,1.0,0.0,0.25,0.614783746168645,1,0.8010640701481682,128,0.203125,0.20841775297220844,0.696080725381886,3
436,1040,Experience 1040,Adventure,0.8007594991172722,0.3266907558049443,0.1528993913771743,0.3143479426299048,10,Adventure,Puzzle,0.764034731864005,0.23771054859358,43,1.0,0.0,0.55,0.3888646595131693,0,0.9167162298218,109,0.2018348623853211,0.20810718945648718,0.6697921948033417,4
436,1029,Experience 1029,Puzzle,0.3418174116264629,0.7473540601800795,0.2448417750345193,0.4073623878629723,57,Adventure,Puzzle,0.764034731864005,0.23771054859358,43,0.0,1.0,0.2333333333333333,0.4808070431705143,1,0.8129356007656541,118,0.1864406779661017,0.1945349814484554,0.452791068598097,5
437,1075,Experience 1075,Puzzle,0.7701763699744956,0.5714931074517187,0.7080993700732455,0.0043057756676786,58,Simulation,Puzzle,0.7027970371024337,0.3822332819141529,55,0.0,1.0,0.05,0.9946976670291882,0,0.9547815172584609,114,0.22807017543859648,0.23019274208870782,0.6731756426386394,1
437,1072,Experience 1072,Puzzle,0.7449779069249327,0.3414623639761886,0.973475515285742,0.3783180142237856,25,Simulation,Puzzle,0.7027970371024337,0.3822332819141529,55,0.0,1.0,0.5,0.7293215218166916,1,0.9289672665190372,119,0.21008403361344538,0.21471818302076867,0.5616507687975507,2
437,1026,Experience 1026,Puzzle,0.7847705334160814,0.4236675665053301,0.2918167090217533,0.0158055554401338,14,Simulation,Puzzle,0.7027970371024337,0.3822332819141529,55,0.0,1.0,0.6833333333333333,0.5890196719193197,0,0.9789536151894114,111,0.1981981981981982,0.2049299804571515,0.5096684769000687,3
437,1027,Experience 1027,Sports,0.8258355726034926,0.7779980359761599,0.5071112833110228,0.4772006332829246,49,Simulation,Puzzle,0.7027970371024337,0.3822332819141529,55,0.0,0.0,0.1,0.8043142462085892,0,0.7572693649286738,111,0.23423423423423423,0.23546433160218966,0.4960490010029358,4
437,1038,Experience 1038,Creative,0.8025898263845425,0.4058560569474049,0.8087225901435202,0.8729120163870842,60,Simulation,Puzzle,0.7027970371024337,0.3822332819141529,55,0.0,0.0,0.0833333333333333,0.8940744469589135,0,0.7422089251573283,108,0.2037037037037037,0.209733026874116,0.4694192905879058,5
438,1095,Experience 1095,Creative,0.5802362817422383,0.4006003917193433,0.7708173982045061,0.4033544032491283,54,Creative,Sports,0.4430191327133971,0.3181630409671357,32,1.0,0.0,0.3666666666666666,0.672201734508891,0,0.9566987175195594,111,0.1981981981981982,0.2049299804571515,0.7460306856272094,1
438,1027,Experience 1027,Sports,0.8258355726034926,0.7779980359761599,0.5071112833110228,0.4772006332829246,49,Creative,Sports,0.4430191327133971,0.3181630409671357,32,0.0,1.0,0.2833333333333333,0.9359078494023744,1,0.9405186428864936,111,0.23423423423423423,0.23546433160218966,0.6895924424981542,2
438,1024,Experience 1024,Sports,0.7120515552427965,0.5535760301547662,0.4935230317114728,0.4609313910731102,39,Creative,Sports,0.4430191327133971,0.3181630409671357,32,0.0,1.0,0.1166666666666666,0.9494961010019244,0,0.7432323125298744,138,0.2608695652173913,0.25851789518915724,0.6645926011726626,3
438,1089,Experience 1089,Sports,0.3014679423689484,0.7496212264791996,0.8991409816135325,0.4794170748058911,60,Creative,Sports,0.4430191327133971,0.3181630409671357,32,0.0,1.0,0.4666666666666667,0.5438781510998646,0,0.8017767854735429,125,0.184,0.19204018924059896,0.4925462056271493,4
438,1069,Experience 1069,Puzzle,0.8068156107352968,0.6551858372056814,0.8842124935251735,0.2530347499296835,35,Creative,Sports,0.4430191327133971,0.3181630409671357,32,0.0,0.0,0.05,0.5588066391882236,0,0.7577912949897767,121,0.2892561983471074,0.2825945208502613,0.47469405390951463,5
439,1058,Experience 1058,Social,0.5666390936836835,0.5294440043668863,0.4156619036213059,0.2647117106195373,52,Social,Simulation,0.5215252259333211,0.5160220244566948,54,1.0,0.0,0.0333333333333333,0.8941366776879849,0,0.8312012498575523,100,0.32,0.30704856199905706,0.8195574311893888,1
439,1048,Experience 1048,Social,0.2304789954244207,0.8328371585656826,0.2699649703256335,0.1697999737727075,60,Social,Simulation,0.5215252259333211,0.5160220244566948,54,1.0,0.0,0.1,0.7484397443923124,1,0.9373508721560777,119,0.20168067226890757,0.20752393841645214,0.7540136920056196,2
439,1115,Experience 1115,Simulation,0.626658707429628,0.7075065986188209,0.5404405149990236,0.2246894745458737,42,Social,Simulation,0.5215252259333211,0.5160220244566948,54,0.0,1.0,0.2,0.9810847109342976,0,0.78380649115786,112,0.2767857142857143,0.27155929878702156,0.6034221645214124,3
439,1028,Experience 1028,Simulation,0.7474374024719366,0.7598079156453001,0.9057260947827066,0.4943145335346177,16,Social,Simulation,0.5215252259333211,0.5160220244566948,54,0.0,1.0,0.6333333333333333,0.6157991311506145,0,0.960627192016843,122,0.22950819672131148,0.23130864394286513,0.5356646164048525,4
439,1088,Experience 1088,Sports,0.931739259022481,0.4207879774878386,0.5549692853271866,0.4100487869149942,11,Social,Simulation,0.5215252259333211,0.5160220244566948,54,0.0,0.0,0.7166666666666667,0.9665559406061344,0,0.9137093423416364,113,0.3008849557522124,0.292073890525465,0.45481248405512187,5
440,1116,Experience 1116,Action,0.6678760843020042,0.5482724230839826,0.6479003468582198,0.8466710505082435,57,Action,Adventure,0.6079457932126583,0.3615648765916063,27,1.0,0.0,0.5,0.9600454463544384,1,0.737300648428564,113,0.21238938053097345,0.21688592060065298,0.7724663606318155,1
440,1035,Experience 1035,Action,0.684933354468736,0.2628151072276272,0.2926692360835166,0.7930049789596304,54,Action,Adventure,0.6079457932126583,0.3615648765916063,27,1.0,0.0,0.45,0.6847234428708584,0,0.7677032380253421,144,0.14583333333333334,0.15759650877979783,0.7158386930189296,2
440,1073,Experience 1073,Adventure,0.687693407311507,0.5642695337399875,0.7523432280065728,0.8351257910807337,50,Action,Adventure,0.6079457932126583,0.3615648765916063,27,0.0,1.0,0.3833333333333333,0.8556025652060855,0,0.812801304179162,132,0.26515151515151514,0.26214360157820293,0.5685390157329996,3
440,1101,Experience 1101,Adventure,0.7760911633714107,0.1624374115097873,0.2510263664566988,0.468231405693584,28,Action,Adventure,0.6079457932126583,0.3615648765916063,27,0.0,1.0,0.0166666666666666,0.6430805732440406,0,0.9621214482226984,106,0.19811320754716982,0.20512561460227657,0.5420574339964627,4
440,1107,Experience 1107,Social,0.7428970964662264,0.8045676070342606,0.8160785123357384,0.9076048913904824,23,Action,Adventure,0.6079457932126583,0.3615648765916063,27,0.0,0.0,0.0666666666666666,0.7918672808769199,0,0.9225431359375513,139,0.30935251798561153,0.3009171537099802,0.531129941660897,5
441,1001,Experience 1001,Sports,0.6452560499996463,0.8044840559110404,0.5776422262968883,0.3608105614175153,41,Sports,Strategy,0.8297063587321386,0.2185832417590195,42,1.0,0.0,0.0166666666666666,0.7479358675647497,1,0.8957992516468243,110,0.2545454545454545,0.25266021107605263,0.7910061823099829,1
441,1089,Experience 1089,Sports,0.3014679423689484,0.7496212264791996,0.8991409816135325,0.4794170748058911,60,Sports,Strategy,0.8297063587321386,0.2185832417590195,42,1.0,0.0,0.3,0.930565377118606,1,0.9448206666191064,125,0.184,0.19204018924059896,0.7373890053884817,2
441,1083,Experience 1083,Sports,0.5638116113845065,0.5523903507798276,0.3674940432740611,0.3952346537588943,26,Sports,Strategy,0.8297063587321386,0.2185832417590195,42,1.0,0.0,0.2666666666666666,0.5377876845419225,1,0.9054646626525789,122,0.22950819672131148,0.23130864394286513,0.7049183356503946,3
441,1007,Experience 1007,Social,0.6113602755027672,0.3693255620200327,0.760432490906593,0.3138467721116466,56,Sports,Strategy,0.8297063587321386,0.2185832417590195,42,0.0,0.0,0.2333333333333333,0.9307261321744544,0,0.9973954852520115,112,0.24107142857142858,0.24125626848399126,0.4638573042725556,4
441,1039,Experience 1039,Social,0.8194814495513689,0.2752805682140255,0.2419454802582048,0.889899007072331,47,Sports,Strategy,0.8297063587321386,0.2185832417590195,42,0.0,0.0,0.0833333333333333,0.4122391215260662,1,0.7704357824931478,110,0.2636363636363636,0.2603525187683603,0.40680620894499075,5
442,1084,Experience 1084,Social,0.6722561348379004,0.2863456816441453,0.5362524927433157,0.7470758006298863,26,Puzzle,Strategy,0.5130844584814124,0.4441527159540384,19,0.0,0.0,0.1166666666666666,0.9768319657380968,1,0.9901362730100342,111,0.35135135135135137,0.3347009728235637,0.47107562813427023,1
442,1074,Experience 1074,Social,0.7411737446379107,0.1336446501121093,0.5667526591354218,0.2130749343990023,32,Puzzle,Strategy,0.5130844584814124,0.4441527159540384,19,0.0,0.0,0.2166666666666666,0.9463317993459904,0,0.9501188722649183,149,0.2953020134228188,0.28902856473305827,0.4694150535247479,2
442,1047,Experience 1047,Strategy,0.22550606962591,0.2148767550411004,0.6209051459122696,0.296299630453485,14,Puzzle,Strategy,0.5130844584814124,0.4441527159540384,19,0.0,1.0,0.0833333333333333,0.8921793125691427,0,0.8134090811061977,110,0.15454545454545454,0.16804482646066804,0.4272928479528746,3
442,1102,Experience 1102,Sports,0.9402838286695968,0.4125021221616953,0.1907643304361418,0.200562471321554,40,Puzzle,Strategy,0.5130844584814124,0.4441527159540384,19,0.0,0.0,0.35,0.6776798719547295,0,0.7816997893740036,117,0.3076923076923077,0.29814472583859014,0.41900410751067557,4
442,1115,Experience 1115,Simulation,0.626658707429628,0.7075065986188209,0.5404405149990236,0.2246894745458737,42,Puzzle,Strategy,0.5130844584814124,0.4441527159540384,19,0.0,0.0,0.3833333333333333,0.9726439434823888,1,0.8201230493481136,112,0.2767857142857143,0.27155929878702156,0.3941204122192081,5
443,1077,Experience 1077,Adventure,0.8965830938027713,0.1988675594053931,0.098043795325636,0.9940777724523784,46,Adventure,Puzzle,0.8089969367965653,0.4022312810715497,26,1.0,0.0,0.3333333333333333,0.2890468585290708,0,0.7372760781461618,116,0.19827586206896552,0.20474873117563858,0.6837016933330807,1
443,1111,Experience 1111,Sports,0.9428982678236224,0.8155250577848677,0.575778764164542,0.2547283501174674,25,Adventure,Puzzle,0.8089969367965653,0.4022312810715497,26,0.0,0.0,0.0166666666666666,0.7667818273679767,0,0.7396214001972451,139,0.3237410071942446,0.31349577006218143,0.5303856402114306,2
443,1000,Experience 1000,Action,0.9096695293967186,0.6516437731703687,0.6290364009047581,0.2407530712142694,49,Adventure,Puzzle,0.8089969367965653,0.4022312810715497,26,0.0,0.0,0.3833333333333333,0.8200394641081928,0,0.8859284562108488,124,0.3225806451612903,0.31142935722143644,0.4684786807049517,3
443,1074,Experience 1074,Social,0.7411737446379107,0.1336446501121093,0.5667526591354218,0.2130749343990023,32,Adventure,Puzzle,0.8089969367965653,0.4022312810715497,26,0.0,0.0,0.1,0.7577557223388566,0,0.82240625221803,149,0.2953020134228188,0.28902856473305827,0.46685443334456117,4
443,1027,Experience 1027,Sports,0.8258355726034926,0.7779980359761599,0.5071112833110228,0.4772006332829246,49,Adventure,Puzzle,0.8089969367965653,0.4022312810715497,26,0.0,0.0,0.3833333333333333,0.6981143465144576,0,0.7330478326585964,111,0.23423423423423423,0.23546433160218966,0.44673809818530485,5
444,1070,Experience 1070,Sports,0.9021629239090754,0.4240213755135868,0.7602726894428304,0.7757910864370905,50,Sports,Creative,0.694588827462303,0.3622388675193256,24,1.0,0.0,0.4333333333333333,0.9343161380194726,1,0.9825089578489649,111,0.2882882882882883,0.28126585831974693,0.8186895219007696,1
444,1024,Experience 1024,Sports,0.7120515552427965,0.5535760301547662,0.4935230317114728,0.4609313910731102,39,Sports,Creative,0.694588827462303,0.3622388675193256,24,1.0,0.0,0.25,0.7989342042491698,0,0.9484939683142574,138,0.2608695652173913,0.25851789518915724,0.7856119686073256,2
444,1013,Experience 1013,Sports,0.8486275995976889,0.743877614526904,0.1274827038621261,0.2359972626205526,20,Sports,Creative,0.694588827462303,0.3622388675193256,24,1.0,0.0,0.0666666666666666,0.4328938763998231,0,0.8465669972127863,116,0.3017241379310345,0.29298402529328565,0.7779014999257241,3
444,1038,Experience 1038,Creative,0.8025898263845425,0.4058560569474049,0.8087225901435202,0.8729120163870842,60,Sports,Creative,0.694588827462303,0.3622388675193256,24,0.0,1.0,0.6,0.8858662373187828,1,0.7967140981438778,108,0.2037037037037037,0.209733026874116,0.5827122511987565,4
444,1058,Experience 1058,Social,0.5666390936836835,0.5294440043668863,0.4156619036213059,0.2647117106195373,52,Sports,Creative,0.694588827462303,0.3622388675193256,24,0.0,0.0,0.4666666666666667,0.721073076159003,0,0.9074887529512364,100,0.32,0.30704856199905706,0.4050529389640972,5
445,1043,Experience 1043,Creative,0.8838983032607785,0.7641225701636372,0.5942808569171103,0.6062993981927156,47,Creative,Simulation,0.214386285946864,0.5682931542869954,33,1.0,0.0,0.2333333333333333,0.6201054290297537,0,0.872008988831208,110,0.35454545454545455,0.3372755956914373,0.7965220762493724,1
445,1052,Experience 1052,Creative,0.6879474895864814,0.8150878066775633,0.5427584275418881,0.4028796085076296,43,Creative,Simulation,0.214386285946864,0.5682931542869954,33,1.0,0.0,0.1666666666666666,0.671627858404976,0,0.8650012237582365,129,0.3178294573643411,0.30769011704622046,0.7760113711364789,2
445,1115,Experience 1115,Simulation,0.626658707429628,0.7075065986188209,0.5404405149990236,0.2246894745458737,42,Creative,Simulation,0.214386285946864,0.5682931542869954,33,0.0,1.0,0.15,0.6739457709478405,0,0.8817221981405373,112,0.2767857142857143,0.27155929878702156,0.5552590868117261,3
445,1028,Experience 1028,Simulation,0.7474374024719366,0.7598079156453001,0.9057260947827066,0.4943145335346177,16,Creative,Simulation,0.214386285946864,0.5682931542869954,33,0.0,1.0,0.2833333333333333,0.3086601911641574,1,0.9626666744109491,122,0.22950819672131148,0.23130864394286513,0.5178924246460448,4
445,1084,Experience 1084,Social,0.6722561348379004,0.2863456816441453,0.5362524927433157,0.7470758006298863,26,Creative,Simulation,0.214386285946864,0.5682931542869954,33,0.0,0.0,0.1166666666666666,0.6781337932035484,1,0.973064957838134,111,0.35135135135135137,0.3347009728235637,0.4377510298787131,5
446,1071,Experience 1071,Adventure,0.5432545608778258,0.5917055303234199,0.8111881708009158,0.7718493432291552,17,Adventure,Sports,0.4926486803267961,0.1436113943174309,46,1.0,0.0,0.4833333333333333,0.6814605095258803,1,0.9685620904061549,121,0.21487603305785125,0.21876473361621876,0.7145579399897626,1
446,1092,Experience 1092,Sports,0.8280410369904486,0.5343815491606264,0.7426691928850321,0.6904019545155015,39,Adventure,Sports,0.4926486803267961,0.1436113943174309,46,0.0,1.0,0.1166666666666666,0.749979487441764,1,0.8632163686704378,128,0.2421875,0.2422015367559922,0.656087627922218,2
446,1018,Experience 1018,Sports,0.595787399703456,0.7252492811161741,0.1405053734195307,0.867172276606706,36,Adventure,Sports,0.4926486803267961,0.1436113943174309,46,0.0,1.0,0.1666666666666666,0.6478566930927346,0,0.7497668131919634,104,0.18269230769230768,0.19230505999908748,0.567104694799752,3
446,1089,Experience 1089,Sports,0.3014679423689484,0.7496212264791996,0.8991409816135325,0.4794170748058911,60,Adventure,Sports,0.4926486803267961,0.1436113943174309,46,0.0,1.0,0.2333333333333333,0.5935076987132636,0,0.8600575427618667,125,0.184,0.19204018924059896,0.5163035127502074,4
446,1039,Experience 1039,Social,0.8194814495513689,0.2752805682140255,0.2419454802582048,0.889899007072331,47,Adventure,Sports,0.4926486803267961,0.1436113943174309,46,0.0,0.0,0.0166666666666666,0.7492967999314087,0,0.9537949735435866,110,0.2636363636363636,0.2603525187683603,0.5066673863462607,5
447,1008,Experience 1008,Adventure,0.8415828324170402,0.3364498304651394,0.599089106012921,0.2728043301458357,40,Adventure,Action,0.441553596407942,0.6409214065225729,23,1.0,0.0,0.2833333333333333,0.8424644903950211,1,0.912217825203303,117,0.27350427350427353,0.2689476455466193,0.7807255775405976,1
447,1058,Experience 1058,Social,0.5666390936836835,0.5294440043668863,0.4156619036213059,0.2647117106195373,52,Adventure,Action,0.441553596407942,0.6409214065225729,23,0.0,0.0,0.4833333333333333,0.9741083072133638,1,0.7667813220975497,100,0.32,0.30704856199905706,0.44707463334476333,2
447,1083,Experience 1083,Sports,0.5638116113845065,0.5523903507798276,0.3674940432740611,0.3952346537588943,26,Adventure,Action,0.441553596407942,0.6409214065225729,23,0.0,0.0,0.05,0.925940446866119,0,0.9515476828266477,122,0.22950819672131148,0.23130864394286513,0.42814939573881716,3
447,1023,Experience 1023,Strategy,0.934275144868182,0.4241492862896971,0.2179097364670654,0.7914514878076223,48,Adventure,Action,0.441553596407942,0.6409214065225729,23,0.0,0.0,0.4166666666666667,0.7763561400591235,1,0.8409679719955826,110,0.2818181818181818,0.2757371341529757,0.4004582787772227,4
447,1054,Experience 1054,Puzzle,0.6795756146978778,0.2537314254122666,0.2509959349159629,0.6813294726896911,34,Adventure,Action,0.441553596407942,0.6409214065225729,23,0.0,0.0,0.1833333333333333,0.8094423385080209,0,0.957714010426071,113,0.20353982300884957,0.20936712360817178,0.3845803456045413,5
448,1061,Experience 1061,Social,0.9515114053456256,0.4883887845440612,0.3838014404080356,0.6777086144544695,56,Social,Creative,0.2326757708395452,0.8685762494196203,33,1.0,0.0,0.3833333333333333,0.8488743304315096,1,0.8376149934259114,113,0.3274336283185841,0.3146302815029086,0.8627608426430782,1
448,1085,Experience 1085,Social,0.715133524882573,0.3923165755464828,0.681782684374937,0.3715432084063615,41,Social,Creative,0.2326757708395452,0.8685762494196203,33,1.0,0.0,0.1333333333333333,0.5508930864646082,0,0.9412444361935567,117,0.24786324786324787,0.24704983532764122,0.819227705270143,2
448,1048,Experience 1048,Social,0.2304789954244207,0.8328371585656826,0.2699649703256335,0.1697999737727075,60,Social,Creative,0.2326757708395452,0.8685762494196203,33,1.0,0.0,0.45,0.9627108005139118,0,0.9041314765465392,119,0.20168067226890757,0.20752393841645214,0.7804137764616138,3
448,1062,Experience 1062,Creative,0.7566608128373626,0.2501254620138091,0.431135077105207,0.8144738760309339,50,Social,Creative,0.2326757708395452,0.8685762494196203,33,0.0,1.0,0.2833333333333333,0.8015406937343382,1,0.8199578779358359,118,0.2033898305084746,0.20902773507164382,0.5993972181839986,4
448,1015,Experience 1015,Sports,0.9316862802198296,0.7502302540767141,0.1563447605350174,0.9300033473547172,10,Social,Creative,0.2326757708395452,0.8685762494196203,33,0.0,0.0,0.3833333333333333,0.9236689896954722,0,0.7635142517815053,113,0.19469026548672566,0.20184832661569058,0.5220356111107102,5
449,1026,Experience 1026,Puzzle,0.7847705334160814,0.4236675665053301,0.2918167090217533,0.0158055554401338,14,Puzzle,Action,0.3650676470576111,0.7883225000558702,21,1.0,0.0,0.1166666666666666,0.9267490619641422,1,0.8753450963392879,111,0.1981981981981982,0.2049299804571515,0.8056114794836149,1
449,1003,Experience 1003,Puzzle,0.7658593377467232,0.3759100169419204,0.0773164253661275,0.4674845394285718,49,Puzzle,Action,0.3650676470576111,0.7883225000558702,21,1.0,0.0,0.4666666666666667,0.7122487783085164,0,0.8676478741055662,111,0.1981981981981982,0.2049299804571515,0.7433139266706936,2
449,1111,Experience 1111,Sports,0.9428982678236224,0.8155250577848677,0.575778764164542,0.2547283501174674,25,Puzzle,Action,0.3650676470576111,0.7883225000558702,21,0.0,0.0,0.0666666666666666,0.7892888828930691,0,0.7714829247739449,139,0.3237410071942446,0.31349577006218143,0.5325608793238669,3
449,1107,Experience 1107,Social,0.7428970964662264,0.8045676070342606,0.8160785123357384,0.9076048913904824,23,Puzzle,Action,0.3650676470576111,0.7883225000558702,21,0.0,0.0,0.0333333333333333,0.5489891347218727,0,0.7308417308296641,139,0.30935251798561153,0.3009171537099802,0.4924753594427583,4
449,1036,Experience 1036,Sports,0.9655169972756756,0.2298411882545339,0.2550485289661252,0.8478368672236546,17,Puzzle,Action,0.3650676470576111,0.7883225000558702,21,0.0,0.0,0.0666666666666666,0.889980881908514,1,0.9102433775322888,129,0.26356589147286824,0.2607102512744084,0.4905816876682753,5
450,1108,Experience 1108,Puzzle,0.8425576923542274,0.4822507608830354,0.666849920378606,0.8027206052883656,21,Puzzle,Action,0.6083179141084735,0.4296118338190628,50,1.0,0.0,0.4833333333333333,0.9414679937298674,0,0.9250321293666569,92,0.2717391304347826,0.2664806021418468,0.7952646187278909,1
450,1029,Experience 1029,Puzzle,0.3418174116264629,0.7473540601800795,0.2448417750345193,0.4073623878629723,57,Puzzle,Action,0.6083179141084735,0.4296118338190628,50,1.0,0.0,0.1166666666666666,0.6365238609260458,0,0.8621340264462473,118,0.1864406779661017,0.1945349814484554,0.6999641681669267,2
450,1103,Experience 1103,Action,0.6677544964493587,0.4461723957193605,0.794276194278496,0.1853752728024856,59,Puzzle,Action,0.6083179141084735,0.4296118338190628,50,0.0,1.0,0.15,0.8140417198299774,1,0.7666605870249541,121,0.23140495867768596,0.23294913077933935,0.5914304660818764,3
450,1086,Experience 1086,Action,0.6307900998772656,0.1325899003231649,0.3014212434741936,0.1888364204756389,42,Puzzle,Action,0.6083179141084735,0.4296118338190628,50,0.0,1.0,0.1333333333333333,0.6931033293657202,1,0.8969021617480407,127,0.2283464566929134,0.2302437240808629,0.5168419017733215,4
450,1014,Experience 1014,Social,0.7084360738896248,0.6919622480914536,0.5066406143622445,0.7631554898199004,35,Puzzle,Action,0.6083179141084735,0.4296118338190628,50,0.0,0.0,0.25,0.898322700253771,0,0.8944228948224864,117,0.29914529914529914,0.29084545576559745,0.4991763119764158,5
451,1023,Experience 1023,Strategy,0.934275144868182,0.4241492862896971,0.2179097364670654,0.7914514878076223,48,Strategy,Adventure,0.3529600312484053,0.2566810318627223,55,1.0,0.0,0.1166666666666666,0.8649497052186601,0,0.9265363177963819,110,0.2818181818181818,0.2757371341529757,0.7919554626755164,1
451,1011,Experience 1011,Strategy,0.8438936347604792,0.3089791482471649,0.5527453913687409,0.302964628837302,52,Strategy,Adventure,0.3529600312484053,0.2566810318627223,55,1.0,0.0,0.05,0.8002146398796645,0,0.7318170134759325,123,0.2682926829268293,0.26465613594326465,0.7805482637415898,2
451,1096,Experience 1096,Adventure,0.7903170826018652,0.4751627362769494,0.5362341337297925,0.9233469677258124,13,Strategy,Adventure,0.3529600312484053,0.2566810318627223,55,0.0,1.0,0.7,0.8167258975186129,1,0.9548329962802153,123,0.25203252032520324,0.25067012195725064,0.5194002792293343,3
451,1007,Experience 1007,Social,0.6113602755027672,0.3693255620200327,0.760432490906593,0.3138467721116466,56,Strategy,Adventure,0.3529600312484053,0.2566810318627223,55,0.0,0.0,0.0166666666666666,0.5925275403418123,0,0.9793129215125084,112,0.24107142857142858,0.24125626848399126,0.4339171922344262,4
452,1041,Experience 1041,Sports,0.6879201981801872,0.7175911275892214,0.4277301159158936,0.4016616340093764,51,Action,Sports,0.321359358585036,0.5349858402599401,55,0.0,1.0,0.0666666666666666,0.8936292426691423,0,0.7645775954443222,132,0.18181818181818182,0.18977518052557135,0.7009333506259631,1
452,1061,Experience 1061,Social,0.9515114053456256,0.4883887845440612,0.3838014404080356,0.6777086144544695,56,Action,Sports,0.321359358585036,0.5349858402599401,55,0.0,0.0,0.0166666666666666,0.9375579181770004,0,0.7241124567717742,113,0.3274336283185841,0.3146302815029086,0.6445646667022891,2
452,1089,Experience 1089,Sports,0.3014679423689484,0.7496212264791996,0.8991409816135325,0.4794170748058911,60,Action,Sports,0.321359358585036,0.5349858402599401,55,0.0,1.0,0.0833333333333333,0.4222183769715035,0,0.9537198638719674,125,0.184,0.19204018924059896,0.5510004968542949,3
452,1059,Experience 1059,Social,0.7489549716721217,0.4911530499138364,0.6826986067555766,0.9132851837019758,49,Action,Sports,0.321359358585036,0.5349858402599401,55,0.0,0.0,0.1,0.6386607518294594,0,0.9329778379238891,105,0.34285714285714286,0.32676661951909475,0.5433495091181207,4
452,1025,Experience 1025,Social,0.838744739121835,0.7279884901895025,0.5876677647056102,0.0811540004238993,14,Action,Sports,0.321359358585036,0.5349858402599401,55,0.0,0.0,0.6833333333333333,0.7336915938794257,0,0.916972599794035,120,0.31666666666666665,0.30604162457062034,0.5383158610511931,5
453,1119,Experience 1119,Action,0.8086136050725224,0.7572883677081093,0.5086964614589882,0.1619415702496311,9,Action,Creative,0.9602152379080492,0.4342194404821345,24,1.0,0.0,0.25,0.5484812235509389,1,0.7292822362635367,115,0.30434782608695654,0.29515427733249516,0.7807087419183371,1
453,1055,Experience 1055,Action,0.9121309206982589,0.3826203354113438,0.2499073592941251,0.1919211614110854,38,Action,Creative,0.9602152379080492,0.4342194404821345,24,1.0,0.0,0.2333333333333333,0.2896921213860759,0,0.9723038312570166,114,0.23684210526315788,0.237655428655872,0.7439812451208827,2
453,1086,Experience 1086,Action,0.6307900998772656,0.1325899003231649,0.3014212434741936,0.1888364204756389,42,Action,Creative,0.9602152379080492,0.4342194404821345,24,1.0,0.0,0.3,0.3412060055661443,1,0.9361102327478371,127,0.2283464566929134,0.2302437240808629,0.6731649640629794,3
453,1110,Experience 1110,Creative,0.8487034770737338,0.6513439158584452,0.7080979103356375,0.2741343936886083,18,Action,Creative,0.9602152379080492,0.4342194404821345,24,0.0,1.0,0.1,0.7478826724275882,0,0.9638375927007198,109,0.28440366972477066,0.2778746313169523,0.6495582859991933,4
453,1043,Experience 1043,Creative,0.8838983032607785,0.7641225701636372,0.5942808569171103,0.6062993981927156,47,Action,Creative,0.9602152379080492,0.4342194404821345,24,0.0,1.0,0.3833333333333333,0.634065619009061,1,0.7980482232981512,110,0.35454545454545455,0.3372755956914373,0.6173623932756537,5
454,1092,Experience 1092,Sports,0.8280410369904486,0.5343815491606264,0.7426691928850321,0.6904019545155015,39,Sports,Adventure,0.7474333341403444,0.0775207498799154,22,1.0,0.0,0.2833333333333333,0.9952358587446876,1,0.9661584960686093,128,0.2421875,0.2422015367559922,0.8069849947568534,1
454,1091,Experience 1091,Sports,0.6742348817628386,0.2717222536331008,0.7498162980972818,0.6422524185679935,12,Sports,Adventure,0.7474333341403444,0.0775207498799154,22,1.0,0.0,0.1666666666666666,0.9976170360430626,0,0.7754251587989486,105,0.2571428571428571,0.25476661951909474,0.7730656661496283,2
454,1018,Experience 1018,Sports,0.595787399703456,0.7252492811161741,0.1405053734195307,0.867172276606706,36,Sports,Adventure,0.7474333341403444,0.0775207498799154,22,1.0,0.0,0.2333333333333333,0.3930720392791863,1,0.8028805290924093,104,0.18269230769230768,0.19230505999908748,0.6779255070491194,3
454,1074,Experience 1074,Social,0.7411737446379107,0.1336446501121093,0.5667526591354218,0.2130749343990023,32,Sports,Adventure,0.7474333341403444,0.0775207498799154,22,0.0,0.0,0.1666666666666666,0.8193193249950774,0,0.9347860386636202,149,0.2953020134228188,0.28902856473305827,0.43650100032175626,4
454,1028,Experience 1028,Simulation,0.7474374024719366,0.7598079156453001,0.9057260947827066,0.4943145335346177,16,Sports,Adventure,0.7474333341403444,0.0775207498799154,22,0.0,0.0,0.1,0.8417072393576378,1,0.9542752528148615,122,0.22950819672131148,0.23130864394286513,0.4246206435445594,5
455,1020,Experience 1020,Simulation,0.8220634578382588,0.5054615596538111,0.3982077558970217,0.6135164847298321,13,Simulation,Social,0.4475190597376211,0.85413584886393,39,1.0,0.0,0.4333333333333333,0.9506886961594004,0,0.8442998223971518,129,0.21705426356589147,0.22044179489856944,0.8103285270566537,1
455,1056,Experience 1056,Simulation,0.5850817489192739,0.1274880872408227,0.8708251250831834,0.1754622465790878,53,Simulation,Social,0.4475190597376211,0.85413584886393,39,1.0,0.0,0.2333333333333333,0.5766939346544377,0,0.9051994670218888,128,0.1640625,0.17463396918842464,0.7388829072013531,2
455,1039,Experience 1039,Social,0.8194814495513689,0.2752805682140255,0.2419454802582048,0.889899007072331,47,Simulation,Social,0.4475190597376211,0.85413584886393,39,0.0,1.0,0.1333333333333333,0.7944264205205837,0,0.9653038444762088,110,0.2636363636363636,0.2603525187683603,0.6916800357063895,3
455,1107,Experience 1107,Social,0.7428970964662264,0.8045676070342606,0.8160785123357384,0.9076048913904824,23,Simulation,Social,0.4475190597376211,0.85413584886393,39,0.0,1.0,0.2666666666666666,0.6314405474018827,1,0.9904870987552727,139,0.30935251798561153,0.3009171537099802,0.6878836390966693,4
455,1017,Experience 1017,Adventure,0.8986224157650411,0.4138920991005588,0.5580723954683906,0.6429984233408326,53,Simulation,Social,0.4475190597376211,0.85413584886393,39,0.0,0.0,0.2333333333333333,0.8894466642692305,0,0.7464410488134231,125,0.256,0.25410915475784035,0.49998678179015943,5
456,1036,Experience 1036,Sports,0.9655169972756756,0.2298411882545339,0.2550485289661252,0.8478368672236546,17,Sports,Creative,0.1583126819097695,0.1875742514695449,19,1.0,0.0,0.0333333333333333,0.9032641529436444,1,0.775958035698232,129,0.26356589147286824,0.2607102512744084,0.8233466431129891,1
456,1110,Experience 1110,Creative,0.8487034770737338,0.6513439158584452,0.7080979103356375,0.2741343936886083,18,Sports,Creative,0.1583126819097695,0.1875742514695449,19,0.0,1.0,0.0166666666666666,0.450214771574132,1,0.8753958222422219,109,0.28440366972477066,0.2778746313169523,0.5891617689880568,2
456,1021,Experience 1021,Creative,0.6317033375365485,0.227795161908673,0.5969784094803497,0.8897794665398687,40,Sports,Creative,0.1583126819097695,0.1875742514695449,19,0.0,1.0,0.35,0.5613342724294198,1,0.8645093143049672,117,0.23931623931623933,0.23975056525464852,0.4799503714526436,3
456,1038,Experience 1038,Creative,0.8025898263845425,0.4058560569474049,0.8087225901435202,0.8729120163870842,60,Sports,Creative,0.1583126819097695,0.1875742514695449,19,0.0,1.0,0.6833333333333333,0.3495900917662493,0,0.9476105118878668,108,0.2037037037037037,0.209733026874116,0.4771566925419228,4
456,1055,Experience 1055,Action,0.9121309206982589,0.3826203354113438,0.2499073592941251,0.1919211614110854,38,Sports,Creative,0.1583126819097695,0.1875742514695449,19,0.0,0.0,0.3166666666666666,0.9084053226156444,0,0.8797590630857441,114,0.23684210526315788,0.237655428655872,0.4507301405356937,5
457,1078,Experience 1078,Simulation,0.9139745006021852,0.4875947260651535,0.1081242288365573,0.0386443098268846,51,Simulation,Adventure,0.5774698471945927,0.2078718606966162,51,1.0,0.0,0.0,0.5306543816419647,1,0.8356277596977247,97,0.23711340206185566,0.23799852512723801,0.7570629346427944,1
457,1020,Experience 1020,Simulation,0.8220634578382588,0.5054615596538111,0.3982077558970217,0.6135164847298321,13,Simulation,Adventure,0.5774698471945927,0.2078718606966162,51,1.0,0.0,0.6333333333333333,0.8207379087024289,0,0.9339472832135075,129,0.21705426356589147,0.22044179489856944,0.7261091376596092,2
457,1027,Experience 1027,Sports,0.8258355726034926,0.7779980359761599,0.5071112833110228,0.4772006332829246,49,Simulation,Adventure,0.5774698471945927,0.2078718606966162,51,0.0,0.0,0.0333333333333333,0.92964143611643,0,0.8451600111779388,111,0.23423423423423423,0.23546433160218966,0.4955672891987808,3
457,1101,Experience 1101,Adventure,0.7760911633714107,0.1624374115097873,0.2510263664566988,0.468231405693584,28,Simulation,Adventure,0.5774698471945927,0.2078718606966162,51,0.0,1.0,0.3833333333333333,0.673556519262106,1,0.8852188244899507,106,0.19811320754716982,0.20512561460227657,0.47733205042264765,4
457,1100,Experience 1100,Sports,0.8539423752816214,0.5771516782683807,0.6603015579098336,0.097787997445443,39,Simulation,Adventure,0.5774698471945927,0.2078718606966162,51,0.0,0.0,0.2,0.9171682892847592,1,0.7102688085366133,107,0.3177570093457944,0.3058726570069831,0.4758300654764801,5
458,1013,Experience 1013,Sports,0.8486275995976889,0.743877614526904,0.1274827038621261,0.2359972626205526,20,Sports,Creative,0.0543002820049277,0.6954371562393364,38,1.0,0.0,0.3,0.9268175781428016,1,0.7583584915199216,116,0.3017241379310345,0.29298402529328565,0.837797069933962,1
458,1037,Experience 1037,Sports,0.7994490651436071,0.7023148063737304,0.3263399911584964,0.9948242136208678,35,Sports,Creative,0.0543002820049277,0.6954371562393364,38,1.0,0.0,0.05,0.7279602908464313,1,0.7456949721467223,120,0.30833333333333335,0.29889876742776317,0.8253752891064625,2
458,1005,Experience 1005,Sports,0.725440926488475,0.5102685875213342,0.2459903544501388,0.2409271164143122,19,Sports,Creative,0.0543002820049277,0.6954371562393364,38,1.0,0.0,0.3166666666666666,0.8083099275547889,1,0.9510344304001241,114,0.2543859649122807,0.25258080179020037,0.7976193856576803,3
458,1052,Experience 1052,Creative,0.6879474895864814,0.8150878066775633,0.5427584275418881,0.4028796085076296,43,Sports,Creative,0.0543002820049277,0.6954371562393364,38,0.0,1.0,0.0833333333333333,0.5115418544630397,0,0.7181973836883822,129,0.3178294573643411,0.30769011704622046,0.598856069675202,4
458,1039,Experience 1039,Social,0.8194814495513689,0.2752805682140255,0.2419454802582048,0.889899007072331,47,Sports,Creative,0.0543002820049277,0.6954371562393364,38,0.0,0.0,0.15,0.8123548017467229,0,0.7914601576383439,110,0.2636363636363636,0.2603525187683603,0.518319785210931,5
459,1058,Experience 1058,Social,0.5666390936836835,0.5294440043668863,0.4156619036213059,0.2647117106195373,52,Social,Simulation,0.686885572361243,0.2256800500629467,19,1.0,0.0,0.55,0.7287763312600628,0,0.7636371920282191,100,0.32,0.30704856199905706,0.7377485256027293,1
459,1112,Experience 1112,Simulation,0.2735953131794247,0.4885963348973961,0.6296328968909383,0.135038096056236,20,Social,Simulation,0.686885572361243,0.2256800500629467,19,0.0,1.0,0.0166666666666666,0.9427473245296952,1,0.9230602610061674,119,0.16806722689075632,0.17874695999918594,0.47459911840677543,2
459,1108,Experience 1108,Puzzle,0.8425576923542274,0.4822507608830354,0.666849920378606,0.8027206052883656,21,Social,Simulation,0.686885572361243,0.2256800500629467,19,0.0,0.0,0.0333333333333333,0.979964348017363,1,0.7437440728687815,92,0.2717391304347826,0.2664806021418468,0.4657601620029803,3
459,1092,Experience 1092,Sports,0.8280410369904486,0.5343815491606264,0.7426691928850321,0.6904019545155015,39,Social,Simulation,0.686885572361243,0.2256800500629467,19,0.0,0.0,0.3333333333333333,0.944216379476211,0,0.9326052756169977,128,0.2421875,0.2422015367559922,0.44719471112692605,4
459,1106,Experience 1106,Sports,0.8146785788760947,0.3647619692710552,0.6750256601127794,0.7960604476258709,49,Social,Simulation,0.686885572361243,0.2256800500629467,19,0.0,0.0,0.5,0.9881400877515364,0,0.8363907939072772,128,0.28125,0.275985320539776,0.41965452399263936,5
460,1028,Experience 1028,Simulation,0.7474374024719366,0.7598079156453001,0.9057260947827066,0.4943145335346177,16,Simulation,Puzzle,0.8035098941489688,0.3724198361022435,23,1.0,0.0,0.1166666666666666,0.8977837993662622,0,0.9447204585055705,122,0.22950819672131148,0.23130864394286513,0.7985181982481372,1
460,1110,Experience 1110,Creative,0.8487034770737338,0.6513439158584452,0.7080979103356375,0.2741343936886083,18,Simulation,Puzzle,0.8035098941489688,0.3724198361022435,23,0.0,0.0,0.0833333333333333,0.9045880161866688,0,0.8244677150071006,109,0.28440366972477066,0.2778746313169523,0.4769720758439198,2
460,1074,Experience 1074,Social,0.7411737446379107,0.1336446501121093,0.5667526591354218,0.2130749343990023,32,Simulation,Puzzle,0.8035098941489688,0.3724198361022435,23,0.0,0.0,0.15,0.763242764986453,0,0.8622735381122303,149,0.2953020134228188,0.28902856473305827,0.44441059799265487,3
460,1044,Experience 1044,Action,0.8578996664042653,0.7405382156713768,0.540545681694017,0.9388053542070384,40,Simulation,Puzzle,0.8035098941489688,0.3724198361022435,23,0.0,0.0,0.2833333333333333,0.7370357875450482,0,0.91250316764364,112,0.2857142857142857,0.27913505636277913,0.42709817736176636,4
460,1055,Experience 1055,Action,0.9121309206982589,0.3826203354113438,0.2499073592941251,0.1919211614110854,38,Simulation,Puzzle,0.8035098941489688,0.3724198361022435,23,0.0,0.0,0.25,0.4463974651451563,0,0.8429214127877325,114,0.23684210526315788,0.237655428655872,0.3653328828090326,5
461,1082,Experience 1082,Adventure,0.940069744877272,0.6645999956719907,0.1368397110942475,0.0890420050750532,28,Adventure,Sports,0.6300170448783261,0.512275593593948,41,1.0,0.0,0.2166666666666666,0.5068226662159214,0,0.9108776775483725,138,0.2391304347826087,0.23953055341700535,0.7898684111878238,1
461,1077,Experience 1077,Adventure,0.8965830938027713,0.1988675594053931,0.098043795325636,0.9940777724523784,46,Adventure,Sports,0.6300170448783261,0.512275593593948,41,1.0,0.0,0.0833333333333333,0.46802675044731,1,0.7373762213391842,116,0.19827586206896552,0.20474873117563858,0.7565449706723157,2
461,1117,Experience 1117,Adventure,0.4143954852484882,0.5042520610293434,0.5381695778516243,0.3991953026577904,51,Adventure,Sports,0.6300170448783261,0.512275593593948,41,1.0,0.0,0.1666666666666666,0.9081525329732982,0,0.9370973987684389,114,0.17543859649122806,0.18541662268572273,0.7520183375740629,3
461,1057,Experience 1057,Adventure,0.6456559365327232,0.2179960435691,0.3788184780326499,0.8119882015105448,28,Adventure,Sports,0.6300170448783261,0.512275593593948,41,1.0,0.0,0.2166666666666666,0.7488014331543238,1,0.9903718908635804,128,0.203125,0.20841775297220844,0.7432250260280598,4
461,1100,Experience 1100,Sports,0.8539423752816214,0.5771516782683807,0.6603015579098336,0.097787997445443,39,Adventure,Sports,0.6300170448783261,0.512275593593948,41,0.0,1.0,0.0333333333333333,0.9697154869684924,0,0.7871712883305483,107,0.3177570093457944,0.3058726570069831,0.7200493495094944,5
462,1080,Experience 1080,Strategy,0.4960287753620589,0.3772823688301061,0.669450532879556,0.5189146424870842,16,Strategy,Adventure,0.4956272952608427,0.600276746661477,12,1.0,0.0,0.0666666666666666,0.8261767623812867,0,0.8537848081094116,116,0.16379310344827586,0.17533696646975622,0.7097960998212721,1
462,1111,Experience 1111,Sports,0.9428982678236224,0.8155250577848677,0.575778764164542,0.2547283501174674,25,Strategy,Adventure,0.4956272952608427,0.600276746661477,12,0.0,0.0,0.2166666666666666,0.9198485310963008,0,0.80380171415811,139,0.3237410071942446,0.31349577006218143,0.5194310881560801,2
462,1107,Experience 1107,Social,0.7428970964662264,0.8045676070342606,0.8160785123357384,0.9076048913904824,23,Strategy,Adventure,0.4956272952608427,0.600276746661477,12,0.0,0.0,0.1833333333333333,0.6795487829251043,0,0.8908655619029079,139,0.30935251798561153,0.3009171537099802,0.4793204484852225,3
462,1031,Experience 1031,Adventure,0.6267069522672452,0.6020379288394027,0.9395582128996094,0.5521627033044271,46,Strategy,Adventure,0.4956272952608427,0.600276746661477,12,0.0,1.0,0.5666666666666667,0.5560690823612333,0,0.974810307570961,113,0.23008849557522124,0.2319235145856154,0.4740867372198553,4
462,1085,Experience 1085,Social,0.715133524882573,0.3923165755464828,0.681782684374937,0.3715432084063615,41,Strategy,Adventure,0.4956272952608427,0.600276746661477,12,0.0,0.0,0.4833333333333333,0.8138446108859057,1,0.7057290232957237,117,0.24786324786324787,0.24704983532764122,0.43738970376442005,5
463,1022,Experience 1022,Adventure,0.5006486309375991,0.407575941114626,0.4697425498140824,0.908608246555642,36,Adventure,Simulation,0.1674324710838318,0.4007181890028843,33,1.0,0.0,0.05,0.6976899212697494,1,0.7767146397680529,124,0.20967741935483872,0.2142071349992142,0.6971566301385538,1
463,1114,Experience 1114,Simulation,0.9094073794904848,0.2867325336723821,0.0751050358773748,0.4020477981570693,23,Adventure,Simulation,0.1674324710838318,0.4007181890028843,33,0.0,1.0,0.1666666666666666,0.9076725647935432,0,0.9167106886348314,138,0.2318840579710145,0.23320143949295472,0.5946501193664241,2
463,1107,Experience 1107,Social,0.7428970964662264,0.8045676070342606,0.8160785123357384,0.9076048913904824,23,Adventure,Simulation,0.1674324710838318,0.4007181890028843,33,0.0,0.0,0.1666666666666666,0.3513539587480934,0,0.8683476243251094,139,0.30935251798561153,0.3009171537099802,0.42611308635214196,3
463,1043,Experience 1043,Creative,0.8838983032607785,0.7641225701636372,0.5942808569171103,0.6062993981927156,47,Adventure,Simulation,0.1674324710838318,0.4007181890028843,33,0.0,0.0,0.2333333333333333,0.5731516141667214,0,0.8188647939519176,110,0.35454545454545455,0.3372755956914373,0.422396798547599,4
463,1079,Experience 1079,Social,0.6252808613431486,0.1651788036494796,0.2355254260756802,0.2079980737084605,56,Adventure,Simulation,0.1674324710838318,0.4007181890028843,33,0.0,0.0,0.3833333333333333,0.9319070450081516,0,0.889049789410438,123,0.2032520325203252,0.2087120799992087,0.4186160834636694,5
464,1044,Experience 1044,Action,0.8578996664042653,0.7405382156713768,0.540545681694017,0.9388053542070384,40,Action,Adventure,0.4006844912805637,0.6073816518314187,16,1.0,0.0,0.4,0.8601388095865468,0,0.7621384405489053,112,0.2857142857142857,0.27913505636277913,0.8103251235928176,1
464,1009,Experience 1009,Action,0.7987178764315418,0.3460501829476273,0.2238314684756084,0.130890330850495,53,Action,Adventure,0.4006844912805637,0.6073816518314187,16,1.0,0.0,0.6166666666666667,0.8231469771950447,1,0.9510664317801623,104,0.28846153846153844,0.28101473741844224,0.7596209654677921,2
464,1103,Experience 1103,Action,0.6677544964493587,0.4461723957193605,0.794276194278496,0.1853752728024856,59,Action,Adventure,0.4006844912805637,0.6073816518314187,16,1.0,0.0,0.7166666666666667,0.6064082970020677,1,0.9591219091836158,121,0.23140495867768596,0.23294913077933935,0.719860714658944,3
464,1017,Experience 1017,Adventure,0.8986224157650411,0.4138920991005588,0.5580723954683906,0.6429984233408326,53,Action,Adventure,0.4006844912805637,0.6073816518314187,16,0.0,1.0,0.6166666666666667,0.8426120958121732,0,0.8539821868067043,125,0.256,0.25410915475784035,0.5885527061168218,4
464,1077,Experience 1077,Adventure,0.8965830938027713,0.1988675594053931,0.098043795325636,0.9940777724523784,46,Action,Adventure,0.4006844912805637,0.6073816518314187,16,0.0,1.0,0.5,0.6973593040450723,1,0.9986800093834648,116,0.19827586206896552,0.20474873117563858,0.5359124231660078,5
465,1051,Experience 1051,Adventure,0.7608650542535511,0.4945204429565272,0.5049786641965721,0.9492935230092574,34,Adventure,Simulation,0.5452994663506783,0.5512873584035372,14,1.0,0.0,0.3333333333333333,0.9596791978458938,1,0.8283954598114619,122,0.2459016393442623,0.24539315098511863,0.7611971895868205,1
465,1033,Experience 1033,Simulation,0.8859147305780027,0.259942782541492,0.2648265360525452,0.1086571032622624,31,Adventure,Simulation,0.5452994663506783,0.5512873584035372,14,0.0,1.0,0.2833333333333333,0.719527069701867,0,0.9676206501761816,120,0.275,0.27032733885633464,0.5458845025673429,2
465,1088,Experience 1088,Sports,0.931739259022481,0.4207879774878386,0.5549692853271866,0.4100487869149942,11,Adventure,Simulation,0.5452994663506783,0.5512873584035372,14,0.0,0.0,0.05,0.9903301810234916,0,0.9913036260712533,113,0.3008849557522124,0.292073890525465,0.504848159849939,3
465,1026,Experience 1026,Puzzle,0.7847705334160814,0.4236675665053301,0.2918167090217533,0.0158055554401338,14,Adventure,Simulation,0.5452994663506783,0.5512873584035372,14,0.0,0.0,0.0,0.7465172426710751,1,0.7458184673736178,111,0.1981981981981982,0.2049299804571515,0.4143207321547514,4
465,1055,Experience 1055,Action,0.9121309206982589,0.3826203354113438,0.2499073592941251,0.1919211614110854,38,Adventure,Simulation,0.5452994663506783,0.5512873584035372,14,0.0,0.0,0.4,0.704607892943447,0,0.8358895905397254,114,0.23684210526315788,0.237655428655872,0.3887792862357534,5
466,1021,Experience 1021,Creative,0.6317033375365485,0.227795161908673,0.5969784094803497,0.8897794665398687,40,Creative,Strategy,0.2516399027026223,0.3899983982367731,30,1.0,0.0,0.1666666666666666,0.6546614932222725,0,0.7228604167413758,117,0.23931623931623933,0.23975056525464852,0.7257660765443895,1
466,1038,Experience 1038,Creative,0.8025898263845425,0.4058560569474049,0.8087225901435202,0.8729120163870842,60,Creative,Strategy,0.2516399027026223,0.3899983982367731,30,1.0,0.0,0.5,0.4429173125591021,1,0.7557590398477034,108,0.2037037037037037,0.209733026874116,0.7235322484473728,2
466,1111,Experience 1111,Sports,0.9428982678236224,0.8155250577848677,0.575778764164542,0.2547283501174674,25,Creative,Strategy,0.2516399027026223,0.3899983982367731,30,0.0,0.0,0.0833333333333333,0.6758611385380804,0,0.9607059993660041,139,0.3237410071942446,0.31349577006218143,0.5069345963142046,3
466,1025,Experience 1025,Social,0.838744739121835,0.7279884901895025,0.5876677647056102,0.0811540004238993,14,Creative,Strategy,0.2516399027026223,0.3899983982367731,30,0.0,0.0,0.2666666666666666,0.663972137997012,0,0.95371148225526,120,0.31666666666666665,0.30604162457062034,0.5013762518428874,4
466,1045,Experience 1045,Strategy,0.6865679540637682,0.4124899761623172,0.8858497306039471,0.3446408865116177,23,Creative,Strategy,0.2516399027026223,0.3899983982367731,30,0.0,1.0,0.1166666666666666,0.3657901720986751,0,0.7156534255834934,95,0.14736842105263157,0.16387676034684212,0.4927853826389123,5
467,1088,Experience 1088,Sports,0.931739259022481,0.4207879774878386,0.5549692853271866,0.4100487869149942,11,Social,Sports,0.8954984631497246,0.2594011996836779,30,0.0,1.0,0.3166666666666666,0.659470822177462,0,0.9543091797935529,113,0.3008849557522124,0.292073890525465,0.6249460205973368,1
467,1105,Experience 1105,Sports,0.6106599794863272,0.6391373818905719,0.6213931070244737,0.2894297075080649,54,Social,Sports,0.8954984631497246,0.2594011996836779,30,0.0,1.0,0.4,0.7258946438747491,0,0.8714650728781062,130,0.23076923076923078,0.2323055162659123,0.5772179041126589,2
467,1006,Experience 1006,Action,0.8770181756508404,0.5275353377269014,0.8047332447846338,0.7517807092307816,28,Social,Sports,0.8954984631497246,0.2594011996836779,30,0.0,0.0,0.0333333333333333,0.9092347816349092,0,0.9947788729618828,103,0.27184466019417475,0.26703924747875485,0.5143232864181527,3
467,1049,Experience 1049,Sports,0.4370836638665348,0.2536527377340197,0.5512982630814426,0.1951855298186556,20,Social,Sports,0.8954984631497246,0.2594011996836779,30,0.0,1.0,0.1666666666666666,0.655799799931718,1,0.7672868831674515,122,0.19672131147540983,0.20313962985835807,0.5078178747633584,4
467,1028,Experience 1028,Simulation,0.7474374024719366,0.7598079156453001,0.9057260947827066,0.4943145335346177,16,Social,Sports,0.8954984631497246,0.2594011996836779,30,0.0,0.0,0.2333333333333333,0.989772368367018,0,0.8130370261633637,122,0.22950819672131148,0.23130864394286513,0.4847245216089302,5
468,1070,Experience 1070,Sports,0.9021629239090754,0.4240213755135868,0.7602726894428304,0.7757910864370905,50,Sports,Action,0.3798200674746326,0.7255227400219585,31,1.0,0.0,0.3166666666666666,0.6195473780318022,1,0.706900602977823,111,0.2882882882882883,0.28126585831974693,0.8003911111333912,1
468,1083,Experience 1083,Sports,0.5638116113845065,0.5523903507798276,0.3674940432740611,0.3952346537588943,26,Sports,Action,0.3798200674746326,0.7255227400219585,31,1.0,0.0,0.0833333333333333,0.9876739757994284,1,0.9642738343375219,122,0.22950819672131148,0.23130864394286513,0.7985535393594269,2
468,1106,Experience 1106,Sports,0.8146785788760947,0.3647619692710552,0.6750256601127794,0.7960604476258709,49,Sports,Action,0.3798200674746326,0.7255227400219585,31,1.0,0.0,0.3,0.7047944073618532,1,0.865761349060718,128,0.28125,0.275985320539776,0.7914080130042174,3
468,1089,Experience 1089,Sports,0.3014679423689484,0.7496212264791996,0.8991409816135325,0.4794170748058911,60,Sports,Action,0.3798200674746326,0.7255227400219585,31,1.0,0.0,0.4833333333333333,0.4806790858611001,0,0.8276623422928365,125,0.184,0.19204018924059896,0.679141279242652,4
468,1119,Experience 1119,Action,0.8086136050725224,0.7572883677081093,0.5086964614589882,0.1619415702496311,9,Sports,Action,0.3798200674746326,0.7255227400219585,31,0.0,1.0,0.3666666666666666,0.8711236060156444,0,0.7283769467557479,115,0.30434782608695654,0.29515427733249516,0.6310249262629163,5
469,1044,Experience 1044,Action,0.8578996664042653,0.7405382156713768,0.540545681694017,0.9388053542070384,40,Action,Strategy,0.8432678164071773,0.234032953472057,48,1.0,0.0,0.1333333333333333,0.6972778652868397,1,0.8525841762866652,112,0.2857142857142857,0.27913505636277913,0.8058934669939629,1
469,1086,Experience 1086,Action,0.6307900998772656,0.1325899003231649,0.3014212434741936,0.1888364204756389,42,Action,Strategy,0.8432678164071773,0.234032953472057,48,1.0,0.0,0.1,0.4581534270670163,0,0.8426706232047562,127,0.2283464566929134,0.2302437240808629,0.7003225355009073,2
469,1025,Experience 1025,Social,0.838744739121835,0.7279884901895025,0.5876677647056102,0.0811540004238993,14,Action,Strategy,0.8432678164071773,0.234032953472057,48,0.0,0.0,0.5666666666666667,0.7443999482984329,0,0.7867332218921024,120,0.31666666666666665,0.30604162457062034,0.4906045986386101,3
469,1110,Experience 1110,Creative,0.8487034770737338,0.6513439158584452,0.7080979103356375,0.2741343936886083,18,Action,Strategy,0.8432678164071773,0.234032953472057,48,0.0,0.0,0.5,0.8648300939284602,0,0.8231626583402795,109,0.28440366972477066,0.2778746313169523,0.4507477226034264,4
469,1105,Experience 1105,Sports,0.6106599794863272,0.6391373818905719,0.6213931070244737,0.2894297075080649,54,Action,Strategy,0.8432678164071773,0.234032953472057,48,0.0,0.0,0.1,0.7781252906172964,1,0.9074245982045219,130,0.23076923076923078,0.2323055162659123,0.43904964874479735,5
470,1060,Experience 1060,Strategy,0.8620933017122632,0.1051567799118504,0.3772606570904063,0.1400554046894906,58,Strategy,Sports,0.6467229893385804,0.191909960811112,48,1.0,0.0,0.1666666666666666,0.7305376677518258,0,0.8814635772114197,102,0.27450980392156865,0.2692280937695643,0.7707142134079706,1
470,1036,Experience 1036,Sports,0.9655169972756756,0.2298411882545339,0.2550485289661252,0.8478368672236546,17,Strategy,Sports,0.6467229893385804,0.191909960811112,48,0.0,1.0,0.5166666666666667,0.6083255396275448,1,0.7430842061674198,129,0.26356589147286824,0.2607102512744084,0.5775702870117385,2
470,1049,Experience 1049,Sports,0.4370836638665348,0.2536527377340197,0.5512982630814426,0.1951855298186556,20,Strategy,Sports,0.6467229893385804,0.191909960811112,48,0.0,1.0,0.4666666666666667,0.9045752737428622,0,0.9605355914681929,122,0.19672131147540983,0.20313962985835807,0.5220597752117286,3
470,1069,Experience 1069,Puzzle,0.8068156107352968,0.6551858372056814,0.8842124935251735,0.2530347499296835,35,Strategy,Sports,0.6467229893385804,0.191909960811112,48,0.0,0.0,0.2166666666666666,0.7625104958134069,0,0.878909845266641,121,0.2892561983471074,0.2825945208502613,0.48065987830254364,4
470,1084,Experience 1084,Social,0.6722561348379004,0.2863456816441453,0.5362524927433157,0.7470758006298863,26,Strategy,Sports,0.6467229893385804,0.191909960811112,48,0.0,0.0,0.3666666666666666,0.8895295034047352,0,0.8805501065007143,111,0.35135135135135137,0.3347009728235637,0.4639197512077093,5
471,1098,Experience 1098,Social,0.534058177188557,0.4459803600128759,0.2707495249900757,0.7298152463028666,35,Simulation,Social,0.4561579150655225,0.8298379011018633,17,0.0,1.0,0.3,0.8145916099245532,0,0.8377297514078125,130,0.26153846153846155,0.25897218293257895,0.6135456931499046,1
471,1079,Experience 1079,Social,0.6252808613431486,0.1651788036494796,0.2355254260756802,0.2079980737084605,56,Simulation,Social,0.4561579150655225,0.8298379011018633,17,0.0,1.0,0.65,0.7793675110101577,0,0.7360517579266843,123,0.2032520325203252,0.2087120799992087,0.5821350209607674,2
471,1046,Experience 1046,Puzzle,0.9358581895296346,0.2937905951089806,0.3646871905132503,0.5570017818814502,30,Simulation,Social,0.4561579150655225,0.8298379011018633,17,0.0,0.0,0.2166666666666666,0.9085292754477278,0,0.7354103288545392,124,0.2661290322580645,0.26281824611032534,0.5043143820699997,3
471,1063,Experience 1063,Strategy,0.7810917854701819,0.2349952712342425,0.5114173417348135,0.235256388415645,21,Simulation,Social,0.4561579150655225,0.8298379011018633,17,0.0,0.0,0.0666666666666666,0.944740573330709,1,0.9024346318907577,117,0.18803418803418803,0.19595494481669232,0.45887304256115197,4
471,1069,Experience 1069,Puzzle,0.8068156107352968,0.6551858372056814,0.8842124935251735,0.2530347499296835,35,Simulation,Social,0.4561579150655225,0.8298379011018633,17,0.0,0.0,0.3,0.571945421540349,0,0.9565808470749906,121,0.2892561983471074,0.2825945208502613,0.4556693885387239,5
472,1068,Experience 1068,Action,0.698456042052288,0.2594560290757449,0.3550613668330224,0.4325155932423661,21,Action,Strategy,0.5975613139583782,0.6379864175964144,20,1.0,0.0,0.0166666666666666,0.7575000528746443,0,0.7414754969609789,111,0.24324324324324326,0.2430979193884492,0.7723302537973838,1
472,1066,Experience 1066,Strategy,0.5933044321129625,0.8148765601157231,0.9082281614290438,0.2645976053461583,23,Action,Strategy,0.5975613139583782,0.6379864175964144,20,0.0,1.0,0.05,0.6893331525293344,1,0.9832109073729892,125,0.208,0.21272984441301274,0.5810199531841798,2
472,1034,Experience 1034,Strategy,0.5016628944231066,0.7184788322001798,0.7569144817322334,0.2251776661055454,11,Action,Strategy,0.5975613139583782,0.6379864175964144,20,0.0,1.0,0.15,0.8406468322261448,0,0.9490659112773308,132,0.2196969696969697,0.22266991736767663,0.5589837596793175,3
472,1080,Experience 1080,Strategy,0.4960287753620589,0.3772823688301061,0.669450532879556,0.5189146424870842,16,Action,Strategy,0.5975613139583782,0.6379864175964144,20,0.0,1.0,0.0666666666666666,0.9281107810788222,1,0.8349985579648147,116,0.16379310344827586,0.17533696646975622,0.5500438016231398,4
472,1100,Experience 1100,Sports,0.8539423752816214,0.5771516782683807,0.6603015579098336,0.097787997445443,39,Action,Strategy,0.5975613139583782,0.6379864175964144,20,0.0,0.0,0.3166666666666666,0.9372597560485446,0,0.9072243376060505,107,0.3177570093457944,0.3058726570069831,0.5114246794589801,5
473,1106,Experience 1106,Sports,0.8146785788760947,0.3647619692710552,0.6750256601127794,0.7960604476258709,49,Puzzle,Sports,0.7863960335209341,0.8532771702101052,49,0.0,1.0,0.0,0.8886296265918453,0,0.9812325429461688,128,0.28125,0.275985320539776,0.698290429295054,1
473,1089,Experience 1089,Sports,0.3014679423689484,0.7496212264791996,0.8991409816135325,0.4794170748058911,60,Puzzle,Sports,0.7863960335209341,0.8532771702101052,49,0.0,1.0,0.1833333333333333,0.8872550519074016,0,0.7518214132175877,125,0.184,0.19204018924059896,0.6017170104160853,2
473,1073,Experience 1073,Adventure,0.687693407311507,0.5642695337399875,0.7523432280065728,0.8351257910807337,50,Puzzle,Sports,0.7863960335209341,0.8532771702101052,49,0.0,0.0,0.0166666666666666,0.9659471944856388,1,0.9016710298972197,132,0.26515151515151514,0.26214360157820293,0.5009429109200608,3
473,1039,Experience 1039,Social,0.8194814495513689,0.2752805682140255,0.2419454802582048,0.889899007072331,47,Puzzle,Sports,0.7863960335209341,0.8532771702101052,49,0.0,0.0,0.0333333333333333,0.4555494467372707,1,0.8715236811056292,110,0.2636363636363636,0.2603525187683603,0.4829294943973343,4
473,1095,Experience 1095,Creative,0.5802362817422383,0.4006003917193433,0.7708173982045061,0.4033544032491283,54,Puzzle,Sports,0.7863960335209341,0.8532771702101052,49,0.0,0.0,0.0833333333333333,0.984421364683572,0,0.9134409504430647,111,0.1981981981981982,0.2049299804571515,0.4785765318579916,5
474,1093,Experience 1093,Puzzle,0.5054580561223759,0.3724006037822283,0.1444497473739812,0.982987171535907,29,Puzzle,Simulation,0.2357701769271366,0.749899701453882,14,1.0,0.0,0.25,0.9086795704468448,1,0.7193351051749748,113,0.1415929203539823,0.15673554466080336,0.7188379716247066,1
474,1081,Experience 1081,Puzzle,0.5738102986510725,0.5468042713764619,0.3811493240377567,0.8099407364448706,60,Puzzle,Simulation,0.2357701769271366,0.749899701453882,14,1.0,0.0,0.7666666666666667,0.85462085288938,1,0.8691173344825727,107,0.18691588785046728,0.1956364365345421,0.7058320811518763,2
474,1078,Experience 1078,Simulation,0.9139745006021852,0.4875947260651535,0.1081242288365573,0.0386443098268846,51,Puzzle,Simulation,0.2357701769271366,0.749899701453882,14,0.0,1.0,0.6166666666666667,0.8723540519094207,0,0.8105454093495114,97,0.23711340206185566,0.23799852512723801,0.5723667777130994,3
474,1036,Experience 1036,Sports,0.9655169972756756,0.2298411882545339,0.2550485289661252,0.8478368672236546,17,Puzzle,Simulation,0.2357701769271366,0.749899701453882,14,0.0,0.0,0.05,0.9807216479610116,0,0.7527818869328582,129,0.26356589147286824,0.2607102512744084,0.49359004606989454,4
474,1013,Experience 1013,Sports,0.8486275995976889,0.743877614526904,0.1274827038621261,0.2359972626205526,20,Puzzle,Simulation,0.2357701769271366,0.749899701453882,14,0.0,0.0,0.1,0.8917125269349896,1,0.7417057905482201,116,0.3017241379310345,0.29298402529328565,0.4846181941126116,5
475,1045,Experience 1045,Strategy,0.6865679540637682,0.4124899761623172,0.8858497306039471,0.3446408865116177,23,Strategy,Creative,0.3783401785609569,0.4833585344027593,30,1.0,0.0,0.1166666666666666,0.4924904479570098,0,0.9378530815178753,95,0.14736842105263157,0.16387676034684212,0.7272482867541199,1
475,1006,Experience 1006,Action,0.8770181756508404,0.5275353377269014,0.8047332447846338,0.7517807092307816,28,Strategy,Creative,0.3783401785609569,0.4833585344027593,30,0.0,0.0,0.0333333333333333,0.5736069337763231,0,0.8123573548559588,103,0.27184466019417475,0.26703924747875485,0.4468974968168703,2
475,1070,Experience 1070,Sports,0.9021629239090754,0.4240213755135868,0.7602726894428304,0.7757910864370905,50,Strategy,Creative,0.3783401785609569,0.4833585344027593,30,0.0,0.0,0.3333333333333333,0.6180674891181265,0,0.9580936944955807,111,0.2882882882882883,0.28126585831974693,0.4427447452083361,3
475,1008,Experience 1008,Adventure,0.8415828324170402,0.3364498304651394,0.599089106012921,0.2728043301458357,40,Strategy,Creative,0.3783401785609569,0.4833585344027593,30,0.0,0.0,0.1666666666666666,0.7792510725480359,0,0.9860866429735907,117,0.27350427350427353,0.2689476455466193,0.4297821920228267,4
475,1106,Experience 1106,Sports,0.8146785788760947,0.3647619692710552,0.6750256601127794,0.7960604476258709,49,Strategy,Creative,0.3783401785609569,0.4833585344027593,30,0.0,0.0,0.3166666666666666,0.7033145184481775,1,0.7934314337875904,128,0.28125,0.275985320539776,0.4291458109711813,5
476,1111,Experience 1111,Sports,0.9428982678236224,0.8155250577848677,0.575778764164542,0.2547283501174674,25,Sports,Adventure,0.2189652416376848,0.5398141248946567,51,1.0,0.0,0.4333333333333333,0.6431864774731428,1,0.9192593020874951,139,0.3237410071942446,0.31349577006218143,0.8167618954524685,1
476,1092,Experience 1092,Sports,0.8280410369904486,0.5343815491606264,0.7426691928850321,0.6904019545155015,39,Sports,Adventure,0.2189652416376848,0.5398141248946567,51,1.0,0.0,0.2,0.4762960487526527,0,0.7952398324076544,128,0.2421875,0.2422015367559922,0.7840793223792287,2
476,1082,Experience 1082,Adventure,0.940069744877272,0.6645999956719907,0.1368397110942475,0.0890420050750532,28,Sports,Adventure,0.2189652416376848,0.5398141248946567,51,0.0,1.0,0.3833333333333333,0.9178744694565626,0,0.7540817547272758,138,0.2391304347826087,0.23953055341700535,0.6384259094551489,3
476,1031,Experience 1031,Adventure,0.6267069522672452,0.6020379288394027,0.9395582128996094,0.5521627033044271,46,Sports,Adventure,0.2189652416376848,0.5398141248946567,51,0.0,1.0,0.0833333333333333,0.2794070287380754,0,0.7925845609445276,113,0.23008849557522124,0.2319235145856154,0.5061118610046679,4
476,1055,Experience 1055,Action,0.9121309206982589,0.3826203354113438,0.2499073592941251,0.1919211614110854,38,Sports,Adventure,0.2189652416376848,0.5398141248946567,51,0.0,0.0,0.2166666666666666,0.9690578823435596,0,0.9855386887715818,114,0.23684210526315788,0.237655428655872,0.48888561680144027,5
477,1087,Experience 1087,Creative,0.7417160017369715,0.3980069401610766,0.5803538931422866,0.1954958273965873,33,Creative,Social,0.8049610836870897,0.5366849191103251,29,1.0,0.0,0.0666666666666666,0.7753928094551968,0,0.8849412089917897,117,0.15384615384615385,0.16675786452472152,0.8112460305120659,1
477,1074,Experience 1074,Social,0.7411737446379107,0.1336446501121093,0.5667526591354218,0.2130749343990023,32,Creative,Social,0.8049610836870897,0.5366849191103251,29,0.0,1.0,0.05,0.7617915754483321,0,0.9847023520832241,149,0.2953020134228188,0.28902856473305827,0.6786868062907793,2
477,1058,Experience 1058,Social,0.5666390936836835,0.5294440043668863,0.4156619036213059,0.2647117106195373,52,Creative,Social,0.8049610836870897,0.5366849191103251,29,0.0,1.0,0.3833333333333333,0.6107008199342161,0,0.7251816848962885,100,0.32,0.30704856199905706,0.606769768634379,3
477,1070,Experience 1070,Sports,0.9021629239090754,0.4240213755135868,0.7602726894428304,0.7757910864370905,50,Creative,Social,0.8049610836870897,0.5366849191103251,29,0.0,0.0,0.35,0.9553116057557408,1,0.899311625005938,111,0.2882882882882883,0.28126585831974693,0.5365635087804759,4
477,1099,Experience 1099,Adventure,0.8332801744008336,0.4077151465805127,0.8307594812615263,0.7545731382181347,49,Creative,Social,0.8049610836870897,0.5366849191103251,29,0.0,0.0,0.3333333333333333,0.9742016024255634,1,0.9304916370314692,119,0.2605042016806723,0.25788365064666796,0.49132350053822854,5
478,1079,Experience 1079,Social,0.6252808613431486,0.1651788036494796,0.2355254260756802,0.2079980737084605,56,Social,Strategy,0.5907944048617586,0.311760637442028,33,1.0,0.0,0.3833333333333333,0.6447310212139217,1,0.9363252166178174,123,0.2032520325203252,0.2087120799992087,0.7437608677777533,1
478,1066,Experience 1066,Strategy,0.5933044321129625,0.8148765601157231,0.9082281614290438,0.2645976053461583,23,Social,Strategy,0.5907944048617586,0.311760637442028,33,0.0,1.0,0.1666666666666666,0.6825662434327148,0,0.9168380171170578,125,0.208,0.21272984441301274,0.5411336160837337,2
478,1000,Experience 1000,Action,0.9096695293967186,0.6516437731703687,0.6290364009047581,0.2407530712142694,49,Social,Strategy,0.5907944048617586,0.311760637442028,33,0.0,0.0,0.2666666666666666,0.9617580039570004,0,0.9157771312603228,124,0.3225806451612903,0.31142935722143644,0.4943904048480536,3
478,1106,Experience 1106,Sports,0.8146785788760947,0.3647619692710552,0.6750256601127794,0.7960604476258709,49,Social,Strategy,0.5907944048617586,0.311760637442028,33,0.0,0.0,0.2666666666666666,0.9157687447489792,0,0.8153366909556934,128,0.28125,0.275985320539776,0.4544942503463158,4
478,1055,Experience 1055,Action,0.9121309206982589,0.3826203354113438,0.2499073592941251,0.1919211614110854,38,Social,Strategy,0.5907944048617586,0.311760637442028,33,0.0,0.0,0.0833333333333333,0.6591129544323666,1,0.9323792850926871,114,0.23684210526315788,0.237655428655872,0.4245691717799417,5
479,1067,Experience 1067,Creative,0.788764048918011,0.4580972487220676,0.5921026845821029,0.4299570499000478,43,Creative,Adventure,0.7139731625418649,0.3670347826563117,15,1.0,0.0,0.4666666666666667,0.878129522040238,0,0.8286152752786032,119,0.31092436974789917,0.30104911827256725,0.7652602745026056,1
479,1095,Experience 1095,Creative,0.5802362817422383,0.4006003917193433,0.7708173982045061,0.4033544032491283,54,Creative,Adventure,0.7139731625418649,0.3670347826563117,15,1.0,0.0,0.65,0.9431557643373588,0,0.9388112817035996,111,0.1981981981981982,0.2049299804571515,0.7226370822435464,2
479,1008,Experience 1008,Adventure,0.8415828324170402,0.3364498304651394,0.599089106012921,0.2728043301458357,40,Creative,Adventure,0.7139731625418649,0.3670347826563117,15,0.0,1.0,0.4166666666666667,0.885115943471056,0,0.9030037364297882,117,0.27350427350427353,0.2689476455466193,0.5681721570891105,3
479,1071,Experience 1071,Adventure,0.5432545608778258,0.5917055303234199,0.8111881708009158,0.7718493432291552,17,Creative,Adventure,0.7139731625418649,0.3670347826563117,15,0.0,1.0,0.0333333333333333,0.9027849917409492,0,0.8249013261486927,121,0.21487603305785125,0.21876473361621876,0.5534167465290873,4
479,1082,Experience 1082,Adventure,0.940069744877272,0.6645999956719907,0.1368397110942475,0.0890420050750532,28,Creative,Adventure,0.7139731625418649,0.3670347826563117,15,0.0,1.0,0.2166666666666666,0.4228665485523826,0,0.8945458433920178,138,0.2391304347826087,0.23953055341700535,0.5400304117787217,5
480,1046,Experience 1046,Puzzle,0.9358581895296346,0.2937905951089806,0.3646871905132503,0.5570017818814502,30,Puzzle,Sports,0.7462064150590864,0.7636105711674015,15,1.0,0.0,0.25,0.6184807754541639,1,0.82197162768801,124,0.2661290322580645,0.26281824611032534,0.7949603594135134,1
480,1003,Experience 1003,Puzzle,0.7658593377467232,0.3759100169419204,0.0773164253661275,0.4674845394285718,49,Puzzle,Sports,0.7462064150590864,0.7636105711674015,15,1.0,0.0,0.5666666666666667,0.3311100103070412,0,0.9673154284779103,111,0.1981981981981982,0.2049299804571515,0.6994952078856158,2
480,1091,Experience 1091,Sports,0.6742348817628386,0.2717222536331008,0.7498162980972818,0.6422524185679935,12,Puzzle,Sports,0.7462064150590864,0.7636105711674015,15,0.0,1.0,0.05,0.9963901169618046,0,0.7797559634047437,105,0.2571428571428571,0.25476661951909474,0.6508322033636837,3
480,1089,Experience 1089,Sports,0.3014679423689484,0.7496212264791996,0.8991409816135325,0.4794170748058911,60,Puzzle,Sports,0.7462064150590864,0.7636105711674015,15,0.0,1.0,0.75,0.8470654334455539,0,0.8099572145234624,125,0.184,0.19204018924059896,0.514196735166253,4
480,1074,Experience 1074,Social,0.7411737446379107,0.1336446501121093,0.5667526591354218,0.2130749343990023,32,Puzzle,Sports,0.7462064150590864,0.7636105711674015,15,0.0,0.0,0.2833333333333333,0.8205462440763355,0,0.7492999729787481,149,0.2953020134228188,0.28902856473305827,0.48517629465168854,5
481,1061,Experience 1061,Social,0.9515114053456256,0.4883887845440612,0.3838014404080356,0.6777086144544695,56,Social,Simulation,0.1774164132414055,0.2873381124113574,54,1.0,0.0,0.0333333333333333,0.7936149728333699,1,0.7083858028398308,113,0.3274336283185841,0.3146302815029086,0.855449848765871,1
481,1074,Experience 1074,Social,0.7411737446379107,0.1336446501121093,0.5667526591354218,0.2130749343990023,32,Social,Simulation,0.1774164132414055,0.2873381124113574,54,1.0,0.0,0.3666666666666666,0.6106637541059836,1,0.9947467410427223,149,0.2953020134228188,0.28902856473305827,0.7712208939948668,2
481,1018,Experience 1018,Sports,0.595787399703456,0.7252492811161741,0.1405053734195307,0.867172276606706,36,Social,Simulation,0.1774164132414055,0.2873381124113574,54,0.0,0.0,0.3,0.9630889601781252,1,0.8844834442472026,104,0.18269230769230768,0.19230505999908748,0.41400959613520294,3
481,1094,Experience 1094,Strategy,0.777065958629862,0.5840090382012306,0.3016147592800985,0.4118434403009737,40,Social,Simulation,0.1774164132414055,0.2873381124113574,54,0.0,0.0,0.2333333333333333,0.8758016539613069,0,0.799023823461963,114,0.21929824561403508,0.22273005552154362,0.41097974883514504,4
481,1075,Experience 1075,Puzzle,0.7701763699744956,0.5714931074517187,0.7080993700732455,0.0043057756676786,58,Social,Simulation,0.1774164132414055,0.2873381124113574,54,0.0,0.0,0.0666666666666666,0.4693170431681599,0,0.7164687993721467,114,0.22807017543859648,0.23019274208870782,0.409445217006326,5
482,1096,Experience 1096,Adventure,0.7903170826018652,0.4751627362769494,0.5362341337297925,0.9233469677258124,13,Strategy,Adventure,0.6951362129267301,0.2266282351576814,21,0.0,1.0,0.1333333333333333,0.8410979208030623,0,0.8421745934255388,123,0.25203252032520324,0.25067012195725064,0.5579877165801613,1
482,1111,Experience 1111,Sports,0.9428982678236224,0.8155250577848677,0.575778764164542,0.2547283501174674,25,Strategy,Adventure,0.6951362129267301,0.2266282351576814,21,0.0,0.0,0.0666666666666666,0.8806425512378119,1,0.8885783765880968,139,0.3237410071942446,0.31349577006218143,0.5109855238704916,2
482,1022,Experience 1022,Adventure,0.5006486309375991,0.407575941114626,0.4697425498140824,0.908608246555642,36,Strategy,Adventure,0.6951362129267301,0.2266282351576814,21,0.0,1.0,0.25,0.7746063368873524,1,0.9456562094795815,124,0.20967741935483872,0.2142071349992142,0.45738427326536285,3
482,1070,Experience 1070,Sports,0.9021629239090754,0.4240213755135868,0.7602726894428304,0.7757910864370905,50,Strategy,Adventure,0.6951362129267301,0.2266282351576814,21,0.0,0.0,0.4833333333333333,0.9348635234838996,0,0.8929613147785684,111,0.2882882882882883,0.28126585831974693,0.4428467679859897,4
482,1027,Experience 1027,Sports,0.8258355726034926,0.7779980359761599,0.5071112833110228,0.4772006332829246,49,Strategy,Adventure,0.6951362129267301,0.2266282351576814,21,0.0,0.0,0.4666666666666667,0.8119750703842927,1,0.8009411169849682,111,0.23423423423423423,0.23546433160218966,0.42417492743512525,5
483,1086,Experience 1086,Action,0.6307900998772656,0.1325899003231649,0.3014212434741936,0.1888364204756389,42,Action,Strategy,0.1964328785365471,0.1271837217109701,11,1.0,0.0,0.5166666666666667,0.8950116350623535,1,0.9400751941305225,127,0.2283464566929134,0.2302437240808629,0.7153199052141542,1
483,1094,Experience 1094,Strategy,0.777065958629862,0.5840090382012306,0.3016147592800985,0.4118434403009737,40,Action,Strategy,0.1964328785365471,0.1271837217109701,11,0.0,1.0,0.4833333333333333,0.8948181192564485,1,0.9967261013623632,114,0.21929824561403508,0.22273005552154362,0.5549987649731031,2
483,1063,Experience 1063,Strategy,0.7810917854701819,0.2349952712342425,0.5114173417348135,0.235256388415645,21,Action,Strategy,0.1964328785365471,0.1271837217109701,11,0.0,1.0,0.1666666666666666,0.6850155368017337,1,0.7949417678389564,117,0.18803418803418803,0.19595494481669232,0.532243556952951,3
483,1025,Experience 1025,Social,0.838744739121835,0.7279884901895025,0.5876677647056102,0.0811540004238993,14,Action,Strategy,0.1964328785365471,0.1271837217109701,11,0.0,0.0,0.05,0.6087651138309369,0,0.7015292212772302,120,0.31666666666666665,0.30604162457062034,0.5062057552341528,4
483,1102,Experience 1102,Sports,0.9402838286695968,0.4125021221616953,0.1907643304361418,0.200562471321554,40,Action,Strategy,0.1964328785365471,0.1271837217109701,11,0.0,0.0,0.4833333333333333,0.9943314518995948,0,0.7446785522744755,117,0.3076923076923077,0.29814472583859014,0.46974626415008347,5
484,1103,Experience 1103,Action,0.6677544964493587,0.4461723957193605,0.794276194278496,0.1853752728024856,59,Action,Simulation,0.5139116697773874,0.4900856568616737,10,1.0,0.0,0.8166666666666667,0.7196354754988914,1,0.703039057517569,121,0.23140495867768596,0.23294913077933935,0.7122239002044313,1
484,1010,Experience 1010,Simulation,0.8201589080775701,0.1741976609077686,0.1927429310808082,0.4388217018019487,21,Action,Simulation,0.5139116697773874,0.4900856568616737,10,0.0,1.0,0.1833333333333333,0.6788312613034209,0,0.8776817508700245,122,0.19672131147540983,0.20313962985835807,0.5345362490125444,2
484,1100,Experience 1100,Sports,0.8539423752816214,0.5771516782683807,0.6603015579098336,0.097787997445443,39,Action,Simulation,0.5139116697773874,0.4900856568616737,10,0.0,0.0,0.4833333333333333,0.8536101118675539,0,0.8904821866824572,107,0.3177570093457944,0.3058726570069831,0.4575001816375596,3
484,1096,Experience 1096,Adventure,0.7903170826018652,0.4751627362769494,0.5362341337297925,0.9233469677258124,13,Action,Simulation,0.5139116697773874,0.4900856568616737,10,0.0,0.0,0.05,0.977677536047595,0,0.8496195713276328,123,0.25203252032520324,0.25067012195725064,0.44751061174190054,4
484,1091,Experience 1091,Sports,0.6742348817628386,0.2717222536331008,0.7498162980972818,0.6422524185679935,12,Action,Simulation,0.5139116697773874,0.4900856568616737,10,0.0,0.0,0.0333333333333333,0.7640953716801057,0,0.9358936009671365,105,0.2571428571428571,0.25476661951909474,0.4127306442390013,5
485,1031,Experience 1031,Adventure,0.6267069522672452,0.6020379288394027,0.9395582128996094,0.5521627033044271,46,Adventure,Creative,0.7199161691302598,0.369265922889859,41,1.0,0.0,0.0833333333333333,0.7803579562306504,1,0.883794575842615,113,0.23008849557522124,0.2319235145856154,0.7752594415884219,1
485,1082,Experience 1082,Adventure,0.940069744877272,0.6645999956719907,0.1368397110942475,0.0890420050750532,28,Adventure,Creative,0.7199161691302598,0.369265922889859,41,1.0,0.0,0.2166666666666666,0.4169235419639877,0,0.7563628501328012,138,0.2391304347826087,0.23953055341700535,0.7588080801463176,2
485,1043,Experience 1043,Creative,0.8838983032607785,0.7641225701636372,0.5942808569171103,0.6062993981927156,47,Adventure,Creative,0.7199161691302598,0.369265922889859,41,0.0,1.0,0.1,0.8743646877868505,1,0.8155243857511937,110,0.35454545454545455,0.3372755956914373,0.6722994941888606,3
485,1067,Experience 1067,Creative,0.788764048918011,0.4580972487220676,0.5921026845821029,0.4299570499000478,43,Adventure,Creative,0.7199161691302598,0.369265922889859,41,0.0,1.0,0.0333333333333333,0.8721865154518431,1,0.7052838322799119,119,0.31092436974789917,0.30104911827256725,0.6361518991343694,4
485,1038,Experience 1038,Creative,0.8025898263845425,0.4058560569474049,0.8087225901435202,0.8729120163870842,60,Adventure,Creative,0.7199161691302598,0.369265922889859,41,0.0,1.0,0.3166666666666666,0.9111935789867396,0,0.7296377424622373,108,0.2037037037037037,0.209733026874116,0.620657738796484,5
486,1011,Experience 1011,Strategy,0.8438936347604792,0.3089791482471649,0.5527453913687409,0.302964628837302,52,Strategy,Social,0.185831515390545,0.5363866448350656,11,1.0,0.0,0.6833333333333333,0.6330861240218042,0,0.9863905048902516,123,0.2682926829268293,0.26465613594326465,0.7397001864253121,1
486,1084,Experience 1084,Social,0.6722561348379004,0.2863456816441453,0.5362524927433157,0.7470758006298863,26,Strategy,Social,0.185831515390545,0.5363866448350656,11,0.0,1.0,0.25,0.6495790226472294,0,0.9968296415953799,111,0.35135135135135137,0.3347009728235637,0.6184583626582911,2
486,1111,Experience 1111,Sports,0.9428982678236224,0.8155250577848677,0.575778764164542,0.2547283501174674,25,Strategy,Social,0.185831515390545,0.5363866448350656,11,0.0,0.0,0.2333333333333333,0.6100527512260031,0,0.9568051617819818,139,0.3237410071942446,0.31349577006218143,0.5110218086649115,3
486,1104,Experience 1104,Sports,0.7763284069557427,0.7928984171430337,0.1707069630824686,0.4638281104628762,33,Strategy,Social,0.185831515390545,0.5363866448350656,11,0.0,0.0,0.3666666666666666,0.9848754476919236,1,0.8847077959481139,119,0.17647058823529413,0.1859412046035025,0.5022771246864192,4
486,1037,Experience 1037,Sports,0.7994490651436071,0.7023148063737304,0.3263399911584964,0.9948242136208678,35,Strategy,Social,0.185831515390545,0.5363866448350656,11,0.0,0.0,0.4,0.8594915242320487,0,0.959987594921601,120,0.30833333333333335,0.29889876742776317,0.47617005628421,5
487,1115,Experience 1115,Simulation,0.626658707429628,0.7075065986188209,0.5404405149990236,0.2246894745458737,42,Simulation,Creative,0.8467334770502849,0.0974679851607284,49,1.0,0.0,0.1166666666666666,0.6937070379487387,0,0.8812306092403839,112,0.2767857142857143,0.27155929878702156,0.7412396930918513,1
487,1076,Experience 1076,Creative,0.7805257487778566,0.3562342599893083,0.7812983230640933,0.571167362055741,8,Simulation,Creative,0.8467334770502849,0.0974679851607284,49,0.0,1.0,0.6833333333333333,0.9345648460138084,0,0.9431411180016271,124,0.23387096774193547,0.23504046833254755,0.5441101181598699,2
487,1066,Experience 1066,Strategy,0.5933044321129625,0.8148765601157231,0.9082281614290438,0.2645976053461583,23,Simulation,Creative,0.8467334770502849,0.0974679851607284,49,0.0,0.0,0.4333333333333333,0.9385053156212412,0,0.9643129247163187,125,0.208,0.21272984441301274,0.37745112410365367,3
487,1030,Experience 1030,Puzzle,0.5255875329645523,0.2576702884243441,0.6969604774228595,0.5681673512913645,13,Simulation,Creative,0.8467334770502849,0.0974679851607284,49,0.0,0.0,0.6,0.8502270003725746,0,0.8755794031327256,122,0.20491803278688525,0.21018188337948485,0.3095687866453859,4
487,1068,Experience 1068,Action,0.698456042052288,0.2594560290757449,0.3550613668330224,0.4325155932423661,21,Simulation,Creative,0.8467334770502849,0.0974679851607284,49,0.0,0.0,0.4666666666666667,0.5083278897827375,1,0.9901768444485386,111,0.24324324324324326,0.2430979193884492,0.29295861645755084,5
488,1061,Experience 1061,Social,0.9515114053456256,0.4883887845440612,0.3838014404080356,0.6777086144544695,56,Strategy,Social,0.3525432171314492,0.2462993871280002,43,0.0,1.0,0.2166666666666666,0.9687417767234136,1,0.9462478230742646,113,0.3274336283185841,0.3146302815029086,0.7448437609452462,1
488,1045,Experience 1045,Strategy,0.6865679540637682,0.4124899761623172,0.8858497306039471,0.3446408865116177,23,Strategy,Social,0.3525432171314492,0.2462993871280002,43,1.0,0.0,0.3333333333333333,0.4666934865275021,0,0.9600493571330322,95,0.14736842105263157,0.16387676034684212,0.7254410537391838,2
488,1039,Experience 1039,Social,0.8194814495513689,0.2752805682140255,0.2419454802582048,0.889899007072331,47,Strategy,Social,0.3525432171314492,0.2462993871280002,43,0.0,1.0,0.0666666666666666,0.8894022631267556,0,0.8520748336312242,110,0.2636363636363636,0.2603525187683603,0.6984225597471652,3
488,1047,Experience 1047,Strategy,0.22550606962591,0.2148767550411004,0.6209051459122696,0.296299630453485,14,Strategy,Social,0.3525432171314492,0.2462993871280002,43,1.0,0.0,0.4833333333333333,0.7316380712191796,0,0.8264084082683206,110,0.15454545454545454,0.16804482646066804,0.6266032869166058,4
488,1044,Experience 1044,Action,0.8578996664042653,0.7405382156713768,0.540545681694017,0.9388053542070384,40,Strategy,Social,0.3525432171314492,0.2462993871280002,43,0.0,0.0,0.05,0.8119975354374322,0,0.9064747967754547,112,0.2857142857142857,0.27913505636277913,0.5135130960720868,5
489,1080,Experience 1080,Strategy,0.4960287753620589,0.3772823688301061,0.669450532879556,0.5189146424870842,16,Strategy,Sports,0.1645464372063274,0.3686899632983552,21,1.0,0.0,0.0833333333333333,0.4950959043267714,0,0.8701546653578912,116,0.16379310344827586,0.17533696646975622,0.6889025839530316,1
489,1083,Experience 1083,Sports,0.5638116113845065,0.5523903507798276,0.3674940432740611,0.3952346537588943,26,Strategy,Sports,0.1645464372063274,0.3686899632983552,21,0.0,1.0,0.0833333333333333,0.7970523939322663,1,0.9239390136086364,122,0.22950819672131148,0.23130864394286513,0.5916999283872799,2
489,1106,Experience 1106,Sports,0.8146785788760947,0.3647619692710552,0.6750256601127794,0.7960604476258709,49,Strategy,Sports,0.1645464372063274,0.3686899632983552,21,0.0,1.0,0.4666666666666667,0.489520777093548,0,0.9106079236178395,128,0.28125,0.275985320539776,0.5595883105961192,3
489,1050,Experience 1050,Sports,0.6444432625143321,0.2032573812502654,0.7840857883345029,0.0579453445381299,24,Strategy,Sports,0.1645464372063274,0.3686899632983552,21,0.0,1.0,0.05,0.3804606488718245,0,0.7489453302080041,107,0.27102803738317754,0.2665025782668255,0.536210500666905,4
489,1078,Experience 1078,Simulation,0.9139745006021852,0.4875947260651535,0.1081242288365573,0.0386443098268846,51,Strategy,Sports,0.1645464372063274,0.3686899632983552,21,0.0,0.0,0.5,0.9435777916302298,0,0.9334762450498357,97,0.23711340206185566,0.23799852512723801,0.45548439240272554,5
490,1055,Experience 1055,Action,0.9121309206982589,0.3826203354113438,0.2499073592941251,0.1919211614110854,38,Action,Adventure,0.8473048402355811,0.3630664982438715,52,1.0,0.0,0.2333333333333333,0.402602519058544,1,0.985048515123901,114,0.23684210526315788,0.237655428655872,0.7560371038977786,1
490,1086,Experience 1086,Action,0.6307900998772656,0.1325899003231649,0.3014212434741936,0.1888364204756389,42,Action,Adventure,0.8473048402355811,0.3630664982438715,52,1.0,0.0,0.1666666666666666,0.4541164032386126,0,0.852123151525084,127,0.2283464566929134,0.2302437240808629,0.6991106976067164,2
490,1071,Experience 1071,Adventure,0.5432545608778258,0.5917055303234199,0.8111881708009158,0.7718493432291552,17,Action,Adventure,0.8473048402355811,0.3630664982438715,52,0.0,1.0,0.5833333333333334,0.9638833305653348,0,0.8945059126711495,121,0.21487603305785125,0.21876473361621876,0.5382190940709369,3
490,1111,Experience 1111,Sports,0.9428982678236224,0.8155250577848677,0.575778764164542,0.2547283501174674,25,Action,Adventure,0.8473048402355811,0.3630664982438715,52,0.0,0.0,0.45,0.7284739239289609,0,0.9807015524685759,139,0.3237410071942446,0.31349577006218143,0.49052992274921225,4
490,1004,Experience 1004,Puzzle,0.809305382335664,0.5027055170834634,0.7716046143560276,0.3920600224154432,16,Action,Adventure,0.8473048402355811,0.3630664982438715,52,0.0,0.0,0.6,0.9242997741204464,0,0.8533828782511756,123,0.21951219512195122,0.2226980939852227,0.4445812046058246,5
491,1092,Experience 1092,Sports,0.8280410369904486,0.5343815491606264,0.7426691928850321,0.6904019545155015,39,Sports,Adventure,0.823267750140233,0.4509281857125584,11,1.0,0.0,0.4666666666666667,0.9194014427447992,0,0.8585659757252335,128,0.2421875,0.2422015367559922,0.7936881652713451,1
491,1050,Experience 1050,Sports,0.6444432625143321,0.2032573812502654,0.7840857883345029,0.0579453445381299,24,Sports,Adventure,0.823267750140233,0.4509281857125584,11,1.0,0.0,0.2166666666666666,0.96081803819427,0,0.7598994818837741,107,0.27102803738317754,0.2665025782668255,0.7713340559678658,2
491,1001,Experience 1001,Sports,0.6452560499996463,0.8044840559110404,0.5776422262968883,0.3608105614175153,41,Sports,Adventure,0.823267750140233,0.4509281857125584,11,1.0,0.0,0.5,0.7543744761566553,0,0.7249026370816005,110,0.2545454545454545,0.25266021107605263,0.7509341602343395,3
491,1037,Experience 1037,Sports,0.7994490651436071,0.7023148063737304,0.3263399911584964,0.9948242136208678,35,Sports,Adventure,0.823267750140233,0.4509281857125584,11,1.0,0.0,0.4,0.5030722410182634,0,0.8439526205112907,120,0.30833333333333335,0.29889876742776317,0.7354457929411583,4
491,1018,Experience 1018,Sports,0.595787399703456,0.7252492811161741,0.1405053734195307,0.867172276606706,36,Sports,Adventure,0.823267750140233,0.4509281857125584,11,1.0,0.0,0.4166666666666667,0.3172376232792977,1,0.7931174369133756,104,0.18269230769230768,0.19230505999908748,0.6594893152566043,5
492,1040,Experience 1040,Adventure,0.8007594991172722,0.3266907558049443,0.1528993913771743,0.3143479426299048,10,Adventure,Creative,0.5337199971074752,0.3383233815272276,51,1.0,0.0,0.6833333333333333,0.619179394269699,0,0.8899183286721903,109,0.2018348623853211,0.20810718945648718,0.7008555404617031,1
492,1000,Experience 1000,Action,0.9096695293967186,0.6516437731703687,0.6290364009047581,0.2407530712142694,49,Adventure,Creative,0.5337199971074752,0.3383233815272276,51,0.0,0.0,0.0333333333333333,0.9046835962027172,0,0.8943840666902898,124,0.3225806451612903,0.31142935722143644,0.5311599465383892,2
492,1106,Experience 1106,Sports,0.8146785788760947,0.3647619692710552,0.6750256601127794,0.7960604476258709,49,Adventure,Creative,0.5337199971074752,0.3383233815272276,51,0.0,0.0,0.0333333333333333,0.8586943369946958,0,0.8646580214604432,128,0.28125,0.275985320539776,0.4911791053806027,3
492,1064,Experience 1064,Puzzle,0.6204758892789963,0.4435351922580418,0.6632419642315316,0.276207363456566,49,Adventure,Creative,0.5337199971074752,0.3383233815272276,51,0.0,0.0,0.0333333333333333,0.8704780328759436,0,0.7135602458456966,94,0.2765957446808511,0.27057743368321796,0.44416640092678783,4
492,1055,Experience 1055,Action,0.9121309206982589,0.3826203354113438,0.2499073592941251,0.1919211614110854,38,Adventure,Creative,0.5337199971074752,0.3383233815272276,51,0.0,0.0,0.2166666666666666,0.7161873621866499,0,0.7091321556668975,114,0.23684210526315788,0.237655428655872,0.44252354610875005,5
493,1096,Experience 1096,Adventure,0.7903170826018652,0.4751627362769494,0.5362341337297925,0.9233469677258124,13,Adventure,Action,0.7830672878358792,0.6500660942233167,25,1.0,0.0,0.2,0.7531668458939133,0,0.9300044246528845,123,0.25203252032520324,0.25067012195725064,0.7606426526303981,1
493,1082,Experience 1082,Adventure,0.940069744877272,0.6645999956719907,0.1368397110942475,0.0890420050750532,28,Adventure,Action,0.7830672878358792,0.6500660942233167,25,1.0,0.0,0.05,0.3537724232583683,0,0.7555292233942642,138,0.2391304347826087,0.23953055341700535,0.7569015130024984,2
493,1118,Experience 1118,Adventure,0.6594774101626886,0.3565880675711896,0.5086937555214479,0.0351168111096665,58,Adventure,Action,0.7830672878358792,0.6500660942233167,25,1.0,0.0,0.55,0.7256264676855687,0,0.7973570234648736,109,0.21100917431192662,0.21585912744098332,0.7090133448958904,3
493,1103,Experience 1103,Action,0.6677544964493587,0.4461723957193605,0.794276194278496,0.1853752728024856,59,Adventure,Action,0.7830672878358792,0.6500660942233167,25,0.0,1.0,0.5666666666666667,0.9887910935573831,0,0.7801114752567215,121,0.23140495867768596,0.23294913077933935,0.5769865015267509,4
493,1084,Experience 1084,Social,0.6722561348379004,0.2863456816441453,0.5362524927433157,0.7470758006298863,26,Adventure,Action,0.7830672878358792,0.6500660942233167,25,0.0,0.0,0.0166666666666666,0.7531852049074365,1,0.9962643530855705,111,0.35135135135135137,0.3347009728235637,0.45581072989701193,5
494,1072,Experience 1072,Puzzle,0.7449779069249327,0.3414623639761886,0.973475515285742,0.3783180142237856,25,Simulation,Puzzle,0.7369427175466761,0.3096503294029941,13,0.0,1.0,0.2,0.763467202260934,0,0.8874469028938597,119,0.21008403361344538,0.21471818302076867,0.5723632905565299,1
494,1064,Experience 1064,Puzzle,0.6204758892789963,0.4435351922580418,0.6632419642315316,0.276207363456566,49,Simulation,Puzzle,0.7369427175466761,0.3096503294029941,13,0.0,1.0,0.6,0.9262992466848556,1,0.812482628715394,94,0.2765957446808511,0.27057743368321796,0.5292567141435299,2
494,1054,Experience 1054,Puzzle,0.6795756146978778,0.2537314254122666,0.2509959349159629,0.6813294726896911,34,Simulation,Puzzle,0.7369427175466761,0.3096503294029941,13,0.0,1.0,0.35,0.5140532173692869,1,0.9876243457610598,113,0.20353982300884957,0.20936712360817178,0.46004187998689355,3
494,1074,Experience 1074,Social,0.7411737446379107,0.1336446501121093,0.5667526591354218,0.2130749343990023,32,Simulation,Puzzle,0.7369427175466761,0.3096503294029941,13,0.0,0.0,0.3166666666666666,0.8298099415887458,0,0.7117921794266532,149,0.2953020134228188,0.28902856473305827,0.43129333312858786,4
494,1043,Experience 1043,Creative,0.8838983032607785,0.7641225701636372,0.5942808569171103,0.6062993981927156,47,Simulation,Puzzle,0.7369427175466761,0.3096503294029941,13,0.0,0.0,0.5666666666666667,0.8573381393704342,1,0.9514057291375367,110,0.35454545454545455,0.3372755956914373,0.4259832417283538,5
495,1015,Experience 1015,Sports,0.9316862802198296,0.7502302540767141,0.1563447605350174,0.9300033473547172,10,Sports,Strategy,0.5860324042529927,0.8055761139974071,11,1.0,0.0,0.0166666666666666,0.5703123562820247,0,0.9547830662872208,113,0.19469026548672566,0.20184832661569058,0.8075653154337198,1
495,1106,Experience 1106,Sports,0.8146785788760947,0.3647619692710552,0.6750256601127794,0.7960604476258709,49,Sports,Strategy,0.5860324042529927,0.8055761139974071,11,1.0,0.0,0.6333333333333333,0.9110067441402132,1,0.9332596028238791,128,0.28125,0.275985320539776,0.7849660740896812,2
495,1080,Experience 1080,Strategy,0.4960287753620589,0.3772823688301061,0.669450532879556,0.5189146424870842,16,Sports,Strategy,0.5860324042529927,0.8055761139974071,11,0.0,1.0,0.0833333333333333,0.9165818713734368,1,0.8381471634934669,116,0.16379310344827586,0.17533696646975622,0.5322484702221221,3
495,1060,Experience 1060,Strategy,0.8620933017122632,0.1051567799118504,0.3772606570904063,0.1400554046894906,58,Sports,Strategy,0.5860324042529927,0.8055761139974071,11,0.0,1.0,0.7833333333333333,0.7912282528374135,1,0.816872625374478,102,0.27450980392156865,0.2692280937695643,0.5102252956000178,4
495,1014,Experience 1014,Social,0.7084360738896248,0.6919622480914536,0.5066406143622445,0.7631554898199004,35,Sports,Strategy,0.5860324042529927,0.8055761139974071,11,0.0,0.0,0.4,0.9206082101092518,1,0.8798065369939264,117,0.29914529914529914,0.29084545576559745,0.4919481136519139,5
496,1077,Experience 1077,Adventure,0.8965830938027713,0.1988675594053931,0.098043795325636,0.9940777724523784,46,Adventure,Puzzle,0.2945843509246174,0.7282754046209104,37,1.0,0.0,0.15,0.8034594444010187,1,0.8503067707986478,116,0.19827586206896552,0.20474873117563858,0.7914230106165326,1
496,1071,Experience 1071,Adventure,0.5432545608778258,0.5917055303234199,0.8111881708009158,0.7718493432291552,17,Adventure,Puzzle,0.2945843509246174,0.7282754046209104,37,1.0,0.0,0.3333333333333333,0.4833961801237016,0,0.8313679393776561,121,0.21487603305785125,0.21876473361621876,0.7084807756653774,2
496,1075,Experience 1075,Puzzle,0.7701763699744956,0.5714931074517187,0.7080993700732455,0.0043057756676786,58,Adventure,Puzzle,0.2945843509246174,0.7282754046209104,37,0.0,1.0,0.35,0.5864849808513719,0,0.9934808412786842,114,0.22807017543859648,0.23019274208870782,0.605205674918629,3
496,1029,Experience 1029,Puzzle,0.3418174116264629,0.7473540601800795,0.2448417750345193,0.4073623878629723,57,Adventure,Puzzle,0.2945843509246174,0.7282754046209104,37,0.0,1.0,0.3333333333333333,0.950257424109902,0,0.9394382348056748,118,0.1864406779661017,0.1945349814484554,0.5538598830530547,4
496,1072,Experience 1072,Puzzle,0.7449779069249327,0.3414623639761886,0.973475515285742,0.3783180142237856,25,Adventure,Puzzle,0.2945843509246174,0.7282754046209104,37,0.0,1.0,0.2,0.3211088356388754,1,0.9529393547104961,119,0.21008403361344538,0.21471818302076867,0.5511915492050795,5
497,1046,Experience 1046,Puzzle,0.9358581895296346,0.2937905951089806,0.3646871905132503,0.5570017818814502,30,Puzzle,Strategy,0.7011484523243056,0.6870387441114585,41,1.0,0.0,0.1833333333333333,0.6635387381889448,0,0.9959587215969472,124,0.2661290322580645,0.26281824611032534,0.7891068366068973,1
497,1053,Experience 1053,Puzzle,0.7426572934279929,0.7514869168546299,0.2904976508730454,0.8341208920021081,34,Puzzle,Strategy,0.7011484523243056,0.6870387441114585,41,1.0,0.0,0.1166666666666666,0.5893491985487399,1,0.9525300813691735,102,0.3431372549019608,0.3266051429498922,0.7716229087128104,2
497,1030,Experience 1030,Puzzle,0.5255875329645523,0.2576702884243441,0.6969604774228595,0.5681673512913645,13,Puzzle,Strategy,0.7011484523243056,0.6870387441114585,41,1.0,0.0,0.4666666666666667,0.995812025098554,0,0.9417026652501467,122,0.20491803278688525,0.21018188337948485,0.7392673212968216,3
497,1045,Experience 1045,Strategy,0.6865679540637682,0.4124899761623172,0.8858497306039471,0.3446408865116177,23,Puzzle,Strategy,0.7011484523243056,0.6870387441114585,41,0.0,1.0,0.3,0.8152987217203584,0,0.8659815639622741,95,0.14736842105263157,0.16387676034684212,0.5556675438186627,4
497,1007,Experience 1007,Social,0.6113602755027672,0.3693255620200327,0.760432490906593,0.3138467721116466,56,Puzzle,Strategy,0.7011484523243056,0.6870387441114585,41,0.0,0.0,0.25,0.9407159614177124,0,0.8363696742779703,112,0.24107142857142858,0.24125626848399126,0.4821293347302038,5
498,1067,Experience 1067,Creative,0.788764048918011,0.4580972487220676,0.5921026845821029,0.4299570499000478,43,Creative,Simulation,0.8971740619761414,0.0759657537083849,25,1.0,0.0,0.3,0.6949286226059616,0,0.8339887022307445,119,0.31092436974789917,0.30104911827256725,0.7392531650690509,1
498,1111,Experience 1111,Sports,0.9428982678236224,0.8155250577848677,0.575778764164542,0.2547283501174674,25,Creative,Simulation,0.8971740619761414,0.0759657537083849,25,0.0,0.0,0.0,0.6786047021884006,0,0.8328509866798003,139,0.3237410071942446,0.31349577006218143,0.4771232352357165,2
498,1078,Experience 1078,Simulation,0.9139745006021852,0.4875947260651535,0.1081242288365573,0.0386443098268846,51,Creative,Simulation,0.8971740619761414,0.0759657537083849,25,0.0,1.0,0.4333333333333333,0.210950166860416,0,0.7906510349809328,97,0.23711340206185566,0.23799852512723801,0.4475337816050515,3
498,1010,Experience 1010,Simulation,0.8201589080775701,0.1741976609077686,0.1927429310808082,0.4388217018019487,21,Creative,Simulation,0.8971740619761414,0.0759657537083849,25,0.0,1.0,0.0666666666666666,0.2955688691046669,0,0.783531457401213,122,0.19672131147540983,0.20313962985835807,0.4460298721175954,4
498,1000,Experience 1000,Action,0.9096695293967186,0.6516437731703687,0.6290364009047581,0.2407530712142694,49,Creative,Simulation,0.8971740619761414,0.0759657537083849,25,0.0,0.0,0.4,0.7318623389286167,0,0.8746103811955525,124,0.3225806451612903,0.31142935722143644,0.41251651784514887,5
499,1108,Experience 1108,Puzzle,0.8425576923542274,0.4822507608830354,0.666849920378606,0.8027206052883656,21,Puzzle,Sports,0.5685673144538653,0.4582701387559618,21,1.0,0.0,0.0,0.9017173940752592,0,0.7007824313058926,92,0.2717391304347826,0.2664806021418468,0.8339192397703147,1
499,1075,Experience 1075,Puzzle,0.7701763699744956,0.5714931074517187,0.7080993700732455,0.0043057756676786,58,Puzzle,Sports,0.5685673144538653,0.4582701387559618,21,1.0,0.0,0.6166666666666667,0.8604679443806198,1,0.8861820599943587,114,0.22807017543859648,0.23019274208870782,0.7940617454184455,2
499,1093,Experience 1093,Puzzle,0.5054580561223759,0.3724006037822283,0.1444497473739812,0.982987171535907,29,Puzzle,Sports,0.5685673144538653,0.4582701387559618,21,1.0,0.0,0.1333333333333333,0.575882432920116,1,0.8194615033955956,113,0.1415929203539823,0.15673554466080336,0.7040857365660016,3
499,1083,Experience 1083,Sports,0.5638116113845065,0.5523903507798276,0.3674940432740611,0.3952346537588943,26,Puzzle,Sports,0.5685673144538653,0.4582701387559618,21,0.0,1.0,0.0833333333333333,0.7989267288201958,1,0.8316988301883546,122,0.22950819672131148,0.23130864394286513,0.5908141655830011,4
499,1097,Experience 1097,Social,0.6621084266035628,0.3766200397542547,0.5070806368539267,0.2458755870050586,23,Puzzle,Sports,0.5685673144538653,0.4582701387559618,21,0.0,0.0,0.0333333333333333,0.9385133224000614,1,0.81549806062698,128,0.203125,0.20841775297220844,0.516770039709407,5
